Empreendimento,ID do Anúncio,Nome,Endereço,Bairro,Município,Estado
"Lourdes_Belo Horizonte, Lourdes",1372309389.0,Lourdes,"Belo Horizonte, Lourdes",Lourdes,Belo Horizonte,MG
"Lourdes_Belo Horizonte, Lourdes",1365815975.0,Lourdes,"Belo Horizonte, Lourdes",Lourdes,Belo Horizonte,MG
"Lourdes_Belo Horizonte, Lourdes",1371951175.0,Lourdes,"Belo Horizonte, Lourdes",Lourdes,Belo Horizonte,MG
"Lourdes_Belo Horizonte, Lourdes",1373554001.0,Lourdes,"Belo Horizonte, Lourdes",Lourdes,Belo Horizonte,MG
"Lourdes_Belo Horizonte, Lourdes",1296146645.0,Lourdes,"Belo Horizonte, Lourdes",Lourdes,Belo Horizonte,MG
None_None,,,,,,
"Lourdes_Belo Horizonte, Lourdes",1296146710.0,Lourdes,"Belo Horizonte, Lourdes",Lourdes,Belo Horizonte,MG
"Lourdes_Belo Horizonte, Lourdes",1374410393.0,Lourdes,"Belo Horizonte, Lourdes",Lourdes,Belo Horizonte,MG
"Lourdes_Belo Horizonte, Lourdes",1374382293.0,Lourdes,"Belo Horizonte, Lourdes",Lourdes,Belo Horizonte,MG
"Lourdes_Belo Horizonte, Lourdes",1374359348.0,Lourdes,"Belo Horizonte, Lourdes",Lourdes,Belo Horizonte,MG
"Centro_Belo Horizonte, Centro",1374359367.0,Centro,"Belo Horizonte, Centro",Centro,Belo Horizonte,MG
"Centro_Belo Horizonte, Centro",1374271345.0,Centro,"Belo Horizonte, Centro",Centro,Belo Horizonte,MG
"Lourdes_Belo Horizonte, Lourdes",1374218830.0,Lourdes,"Belo Horizonte, Lourdes",Lourdes,Belo Horizonte,MG
"Lourdes_Belo Horizonte, Lourdes",1374210424.0,Lourdes,"Belo Horizonte, Lourdes",Lourdes,Belo Horizonte,MG
"Lourdes_Belo Horizonte, Lourdes",1374207820.0,Lourdes,"Belo Horizonte, Lourdes",Lourdes,Belo Horizonte,MG
"Lourdes_Belo Horizonte, Lourdes",1374201235.0,Lourdes,"Belo Horizonte, Lourdes",Lourdes,Belo Horizonte,MG
"Lourdes_Belo Horizonte, Lourdes",1374200829.0,Lourdes,"Belo Horizonte, Lourdes",Lourdes,Belo Horizonte,MG
"Lourdes_Belo Horizonte, Lourdes",1374197924.0,Lourdes,"Belo Horizonte, Lourdes",Lourdes,Belo Horizonte,MG
"Lourdes_Belo Horizonte, Lourdes",1374186126.0,Lourdes,"Belo Horizonte, Lourdes",Lourdes,Belo Horizonte,MG
"Lourdes_Belo Horizonte, Lourdes",1374184105.0,Lourdes,"Belo Horizonte, Lourdes",Lourdes,Belo Horizonte,MG
"Lourdes_Belo Horizonte, Lourdes",1374177604.0,Lourdes,"Belo Horizonte, Lourdes",Lourdes,Belo Horizonte,MG
"Centro_Belo Horizonte, Centro",1374159188.0,Centro,"Belo Horizonte, Centro",Centro,Belo Horizonte,MG
"Lourdes_Belo Horizonte, Lourdes",1374155507.0,Lourdes,"Belo Horizonte, Lourdes",Lourdes,Belo Horizonte,MG
"Lourdes_Belo Horizonte, Lourdes",1374146068.0,Lourdes,"Belo Horizonte, Lourdes",Lourdes,Belo Horizonte,MG
"Lourdes_Belo Horizonte, Lourdes",1374096963.0,Lourdes,"Belo Horizonte, Lourdes",Lourdes,Belo Horizonte,MG
"Lourdes_Belo Horizonte, Lourdes",1374087390.0,Lourdes,"Belo Horizonte, Lourdes",Lourdes,Belo Horizonte,MG
"Lourdes_Belo Horizonte, Lourdes",1374051302.0,Lourdes,"Belo Horizonte, Lourdes",Lourdes,Belo Horizonte,MG
"Lourdes_Belo Horizonte, Lourdes",1374032204.0,Lourdes,"Belo Horizonte, Lourdes",Lourdes,Belo Horizonte,MG
"Lourdes_Belo Horizonte, Lourdes",1374016476.0,Lourdes,"Belo Horizonte, Lourdes",Lourdes,Belo Horizonte,MG
"Centro_Belo Horizonte, Centro",1374016463.0,Centro,"Belo Horizonte, Centro",Centro,Belo Horizonte,MG
"Centro_Belo Horizonte, Centro",1374009376.0,Centro,"Belo Horizonte, Centro",Centro,Belo Horizonte,MG
"Lourdes_Belo Horizonte, Lourdes",1374007700.0,Lourdes,"Belo Horizonte, Lourdes",Lourdes,Belo Horizonte,MG
"Lourdes_Belo Horizonte, Lourdes",1373997864.0,Lourdes,"Belo Horizonte, Lourdes",Lourdes,Belo Horizonte,MG
"Lourdes_Belo Horizonte, Lourdes",1373994097.0,Lourdes,"Belo Horizonte, Lourdes",Lourdes,Belo Horizonte,MG
"Lourdes_Belo Horizonte, Lourdes",1373992032.0,Lourdes,"Belo Horizonte, Lourdes",Lourdes,Belo Horizonte,MG
"Centro_Belo Horizonte, Centro",1373989200.0,Centro,"Belo Horizonte, Centro",Centro,Belo Horizonte,MG
"Lourdes_Belo Horizonte, Lourdes",1373922980.0,Lourdes,"Belo Horizonte, Lourdes",Lourdes,Belo Horizonte,MG
"Lourdes_Belo Horizonte, Lourdes",1373921520.0,Lourdes,"Belo Horizonte, Lourdes",Lourdes,Belo Horizonte,MG
"Lourdes_Belo Horizonte, Lourdes",1373920140.0,Lourdes,"Belo Horizonte, Lourdes",Lourdes,Belo Horizonte,MG
"Lourdes_Belo Horizonte, Lourdes",1373920053.0,Lourdes,"Belo Horizonte, Lourdes",Lourdes,Belo Horizonte,MG
"Lourdes_Belo Horizonte, Lourdes",1373920048.0,Lourdes,"Belo Horizonte, Lourdes",Lourdes,Belo Horizonte,MG
"Lourdes_Belo Horizonte, Lourdes",1373920044.0,Lourdes,"Belo Horizonte, Lourdes",Lourdes,Belo Horizonte,MG
"Lourdes_Belo Horizonte, Lourdes",1373920034.0,Lourdes,"Belo Horizonte, Lourdes",Lourdes,Belo Horizonte,MG
"Lourdes_Belo Horizonte, Lourdes",1373919883.0,Lourdes,"Belo Horizonte, Lourdes",Lourdes,Belo Horizonte,MG
"Lourdes_Belo Horizonte, Lourdes",1373919880.0,Lourdes,"Belo Horizonte, Lourdes",Lourdes,Belo Horizonte,MG
"Lourdes_Belo Horizonte, Lourdes",1373919870.0,Lourdes,"Belo Horizonte, Lourdes",Lourdes,Belo Horizonte,MG
"Lourdes_Belo Horizonte, Lourdes",1373919856.0,Lourdes,"Belo Horizonte, Lourdes",Lourdes,Belo Horizonte,MG
"Lourdes_Belo Horizonte, Lourdes",1373919863.0,Lourdes,"Belo Horizonte, Lourdes",Lourdes,Belo Horizonte,MG
"Lourdes_Belo Horizonte, Lourdes",1373919864.0,Lourdes,"Belo Horizonte, Lourdes",Lourdes,Belo Horizonte,MG
"Lourdes_Belo Horizonte, Lourdes",1373919849.0,Lourdes,"Belo Horizonte, Lourdes",Lourdes,Belo Horizonte,MG
"Lourdes_Belo Horizonte, Lourdes",1373919731.0,Lourdes,"Belo Horizonte, Lourdes",Lourdes,Belo Horizonte,MG
"Lourdes_Belo Horizonte, Lourdes",1373919711.0,Lourdes,"Belo Horizonte, Lourdes",Lourdes,Belo Horizonte,MG
"Lourdes_Belo Horizonte, Lourdes",1373919688.0,Lourdes,"Belo Horizonte, Lourdes",Lourdes,Belo Horizonte,MG
"Lourdes_Belo Horizonte, Lourdes",1373919691.0,Lourdes,"Belo Horizonte, Lourdes",Lourdes,Belo Horizonte,MG
"Lourdes_Belo Horizonte, Lourdes",1373919695.0,Lourdes,"Belo Horizonte, Lourdes",Lourdes,Belo Horizonte,MG
"Lourdes_Belo Horizonte, Lourdes",1373919680.0,Lourdes,"Belo Horizonte, Lourdes",Lourdes,Belo Horizonte,MG
"Lourdes_Belo Horizonte, Lourdes",1373919671.0,Lourdes,"Belo Horizonte, Lourdes",Lourdes,Belo Horizonte,MG
"Lourdes_Belo Horizonte, Lourdes",1373909902.0,Lourdes,"Belo Horizonte, Lourdes",Lourdes,Belo Horizonte,MG
"Lourdes_Belo Horizonte, Lourdes",1373909888.0,Lourdes,"Belo Horizonte, Lourdes",Lourdes,Belo Horizonte,MG
"Lourdes_Belo Horizonte, Lourdes",1373908539.0,Lourdes,"Belo Horizonte, Lourdes",Lourdes,Belo Horizonte,MG
"Lourdes_Belo Horizonte, Lourdes",1373899847.0,Lourdes,"Belo Horizonte, Lourdes",Lourdes,Belo Horizonte,MG
"Lourdes_Belo Horizonte, Lourdes",1373893190.0,Lourdes,"Belo Horizonte, Lourdes",Lourdes,Belo Horizonte,MG
"Lourdes_Belo Horizonte, Lourdes",1373877429.0,Lourdes,"Belo Horizonte, Lourdes",Lourdes,Belo Horizonte,MG
"Lourdes_Belo Horizonte, Lourdes",1373876617.0,Lourdes,"Belo Horizonte, Lourdes",Lourdes,Belo Horizonte,MG
"Lourdes_Belo Horizonte, Lourdes",1373876616.0,Lourdes,"Belo Horizonte, Lourdes",Lourdes,Belo Horizonte,MG
"Lourdes_Belo Horizonte, Lourdes",1373876534.0,Lourdes,"Belo Horizonte, Lourdes",Lourdes,Belo Horizonte,MG
"Centro_Belo Horizonte, Centro",1373876529.0,Centro,"Belo Horizonte, Centro",Centro,Belo Horizonte,MG
"Centro_Belo Horizonte, Centro",1373873388.0,Centro,"Belo Horizonte, Centro",Centro,Belo Horizonte,MG
"Lourdes_Belo Horizonte, Lourdes",1373867781.0,Lourdes,"Belo Horizonte, Lourdes",Lourdes,Belo Horizonte,MG
"Lourdes_Belo Horizonte, Lourdes",1373867760.0,Lourdes,"Belo Horizonte, Lourdes",Lourdes,Belo Horizonte,MG
"Lourdes_Belo Horizonte, Lourdes",1373867743.0,Lourdes,"Belo Horizonte, Lourdes",Lourdes,Belo Horizonte,MG
"Lourdes_Belo Horizonte, Lourdes",1373862909.0,Lourdes,"Belo Horizonte, Lourdes",Lourdes,Belo Horizonte,MG
"Centro_Belo Horizonte, Centro",1373821278.0,Centro,"Belo Horizonte, Centro",Centro,Belo Horizonte,MG
"Centro_Belo Horizonte, Centro",1373794214.0,Centro,"Belo Horizonte, Centro",Centro,Belo Horizonte,MG
"Lourdes_Belo Horizonte, Lourdes",1373757189.0,Lourdes,"Belo Horizonte, Lourdes",Lourdes,Belo Horizonte,MG
"Centro_Belo Horizonte, Centro",1373727057.0,Centro,"Belo Horizonte, Centro",Centro,Belo Horizonte,MG
"Lourdes_Belo Horizonte, Lourdes",1292182627.0,Lourdes,"Belo Horizonte, Lourdes",Lourdes,Belo Horizonte,MG
"Lourdes_Belo Horizonte, Lourdes",1253725547.0,Lourdes,"Belo Horizonte, Lourdes",Lourdes,Belo Horizonte,MG
"Lourdes_Belo Horizonte, Lourdes",1373701384.0,Lourdes,"Belo Horizonte, Lourdes",Lourdes,Belo Horizonte,MG
"Lourdes_Belo Horizonte, Lourdes",1373699472.0,Lourdes,"Belo Horizonte, Lourdes",Lourdes,Belo Horizonte,MG
"Centro_Belo Horizonte, Centro",1373699027.0,Centro,"Belo Horizonte, Centro",Centro,Belo Horizonte,MG
"Lourdes_Belo Horizonte, Lourdes",1373652736.0,Lourdes,"Belo Horizonte, Lourdes",Lourdes,Belo Horizonte,MG
"Lourdes_Belo Horizonte, Lourdes",1373630764.0,Lourdes,"Belo Horizonte, Lourdes",Lourdes,Belo Horizonte,MG
"Lourdes_Belo Horizonte, Lourdes",1373613410.0,Lourdes,"Belo Horizonte, Lourdes",Lourdes,Belo Horizonte,MG
"Lourdes_Belo Horizonte, Lourdes",1373613167.0,Lourdes,"Belo Horizonte, Lourdes",Lourdes,Belo Horizonte,MG
"Centro_Belo Horizonte, Centro",1373607689.0,Centro,"Belo Horizonte, Centro",Centro,Belo Horizonte,MG
"Lourdes_Belo Horizonte, Lourdes",1373522714.0,Lourdes,"Belo Horizonte, Lourdes",Lourdes,Belo Horizonte,MG
"Lourdes_Belo Horizonte, Lourdes",1373522326.0,Lourdes,"Belo Horizonte, Lourdes",Lourdes,Belo Horizonte,MG
"Lourdes_Belo Horizonte, Lourdes",1373519480.0,Lourdes,"Belo Horizonte, Lourdes",Lourdes,Belo Horizonte,MG
"Centro_Belo Horizonte, Centro",1373514222.0,Centro,"Belo Horizonte, Centro",Centro,Belo Horizonte,MG
"Lourdes_Belo Horizonte, Lourdes",1373512066.0,Lourdes,"Belo Horizonte, Lourdes",Lourdes,Belo Horizonte,MG
"Centro_Belo Horizonte, Centro",1373470155.0,Centro,"Belo Horizonte, Centro",Centro,Belo Horizonte,MG
"Lourdes_Belo Horizonte, Lourdes",1373463692.0,Lourdes,"Belo Horizonte, Lourdes",Lourdes,Belo Horizonte,MG
"Lourdes_Belo Horizonte, Lourdes",1373461503.0,Lourdes,"Belo Horizonte, Lourdes",Lourdes,Belo Horizonte,MG
"Lourdes_Belo Horizonte, Lourdes",1373460811.0,Lourdes,"Belo Horizonte, Lourdes",Lourdes,Belo Horizonte,MG
"Lourdes_Belo Horizonte, Lourdes",1373459062.0,Lourdes,"Belo Horizonte, Lourdes",Lourdes,Belo Horizonte,MG
"Lourdes_Belo Horizonte, Lourdes",1373458704.0,Lourdes,"Belo Horizonte, Lourdes",Lourdes,Belo Horizonte,MG
"Lourdes_Belo Horizonte, Lourdes",1373457647.0,Lourdes,"Belo Horizonte, Lourdes",Lourdes,Belo Horizonte,MG
"Lourdes_Belo Horizonte, Lourdes",1373378927.0,Lourdes,"Belo Horizonte, Lourdes",Lourdes,Belo Horizonte,MG
"Lourdes_Belo Horizonte, Lourdes",1373374566.0,Lourdes,"Belo Horizonte, Lourdes",Lourdes,Belo Horizonte,MG
"Lourdes_Belo Horizonte, Lourdes",1373374561.0,Lourdes,"Belo Horizonte, Lourdes",Lourdes,Belo Horizonte,MG
"Lourdes_Belo Horizonte, Lourdes",1373368084.0,Lourdes,"Belo Horizonte, Lourdes",Lourdes,Belo Horizonte,MG
"Lourdes_Belo Horizonte, Lourdes",1373368073.0,Lourdes,"Belo Horizonte, Lourdes",Lourdes,Belo Horizonte,MG
"Lourdes_Belo Horizonte, Lourdes",1373364970.0,Lourdes,"Belo Horizonte, Lourdes",Lourdes,Belo Horizonte,MG
"Lourdes_Belo Horizonte, Lourdes",1373364875.0,Lourdes,"Belo Horizonte, Lourdes",Lourdes,Belo Horizonte,MG
"Lourdes_Belo Horizonte, Lourdes",1373284911.0,Lourdes,"Belo Horizonte, Lourdes",Lourdes,Belo Horizonte,MG
"Lourdes_Belo Horizonte, Lourdes",1373283939.0,Lourdes,"Belo Horizonte, Lourdes",Lourdes,Belo Horizonte,MG
"Lourdes_Belo Horizonte, Lourdes",1373283867.0,Lourdes,"Belo Horizonte, Lourdes",Lourdes,Belo Horizonte,MG
"Lourdes_Belo Horizonte, Lourdes",1373282579.0,Lourdes,"Belo Horizonte, Lourdes",Lourdes,Belo Horizonte,MG
"Lourdes_Belo Horizonte, Lourdes",1373282204.0,Lourdes,"Belo Horizonte, Lourdes",Lourdes,Belo Horizonte,MG
"Centro_Belo Horizonte, Centro",1373281388.0,Centro,"Belo Horizonte, Centro",Centro,Belo Horizonte,MG
"Lourdes_Belo Horizonte, Lourdes",1373253566.0,Lourdes,"Belo Horizonte, Lourdes",Lourdes,Belo Horizonte,MG
"Lourdes_Belo Horizonte, Lourdes",1373249933.0,Lourdes,"Belo Horizonte, Lourdes",Lourdes,Belo Horizonte,MG
"Lourdes_Belo Horizonte, Lourdes",1373245699.0,Lourdes,"Belo Horizonte, Lourdes",Lourdes,Belo Horizonte,MG
"Centro_Belo Horizonte, Centro",1373203861.0,Centro,"Belo Horizonte, Centro",Centro,Belo Horizonte,MG
"Lourdes_Belo Horizonte, Lourdes",1373194903.0,Lourdes,"Belo Horizonte, Lourdes",Lourdes,Belo Horizonte,MG
"Lourdes_Belo Horizonte, Lourdes",1373179845.0,Lourdes,"Belo Horizonte, Lourdes",Lourdes,Belo Horizonte,MG
"Lourdes_Belo Horizonte, Lourdes",1373175534.0,Lourdes,"Belo Horizonte, Lourdes",Lourdes,Belo Horizonte,MG
"Lourdes_Belo Horizonte, Lourdes",1373164452.0,Lourdes,"Belo Horizonte, Lourdes",Lourdes,Belo Horizonte,MG
"Lourdes_Belo Horizonte, Lourdes",1373164268.0,Lourdes,"Belo Horizonte, Lourdes",Lourdes,Belo Horizonte,MG
"Lourdes_Belo Horizonte, Lourdes",1373163331.0,Lourdes,"Belo Horizonte, Lourdes",Lourdes,Belo Horizonte,MG
"Lourdes_Belo Horizonte, Lourdes",1373161398.0,Lourdes,"Belo Horizonte, Lourdes",Lourdes,Belo Horizonte,MG
"Lourdes_Belo Horizonte, Lourdes",1373160806.0,Lourdes,"Belo Horizonte, Lourdes",Lourdes,Belo Horizonte,MG
"Lourdes_Belo Horizonte, Lourdes",1373159655.0,Lourdes,"Belo Horizonte, Lourdes",Lourdes,Belo Horizonte,MG
"Lourdes_Belo Horizonte, Lourdes",1373148348.0,Lourdes,"Belo Horizonte, Lourdes",Lourdes,Belo Horizonte,MG
"Lourdes_Belo Horizonte, Lourdes",1373147642.0,Lourdes,"Belo Horizonte, Lourdes",Lourdes,Belo Horizonte,MG
"Lourdes_Belo Horizonte, Lourdes",1373147233.0,Lourdes,"Belo Horizonte, Lourdes",Lourdes,Belo Horizonte,MG
"Lourdes_Belo Horizonte, Lourdes",1373146966.0,Lourdes,"Belo Horizonte, Lourdes",Lourdes,Belo Horizonte,MG
"Lourdes_Belo Horizonte, Lourdes",1373144198.0,Lourdes,"Belo Horizonte, Lourdes",Lourdes,Belo Horizonte,MG
"Lourdes_Belo Horizonte, Lourdes",1373141886.0,Lourdes,"Belo Horizonte, Lourdes",Lourdes,Belo Horizonte,MG
"Lourdes_Belo Horizonte, Lourdes",1373140346.0,Lourdes,"Belo Horizonte, Lourdes",Lourdes,Belo Horizonte,MG
"Lourdes_Belo Horizonte, Lourdes",1373140247.0,Lourdes,"Belo Horizonte, Lourdes",Lourdes,Belo Horizonte,MG
"Lourdes_Belo Horizonte, Lourdes",1373131567.0,Lourdes,"Belo Horizonte, Lourdes",Lourdes,Belo Horizonte,MG
"Lourdes_Belo Horizonte, Lourdes",1373128436.0,Lourdes,"Belo Horizonte, Lourdes",Lourdes,Belo Horizonte,MG
"Lourdes_Belo Horizonte, Lourdes",1373128190.0,Lourdes,"Belo Horizonte, Lourdes",Lourdes,Belo Horizonte,MG
"Lourdes_Belo Horizonte, Lourdes",1373127360.0,Lourdes,"Belo Horizonte, Lourdes",Lourdes,Belo Horizonte,MG
"Lourdes_Belo Horizonte, Lourdes",1373123520.0,Lourdes,"Belo Horizonte, Lourdes",Lourdes,Belo Horizonte,MG
"Lourdes_Belo Horizonte, Lourdes",1373123516.0,Lourdes,"Belo Horizonte, Lourdes",Lourdes,Belo Horizonte,MG
"Lourdes_Belo Horizonte, Lourdes",1373099124.0,Lourdes,"Belo Horizonte, Lourdes",Lourdes,Belo Horizonte,MG
"Lourdes_Belo Horizonte, Lourdes",1373076245.0,Lourdes,"Belo Horizonte, Lourdes",Lourdes,Belo Horizonte,MG
"Lourdes_Belo Horizonte, Lourdes",1373075962.0,Lourdes,"Belo Horizonte, Lourdes",Lourdes,Belo Horizonte,MG
"Lourdes_Belo Horizonte, Lourdes",1373074649.0,Lourdes,"Belo Horizonte, Lourdes",Lourdes,Belo Horizonte,MG
"Lourdes_Belo Horizonte, Lourdes",1373058566.0,Lourdes,"Belo Horizonte, Lourdes",Lourdes,Belo Horizonte,MG
"Lourdes_Belo Horizonte, Lourdes",1373048887.0,Lourdes,"Belo Horizonte, Lourdes",Lourdes,Belo Horizonte,MG
"Lourdes_Belo Horizonte, Lourdes",1373027268.0,Lourdes,"Belo Horizonte, Lourdes",Lourdes,Belo Horizonte,MG
"Lourdes_Belo Horizonte, Lourdes",1372986431.0,Lourdes,"Belo Horizonte, Lourdes",Lourdes,Belo Horizonte,MG
"Lourdes_Belo Horizonte, Lourdes",1372984495.0,Lourdes,"Belo Horizonte, Lourdes",Lourdes,Belo Horizonte,MG
"Lourdes_Belo Horizonte, Lourdes",1372981208.0,Lourdes,"Belo Horizonte, Lourdes",Lourdes,Belo Horizonte,MG
"Centro_Belo Horizonte, Centro",1372973932.0,Centro,"Belo Horizonte, Centro",Centro,Belo Horizonte,MG
"Lourdes_Belo Horizonte, Lourdes",1372917638.0,Lourdes,"Belo Horizonte, Lourdes",Lourdes,Belo Horizonte,MG
"Lourdes_Belo Horizonte, Lourdes",1372870586.0,Lourdes,"Belo Horizonte, Lourdes",Lourdes,Belo Horizonte,MG
"Lourdes_Belo Horizonte, Lourdes",1372870055.0,Lourdes,"Belo Horizonte, Lourdes",Lourdes,Belo Horizonte,MG
"Lourdes_Belo Horizonte, Lourdes",1372870051.0,Lourdes,"Belo Horizonte, Lourdes",Lourdes,Belo Horizonte,MG
"Lourdes_Belo Horizonte, Lourdes",1372864989.0,Lourdes,"Belo Horizonte, Lourdes",Lourdes,Belo Horizonte,MG
"Lourdes_Belo Horizonte, Lourdes",1372864256.0,Lourdes,"Belo Horizonte, Lourdes",Lourdes,Belo Horizonte,MG
"Centro_Belo Horizonte, Centro",1372864221.0,Centro,"Belo Horizonte, Centro",Centro,Belo Horizonte,MG
"Lourdes_Belo Horizonte, Lourdes",1372864149.0,Lourdes,"Belo Horizonte, Lourdes",Lourdes,Belo Horizonte,MG
"Lourdes_Belo Horizonte, Lourdes",1372864106.0,Lourdes,"Belo Horizonte, Lourdes",Lourdes,Belo Horizonte,MG
"Lourdes_Belo Horizonte, Lourdes",1372864066.0,Lourdes,"Belo Horizonte, Lourdes",Lourdes,Belo Horizonte,MG
"Lourdes_Belo Horizonte, Lourdes",1372860914.0,Lourdes,"Belo Horizonte, Lourdes",Lourdes,Belo Horizonte,MG
"Lourdes_Belo Horizonte, Lourdes",1372860863.0,Lourdes,"Belo Horizonte, Lourdes",Lourdes,Belo Horizonte,MG
"Lourdes_Belo Horizonte, Lourdes",1372860835.0,Lourdes,"Belo Horizonte, Lourdes",Lourdes,Belo Horizonte,MG
"Centro_Belo Horizonte, Centro",1372855524.0,Centro,"Belo Horizonte, Centro",Centro,Belo Horizonte,MG
"Lourdes_Belo Horizonte, Lourdes",1372791216.0,Lourdes,"Belo Horizonte, Lourdes",Lourdes,Belo Horizonte,MG
"Lourdes_Belo Horizonte, Lourdes",1372775502.0,Lourdes,"Belo Horizonte, Lourdes",Lourdes,Belo Horizonte,MG
"Lourdes_Belo Horizonte, Lourdes",1372692733.0,Lourdes,"Belo Horizonte, Lourdes",Lourdes,Belo Horizonte,MG
"Centro_Belo Horizonte, Centro",1372643581.0,Centro,"Belo Horizonte, Centro",Centro,Belo Horizonte,MG
"Lourdes_Belo Horizonte, Lourdes",1372636180.0,Lourdes,"Belo Horizonte, Lourdes",Lourdes,Belo Horizonte,MG
"Lourdes_Belo Horizonte, Lourdes",1372621542.0,Lourdes,"Belo Horizonte, Lourdes",Lourdes,Belo Horizonte,MG
"Lourdes_Belo Horizonte, Lourdes",1372621538.0,Lourdes,"Belo Horizonte, Lourdes",Lourdes,Belo Horizonte,MG
"Centro_Belo Horizonte, Centro",1372621539.0,Centro,"Belo Horizonte, Centro",Centro,Belo Horizonte,MG
"Lourdes_Belo Horizonte, Lourdes",1372621479.0,Lourdes,"Belo Horizonte, Lourdes",Lourdes,Belo Horizonte,MG
"Lourdes_Belo Horizonte, Lourdes",1372621436.0,Lourdes,"Belo Horizonte, Lourdes",Lourdes,Belo Horizonte,MG
"Lourdes_Belo Horizonte, Lourdes",1372621449.0,Lourdes,"Belo Horizonte, Lourdes",Lourdes,Belo Horizonte,MG
"Lourdes_Belo Horizonte, Lourdes",1372621407.0,Lourdes,"Belo Horizonte, Lourdes",Lourdes,Belo Horizonte,MG
"Lourdes_Belo Horizonte, Lourdes",1372621412.0,Lourdes,"Belo Horizonte, Lourdes",Lourdes,Belo Horizonte,MG
"Lourdes_Belo Horizonte, Lourdes",1372621376.0,Lourdes,"Belo Horizonte, Lourdes",Lourdes,Belo Horizonte,MG
"Centro_Belo Horizonte, Centro",1372621343.0,Centro,"Belo Horizonte, Centro",Centro,Belo Horizonte,MG
"Lourdes_Belo Horizonte, Lourdes",1372621319.0,Lourdes,"Belo Horizonte, Lourdes",Lourdes,Belo Horizonte,MG
"Lourdes_Belo Horizonte, Lourdes",1372621325.0,Lourdes,"Belo Horizonte, Lourdes",Lourdes,Belo Horizonte,MG
"Lourdes_Belo Horizonte, Lourdes",1372621330.0,Lourdes,"Belo Horizonte, Lourdes",Lourdes,Belo Horizonte,MG
"Lourdes_Belo Horizonte, Lourdes",1372621332.0,Lourdes,"Belo Horizonte, Lourdes",Lourdes,Belo Horizonte,MG
"Lourdes_Belo Horizonte, Lourdes",1372621336.0,Lourdes,"Belo Horizonte, Lourdes",Lourdes,Belo Horizonte,MG
"Lourdes_Belo Horizonte, Lourdes",1372621303.0,Lourdes,"Belo Horizonte, Lourdes",Lourdes,Belo Horizonte,MG
"Lourdes_Belo Horizonte, Lourdes",1372621306.0,Lourdes,"Belo Horizonte, Lourdes",Lourdes,Belo Horizonte,MG
"Lourdes_Belo Horizonte, Lourdes",1372621287.0,Lourdes,"Belo Horizonte, Lourdes",Lourdes,Belo Horizonte,MG
"Lourdes_Belo Horizonte, Lourdes",1372621291.0,Lourdes,"Belo Horizonte, Lourdes",Lourdes,Belo Horizonte,MG
"Lourdes_Belo Horizonte, Lourdes",1372621249.0,Lourdes,"Belo Horizonte, Lourdes",Lourdes,Belo Horizonte,MG
"Santo Agostinho_Belo Horizonte, Santo Agostinho",1372621257.0,Santo Agostinho,"Belo Horizonte, Santo Agostinho",Santo Agostinho,Belo Horizonte,MG
"Lourdes_Belo Horizonte, Lourdes",1372621262.0,Lourdes,"Belo Horizonte, Lourdes",Lourdes,Belo Horizonte,MG
"Lourdes_Belo Horizonte, Lourdes",1372621231.0,Lourdes,"Belo Horizonte, Lourdes",Lourdes,Belo Horizonte,MG
"Lourdes_Belo Horizonte, Lourdes",1372621232.0,Lourdes,"Belo Horizonte, Lourdes",Lourdes,Belo Horizonte,MG
"Lourdes_Belo Horizonte, Lourdes",1372621211.0,Lourdes,"Belo Horizonte, Lourdes",Lourdes,Belo Horizonte,MG
"Lourdes_Belo Horizonte, Lourdes",1372621182.0,Lourdes,"Belo Horizonte, Lourdes",Lourdes,Belo Horizonte,MG
"Lourdes_Belo Horizonte, Lourdes",1372621157.0,Lourdes,"Belo Horizonte, Lourdes",Lourdes,Belo Horizonte,MG
"Lourdes_Belo Horizonte, Lourdes",1372621118.0,Lourdes,"Belo Horizonte, Lourdes",Lourdes,Belo Horizonte,MG
"Lourdes_Belo Horizonte, Lourdes",1372621101.0,Lourdes,"Belo Horizonte, Lourdes",Lourdes,Belo Horizonte,MG
"Lourdes_Belo Horizonte, Lourdes",1372621032.0,Lourdes,"Belo Horizonte, Lourdes",Lourdes,Belo Horizonte,MG
"Lourdes_Belo Horizonte, Lourdes",1372621013.0,Lourdes,"Belo Horizonte, Lourdes",Lourdes,Belo Horizonte,MG
"Centro_Belo Horizonte, Centro",1372620983.0,Centro,"Belo Horizonte, Centro",Centro,Belo Horizonte,MG
"Lourdes_Belo Horizonte, Lourdes",1372620929.0,Lourdes,"Belo Horizonte, Lourdes",Lourdes,Belo Horizonte,MG
"Lourdes_Belo Horizonte, Lourdes",1372620933.0,Lourdes,"Belo Horizonte, Lourdes",Lourdes,Belo Horizonte,MG
"Lourdes_Belo Horizonte, Lourdes",1372620934.0,Lourdes,"Belo Horizonte, Lourdes",Lourdes,Belo Horizonte,MG
"Lourdes_Belo Horizonte, Lourdes",1372620942.0,Lourdes,"Belo Horizonte, Lourdes",Lourdes,Belo Horizonte,MG
"Lourdes_Belo Horizonte, Lourdes",1372620945.0,Lourdes,"Belo Horizonte, Lourdes",Lourdes,Belo Horizonte,MG
"Lourdes_Belo Horizonte, Lourdes",1372620946.0,Lourdes,"Belo Horizonte, Lourdes",Lourdes,Belo Horizonte,MG
"Lourdes_Belo Horizonte, Lourdes",1372620962.0,Lourdes,"Belo Horizonte, Lourdes",Lourdes,Belo Horizonte,MG
"Lourdes_Belo Horizonte, Lourdes",1372620877.0,Lourdes,"Belo Horizonte, Lourdes",Lourdes,Belo Horizonte,MG
"Lourdes_Belo Horizonte, Lourdes",1372620826.0,Lourdes,"Belo Horizonte, Lourdes",Lourdes,Belo Horizonte,MG
"Lourdes_Belo Horizonte, Lourdes",1372620833.0,Lourdes,"Belo Horizonte, Lourdes",Lourdes,Belo Horizonte,MG
"Lourdes_Belo Horizonte, Lourdes",1372620812.0,Lourdes,"Belo Horizonte, Lourdes",Lourdes,Belo Horizonte,MG
"Lourdes_Belo Horizonte, Lourdes",1372620750.0,Lourdes,"Belo Horizonte, Lourdes",Lourdes,Belo Horizonte,MG
"Lourdes_Belo Horizonte, Lourdes",1372620751.0,Lourdes,"Belo Horizonte, Lourdes",Lourdes,Belo Horizonte,MG
"Lourdes_Belo Horizonte, Lourdes",1372620705.0,Lourdes,"Belo Horizonte, Lourdes",Lourdes,Belo Horizonte,MG
"Centro_Belo Horizonte, Centro",1372620714.0,Centro,"Belo Horizonte, Centro",Centro,Belo Horizonte,MG
"Lourdes_Belo Horizonte, Lourdes",1372620728.0,Lourdes,"Belo Horizonte, Lourdes",Lourdes,Belo Horizonte,MG
"Lourdes_Belo Horizonte, Lourdes",1372620673.0,Lourdes,"Belo Horizonte, Lourdes",Lourdes,Belo Horizonte,MG
"Lourdes_Belo Horizonte, Lourdes",1372620675.0,Lourdes,"Belo Horizonte, Lourdes",Lourdes,Belo Horizonte,MG
"Lourdes_Belo Horizonte, Lourdes",1372620677.0,Lourdes,"Belo Horizonte, Lourdes",Lourdes,Belo Horizonte,MG
"Lourdes_Belo Horizonte, Lourdes",1372620678.0,Lourdes,"Belo Horizonte, Lourdes",Lourdes,Belo Horizonte,MG
"Centro_Belo Horizonte, Centro",1372620681.0,Centro,"Belo Horizonte, Centro",Centro,Belo Horizonte,MG
"Lourdes_Belo Horizonte, Lourdes",1372620687.0,Lourdes,"Belo Horizonte, Lourdes",Lourdes,Belo Horizonte,MG
"Lourdes_Belo Horizonte, Lourdes",1372620624.0,Lourdes,"Belo Horizonte, Lourdes",Lourdes,Belo Horizonte,MG
"Lourdes_Belo Horizonte, Lourdes",1372620633.0,Lourdes,"Belo Horizonte, Lourdes",Lourdes,Belo Horizonte,MG
"Lourdes_Belo Horizonte, Lourdes",1372620644.0,Lourdes,"Belo Horizonte, Lourdes",Lourdes,Belo Horizonte,MG
"Lourdes_Belo Horizonte, Lourdes",1372620650.0,Lourdes,"Belo Horizonte, Lourdes",Lourdes,Belo Horizonte,MG
"Centro_Belo Horizonte, Centro",1372620601.0,Centro,"Belo Horizonte, Centro",Centro,Belo Horizonte,MG
"Lourdes_Belo Horizonte, Lourdes",1372620619.0,Lourdes,"Belo Horizonte, Lourdes",Lourdes,Belo Horizonte,MG
"Lourdes_Belo Horizonte, Lourdes",1372620580.0,Lourdes,"Belo Horizonte, Lourdes",Lourdes,Belo Horizonte,MG
"Lourdes_Belo Horizonte, Lourdes",1372620546.0,Lourdes,"Belo Horizonte, Lourdes",Lourdes,Belo Horizonte,MG
"Lourdes_Belo Horizonte, Lourdes",1372620552.0,Lourdes,"Belo Horizonte, Lourdes",Lourdes,Belo Horizonte,MG
"Lourdes_Belo Horizonte, Lourdes",1372620553.0,Lourdes,"Belo Horizonte, Lourdes",Lourdes,Belo Horizonte,MG
"Lourdes_Belo Horizonte, Lourdes",1372620557.0,Lourdes,"Belo Horizonte, Lourdes",Lourdes,Belo Horizonte,MG
"Lourdes_Belo Horizonte, Lourdes",1372620497.0,Lourdes,"Belo Horizonte, Lourdes",Lourdes,Belo Horizonte,MG
"Lourdes_Belo Horizonte, Lourdes",1372620443.0,Lourdes,"Belo Horizonte, Lourdes",Lourdes,Belo Horizonte,MG
"Lourdes_Belo Horizonte, Lourdes",1372620429.0,Lourdes,"Belo Horizonte, Lourdes",Lourdes,Belo Horizonte,MG
"Lourdes_Belo Horizonte, Lourdes",1372620035.0,Lourdes,"Belo Horizonte, Lourdes",Lourdes,Belo Horizonte,MG
"Lourdes_Belo Horizonte, Lourdes",1372620030.0,Lourdes,"Belo Horizonte, Lourdes",Lourdes,Belo Horizonte,MG
"Lourdes_Belo Horizonte, Lourdes",1372619990.0,Lourdes,"Belo Horizonte, Lourdes",Lourdes,Belo Horizonte,MG
"Lourdes_Belo Horizonte, Lourdes",1372619967.0,Lourdes,"Belo Horizonte, Lourdes",Lourdes,Belo Horizonte,MG
"Lourdes_Belo Horizonte, Lourdes",1372619953.0,Lourdes,"Belo Horizonte, Lourdes",Lourdes,Belo Horizonte,MG
"Lourdes_Belo Horizonte, Lourdes",1372619939.0,Lourdes,"Belo Horizonte, Lourdes",Lourdes,Belo Horizonte,MG
"Lourdes_Belo Horizonte, Lourdes",1372619945.0,Lourdes,"Belo Horizonte, Lourdes",Lourdes,Belo Horizonte,MG
"Cidade Jardim_Belo Horizonte, Cidade Jardim",1372619920.0,Cidade Jardim,"Belo Horizonte, Cidade Jardim",Cidade Jardim,Belo Horizonte,MG
"Lourdes_Belo Horizonte, Lourdes",1372619886.0,Lourdes,"Belo Horizonte, Lourdes",Lourdes,Belo Horizonte,MG
"Lourdes_Belo Horizonte, Lourdes",1372619881.0,Lourdes,"Belo Horizonte, Lourdes",Lourdes,Belo Horizonte,MG
"Lourdes_Belo Horizonte, Lourdes",1372619883.0,Lourdes,"Belo Horizonte, Lourdes",Lourdes,Belo Horizonte,MG
"Lourdes_Belo Horizonte, Lourdes",1372619861.0,Lourdes,"Belo Horizonte, Lourdes",Lourdes,Belo Horizonte,MG
"Centro_Belo Horizonte, Centro",1372619862.0,Centro,"Belo Horizonte, Centro",Centro,Belo Horizonte,MG
"Lourdes_Belo Horizonte, Lourdes",1372619865.0,Lourdes,"Belo Horizonte, Lourdes",Lourdes,Belo Horizonte,MG
"Lourdes_Belo Horizonte, Lourdes",1372619854.0,Lourdes,"Belo Horizonte, Lourdes",Lourdes,Belo Horizonte,MG
"Lourdes_Belo Horizonte, Lourdes",1372619857.0,Lourdes,"Belo Horizonte, Lourdes",Lourdes,Belo Horizonte,MG
"Lourdes_Belo Horizonte, Lourdes",1372619844.0,Lourdes,"Belo Horizonte, Lourdes",Lourdes,Belo Horizonte,MG
"Centro_Belo Horizonte, Centro",1372619819.0,Centro,"Belo Horizonte, Centro",Centro,Belo Horizonte,MG
"Lourdes_Belo Horizonte, Lourdes",1372619821.0,Lourdes,"Belo Horizonte, Lourdes",Lourdes,Belo Horizonte,MG
"Lourdes_Belo Horizonte, Lourdes",1372619822.0,Lourdes,"Belo Horizonte, Lourdes",Lourdes,Belo Horizonte,MG
"Lourdes_Belo Horizonte, Lourdes",1372619810.0,Lourdes,"Belo Horizonte, Lourdes",Lourdes,Belo Horizonte,MG
"Lourdes_Belo Horizonte, Lourdes",1372619789.0,Lourdes,"Belo Horizonte, Lourdes",Lourdes,Belo Horizonte,MG
"Centro_Belo Horizonte, Centro",1372619792.0,Centro,"Belo Horizonte, Centro",Centro,Belo Horizonte,MG
"Lourdes_Belo Horizonte, Lourdes",1372619763.0,Lourdes,"Belo Horizonte, Lourdes",Lourdes,Belo Horizonte,MG
"Lourdes_Belo Horizonte, Lourdes",1372619746.0,Lourdes,"Belo Horizonte, Lourdes",Lourdes,Belo Horizonte,MG
"Centro_Belo Horizonte, Centro",1372619740.0,Centro,"Belo Horizonte, Centro",Centro,Belo Horizonte,MG
"Lourdes_Belo Horizonte, Lourdes",1372619733.0,Lourdes,"Belo Horizonte, Lourdes",Lourdes,Belo Horizonte,MG
"Lourdes_Belo Horizonte, Lourdes",1372619705.0,Lourdes,"Belo Horizonte, Lourdes",Lourdes,Belo Horizonte,MG
"Lourdes_Belo Horizonte, Lourdes",1372619695.0,Lourdes,"Belo Horizonte, Lourdes",Lourdes,Belo Horizonte,MG
"Lourdes_Belo Horizonte, Lourdes",1372619690.0,Lourdes,"Belo Horizonte, Lourdes",Lourdes,Belo Horizonte,MG
"Lourdes_Belo Horizonte, Lourdes",1372619675.0,Lourdes,"Belo Horizonte, Lourdes",Lourdes,Belo Horizonte,MG
"Lourdes_Belo Horizonte, Lourdes",1372619676.0,Lourdes,"Belo Horizonte, Lourdes",Lourdes,Belo Horizonte,MG
"Lourdes_Belo Horizonte, Lourdes",1372619680.0,Lourdes,"Belo Horizonte, Lourdes",Lourdes,Belo Horizonte,MG
"Lourdes_Belo Horizonte, Lourdes",1372619663.0,Lourdes,"Belo Horizonte, Lourdes",Lourdes,Belo Horizonte,MG
"Lourdes_Belo Horizonte, Lourdes",1372619647.0,Lourdes,"Belo Horizonte, Lourdes",Lourdes,Belo Horizonte,MG
"Lourdes_Belo Horizonte, Lourdes",1372619640.0,Lourdes,"Belo Horizonte, Lourdes",Lourdes,Belo Horizonte,MG
"Centro_Belo Horizonte, Centro",1372582309.0,Centro,"Belo Horizonte, Centro",Centro,Belo Horizonte,MG
"Lourdes_Belo Horizonte, Lourdes",1372572236.0,Lourdes,"Belo Horizonte, Lourdes",Lourdes,Belo Horizonte,MG
"Lourdes_Belo Horizonte, Lourdes",1319786420.0,Lourdes,"Belo Horizonte, Lourdes",Lourdes,Belo Horizonte,MG
"Lourdes_Belo Horizonte, Lourdes",1261737904.0,Lourdes,"Belo Horizonte, Lourdes",Lourdes,Belo Horizonte,MG
"Lourdes_Belo Horizonte, Lourdes",1053467419.0,Lourdes,"Belo Horizonte, Lourdes",Lourdes,Belo Horizonte,MG
"Lourdes_Belo Horizonte, Lourdes",1304936487.0,Lourdes,"Belo Horizonte, Lourdes",Lourdes,Belo Horizonte,MG
"Lourdes_Belo Horizonte, Lourdes",1372570491.0,Lourdes,"Belo Horizonte, Lourdes",Lourdes,Belo Horizonte,MG
"Lourdes_Belo Horizonte, Lourdes",1372570378.0,Lourdes,"Belo Horizonte, Lourdes",Lourdes,Belo Horizonte,MG
"Lourdes_Belo Horizonte, Lourdes",1372570370.0,Lourdes,"Belo Horizonte, Lourdes",Lourdes,Belo Horizonte,MG
"Lourdes_Belo Horizonte, Lourdes",1372570369.0,Lourdes,"Belo Horizonte, Lourdes",Lourdes,Belo Horizonte,MG
"Lourdes_Belo Horizonte, Lourdes",1372570353.0,Lourdes,"Belo Horizonte, Lourdes",Lourdes,Belo Horizonte,MG
"Lourdes_Belo Horizonte, Lourdes",1372570336.0,Lourdes,"Belo Horizonte, Lourdes",Lourdes,Belo Horizonte,MG
"Lourdes_Belo Horizonte, Lourdes",1372570322.0,Lourdes,"Belo Horizonte, Lourdes",Lourdes,Belo Horizonte,MG
"Lourdes_Belo Horizonte, Lourdes",1372570280.0,Lourdes,"Belo Horizonte, Lourdes",Lourdes,Belo Horizonte,MG
"Lourdes_Belo Horizonte, Lourdes",1372570255.0,Lourdes,"Belo Horizonte, Lourdes",Lourdes,Belo Horizonte,MG
"Lourdes_Belo Horizonte, Lourdes",1372570266.0,Lourdes,"Belo Horizonte, Lourdes",Lourdes,Belo Horizonte,MG
"Lourdes_Belo Horizonte, Lourdes",1372570230.0,Lourdes,"Belo Horizonte, Lourdes",Lourdes,Belo Horizonte,MG
"Lourdes_Belo Horizonte, Lourdes",1372570174.0,Lourdes,"Belo Horizonte, Lourdes",Lourdes,Belo Horizonte,MG
"Lourdes_Belo Horizonte, Lourdes",1372570124.0,Lourdes,"Belo Horizonte, Lourdes",Lourdes,Belo Horizonte,MG
"Lourdes_Belo Horizonte, Lourdes",1372570095.0,Lourdes,"Belo Horizonte, Lourdes",Lourdes,Belo Horizonte,MG
"Lourdes_Belo Horizonte, Lourdes",1372570080.0,Lourdes,"Belo Horizonte, Lourdes",Lourdes,Belo Horizonte,MG
"Cidade Jardim_Belo Horizonte, Cidade Jardim",1372570046.0,Cidade Jardim,"Belo Horizonte, Cidade Jardim",Cidade Jardim,Belo Horizonte,MG
"Centro_Belo Horizonte, Centro",1372570019.0,Centro,"Belo Horizonte, Centro",Centro,Belo Horizonte,MG
"Lourdes_Belo Horizonte, Lourdes",1372570004.0,Lourdes,"Belo Horizonte, Lourdes",Lourdes,Belo Horizonte,MG
"Lourdes_Belo Horizonte, Lourdes",1372570002.0,Lourdes,"Belo Horizonte, Lourdes",Lourdes,Belo Horizonte,MG
"Lourdes_Belo Horizonte, Lourdes",1372569999.0,Lourdes,"Belo Horizonte, Lourdes",Lourdes,Belo Horizonte,MG
"Lourdes_Belo Horizonte, Lourdes",1372569962.0,Lourdes,"Belo Horizonte, Lourdes",Lourdes,Belo Horizonte,MG
"Lourdes_Belo Horizonte, Lourdes",1372569878.0,Lourdes,"Belo Horizonte, Lourdes",Lourdes,Belo Horizonte,MG
"Lourdes_Belo Horizonte, Lourdes",1372569857.0,Lourdes,"Belo Horizonte, Lourdes",Lourdes,Belo Horizonte,MG
"Lourdes_Belo Horizonte, Lourdes",1372569705.0,Lourdes,"Belo Horizonte, Lourdes",Lourdes,Belo Horizonte,MG
"Centro_Belo Horizonte, Centro",1372569662.0,Centro,"Belo Horizonte, Centro",Centro,Belo Horizonte,MG
"Lourdes_Belo Horizonte, Lourdes",1372569606.0,Lourdes,"Belo Horizonte, Lourdes",Lourdes,Belo Horizonte,MG
"Lourdes_Belo Horizonte, Lourdes",1372569591.0,Lourdes,"Belo Horizonte, Lourdes",Lourdes,Belo Horizonte,MG
"Lourdes_Belo Horizonte, Lourdes",1372569587.0,Lourdes,"Belo Horizonte, Lourdes",Lourdes,Belo Horizonte,MG
"Centro_Belo Horizonte, Centro",1372569515.0,Centro,"Belo Horizonte, Centro",Centro,Belo Horizonte,MG
"Lourdes_Belo Horizonte, Lourdes",1372569503.0,Lourdes,"Belo Horizonte, Lourdes",Lourdes,Belo Horizonte,MG
"Lourdes_Belo Horizonte, Lourdes",1372567170.0,Lourdes,"Belo Horizonte, Lourdes",Lourdes,Belo Horizonte,MG
"Lourdes_Belo Horizonte, Lourdes",1372563311.0,Lourdes,"Belo Horizonte, Lourdes",Lourdes,Belo Horizonte,MG
"Lourdes_Belo Horizonte, Lourdes",1372563308.0,Lourdes,"Belo Horizonte, Lourdes",Lourdes,Belo Horizonte,MG
"Lourdes_Belo Horizonte, Lourdes",1372556823.0,Lourdes,"Belo Horizonte, Lourdes",Lourdes,Belo Horizonte,MG
"Lourdes_Belo Horizonte, Lourdes",1372556313.0,Lourdes,"Belo Horizonte, Lourdes",Lourdes,Belo Horizonte,MG
"Lourdes_Belo Horizonte, Lourdes",1372554604.0,Lourdes,"Belo Horizonte, Lourdes",Lourdes,Belo Horizonte,MG
"Centro_Belo Horizonte, Centro",1372554471.0,Centro,"Belo Horizonte, Centro",Centro,Belo Horizonte,MG
"Lourdes_Belo Horizonte, Lourdes",1372552488.0,Lourdes,"Belo Horizonte, Lourdes",Lourdes,Belo Horizonte,MG
"Lourdes_Belo Horizonte, Lourdes",1372552472.0,Lourdes,"Belo Horizonte, Lourdes",Lourdes,Belo Horizonte,MG
"Lourdes_Belo Horizonte, Lourdes",1372552440.0,Lourdes,"Belo Horizonte, Lourdes",Lourdes,Belo Horizonte,MG
"Centro_Belo Horizonte, Centro",1372551810.0,Centro,"Belo Horizonte, Centro",Centro,Belo Horizonte,MG
"Lourdes_Belo Horizonte, Lourdes",1372546558.0,Lourdes,"Belo Horizonte, Lourdes",Lourdes,Belo Horizonte,MG
"Lourdes_Belo Horizonte, Lourdes",1372542493.0,Lourdes,"Belo Horizonte, Lourdes",Lourdes,Belo Horizonte,MG
"Lourdes_Belo Horizonte, Lourdes",1372542338.0,Lourdes,"Belo Horizonte, Lourdes",Lourdes,Belo Horizonte,MG
"Lourdes_Belo Horizonte, Lourdes",1372542249.0,Lourdes,"Belo Horizonte, Lourdes",Lourdes,Belo Horizonte,MG
"Centro_Belo Horizonte, Centro",1372538781.0,Centro,"Belo Horizonte, Centro",Centro,Belo Horizonte,MG
"Lourdes_Belo Horizonte, Lourdes",1372531365.0,Lourdes,"Belo Horizonte, Lourdes",Lourdes,Belo Horizonte,MG
"Lourdes_Belo Horizonte, Lourdes",1372531359.0,Lourdes,"Belo Horizonte, Lourdes",Lourdes,Belo Horizonte,MG
"Centro_Belo Horizonte, Centro",1372527808.0,Centro,"Belo Horizonte, Centro",Centro,Belo Horizonte,MG
"Lourdes_Belo Horizonte, Lourdes",1372522705.0,Lourdes,"Belo Horizonte, Lourdes",Lourdes,Belo Horizonte,MG
"Centro_Belo Horizonte, Centro",1372490041.0,Centro,"Belo Horizonte, Centro",Centro,Belo Horizonte,MG
"Centro_Belo Horizonte, Centro",1372470034.0,Centro,"Belo Horizonte, Centro",Centro,Belo Horizonte,MG
"Lourdes_Belo Horizonte, Lourdes",1372439283.0,Lourdes,"Belo Horizonte, Lourdes",Lourdes,Belo Horizonte,MG
"Lourdes_Belo Horizonte, Lourdes",1372379119.0,Lourdes,"Belo Horizonte, Lourdes",Lourdes,Belo Horizonte,MG
"Lourdes_Belo Horizonte, Lourdes",1372378875.0,Lourdes,"Belo Horizonte, Lourdes",Lourdes,Belo Horizonte,MG
"Lourdes_Belo Horizonte, Lourdes",1372378051.0,Lourdes,"Belo Horizonte, Lourdes",Lourdes,Belo Horizonte,MG
"Lourdes_Belo Horizonte, Lourdes",1372358740.0,Lourdes,"Belo Horizonte, Lourdes",Lourdes,Belo Horizonte,MG
"Centro_Belo Horizonte, Centro",1372308391.0,Centro,"Belo Horizonte, Centro",Centro,Belo Horizonte,MG
"Lourdes_Belo Horizonte, Lourdes",1372289879.0,Lourdes,"Belo Horizonte, Lourdes",Lourdes,Belo Horizonte,MG
"Lourdes_Belo Horizonte, Lourdes",1372288303.0,Lourdes,"Belo Horizonte, Lourdes",Lourdes,Belo Horizonte,MG
"Lourdes_Belo Horizonte, Lourdes",1372277227.0,Lourdes,"Belo Horizonte, Lourdes",Lourdes,Belo Horizonte,MG
"Lourdes_Belo Horizonte, Lourdes",1372277195.0,Lourdes,"Belo Horizonte, Lourdes",Lourdes,Belo Horizonte,MG
"Lourdes_Belo Horizonte, Lourdes",1372276844.0,Lourdes,"Belo Horizonte, Lourdes",Lourdes,Belo Horizonte,MG
"Centro_Belo Horizonte, Centro",1372243437.0,Centro,"Belo Horizonte, Centro",Centro,Belo Horizonte,MG
"Lourdes_Belo Horizonte, Lourdes",1372243435.0,Lourdes,"Belo Horizonte, Lourdes",Lourdes,Belo Horizonte,MG
"Lourdes_Belo Horizonte, Lourdes",1372236415.0,Lourdes,"Belo Horizonte, Lourdes",Lourdes,Belo Horizonte,MG
"Lourdes_Belo Horizonte, Lourdes",1372236417.0,Lourdes,"Belo Horizonte, Lourdes",Lourdes,Belo Horizonte,MG
"Lourdes_Belo Horizonte, Lourdes",1372234336.0,Lourdes,"Belo Horizonte, Lourdes",Lourdes,Belo Horizonte,MG
"Lourdes_Belo Horizonte, Lourdes",1372228736.0,Lourdes,"Belo Horizonte, Lourdes",Lourdes,Belo Horizonte,MG
"Lourdes_Belo Horizonte, Lourdes",1372212301.0,Lourdes,"Belo Horizonte, Lourdes",Lourdes,Belo Horizonte,MG
"Lourdes_Belo Horizonte, Lourdes",1372212281.0,Lourdes,"Belo Horizonte, Lourdes",Lourdes,Belo Horizonte,MG
"Lourdes_Belo Horizonte, Lourdes",1372212182.0,Lourdes,"Belo Horizonte, Lourdes",Lourdes,Belo Horizonte,MG
"Lourdes_Belo Horizonte, Lourdes",1372212168.0,Lourdes,"Belo Horizonte, Lourdes",Lourdes,Belo Horizonte,MG
"Lourdes_Belo Horizonte, Lourdes",1372212175.0,Lourdes,"Belo Horizonte, Lourdes",Lourdes,Belo Horizonte,MG
"Lourdes_Belo Horizonte, Lourdes",1372212138.0,Lourdes,"Belo Horizonte, Lourdes",Lourdes,Belo Horizonte,MG
"Lourdes_Belo Horizonte, Lourdes",1372212049.0,Lourdes,"Belo Horizonte, Lourdes",Lourdes,Belo Horizonte,MG
"Lourdes_Belo Horizonte, Lourdes",1372203550.0,Lourdes,"Belo Horizonte, Lourdes",Lourdes,Belo Horizonte,MG
"Lourdes_Belo Horizonte, Lourdes",1372196897.0,Lourdes,"Belo Horizonte, Lourdes",Lourdes,Belo Horizonte,MG
"Lourdes_Belo Horizonte, Lourdes",1372196899.0,Lourdes,"Belo Horizonte, Lourdes",Lourdes,Belo Horizonte,MG
"Lourdes_Belo Horizonte, Lourdes",1372165425.0,Lourdes,"Belo Horizonte, Lourdes",Lourdes,Belo Horizonte,MG
"Lourdes_Belo Horizonte, Lourdes",1372165418.0,Lourdes,"Belo Horizonte, Lourdes",Lourdes,Belo Horizonte,MG
"Lourdes_Belo Horizonte, Lourdes",1372145656.0,Lourdes,"Belo Horizonte, Lourdes",Lourdes,Belo Horizonte,MG
"Lourdes_Belo Horizonte, Lourdes",1368449661.0,Lourdes,"Belo Horizonte, Lourdes",Lourdes,Belo Horizonte,MG
"Lourdes_Belo Horizonte, Lourdes",1368287434.0,Lourdes,"Belo Horizonte, Lourdes",Lourdes,Belo Horizonte,MG
"Lourdes_Belo Horizonte, Lourdes",1372137096.0,Lourdes,"Belo Horizonte, Lourdes",Lourdes,Belo Horizonte,MG
"Lourdes_Belo Horizonte, Lourdes",1372132983.0,Lourdes,"Belo Horizonte, Lourdes",Lourdes,Belo Horizonte,MG
"Lourdes_Belo Horizonte, Lourdes",1372126793.0,Lourdes,"Belo Horizonte, Lourdes",Lourdes,Belo Horizonte,MG
"Centro_Belo Horizonte, Centro",1372114804.0,Centro,"Belo Horizonte, Centro",Centro,Belo Horizonte,MG
"Lourdes_Belo Horizonte, Lourdes",1372052093.0,Lourdes,"Belo Horizonte, Lourdes",Lourdes,Belo Horizonte,MG
"Lourdes_Belo Horizonte, Lourdes",1372029626.0,Lourdes,"Belo Horizonte, Lourdes",Lourdes,Belo Horizonte,MG
"Lourdes_Belo Horizonte, Lourdes",1372000337.0,Lourdes,"Belo Horizonte, Lourdes",Lourdes,Belo Horizonte,MG
"Lourdes_Belo Horizonte, Lourdes",1371989969.0,Lourdes,"Belo Horizonte, Lourdes",Lourdes,Belo Horizonte,MG
"Lourdes_Belo Horizonte, Lourdes",1371980811.0,Lourdes,"Belo Horizonte, Lourdes",Lourdes,Belo Horizonte,MG
"Lourdes_Belo Horizonte, Lourdes",1371948316.0,Lourdes,"Belo Horizonte, Lourdes",Lourdes,Belo Horizonte,MG
"Lourdes_Belo Horizonte, Lourdes",1371904647.0,Lourdes,"Belo Horizonte, Lourdes",Lourdes,Belo Horizonte,MG
"Lourdes_Belo Horizonte, Lourdes",1371892024.0,Lourdes,"Belo Horizonte, Lourdes",Lourdes,Belo Horizonte,MG
"Lourdes_Belo Horizonte, Lourdes",1371884493.0,Lourdes,"Belo Horizonte, Lourdes",Lourdes,Belo Horizonte,MG
"Lourdes_Belo Horizonte, Lourdes",1371884478.0,Lourdes,"Belo Horizonte, Lourdes",Lourdes,Belo Horizonte,MG
"Lourdes_Belo Horizonte, Lourdes",1371881677.0,Lourdes,"Belo Horizonte, Lourdes",Lourdes,Belo Horizonte,MG
"Lourdes_Belo Horizonte, Lourdes",1371876374.0,Lourdes,"Belo Horizonte, Lourdes",Lourdes,Belo Horizonte,MG
"Lourdes_Belo Horizonte, Lourdes",1371853324.0,Lourdes,"Belo Horizonte, Lourdes",Lourdes,Belo Horizonte,MG
"Lourdes_Belo Horizonte, Lourdes",1371848244.0,Lourdes,"Belo Horizonte, Lourdes",Lourdes,Belo Horizonte,MG
"Lourdes_Belo Horizonte, Lourdes",1371845283.0,Lourdes,"Belo Horizonte, Lourdes",Lourdes,Belo Horizonte,MG
"Lourdes_Belo Horizonte, Lourdes",1371844734.0,Lourdes,"Belo Horizonte, Lourdes",Lourdes,Belo Horizonte,MG
"Lourdes_Belo Horizonte, Lourdes",1371842729.0,Lourdes,"Belo Horizonte, Lourdes",Lourdes,Belo Horizonte,MG
"Lourdes_Belo Horizonte, Lourdes",1371842271.0,Lourdes,"Belo Horizonte, Lourdes",Lourdes,Belo Horizonte,MG
"Lourdes_Belo Horizonte, Lourdes",1371841940.0,Lourdes,"Belo Horizonte, Lourdes",Lourdes,Belo Horizonte,MG
"Lourdes_Belo Horizonte, Lourdes",1371728182.0,Lourdes,"Belo Horizonte, Lourdes",Lourdes,Belo Horizonte,MG
"Lourdes_Belo Horizonte, Lourdes",1371719359.0,Lourdes,"Belo Horizonte, Lourdes",Lourdes,Belo Horizonte,MG
"Lourdes_Belo Horizonte, Lourdes",1371717943.0,Lourdes,"Belo Horizonte, Lourdes",Lourdes,Belo Horizonte,MG
"Lourdes_Belo Horizonte, Lourdes",1371717765.0,Lourdes,"Belo Horizonte, Lourdes",Lourdes,Belo Horizonte,MG
"Centro_Belo Horizonte, Centro",1371714364.0,Centro,"Belo Horizonte, Centro",Centro,Belo Horizonte,MG
"Lourdes_Belo Horizonte, Lourdes",1371702109.0,Lourdes,"Belo Horizonte, Lourdes",Lourdes,Belo Horizonte,MG
"Lourdes_Belo Horizonte, Lourdes",1371695395.0,Lourdes,"Belo Horizonte, Lourdes",Lourdes,Belo Horizonte,MG
"Lourdes_Belo Horizonte, Lourdes",1371689706.0,Lourdes,"Belo Horizonte, Lourdes",Lourdes,Belo Horizonte,MG
"Lourdes_Belo Horizonte, Lourdes",1371627281.0,Lourdes,"Belo Horizonte, Lourdes",Lourdes,Belo Horizonte,MG
"Lourdes_Belo Horizonte, Lourdes",1371626698.0,Lourdes,"Belo Horizonte, Lourdes",Lourdes,Belo Horizonte,MG
"Lourdes_Belo Horizonte, Lourdes",1371612858.0,Lourdes,"Belo Horizonte, Lourdes",Lourdes,Belo Horizonte,MG
"Lourdes_Belo Horizonte, Lourdes",1371610036.0,Lourdes,"Belo Horizonte, Lourdes",Lourdes,Belo Horizonte,MG
"Lourdes_Belo Horizonte, Lourdes",1371538758.0,Lourdes,"Belo Horizonte, Lourdes",Lourdes,Belo Horizonte,MG
"Lourdes_Belo Horizonte, Lourdes",1371538028.0,Lourdes,"Belo Horizonte, Lourdes",Lourdes,Belo Horizonte,MG
"Centro_Belo Horizonte, Centro",1371536787.0,Centro,"Belo Horizonte, Centro",Centro,Belo Horizonte,MG
"Lourdes_Belo Horizonte, Lourdes",1371536607.0,Lourdes,"Belo Horizonte, Lourdes",Lourdes,Belo Horizonte,MG
"Lourdes_Belo Horizonte, Lourdes",1371417362.0,Lourdes,"Belo Horizonte, Lourdes",Lourdes,Belo Horizonte,MG
"Lourdes_Belo Horizonte, Lourdes",1371394954.0,Lourdes,"Belo Horizonte, Lourdes",Lourdes,Belo Horizonte,MG
"Lourdes_Belo Horizonte, Lourdes",1371384088.0,Lourdes,"Belo Horizonte, Lourdes",Lourdes,Belo Horizonte,MG
"Lourdes_Belo Horizonte, Lourdes",1371384073.0,Lourdes,"Belo Horizonte, Lourdes",Lourdes,Belo Horizonte,MG
"Centro_Belo Horizonte, Centro",1371384000.0,Centro,"Belo Horizonte, Centro",Centro,Belo Horizonte,MG
"Lourdes_Belo Horizonte, Lourdes",1371376827.0,Lourdes,"Belo Horizonte, Lourdes",Lourdes,Belo Horizonte,MG
"Lourdes_Belo Horizonte, Lourdes",1371376643.0,Lourdes,"Belo Horizonte, Lourdes",Lourdes,Belo Horizonte,MG
"Lourdes_Belo Horizonte, Lourdes",1371375120.0,Lourdes,"Belo Horizonte, Lourdes",Lourdes,Belo Horizonte,MG
"Lourdes_Belo Horizonte, Lourdes",1371374422.0,Lourdes,"Belo Horizonte, Lourdes",Lourdes,Belo Horizonte,MG
"Lourdes_Belo Horizonte, Lourdes",1371370824.0,Lourdes,"Belo Horizonte, Lourdes",Lourdes,Belo Horizonte,MG
"Centro_Belo Horizonte, Centro",1371275144.0,Centro,"Belo Horizonte, Centro",Centro,Belo Horizonte,MG
"Lourdes_Belo Horizonte, Lourdes",1371227388.0,Lourdes,"Belo Horizonte, Lourdes",Lourdes,Belo Horizonte,MG
"Lourdes_Belo Horizonte, Lourdes",1371210308.0,Lourdes,"Belo Horizonte, Lourdes",Lourdes,Belo Horizonte,MG
"Lourdes_Belo Horizonte, Lourdes",1371189753.0,Lourdes,"Belo Horizonte, Lourdes",Lourdes,Belo Horizonte,MG
"Lourdes_Belo Horizonte, Lourdes",1371177945.0,Lourdes,"Belo Horizonte, Lourdes",Lourdes,Belo Horizonte,MG
"Lourdes_Belo Horizonte, Lourdes",1371177946.0,Lourdes,"Belo Horizonte, Lourdes",Lourdes,Belo Horizonte,MG
"Lourdes_Belo Horizonte, Lourdes",1371177592.0,Lourdes,"Belo Horizonte, Lourdes",Lourdes,Belo Horizonte,MG
"Lourdes_Belo Horizonte, Lourdes",1371176077.0,Lourdes,"Belo Horizonte, Lourdes",Lourdes,Belo Horizonte,MG
"Lourdes_Belo Horizonte, Lourdes",1371171152.0,Lourdes,"Belo Horizonte, Lourdes",Lourdes,Belo Horizonte,MG
"Lourdes_Belo Horizonte, Lourdes",1371168304.0,Lourdes,"Belo Horizonte, Lourdes",Lourdes,Belo Horizonte,MG
"Lourdes_Belo Horizonte, Lourdes",1371164602.0,Lourdes,"Belo Horizonte, Lourdes",Lourdes,Belo Horizonte,MG
"Lourdes_Belo Horizonte, Lourdes",1371161276.0,Lourdes,"Belo Horizonte, Lourdes",Lourdes,Belo Horizonte,MG
"Lourdes_Belo Horizonte, Lourdes",1371157907.0,Lourdes,"Belo Horizonte, Lourdes",Lourdes,Belo Horizonte,MG
"Lourdes_Belo Horizonte, Lourdes",1371152905.0,Lourdes,"Belo Horizonte, Lourdes",Lourdes,Belo Horizonte,MG
"Lourdes_Belo Horizonte, Lourdes",1371152818.0,Lourdes,"Belo Horizonte, Lourdes",Lourdes,Belo Horizonte,MG
"Lourdes_Belo Horizonte, Lourdes",1371149674.0,Lourdes,"Belo Horizonte, Lourdes",Lourdes,Belo Horizonte,MG
"Lourdes_Belo Horizonte, Lourdes",1371140059.0,Lourdes,"Belo Horizonte, Lourdes",Lourdes,Belo Horizonte,MG
"Lourdes_Belo Horizonte, Lourdes",1371133954.0,Lourdes,"Belo Horizonte, Lourdes",Lourdes,Belo Horizonte,MG
"Lourdes_Belo Horizonte, Lourdes",1371115210.0,Lourdes,"Belo Horizonte, Lourdes",Lourdes,Belo Horizonte,MG
"Centro_Belo Horizonte, Centro",1371093796.0,Centro,"Belo Horizonte, Centro",Centro,Belo Horizonte,MG
"Lourdes_Belo Horizonte, Lourdes",1370977707.0,Lourdes,"Belo Horizonte, Lourdes",Lourdes,Belo Horizonte,MG
"Lourdes_Belo Horizonte, Lourdes",1370928708.0,Lourdes,"Belo Horizonte, Lourdes",Lourdes,Belo Horizonte,MG
"Lourdes_Belo Horizonte, Lourdes",1370926391.0,Lourdes,"Belo Horizonte, Lourdes",Lourdes,Belo Horizonte,MG
"Lourdes_Belo Horizonte, Lourdes",1370879116.0,Lourdes,"Belo Horizonte, Lourdes",Lourdes,Belo Horizonte,MG
"Lourdes_Belo Horizonte, Lourdes",1370878518.0,Lourdes,"Belo Horizonte, Lourdes",Lourdes,Belo Horizonte,MG
"Lourdes_Belo Horizonte, Lourdes",1370877445.0,Lourdes,"Belo Horizonte, Lourdes",Lourdes,Belo Horizonte,MG
"Lourdes_Belo Horizonte, Lourdes",1370877432.0,Lourdes,"Belo Horizonte, Lourdes",Lourdes,Belo Horizonte,MG
"Lourdes_Belo Horizonte, Lourdes",1370874410.0,Lourdes,"Belo Horizonte, Lourdes",Lourdes,Belo Horizonte,MG
"Lourdes_Belo Horizonte, Lourdes",1370873519.0,Lourdes,"Belo Horizonte, Lourdes",Lourdes,Belo Horizonte,MG
"Lourdes_Belo Horizonte, Lourdes",1370873107.0,Lourdes,"Belo Horizonte, Lourdes",Lourdes,Belo Horizonte,MG
"Lourdes_Belo Horizonte, Lourdes",1370865224.0,Lourdes,"Belo Horizonte, Lourdes",Lourdes,Belo Horizonte,MG
"Centro_Belo Horizonte, Centro",1370864935.0,Centro,"Belo Horizonte, Centro",Centro,Belo Horizonte,MG
"Lourdes_Belo Horizonte, Lourdes",1370864924.0,Lourdes,"Belo Horizonte, Lourdes",Lourdes,Belo Horizonte,MG
"Centro_Belo Horizonte, Centro",1370864913.0,Centro,"Belo Horizonte, Centro",Centro,Belo Horizonte,MG
"Lourdes_Belo Horizonte, Lourdes",1370864916.0,Lourdes,"Belo Horizonte, Lourdes",Lourdes,Belo Horizonte,MG
"Lourdes_Belo Horizonte, Lourdes",1370864917.0,Lourdes,"Belo Horizonte, Lourdes",Lourdes,Belo Horizonte,MG
"Lourdes_Belo Horizonte, Lourdes",1370864895.0,Lourdes,"Belo Horizonte, Lourdes",Lourdes,Belo Horizonte,MG
"Santo Agostinho_Belo Horizonte, Santo Agostinho",1370864874.0,Santo Agostinho,"Belo Horizonte, Santo Agostinho",Santo Agostinho,Belo Horizonte,MG
"Santo Agostinho_Belo Horizonte, Santo Agostinho",1370864879.0,Santo Agostinho,"Belo Horizonte, Santo Agostinho",Santo Agostinho,Belo Horizonte,MG
"Santo Agostinho_Belo Horizonte, Santo Agostinho",1370864808.0,Santo Agostinho,"Belo Horizonte, Santo Agostinho",Santo Agostinho,Belo Horizonte,MG
"Centro_Belo Horizonte, Centro",1370864823.0,Centro,"Belo Horizonte, Centro",Centro,Belo Horizonte,MG
"Lourdes_Belo Horizonte, Lourdes",1370864785.0,Lourdes,"Belo Horizonte, Lourdes",Lourdes,Belo Horizonte,MG
"Santo Agostinho_Belo Horizonte, Santo Agostinho",1370864787.0,Santo Agostinho,"Belo Horizonte, Santo Agostinho",Santo Agostinho,Belo Horizonte,MG
"Santo Agostinho_Belo Horizonte, Santo Agostinho",1370864798.0,Santo Agostinho,"Belo Horizonte, Santo Agostinho",Santo Agostinho,Belo Horizonte,MG
"Lourdes_Belo Horizonte, Lourdes",1370864777.0,Lourdes,"Belo Horizonte, Lourdes",Lourdes,Belo Horizonte,MG
"Centro_Belo Horizonte, Centro",1370864761.0,Centro,"Belo Horizonte, Centro",Centro,Belo Horizonte,MG
"Lourdes_Belo Horizonte, Lourdes",1370864662.0,Lourdes,"Belo Horizonte, Lourdes",Lourdes,Belo Horizonte,MG
"Lourdes_Belo Horizonte, Lourdes",1370864369.0,Lourdes,"Belo Horizonte, Lourdes",Lourdes,Belo Horizonte,MG
"Lourdes_Belo Horizonte, Lourdes",1370861666.0,Lourdes,"Belo Horizonte, Lourdes",Lourdes,Belo Horizonte,MG
"Lourdes_Belo Horizonte, Lourdes",1370859046.0,Lourdes,"Belo Horizonte, Lourdes",Lourdes,Belo Horizonte,MG
"Lourdes_Belo Horizonte, Lourdes",1370840178.0,Lourdes,"Belo Horizonte, Lourdes",Lourdes,Belo Horizonte,MG
"Lourdes_Belo Horizonte, Lourdes",1370840121.0,Lourdes,"Belo Horizonte, Lourdes",Lourdes,Belo Horizonte,MG
"Centro_Belo Horizonte, Centro",1370791082.0,Centro,"Belo Horizonte, Centro",Centro,Belo Horizonte,MG
"Lourdes_Belo Horizonte, Lourdes",1370777510.0,Lourdes,"Belo Horizonte, Lourdes",Lourdes,Belo Horizonte,MG
"Lourdes_Belo Horizonte, Lourdes",1370714381.0,Lourdes,"Belo Horizonte, Lourdes",Lourdes,Belo Horizonte,MG
"Lourdes_Belo Horizonte, Lourdes",1370643449.0,Lourdes,"Belo Horizonte, Lourdes",Lourdes,Belo Horizonte,MG
"Lourdes_Belo Horizonte, Lourdes",1370641051.0,Lourdes,"Belo Horizonte, Lourdes",Lourdes,Belo Horizonte,MG
"Lourdes_Belo Horizonte, Lourdes",1370640101.0,Lourdes,"Belo Horizonte, Lourdes",Lourdes,Belo Horizonte,MG
"Lourdes_Belo Horizonte, Lourdes",1370639014.0,Lourdes,"Belo Horizonte, Lourdes",Lourdes,Belo Horizonte,MG
"Lourdes_Belo Horizonte, Lourdes",1370590189.0,Lourdes,"Belo Horizonte, Lourdes",Lourdes,Belo Horizonte,MG
"Lourdes_Belo Horizonte, Lourdes",1370542822.0,Lourdes,"Belo Horizonte, Lourdes",Lourdes,Belo Horizonte,MG
"Lourdes_Belo Horizonte, Lourdes",1370541071.0,Lourdes,"Belo Horizonte, Lourdes",Lourdes,Belo Horizonte,MG
"Lourdes_Belo Horizonte, Lourdes",1370540986.0,Lourdes,"Belo Horizonte, Lourdes",Lourdes,Belo Horizonte,MG
"Lourdes_Belo Horizonte, Lourdes",1370537210.0,Lourdes,"Belo Horizonte, Lourdes",Lourdes,Belo Horizonte,MG
"Lourdes_Belo Horizonte, Lourdes",1370532945.0,Lourdes,"Belo Horizonte, Lourdes",Lourdes,Belo Horizonte,MG
"Lourdes_Belo Horizonte, Lourdes",1370532946.0,Lourdes,"Belo Horizonte, Lourdes",Lourdes,Belo Horizonte,MG
"Lourdes_Belo Horizonte, Lourdes",1370528920.0,Lourdes,"Belo Horizonte, Lourdes",Lourdes,Belo Horizonte,MG
"Lourdes_Belo Horizonte, Lourdes",1370528093.0,Lourdes,"Belo Horizonte, Lourdes",Lourdes,Belo Horizonte,MG
"Centro_Belo Horizonte, Centro",1370527980.0,Centro,"Belo Horizonte, Centro",Centro,Belo Horizonte,MG
"Lourdes_Belo Horizonte, Lourdes",1370527545.0,Lourdes,"Belo Horizonte, Lourdes",Lourdes,Belo Horizonte,MG
"Lourdes_Belo Horizonte, Lourdes",1370525925.0,Lourdes,"Belo Horizonte, Lourdes",Lourdes,Belo Horizonte,MG
"Lourdes_Belo Horizonte, Lourdes",1370522577.0,Lourdes,"Belo Horizonte, Lourdes",Lourdes,Belo Horizonte,MG
"Lourdes_Belo Horizonte, Lourdes",1370516522.0,Lourdes,"Belo Horizonte, Lourdes",Lourdes,Belo Horizonte,MG
"Lourdes_Belo Horizonte, Lourdes",1370512578.0,Lourdes,"Belo Horizonte, Lourdes",Lourdes,Belo Horizonte,MG
"Centro_Belo Horizonte, Centro",1370509052.0,Centro,"Belo Horizonte, Centro",Centro,Belo Horizonte,MG
"Centro_Belo Horizonte, Centro",1370508664.0,Centro,"Belo Horizonte, Centro",Centro,Belo Horizonte,MG
"Lourdes_Belo Horizonte, Lourdes",1370493012.0,Lourdes,"Belo Horizonte, Lourdes",Lourdes,Belo Horizonte,MG
"Lourdes_Belo Horizonte, Lourdes",1370493010.0,Lourdes,"Belo Horizonte, Lourdes",Lourdes,Belo Horizonte,MG
"Lourdes_Belo Horizonte, Lourdes",1370492920.0,Lourdes,"Belo Horizonte, Lourdes",Lourdes,Belo Horizonte,MG
"Lourdes_Belo Horizonte, Lourdes",1370440676.0,Lourdes,"Belo Horizonte, Lourdes",Lourdes,Belo Horizonte,MG
"Lourdes_Belo Horizonte, Lourdes",1370431195.0,Lourdes,"Belo Horizonte, Lourdes",Lourdes,Belo Horizonte,MG
"Lourdes_Belo Horizonte, Lourdes",1370379906.0,Lourdes,"Belo Horizonte, Lourdes",Lourdes,Belo Horizonte,MG
"Lourdes_Belo Horizonte, Lourdes",1370367347.0,Lourdes,"Belo Horizonte, Lourdes",Lourdes,Belo Horizonte,MG
"Lourdes_Belo Horizonte, Lourdes",1370367299.0,Lourdes,"Belo Horizonte, Lourdes",Lourdes,Belo Horizonte,MG
"Lourdes_Belo Horizonte, Lourdes",1370367257.0,Lourdes,"Belo Horizonte, Lourdes",Lourdes,Belo Horizonte,MG
"Lourdes_Belo Horizonte, Lourdes",1370367221.0,Lourdes,"Belo Horizonte, Lourdes",Lourdes,Belo Horizonte,MG
"Lourdes_Belo Horizonte, Lourdes",1370344283.0,Lourdes,"Belo Horizonte, Lourdes",Lourdes,Belo Horizonte,MG
"Lourdes_Belo Horizonte, Lourdes",1370336319.0,Lourdes,"Belo Horizonte, Lourdes",Lourdes,Belo Horizonte,MG
"Lourdes_Belo Horizonte, Lourdes",1370333682.0,Lourdes,"Belo Horizonte, Lourdes",Lourdes,Belo Horizonte,MG
"Lourdes_Belo Horizonte, Lourdes",1370290642.0,Lourdes,"Belo Horizonte, Lourdes",Lourdes,Belo Horizonte,MG
"Lourdes_Belo Horizonte, Lourdes",1370290249.0,Lourdes,"Belo Horizonte, Lourdes",Lourdes,Belo Horizonte,MG
"Lourdes_Belo Horizonte, Lourdes",1370288631.0,Lourdes,"Belo Horizonte, Lourdes",Lourdes,Belo Horizonte,MG
"Lourdes_Belo Horizonte, Lourdes",1370286222.0,Lourdes,"Belo Horizonte, Lourdes",Lourdes,Belo Horizonte,MG
"Lourdes_Belo Horizonte, Lourdes",1370235631.0,Lourdes,"Belo Horizonte, Lourdes",Lourdes,Belo Horizonte,MG
"Lourdes_Belo Horizonte, Lourdes",1370235556.0,Lourdes,"Belo Horizonte, Lourdes",Lourdes,Belo Horizonte,MG
"Lourdes_Belo Horizonte, Lourdes",1370231868.0,Lourdes,"Belo Horizonte, Lourdes",Lourdes,Belo Horizonte,MG
"Lourdes_Belo Horizonte, Lourdes",1370208259.0,Lourdes,"Belo Horizonte, Lourdes",Lourdes,Belo Horizonte,MG
"Centro_Belo Horizonte, Centro",1370196737.0,Centro,"Belo Horizonte, Centro",Centro,Belo Horizonte,MG
"Lourdes_Belo Horizonte, Lourdes",1370190186.0,Lourdes,"Belo Horizonte, Lourdes",Lourdes,Belo Horizonte,MG
"Lourdes_Belo Horizonte, Lourdes",1370185706.0,Lourdes,"Belo Horizonte, Lourdes",Lourdes,Belo Horizonte,MG
"Lourdes_Belo Horizonte, Lourdes",1370179293.0,Lourdes,"Belo Horizonte, Lourdes",Lourdes,Belo Horizonte,MG
"Centro_Belo Horizonte, Centro",1370146918.0,Centro,"Belo Horizonte, Centro",Centro,Belo Horizonte,MG
"Lourdes_Belo Horizonte, Lourdes",1370129324.0,Lourdes,"Belo Horizonte, Lourdes",Lourdes,Belo Horizonte,MG
"Lourdes_Belo Horizonte, Lourdes",1370094957.0,Lourdes,"Belo Horizonte, Lourdes",Lourdes,Belo Horizonte,MG
"Lourdes_Belo Horizonte, Lourdes",1370071595.0,Lourdes,"Belo Horizonte, Lourdes",Lourdes,Belo Horizonte,MG
"Lourdes_Belo Horizonte, Lourdes",1370071314.0,Lourdes,"Belo Horizonte, Lourdes",Lourdes,Belo Horizonte,MG
"Lourdes_Belo Horizonte, Lourdes",1370071296.0,Lourdes,"Belo Horizonte, Lourdes",Lourdes,Belo Horizonte,MG
"Lourdes_Belo Horizonte, Lourdes",1370069221.0,Lourdes,"Belo Horizonte, Lourdes",Lourdes,Belo Horizonte,MG
"Lourdes_Belo Horizonte, Lourdes",1370066141.0,Lourdes,"Belo Horizonte, Lourdes",Lourdes,Belo Horizonte,MG
"Lourdes_Belo Horizonte, Lourdes",1370009453.0,Lourdes,"Belo Horizonte, Lourdes",Lourdes,Belo Horizonte,MG
"Lourdes_Belo Horizonte, Lourdes",1370009429.0,Lourdes,"Belo Horizonte, Lourdes",Lourdes,Belo Horizonte,MG
"Lourdes_Belo Horizonte, Lourdes",1369990633.0,Lourdes,"Belo Horizonte, Lourdes",Lourdes,Belo Horizonte,MG
"Lourdes_Belo Horizonte, Lourdes",1369979149.0,Lourdes,"Belo Horizonte, Lourdes",Lourdes,Belo Horizonte,MG
"Centro_Belo Horizonte, Centro",1369946329.0,Centro,"Belo Horizonte, Centro",Centro,Belo Horizonte,MG
"Centro_Belo Horizonte, Centro",1369946310.0,Centro,"Belo Horizonte, Centro",Centro,Belo Horizonte,MG
"Lourdes_Belo Horizonte, Lourdes",1369946234.0,Lourdes,"Belo Horizonte, Lourdes",Lourdes,Belo Horizonte,MG
"Lourdes_Belo Horizonte, Lourdes",1369944686.0,Lourdes,"Belo Horizonte, Lourdes",Lourdes,Belo Horizonte,MG
"Lourdes_Belo Horizonte, Lourdes",1369944587.0,Lourdes,"Belo Horizonte, Lourdes",Lourdes,Belo Horizonte,MG
"Lourdes_Belo Horizonte, Lourdes",1369944543.0,Lourdes,"Belo Horizonte, Lourdes",Lourdes,Belo Horizonte,MG
"Lourdes_Belo Horizonte, Lourdes",1369944551.0,Lourdes,"Belo Horizonte, Lourdes",Lourdes,Belo Horizonte,MG
"Lourdes_Belo Horizonte, Lourdes",1369944527.0,Lourdes,"Belo Horizonte, Lourdes",Lourdes,Belo Horizonte,MG
"Lourdes_Belo Horizonte, Lourdes",1369944528.0,Lourdes,"Belo Horizonte, Lourdes",Lourdes,Belo Horizonte,MG
"Lourdes_Belo Horizonte, Lourdes",1369944324.0,Lourdes,"Belo Horizonte, Lourdes",Lourdes,Belo Horizonte,MG
"Lourdes_Belo Horizonte, Lourdes",1369943236.0,Lourdes,"Belo Horizonte, Lourdes",Lourdes,Belo Horizonte,MG
"Lourdes_Belo Horizonte, Lourdes",1369943045.0,Lourdes,"Belo Horizonte, Lourdes",Lourdes,Belo Horizonte,MG
"Lourdes_Belo Horizonte, Lourdes",1369906056.0,Lourdes,"Belo Horizonte, Lourdes",Lourdes,Belo Horizonte,MG
"Lourdes_Belo Horizonte, Lourdes",1369903664.0,Lourdes,"Belo Horizonte, Lourdes",Lourdes,Belo Horizonte,MG
"Lourdes_Belo Horizonte, Lourdes",1369903626.0,Lourdes,"Belo Horizonte, Lourdes",Lourdes,Belo Horizonte,MG
"Lourdes_Belo Horizonte, Lourdes",1369890877.0,Lourdes,"Belo Horizonte, Lourdes",Lourdes,Belo Horizonte,MG
"Centro_Belo Horizonte, Centro",1369886837.0,Centro,"Belo Horizonte, Centro",Centro,Belo Horizonte,MG
"Lourdes_Belo Horizonte, Lourdes",1369885598.0,Lourdes,"Belo Horizonte, Lourdes",Lourdes,Belo Horizonte,MG
"Lourdes_Belo Horizonte, Lourdes",1369885595.0,Lourdes,"Belo Horizonte, Lourdes",Lourdes,Belo Horizonte,MG
"Lourdes_Belo Horizonte, Lourdes",1372240550.0,Lourdes,"Belo Horizonte, Lourdes",Lourdes,Belo Horizonte,MG
"Lourdes_Belo Horizonte, Lourdes",1369881970.0,Lourdes,"Belo Horizonte, Lourdes",Lourdes,Belo Horizonte,MG
"Lourdes_Belo Horizonte, Lourdes",1369880863.0,Lourdes,"Belo Horizonte, Lourdes",Lourdes,Belo Horizonte,MG
"Lourdes_Belo Horizonte, Lourdes",1369876450.0,Lourdes,"Belo Horizonte, Lourdes",Lourdes,Belo Horizonte,MG
"Lourdes_Belo Horizonte, Lourdes",1369874806.0,Lourdes,"Belo Horizonte, Lourdes",Lourdes,Belo Horizonte,MG
"Lourdes_Belo Horizonte, Lourdes",1369873543.0,Lourdes,"Belo Horizonte, Lourdes",Lourdes,Belo Horizonte,MG
"Lourdes_Belo Horizonte, Lourdes",1369860135.0,Lourdes,"Belo Horizonte, Lourdes",Lourdes,Belo Horizonte,MG
"Lourdes_Belo Horizonte, Lourdes",1369852113.0,Lourdes,"Belo Horizonte, Lourdes",Lourdes,Belo Horizonte,MG
"Lourdes_Belo Horizonte, Lourdes",1369845433.0,Lourdes,"Belo Horizonte, Lourdes",Lourdes,Belo Horizonte,MG
"Lourdes_Belo Horizonte, Lourdes",1369843976.0,Lourdes,"Belo Horizonte, Lourdes",Lourdes,Belo Horizonte,MG
"Lourdes_Belo Horizonte, Lourdes",1369843698.0,Lourdes,"Belo Horizonte, Lourdes",Lourdes,Belo Horizonte,MG
"Lourdes_Belo Horizonte, Lourdes",1369843680.0,Lourdes,"Belo Horizonte, Lourdes",Lourdes,Belo Horizonte,MG
"Lourdes_Belo Horizonte, Lourdes",1369843638.0,Lourdes,"Belo Horizonte, Lourdes",Lourdes,Belo Horizonte,MG
"Lourdes_Belo Horizonte, Lourdes",1369843636.0,Lourdes,"Belo Horizonte, Lourdes",Lourdes,Belo Horizonte,MG
"Centro_Belo Horizonte, Centro",1369763434.0,Centro,"Belo Horizonte, Centro",Centro,Belo Horizonte,MG
"Lourdes_Belo Horizonte, Lourdes",1369763315.0,Lourdes,"Belo Horizonte, Lourdes",Lourdes,Belo Horizonte,MG
"Lourdes_Belo Horizonte, Lourdes",1369743985.0,Lourdes,"Belo Horizonte, Lourdes",Lourdes,Belo Horizonte,MG
"Lourdes_Belo Horizonte, Lourdes",1369733407.0,Lourdes,"Belo Horizonte, Lourdes",Lourdes,Belo Horizonte,MG
"Lourdes_Belo Horizonte, Lourdes",1369716040.0,Lourdes,"Belo Horizonte, Lourdes",Lourdes,Belo Horizonte,MG
"Lourdes_Belo Horizonte, Lourdes",1369716030.0,Lourdes,"Belo Horizonte, Lourdes",Lourdes,Belo Horizonte,MG
"Lourdes_Belo Horizonte, Lourdes",1369715983.0,Lourdes,"Belo Horizonte, Lourdes",Lourdes,Belo Horizonte,MG
"Lourdes_Belo Horizonte, Lourdes",1369715978.0,Lourdes,"Belo Horizonte, Lourdes",Lourdes,Belo Horizonte,MG
"Lourdes_Belo Horizonte, Lourdes",1369715953.0,Lourdes,"Belo Horizonte, Lourdes",Lourdes,Belo Horizonte,MG
"Lourdes_Belo Horizonte, Lourdes",1369715943.0,Lourdes,"Belo Horizonte, Lourdes",Lourdes,Belo Horizonte,MG
"Lourdes_Belo Horizonte, Lourdes",1369715893.0,Lourdes,"Belo Horizonte, Lourdes",Lourdes,Belo Horizonte,MG
"Lourdes_Belo Horizonte, Lourdes",1369715896.0,Lourdes,"Belo Horizonte, Lourdes",Lourdes,Belo Horizonte,MG
"Lourdes_Belo Horizonte, Lourdes",1369715820.0,Lourdes,"Belo Horizonte, Lourdes",Lourdes,Belo Horizonte,MG
"Lourdes_Belo Horizonte, Lourdes",1369715345.0,Lourdes,"Belo Horizonte, Lourdes",Lourdes,Belo Horizonte,MG
"Lourdes_Belo Horizonte, Lourdes",1369612768.0,Lourdes,"Belo Horizonte, Lourdes",Lourdes,Belo Horizonte,MG
"Lourdes_Belo Horizonte, Lourdes",1369571471.0,Lourdes,"Belo Horizonte, Lourdes",Lourdes,Belo Horizonte,MG
"Lourdes_Belo Horizonte, Lourdes",1369567258.0,Lourdes,"Belo Horizonte, Lourdes",Lourdes,Belo Horizonte,MG
"Lourdes_Belo Horizonte, Lourdes",1328165588.0,Lourdes,"Belo Horizonte, Lourdes",Lourdes,Belo Horizonte,MG
"Lourdes_Belo Horizonte, Lourdes",1369427749.0,Lourdes,"Belo Horizonte, Lourdes",Lourdes,Belo Horizonte,MG
"Lourdes_Belo Horizonte, Lourdes",1369427483.0,Lourdes,"Belo Horizonte, Lourdes",Lourdes,Belo Horizonte,MG
"Lourdes_Belo Horizonte, Lourdes",1369370953.0,Lourdes,"Belo Horizonte, Lourdes",Lourdes,Belo Horizonte,MG
"Lourdes_Belo Horizonte, Lourdes",1369236964.0,Lourdes,"Belo Horizonte, Lourdes",Lourdes,Belo Horizonte,MG
"Lourdes_Belo Horizonte, Lourdes",1369232268.0,Lourdes,"Belo Horizonte, Lourdes",Lourdes,Belo Horizonte,MG
"Lourdes_Belo Horizonte, Lourdes",1369220235.0,Lourdes,"Belo Horizonte, Lourdes",Lourdes,Belo Horizonte,MG
"Santo Agostinho_Belo Horizonte, Santo Agostinho",1369219189.0,Santo Agostinho,"Belo Horizonte, Santo Agostinho",Santo Agostinho,Belo Horizonte,MG
"Lourdes_Belo Horizonte, Lourdes",1369210831.0,Lourdes,"Belo Horizonte, Lourdes",Lourdes,Belo Horizonte,MG
"Centro_Belo Horizonte, Centro",1369183951.0,Centro,"Belo Horizonte, Centro",Centro,Belo Horizonte,MG
"Lourdes_Belo Horizonte, Lourdes",1369165923.0,Lourdes,"Belo Horizonte, Lourdes",Lourdes,Belo Horizonte,MG
"Lourdes_Belo Horizonte, Lourdes",1369165209.0,Lourdes,"Belo Horizonte, Lourdes",Lourdes,Belo Horizonte,MG
"Lourdes_Belo Horizonte, Lourdes",1369162678.0,Lourdes,"Belo Horizonte, Lourdes",Lourdes,Belo Horizonte,MG
"Lourdes_Belo Horizonte, Lourdes",1369152519.0,Lourdes,"Belo Horizonte, Lourdes",Lourdes,Belo Horizonte,MG
"Lourdes_Belo Horizonte, Lourdes",1369150622.0,Lourdes,"Belo Horizonte, Lourdes",Lourdes,Belo Horizonte,MG
"Lourdes_Belo Horizonte, Lourdes",1369150387.0,Lourdes,"Belo Horizonte, Lourdes",Lourdes,Belo Horizonte,MG
"Lourdes_Belo Horizonte, Lourdes",1369150346.0,Lourdes,"Belo Horizonte, Lourdes",Lourdes,Belo Horizonte,MG
"Lourdes_Belo Horizonte, Lourdes",1369142171.0,Lourdes,"Belo Horizonte, Lourdes",Lourdes,Belo Horizonte,MG
"Lourdes_Belo Horizonte, Lourdes",1369142170.0,Lourdes,"Belo Horizonte, Lourdes",Lourdes,Belo Horizonte,MG
"Lourdes_Belo Horizonte, Lourdes",1369141224.0,Lourdes,"Belo Horizonte, Lourdes",Lourdes,Belo Horizonte,MG
"Centro_Belo Horizonte, Centro",1369131337.0,Centro,"Belo Horizonte, Centro",Centro,Belo Horizonte,MG
"Lourdes_Belo Horizonte, Lourdes",1369131265.0,Lourdes,"Belo Horizonte, Lourdes",Lourdes,Belo Horizonte,MG
"Centro_Belo Horizonte, Centro",1369131226.0,Centro,"Belo Horizonte, Centro",Centro,Belo Horizonte,MG
"Lourdes_Belo Horizonte, Lourdes",1369131207.0,Lourdes,"Belo Horizonte, Lourdes",Lourdes,Belo Horizonte,MG
"Centro_Belo Horizonte, Centro",1369131181.0,Centro,"Belo Horizonte, Centro",Centro,Belo Horizonte,MG
"Lourdes_Belo Horizonte, Lourdes",1369083288.0,Lourdes,"Belo Horizonte, Lourdes",Lourdes,Belo Horizonte,MG
"Lourdes_Belo Horizonte, Lourdes",1369077596.0,Lourdes,"Belo Horizonte, Lourdes",Lourdes,Belo Horizonte,MG
"Centro_Belo Horizonte, Centro",1369066658.0,Centro,"Belo Horizonte, Centro",Centro,Belo Horizonte,MG
"Lourdes_Belo Horizonte, Lourdes",1256553206.0,Lourdes,"Belo Horizonte, Lourdes",Lourdes,Belo Horizonte,MG
"Lourdes_Belo Horizonte, Lourdes",1368965223.0,Lourdes,"Belo Horizonte, Lourdes",Lourdes,Belo Horizonte,MG
"Lourdes_Belo Horizonte, Lourdes",1368961465.0,Lourdes,"Belo Horizonte, Lourdes",Lourdes,Belo Horizonte,MG
"Lourdes_Belo Horizonte, Lourdes",1368961410.0,Lourdes,"Belo Horizonte, Lourdes",Lourdes,Belo Horizonte,MG
"Lourdes_Belo Horizonte, Lourdes",1368961208.0,Lourdes,"Belo Horizonte, Lourdes",Lourdes,Belo Horizonte,MG
"Lourdes_Belo Horizonte, Lourdes",1368961227.0,Lourdes,"Belo Horizonte, Lourdes",Lourdes,Belo Horizonte,MG
"Centro_Belo Horizonte, Centro",1368961230.0,Centro,"Belo Horizonte, Centro",Centro,Belo Horizonte,MG
"Lourdes_Belo Horizonte, Lourdes",1368961195.0,Lourdes,"Belo Horizonte, Lourdes",Lourdes,Belo Horizonte,MG
"Lourdes_Belo Horizonte, Lourdes",1368942748.0,Lourdes,"Belo Horizonte, Lourdes",Lourdes,Belo Horizonte,MG
"Lourdes_Belo Horizonte, Lourdes",1368905431.0,Lourdes,"Belo Horizonte, Lourdes",Lourdes,Belo Horizonte,MG
"Lourdes_Belo Horizonte, Lourdes",1368895973.0,Lourdes,"Belo Horizonte, Lourdes",Lourdes,Belo Horizonte,MG
"Lourdes_Belo Horizonte, Lourdes",1368891785.0,Lourdes,"Belo Horizonte, Lourdes",Lourdes,Belo Horizonte,MG
"Lourdes_Belo Horizonte, Lourdes",1368887814.0,Lourdes,"Belo Horizonte, Lourdes",Lourdes,Belo Horizonte,MG
"Lourdes_Belo Horizonte, Lourdes",1368883662.0,Lourdes,"Belo Horizonte, Lourdes",Lourdes,Belo Horizonte,MG
"Lourdes_Belo Horizonte, Lourdes",1368882007.0,Lourdes,"Belo Horizonte, Lourdes",Lourdes,Belo Horizonte,MG
"Lourdes_Belo Horizonte, Lourdes",1368881735.0,Lourdes,"Belo Horizonte, Lourdes",Lourdes,Belo Horizonte,MG
"Lourdes_Belo Horizonte, Lourdes",1368881716.0,Lourdes,"Belo Horizonte, Lourdes",Lourdes,Belo Horizonte,MG
"Lourdes_Belo Horizonte, Lourdes",1368879047.0,Lourdes,"Belo Horizonte, Lourdes",Lourdes,Belo Horizonte,MG
"Lourdes_Belo Horizonte, Lourdes",1368863823.0,Lourdes,"Belo Horizonte, Lourdes",Lourdes,Belo Horizonte,MG
"Lourdes_Belo Horizonte, Lourdes",1368860396.0,Lourdes,"Belo Horizonte, Lourdes",Lourdes,Belo Horizonte,MG
"Lourdes_Belo Horizonte, Lourdes",1368857582.0,Lourdes,"Belo Horizonte, Lourdes",Lourdes,Belo Horizonte,MG
"Lourdes_Belo Horizonte, Lourdes",1368857367.0,Lourdes,"Belo Horizonte, Lourdes",Lourdes,Belo Horizonte,MG
"Lourdes_Belo Horizonte, Lourdes",1368857254.0,Lourdes,"Belo Horizonte, Lourdes",Lourdes,Belo Horizonte,MG
"Lourdes_Belo Horizonte, Lourdes",1368857235.0,Lourdes,"Belo Horizonte, Lourdes",Lourdes,Belo Horizonte,MG
"Lourdes_Belo Horizonte, Lourdes",1368857159.0,Lourdes,"Belo Horizonte, Lourdes",Lourdes,Belo Horizonte,MG
"Lourdes_Belo Horizonte, Lourdes",1368857136.0,Lourdes,"Belo Horizonte, Lourdes",Lourdes,Belo Horizonte,MG
"Lourdes_Belo Horizonte, Lourdes",1368855793.0,Lourdes,"Belo Horizonte, Lourdes",Lourdes,Belo Horizonte,MG
"Lourdes_Belo Horizonte, Lourdes",1368855762.0,Lourdes,"Belo Horizonte, Lourdes",Lourdes,Belo Horizonte,MG
"Lourdes_Belo Horizonte, Lourdes",1368850204.0,Lourdes,"Belo Horizonte, Lourdes",Lourdes,Belo Horizonte,MG
"Lourdes_Belo Horizonte, Lourdes",1368844951.0,Lourdes,"Belo Horizonte, Lourdes",Lourdes,Belo Horizonte,MG
"Centro_Belo Horizonte, Centro",1368844659.0,Centro,"Belo Horizonte, Centro",Centro,Belo Horizonte,MG
"Lourdes_Belo Horizonte, Lourdes",1368840140.0,Lourdes,"Belo Horizonte, Lourdes",Lourdes,Belo Horizonte,MG
"Centro_Belo Horizonte, Centro",1368808791.0,Centro,"Belo Horizonte, Centro",Centro,Belo Horizonte,MG
"Lourdes_Belo Horizonte, Lourdes",1368742567.0,Lourdes,"Belo Horizonte, Lourdes",Lourdes,Belo Horizonte,MG
"Lourdes_Belo Horizonte, Lourdes",1368660623.0,Lourdes,"Belo Horizonte, Lourdes",Lourdes,Belo Horizonte,MG
"Centro_Belo Horizonte, Centro",1368602668.0,Centro,"Belo Horizonte, Centro",Centro,Belo Horizonte,MG
"Lourdes_Belo Horizonte, Lourdes",1368572369.0,Lourdes,"Belo Horizonte, Lourdes",Lourdes,Belo Horizonte,MG
"Lourdes_Belo Horizonte, Lourdes",1368571946.0,Lourdes,"Belo Horizonte, Lourdes",Lourdes,Belo Horizonte,MG
"Lourdes_Belo Horizonte, Lourdes",1368563233.0,Lourdes,"Belo Horizonte, Lourdes",Lourdes,Belo Horizonte,MG
"Centro_Belo Horizonte, Centro",1368541652.0,Centro,"Belo Horizonte, Centro",Centro,Belo Horizonte,MG
"Lourdes_Belo Horizonte, Lourdes",1368541638.0,Lourdes,"Belo Horizonte, Lourdes",Lourdes,Belo Horizonte,MG
"Lourdes_Belo Horizonte, Lourdes",1368541579.0,Lourdes,"Belo Horizonte, Lourdes",Lourdes,Belo Horizonte,MG
"Lourdes_Belo Horizonte, Lourdes",1368539227.0,Lourdes,"Belo Horizonte, Lourdes",Lourdes,Belo Horizonte,MG
"Centro_Belo Horizonte, Centro",1368473108.0,Centro,"Belo Horizonte, Centro",Centro,Belo Horizonte,MG
"Lourdes_Belo Horizonte, Lourdes",1368445694.0,Lourdes,"Belo Horizonte, Lourdes",Lourdes,Belo Horizonte,MG
"Lourdes_Belo Horizonte, Lourdes",1361616380.0,Lourdes,"Belo Horizonte, Lourdes",Lourdes,Belo Horizonte,MG
"Lourdes_Belo Horizonte, Lourdes",1368425461.0,Lourdes,"Belo Horizonte, Lourdes",Lourdes,Belo Horizonte,MG
"Lourdes_Belo Horizonte, Lourdes",1368420916.0,Lourdes,"Belo Horizonte, Lourdes",Lourdes,Belo Horizonte,MG
"Lourdes_Belo Horizonte, Lourdes",1368410325.0,Lourdes,"Belo Horizonte, Lourdes",Lourdes,Belo Horizonte,MG
"Lourdes_Belo Horizonte, Lourdes",1368405115.0,Lourdes,"Belo Horizonte, Lourdes",Lourdes,Belo Horizonte,MG
"Lourdes_Belo Horizonte, Lourdes",1368368684.0,Lourdes,"Belo Horizonte, Lourdes",Lourdes,Belo Horizonte,MG
"Lourdes_Belo Horizonte, Lourdes",1368335080.0,Lourdes,"Belo Horizonte, Lourdes",Lourdes,Belo Horizonte,MG
"Lourdes_Belo Horizonte, Lourdes",1368312458.0,Lourdes,"Belo Horizonte, Lourdes",Lourdes,Belo Horizonte,MG
"Lourdes_Belo Horizonte, Lourdes",1368312451.0,Lourdes,"Belo Horizonte, Lourdes",Lourdes,Belo Horizonte,MG
"Lourdes_Belo Horizonte, Lourdes",1368312445.0,Lourdes,"Belo Horizonte, Lourdes",Lourdes,Belo Horizonte,MG
"Lourdes_Belo Horizonte, Lourdes",1368240440.0,Lourdes,"Belo Horizonte, Lourdes",Lourdes,Belo Horizonte,MG
"Lourdes_Belo Horizonte, Lourdes",1368237220.0,Lourdes,"Belo Horizonte, Lourdes",Lourdes,Belo Horizonte,MG
"Lourdes_Belo Horizonte, Lourdes",1368232432.0,Lourdes,"Belo Horizonte, Lourdes",Lourdes,Belo Horizonte,MG
"Lourdes_Belo Horizonte, Lourdes",1368232420.0,Lourdes,"Belo Horizonte, Lourdes",Lourdes,Belo Horizonte,MG
"Lourdes_Belo Horizonte, Lourdes",1368230058.0,Lourdes,"Belo Horizonte, Lourdes",Lourdes,Belo Horizonte,MG
"Lourdes_Belo Horizonte, Lourdes",1368223453.0,Lourdes,"Belo Horizonte, Lourdes",Lourdes,Belo Horizonte,MG
"Lourdes_Belo Horizonte, Lourdes",1368221322.0,Lourdes,"Belo Horizonte, Lourdes",Lourdes,Belo Horizonte,MG
"Lourdes_Belo Horizonte, Lourdes",1368221215.0,Lourdes,"Belo Horizonte, Lourdes",Lourdes,Belo Horizonte,MG
"Lourdes_Belo Horizonte, Lourdes",1370364639.0,Lourdes,"Belo Horizonte, Lourdes",Lourdes,Belo Horizonte,MG
"Centro_Belo Horizonte, Centro",1368000142.0,Centro,"Belo Horizonte, Centro",Centro,Belo Horizonte,MG
"Lourdes_Belo Horizonte, Lourdes",1367956487.0,Lourdes,"Belo Horizonte, Lourdes",Lourdes,Belo Horizonte,MG
"Lourdes_Belo Horizonte, Lourdes",1367927038.0,Lourdes,"Belo Horizonte, Lourdes",Lourdes,Belo Horizonte,MG
"Lourdes_Belo Horizonte, Lourdes",1367927037.0,Lourdes,"Belo Horizonte, Lourdes",Lourdes,Belo Horizonte,MG
"Lourdes_Belo Horizonte, Lourdes",1367927036.0,Lourdes,"Belo Horizonte, Lourdes",Lourdes,Belo Horizonte,MG
"Lourdes_Belo Horizonte, Lourdes",1367927030.0,Lourdes,"Belo Horizonte, Lourdes",Lourdes,Belo Horizonte,MG
"Lourdes_Belo Horizonte, Lourdes",1367927027.0,Lourdes,"Belo Horizonte, Lourdes",Lourdes,Belo Horizonte,MG
"Lourdes_Belo Horizonte, Lourdes",1367927028.0,Lourdes,"Belo Horizonte, Lourdes",Lourdes,Belo Horizonte,MG
"Lourdes_Belo Horizonte, Lourdes",1367927024.0,Lourdes,"Belo Horizonte, Lourdes",Lourdes,Belo Horizonte,MG
"Lourdes_Belo Horizonte, Lourdes",1367927026.0,Lourdes,"Belo Horizonte, Lourdes",Lourdes,Belo Horizonte,MG
"Lourdes_Belo Horizonte, Lourdes",1367927022.0,Lourdes,"Belo Horizonte, Lourdes",Lourdes,Belo Horizonte,MG
"Lourdes_Belo Horizonte, Lourdes",1367927021.0,Lourdes,"Belo Horizonte, Lourdes",Lourdes,Belo Horizonte,MG
"Lourdes_Belo Horizonte, Lourdes",1367927017.0,Lourdes,"Belo Horizonte, Lourdes",Lourdes,Belo Horizonte,MG
"Lourdes_Belo Horizonte, Lourdes",1367927020.0,Lourdes,"Belo Horizonte, Lourdes",Lourdes,Belo Horizonte,MG
"Lourdes_Belo Horizonte, Lourdes",1367927015.0,Lourdes,"Belo Horizonte, Lourdes",Lourdes,Belo Horizonte,MG
"Lourdes_Belo Horizonte, Lourdes",1367919532.0,Lourdes,"Belo Horizonte, Lourdes",Lourdes,Belo Horizonte,MG
"Lourdes_Belo Horizonte, Lourdes",1367913862.0,Lourdes,"Belo Horizonte, Lourdes",Lourdes,Belo Horizonte,MG
"Lourdes_Belo Horizonte, Lourdes",1367903754.0,Lourdes,"Belo Horizonte, Lourdes",Lourdes,Belo Horizonte,MG
"Centro_Belo Horizonte, Centro",1367878969.0,Centro,"Belo Horizonte, Centro",Centro,Belo Horizonte,MG
"Centro_Belo Horizonte, Centro",1367877329.0,Centro,"Belo Horizonte, Centro",Centro,Belo Horizonte,MG
"Centro_Belo Horizonte, Centro",1367877023.0,Centro,"Belo Horizonte, Centro",Centro,Belo Horizonte,MG
"Lourdes_Belo Horizonte, Lourdes",1367837447.0,Lourdes,"Belo Horizonte, Lourdes",Lourdes,Belo Horizonte,MG
"Lourdes_Belo Horizonte, Lourdes",1367834441.0,Lourdes,"Belo Horizonte, Lourdes",Lourdes,Belo Horizonte,MG
"Lourdes_Belo Horizonte, Lourdes",1367822938.0,Lourdes,"Belo Horizonte, Lourdes",Lourdes,Belo Horizonte,MG
"Lourdes_Belo Horizonte, Lourdes",1367822505.0,Lourdes,"Belo Horizonte, Lourdes",Lourdes,Belo Horizonte,MG
"Lourdes_Belo Horizonte, Lourdes",1367821493.0,Lourdes,"Belo Horizonte, Lourdes",Lourdes,Belo Horizonte,MG
"Lourdes_Belo Horizonte, Lourdes",1367820694.0,Lourdes,"Belo Horizonte, Lourdes",Lourdes,Belo Horizonte,MG
"Lourdes_Belo Horizonte, Lourdes",1367820227.0,Lourdes,"Belo Horizonte, Lourdes",Lourdes,Belo Horizonte,MG
"Lourdes_Belo Horizonte, Lourdes",1367819821.0,Lourdes,"Belo Horizonte, Lourdes",Lourdes,Belo Horizonte,MG
"Lourdes_Belo Horizonte, Lourdes",1367819484.0,Lourdes,"Belo Horizonte, Lourdes",Lourdes,Belo Horizonte,MG
"Lourdes_Belo Horizonte, Lourdes",1367819276.0,Lourdes,"Belo Horizonte, Lourdes",Lourdes,Belo Horizonte,MG
"Lourdes_Belo Horizonte, Lourdes",1367819221.0,Lourdes,"Belo Horizonte, Lourdes",Lourdes,Belo Horizonte,MG
"Lourdes_Belo Horizonte, Lourdes",1367818939.0,Lourdes,"Belo Horizonte, Lourdes",Lourdes,Belo Horizonte,MG
"Centro_Belo Horizonte, Centro",1367818701.0,Centro,"Belo Horizonte, Centro",Centro,Belo Horizonte,MG
"Lourdes_Belo Horizonte, Lourdes",1367818594.0,Lourdes,"Belo Horizonte, Lourdes",Lourdes,Belo Horizonte,MG
"Lourdes_Belo Horizonte, Lourdes",1367744855.0,Lourdes,"Belo Horizonte, Lourdes",Lourdes,Belo Horizonte,MG
"Lourdes_Belo Horizonte, Lourdes",1367688815.0,Lourdes,"Belo Horizonte, Lourdes",Lourdes,Belo Horizonte,MG
"Lourdes_Belo Horizonte, Lourdes",1367660552.0,Lourdes,"Belo Horizonte, Lourdes",Lourdes,Belo Horizonte,MG
"Lourdes_Belo Horizonte, Lourdes",1367525246.0,Lourdes,"Belo Horizonte, Lourdes",Lourdes,Belo Horizonte,MG
"Lourdes_Belo Horizonte, Lourdes",1367405414.0,Lourdes,"Belo Horizonte, Lourdes",Lourdes,Belo Horizonte,MG
"Lourdes_Belo Horizonte, Lourdes",1367280812.0,Lourdes,"Belo Horizonte, Lourdes",Lourdes,Belo Horizonte,MG
"Lourdes_Belo Horizonte, Lourdes",1367279954.0,Lourdes,"Belo Horizonte, Lourdes",Lourdes,Belo Horizonte,MG
"Centro_Belo Horizonte, Centro",1367196483.0,Centro,"Belo Horizonte, Centro",Centro,Belo Horizonte,MG
"Lourdes_Belo Horizonte, Lourdes",1367110227.0,Lourdes,"Belo Horizonte, Lourdes",Lourdes,Belo Horizonte,MG
"Centro_Belo Horizonte, Centro",1367038769.0,Centro,"Belo Horizonte, Centro",Centro,Belo Horizonte,MG
"Lourdes_Belo Horizonte, Lourdes",1366977020.0,Lourdes,"Belo Horizonte, Lourdes",Lourdes,Belo Horizonte,MG
"Lourdes_Belo Horizonte, Lourdes",1366971815.0,Lourdes,"Belo Horizonte, Lourdes",Lourdes,Belo Horizonte,MG
"Lourdes_Belo Horizonte, Lourdes",1366968254.0,Lourdes,"Belo Horizonte, Lourdes",Lourdes,Belo Horizonte,MG
"Lourdes_Belo Horizonte, Lourdes",1366968094.0,Lourdes,"Belo Horizonte, Lourdes",Lourdes,Belo Horizonte,MG
"Lourdes_Belo Horizonte, Lourdes",1366944507.0,Lourdes,"Belo Horizonte, Lourdes",Lourdes,Belo Horizonte,MG
"Lourdes_Belo Horizonte, Lourdes",1366944073.0,Lourdes,"Belo Horizonte, Lourdes",Lourdes,Belo Horizonte,MG
"Lourdes_Belo Horizonte, Lourdes",1057493636.0,Lourdes,"Belo Horizonte, Lourdes",Lourdes,Belo Horizonte,MG
"Lourdes_Belo Horizonte, Lourdes",1366701895.0,Lourdes,"Belo Horizonte, Lourdes",Lourdes,Belo Horizonte,MG
"Lourdes_Belo Horizonte, Lourdes",1366592806.0,Lourdes,"Belo Horizonte, Lourdes",Lourdes,Belo Horizonte,MG
"Lourdes_Belo Horizonte, Lourdes",1366416127.0,Lourdes,"Belo Horizonte, Lourdes",Lourdes,Belo Horizonte,MG
"Lourdes_Belo Horizonte, Lourdes",1366394090.0,Lourdes,"Belo Horizonte, Lourdes",Lourdes,Belo Horizonte,MG
"Centro_Belo Horizonte, Centro",1366379756.0,Centro,"Belo Horizonte, Centro",Centro,Belo Horizonte,MG
"Lourdes_Belo Horizonte, Lourdes",1366326353.0,Lourdes,"Belo Horizonte, Lourdes",Lourdes,Belo Horizonte,MG
"Lourdes_Belo Horizonte, Lourdes",1283319957.0,Lourdes,"Belo Horizonte, Lourdes",Lourdes,Belo Horizonte,MG
"Lourdes_Belo Horizonte, Lourdes",1366279191.0,Lourdes,"Belo Horizonte, Lourdes",Lourdes,Belo Horizonte,MG
"Lourdes_Belo Horizonte, Lourdes",1366232149.0,Lourdes,"Belo Horizonte, Lourdes",Lourdes,Belo Horizonte,MG
"Centro_Belo Horizonte, Centro",1366232150.0,Centro,"Belo Horizonte, Centro",Centro,Belo Horizonte,MG
"Lourdes_Belo Horizonte, Lourdes",1366231654.0,Lourdes,"Belo Horizonte, Lourdes",Lourdes,Belo Horizonte,MG
"Lourdes_Belo Horizonte, Lourdes",1366231532.0,Lourdes,"Belo Horizonte, Lourdes",Lourdes,Belo Horizonte,MG
"Lourdes_Belo Horizonte, Lourdes",1366145856.0,Lourdes,"Belo Horizonte, Lourdes",Lourdes,Belo Horizonte,MG
"Lourdes_Belo Horizonte, Lourdes",1366043730.0,Lourdes,"Belo Horizonte, Lourdes",Lourdes,Belo Horizonte,MG
"Lourdes_Belo Horizonte, Lourdes",1362210570.0,Lourdes,"Belo Horizonte, Lourdes",Lourdes,Belo Horizonte,MG
"Centro_Belo Horizonte, Centro",1365880722.0,Centro,"Belo Horizonte, Centro",Centro,Belo Horizonte,MG
"Lourdes_Belo Horizonte, Lourdes",1365835780.0,Lourdes,"Belo Horizonte, Lourdes",Lourdes,Belo Horizonte,MG
"Lourdes_Belo Horizonte, Lourdes",1365799593.0,Lourdes,"Belo Horizonte, Lourdes",Lourdes,Belo Horizonte,MG
"Lourdes_Belo Horizonte, Lourdes",1365761874.0,Lourdes,"Belo Horizonte, Lourdes",Lourdes,Belo Horizonte,MG
"Lourdes_Belo Horizonte, Lourdes",1365727906.0,Lourdes,"Belo Horizonte, Lourdes",Lourdes,Belo Horizonte,MG
"Lourdes_Belo Horizonte, Lourdes",1365659711.0,Lourdes,"Belo Horizonte, Lourdes",Lourdes,Belo Horizonte,MG
"Lourdes_Belo Horizonte, Lourdes",1365581025.0,Lourdes,"Belo Horizonte, Lourdes",Lourdes,Belo Horizonte,MG
"Centro_Belo Horizonte, Centro",1365559923.0,Centro,"Belo Horizonte, Centro",Centro,Belo Horizonte,MG
"Centro_Belo Horizonte, Centro",1365559710.0,Centro,"Belo Horizonte, Centro",Centro,Belo Horizonte,MG
"Centro_Belo Horizonte, Centro",1365559705.0,Centro,"Belo Horizonte, Centro",Centro,Belo Horizonte,MG
"Lourdes_Belo Horizonte, Lourdes",1365536354.0,Lourdes,"Belo Horizonte, Lourdes",Lourdes,Belo Horizonte,MG
"Lourdes_Belo Horizonte, Lourdes",1365535832.0,Lourdes,"Belo Horizonte, Lourdes",Lourdes,Belo Horizonte,MG
"Lourdes_Belo Horizonte, Lourdes",1365535765.0,Lourdes,"Belo Horizonte, Lourdes",Lourdes,Belo Horizonte,MG
"Lourdes_Belo Horizonte, Lourdes",1365535225.0,Lourdes,"Belo Horizonte, Lourdes",Lourdes,Belo Horizonte,MG
"Lourdes_Belo Horizonte, Lourdes",1365535134.0,Lourdes,"Belo Horizonte, Lourdes",Lourdes,Belo Horizonte,MG
"Lourdes_Belo Horizonte, Lourdes",1365534896.0,Lourdes,"Belo Horizonte, Lourdes",Lourdes,Belo Horizonte,MG
"Lourdes_Belo Horizonte, Lourdes",1365534605.0,Lourdes,"Belo Horizonte, Lourdes",Lourdes,Belo Horizonte,MG
"Lourdes_Belo Horizonte, Lourdes",1365442059.0,Lourdes,"Belo Horizonte, Lourdes",Lourdes,Belo Horizonte,MG
"Lourdes_Belo Horizonte, Lourdes",1365437415.0,Lourdes,"Belo Horizonte, Lourdes",Lourdes,Belo Horizonte,MG
"Lourdes_Belo Horizonte, Lourdes",1365436705.0,Lourdes,"Belo Horizonte, Lourdes",Lourdes,Belo Horizonte,MG
"Lourdes_Belo Horizonte, Lourdes",1365436689.0,Lourdes,"Belo Horizonte, Lourdes",Lourdes,Belo Horizonte,MG
"Centro_Belo Horizonte, Centro",1365436643.0,Centro,"Belo Horizonte, Centro",Centro,Belo Horizonte,MG
"Lourdes_Belo Horizonte, Lourdes",1365436483.0,Lourdes,"Belo Horizonte, Lourdes",Lourdes,Belo Horizonte,MG
"Lourdes_Belo Horizonte, Lourdes",1365436412.0,Lourdes,"Belo Horizonte, Lourdes",Lourdes,Belo Horizonte,MG
"Lourdes_Belo Horizonte, Lourdes",1365436432.0,Lourdes,"Belo Horizonte, Lourdes",Lourdes,Belo Horizonte,MG
"Lourdes_Belo Horizonte, Lourdes",1365436399.0,Lourdes,"Belo Horizonte, Lourdes",Lourdes,Belo Horizonte,MG
"Lourdes_Belo Horizonte, Lourdes",1365436355.0,Lourdes,"Belo Horizonte, Lourdes",Lourdes,Belo Horizonte,MG
"Lourdes_Belo Horizonte, Lourdes",1365436330.0,Lourdes,"Belo Horizonte, Lourdes",Lourdes,Belo Horizonte,MG
"Lourdes_Belo Horizonte, Lourdes",1365436349.0,Lourdes,"Belo Horizonte, Lourdes",Lourdes,Belo Horizonte,MG
"Lourdes_Belo Horizonte, Lourdes",1365436133.0,Lourdes,"Belo Horizonte, Lourdes",Lourdes,Belo Horizonte,MG
"Lourdes_Belo Horizonte, Lourdes",1365436139.0,Lourdes,"Belo Horizonte, Lourdes",Lourdes,Belo Horizonte,MG
"Lourdes_Belo Horizonte, Lourdes",1365436062.0,Lourdes,"Belo Horizonte, Lourdes",Lourdes,Belo Horizonte,MG
"Lourdes_Belo Horizonte, Lourdes",1365435949.0,Lourdes,"Belo Horizonte, Lourdes",Lourdes,Belo Horizonte,MG
"Lourdes_Belo Horizonte, Lourdes",1365435885.0,Lourdes,"Belo Horizonte, Lourdes",Lourdes,Belo Horizonte,MG
"Lourdes_Belo Horizonte, Lourdes",1365435611.0,Lourdes,"Belo Horizonte, Lourdes",Lourdes,Belo Horizonte,MG
"Lourdes_Belo Horizonte, Lourdes",1365435492.0,Lourdes,"Belo Horizonte, Lourdes",Lourdes,Belo Horizonte,MG
"Lourdes_Belo Horizonte, Lourdes",1365435454.0,Lourdes,"Belo Horizonte, Lourdes",Lourdes,Belo Horizonte,MG
"Lourdes_Belo Horizonte, Lourdes",1365435377.0,Lourdes,"Belo Horizonte, Lourdes",Lourdes,Belo Horizonte,MG
"Lourdes_Belo Horizonte, Lourdes",1365435320.0,Lourdes,"Belo Horizonte, Lourdes",Lourdes,Belo Horizonte,MG
"Lourdes_Belo Horizonte, Lourdes",1243406707.0,Lourdes,"Belo Horizonte, Lourdes",Lourdes,Belo Horizonte,MG
"Centro_Belo Horizonte, Centro",1365374074.0,Centro,"Belo Horizonte, Centro",Centro,Belo Horizonte,MG
"Centro_Belo Horizonte, Centro",1365373967.0,Centro,"Belo Horizonte, Centro",Centro,Belo Horizonte,MG
"Centro_Belo Horizonte, Centro",1365370614.0,Centro,"Belo Horizonte, Centro",Centro,Belo Horizonte,MG
"Lourdes_Belo Horizonte, Lourdes",1365365798.0,Lourdes,"Belo Horizonte, Lourdes",Lourdes,Belo Horizonte,MG
"Centro_Belo Horizonte, Centro",1365365795.0,Centro,"Belo Horizonte, Centro",Centro,Belo Horizonte,MG
"Centro_Belo Horizonte, Centro",1365365780.0,Centro,"Belo Horizonte, Centro",Centro,Belo Horizonte,MG
"Centro_Belo Horizonte, Centro",1365365753.0,Centro,"Belo Horizonte, Centro",Centro,Belo Horizonte,MG
"Centro_Belo Horizonte, Centro",1365365746.0,Centro,"Belo Horizonte, Centro",Centro,Belo Horizonte,MG
"Centro_Belo Horizonte, Centro",1365365747.0,Centro,"Belo Horizonte, Centro",Centro,Belo Horizonte,MG
"Lourdes_Belo Horizonte, Lourdes",1365365740.0,Lourdes,"Belo Horizonte, Lourdes",Lourdes,Belo Horizonte,MG
"Centro_Belo Horizonte, Centro",1365365737.0,Centro,"Belo Horizonte, Centro",Centro,Belo Horizonte,MG
"Centro_Belo Horizonte, Centro",1365365738.0,Centro,"Belo Horizonte, Centro",Centro,Belo Horizonte,MG
"Lourdes_Belo Horizonte, Lourdes",1365358989.0,Lourdes,"Belo Horizonte, Lourdes",Lourdes,Belo Horizonte,MG
"Lourdes_Belo Horizonte, Lourdes",1365354852.0,Lourdes,"Belo Horizonte, Lourdes",Lourdes,Belo Horizonte,MG
"Lourdes_Belo Horizonte, Lourdes",1365354843.0,Lourdes,"Belo Horizonte, Lourdes",Lourdes,Belo Horizonte,MG
"Lourdes_Belo Horizonte, Lourdes",1365354314.0,Lourdes,"Belo Horizonte, Lourdes",Lourdes,Belo Horizonte,MG
"Lourdes_Belo Horizonte, Lourdes",1365354317.0,Lourdes,"Belo Horizonte, Lourdes",Lourdes,Belo Horizonte,MG
"Lourdes_Belo Horizonte, Lourdes",1365354271.0,Lourdes,"Belo Horizonte, Lourdes",Lourdes,Belo Horizonte,MG
"Lourdes_Belo Horizonte, Lourdes",1365354263.0,Lourdes,"Belo Horizonte, Lourdes",Lourdes,Belo Horizonte,MG
"Lourdes_Belo Horizonte, Lourdes",1365354244.0,Lourdes,"Belo Horizonte, Lourdes",Lourdes,Belo Horizonte,MG
"Lourdes_Belo Horizonte, Lourdes",1365354061.0,Lourdes,"Belo Horizonte, Lourdes",Lourdes,Belo Horizonte,MG
"Lourdes_Belo Horizonte, Lourdes",1331769222.0,Lourdes,"Belo Horizonte, Lourdes",Lourdes,Belo Horizonte,MG
"Lourdes_Belo Horizonte, Lourdes",1365199229.0,Lourdes,"Belo Horizonte, Lourdes",Lourdes,Belo Horizonte,MG
"Lourdes_Belo Horizonte, Lourdes",1365196394.0,Lourdes,"Belo Horizonte, Lourdes",Lourdes,Belo Horizonte,MG
"Lourdes_Belo Horizonte, Lourdes",1365139181.0,Lourdes,"Belo Horizonte, Lourdes",Lourdes,Belo Horizonte,MG
"Lourdes_Belo Horizonte, Lourdes",1365105765.0,Lourdes,"Belo Horizonte, Lourdes",Lourdes,Belo Horizonte,MG
"Lourdes_Belo Horizonte, Lourdes",1365092247.0,Lourdes,"Belo Horizonte, Lourdes",Lourdes,Belo Horizonte,MG
"Lourdes_Belo Horizonte, Lourdes",1329572080.0,Lourdes,"Belo Horizonte, Lourdes",Lourdes,Belo Horizonte,MG
"Lourdes_Belo Horizonte, Lourdes",829249720.0,Lourdes,"Belo Horizonte, Lourdes",Lourdes,Belo Horizonte,MG
"Lourdes_Belo Horizonte, Lourdes",1365056511.0,Lourdes,"Belo Horizonte, Lourdes",Lourdes,Belo Horizonte,MG
"Lourdes_Belo Horizonte, Lourdes",1365029985.0,Lourdes,"Belo Horizonte, Lourdes",Lourdes,Belo Horizonte,MG
"Lourdes_Belo Horizonte, Lourdes",1364927552.0,Lourdes,"Belo Horizonte, Lourdes",Lourdes,Belo Horizonte,MG
"Lourdes_Belo Horizonte, Lourdes",1364831651.0,Lourdes,"Belo Horizonte, Lourdes",Lourdes,Belo Horizonte,MG
"Lourdes_Belo Horizonte, Lourdes",1364831302.0,Lourdes,"Belo Horizonte, Lourdes",Lourdes,Belo Horizonte,MG
"Lourdes_Belo Horizonte, Lourdes",1364691413.0,Lourdes,"Belo Horizonte, Lourdes",Lourdes,Belo Horizonte,MG
"Lourdes_Belo Horizonte, Lourdes",1364613579.0,Lourdes,"Belo Horizonte, Lourdes",Lourdes,Belo Horizonte,MG
"Lourdes_Belo Horizonte, Lourdes",1364613357.0,Lourdes,"Belo Horizonte, Lourdes",Lourdes,Belo Horizonte,MG
"Lourdes_Belo Horizonte, Lourdes",1364611590.0,Lourdes,"Belo Horizonte, Lourdes",Lourdes,Belo Horizonte,MG
"Lourdes_Belo Horizonte, Lourdes",1364564643.0,Lourdes,"Belo Horizonte, Lourdes",Lourdes,Belo Horizonte,MG
"Centro_Belo Horizonte, Centro",1364564608.0,Centro,"Belo Horizonte, Centro",Centro,Belo Horizonte,MG
"Lourdes_Belo Horizonte, Lourdes",1364560477.0,Lourdes,"Belo Horizonte, Lourdes",Lourdes,Belo Horizonte,MG
"Lourdes_Belo Horizonte, Lourdes",1364542815.0,Lourdes,"Belo Horizonte, Lourdes",Lourdes,Belo Horizonte,MG
"Lourdes_Belo Horizonte, Lourdes",1364535461.0,Lourdes,"Belo Horizonte, Lourdes",Lourdes,Belo Horizonte,MG
"Lourdes_Belo Horizonte, Lourdes",1364524621.0,Lourdes,"Belo Horizonte, Lourdes",Lourdes,Belo Horizonte,MG
"Lourdes_Belo Horizonte, Lourdes",1364523949.0,Lourdes,"Belo Horizonte, Lourdes",Lourdes,Belo Horizonte,MG
"Lourdes_Belo Horizonte, Lourdes",1364515531.0,Lourdes,"Belo Horizonte, Lourdes",Lourdes,Belo Horizonte,MG
"Lourdes_Belo Horizonte, Lourdes",1364478646.0,Lourdes,"Belo Horizonte, Lourdes",Lourdes,Belo Horizonte,MG
"Lourdes_Belo Horizonte, Lourdes",1364378339.0,Lourdes,"Belo Horizonte, Lourdes",Lourdes,Belo Horizonte,MG
"Lourdes_Belo Horizonte, Lourdes",1364358313.0,Lourdes,"Belo Horizonte, Lourdes",Lourdes,Belo Horizonte,MG
"Santo Agostinho_Belo Horizonte, Santo Agostinho",1364357260.0,Santo Agostinho,"Belo Horizonte, Santo Agostinho",Santo Agostinho,Belo Horizonte,MG
"Lourdes_Belo Horizonte, Lourdes",1364305146.0,Lourdes,"Belo Horizonte, Lourdes",Lourdes,Belo Horizonte,MG
"Lourdes_Belo Horizonte, Lourdes",1364286717.0,Lourdes,"Belo Horizonte, Lourdes",Lourdes,Belo Horizonte,MG
"Lourdes_Belo Horizonte, Lourdes",1364280639.0,Lourdes,"Belo Horizonte, Lourdes",Lourdes,Belo Horizonte,MG
"Lourdes_Belo Horizonte, Lourdes",1364267609.0,Lourdes,"Belo Horizonte, Lourdes",Lourdes,Belo Horizonte,MG
"Lourdes_Belo Horizonte, Lourdes",1364229521.0,Lourdes,"Belo Horizonte, Lourdes",Lourdes,Belo Horizonte,MG
"Lourdes_Belo Horizonte, Lourdes",1364129816.0,Lourdes,"Belo Horizonte, Lourdes",Lourdes,Belo Horizonte,MG
"Lourdes_Belo Horizonte, Lourdes",1364090031.0,Lourdes,"Belo Horizonte, Lourdes",Lourdes,Belo Horizonte,MG
"Lourdes_Belo Horizonte, Lourdes",1364087661.0,Lourdes,"Belo Horizonte, Lourdes",Lourdes,Belo Horizonte,MG
"Lourdes_Belo Horizonte, Lourdes",1364073052.0,Lourdes,"Belo Horizonte, Lourdes",Lourdes,Belo Horizonte,MG
"Lourdes_Belo Horizonte, Lourdes",1364068487.0,Lourdes,"Belo Horizonte, Lourdes",Lourdes,Belo Horizonte,MG
"Lourdes_Belo Horizonte, Lourdes",1364011071.0,Lourdes,"Belo Horizonte, Lourdes",Lourdes,Belo Horizonte,MG
"Lourdes_Belo Horizonte, Lourdes",1364011029.0,Lourdes,"Belo Horizonte, Lourdes",Lourdes,Belo Horizonte,MG
"Lourdes_Belo Horizonte, Lourdes",1364003870.0,Lourdes,"Belo Horizonte, Lourdes",Lourdes,Belo Horizonte,MG
"Lourdes_Belo Horizonte, Lourdes",1364003771.0,Lourdes,"Belo Horizonte, Lourdes",Lourdes,Belo Horizonte,MG
"Lourdes_Belo Horizonte, Lourdes",1364003649.0,Lourdes,"Belo Horizonte, Lourdes",Lourdes,Belo Horizonte,MG
"Lourdes_Belo Horizonte, Lourdes",1364002712.0,Lourdes,"Belo Horizonte, Lourdes",Lourdes,Belo Horizonte,MG
"Lourdes_Belo Horizonte, Lourdes",1364002707.0,Lourdes,"Belo Horizonte, Lourdes",Lourdes,Belo Horizonte,MG
"Lourdes_Belo Horizonte, Lourdes",1363986621.0,Lourdes,"Belo Horizonte, Lourdes",Lourdes,Belo Horizonte,MG
"Lourdes_Belo Horizonte, Lourdes",1363986500.0,Lourdes,"Belo Horizonte, Lourdes",Lourdes,Belo Horizonte,MG
"Lourdes_Belo Horizonte, Lourdes",1363986355.0,Lourdes,"Belo Horizonte, Lourdes",Lourdes,Belo Horizonte,MG
"Lourdes_Belo Horizonte, Lourdes",1363986085.0,Lourdes,"Belo Horizonte, Lourdes",Lourdes,Belo Horizonte,MG
"Lourdes_Belo Horizonte, Lourdes",1363985619.0,Lourdes,"Belo Horizonte, Lourdes",Lourdes,Belo Horizonte,MG
"Lourdes_Belo Horizonte, Lourdes",1363971381.0,Lourdes,"Belo Horizonte, Lourdes",Lourdes,Belo Horizonte,MG
"Lourdes_Belo Horizonte, Lourdes",1363968949.0,Lourdes,"Belo Horizonte, Lourdes",Lourdes,Belo Horizonte,MG
"Centro_Belo Horizonte, Centro",1363968853.0,Centro,"Belo Horizonte, Centro",Centro,Belo Horizonte,MG
"Lourdes_Belo Horizonte, Lourdes",1363968823.0,Lourdes,"Belo Horizonte, Lourdes",Lourdes,Belo Horizonte,MG
"Lourdes_Belo Horizonte, Lourdes",1363968585.0,Lourdes,"Belo Horizonte, Lourdes",Lourdes,Belo Horizonte,MG
"Lourdes_Belo Horizonte, Lourdes",1363968582.0,Lourdes,"Belo Horizonte, Lourdes",Lourdes,Belo Horizonte,MG
"Lourdes_Belo Horizonte, Lourdes",1363968516.0,Lourdes,"Belo Horizonte, Lourdes",Lourdes,Belo Horizonte,MG
"Lourdes_Belo Horizonte, Lourdes",1363968496.0,Lourdes,"Belo Horizonte, Lourdes",Lourdes,Belo Horizonte,MG
"Lourdes_Belo Horizonte, Lourdes",1363968490.0,Lourdes,"Belo Horizonte, Lourdes",Lourdes,Belo Horizonte,MG
"Lourdes_Belo Horizonte, Lourdes",1363968466.0,Lourdes,"Belo Horizonte, Lourdes",Lourdes,Belo Horizonte,MG
"Lourdes_Belo Horizonte, Lourdes",1363968469.0,Lourdes,"Belo Horizonte, Lourdes",Lourdes,Belo Horizonte,MG
"Lourdes_Belo Horizonte, Lourdes",1363968464.0,Lourdes,"Belo Horizonte, Lourdes",Lourdes,Belo Horizonte,MG
"Lourdes_Belo Horizonte, Lourdes",1363968430.0,Lourdes,"Belo Horizonte, Lourdes",Lourdes,Belo Horizonte,MG
"Lourdes_Belo Horizonte, Lourdes",1363968385.0,Lourdes,"Belo Horizonte, Lourdes",Lourdes,Belo Horizonte,MG
"Centro_Belo Horizonte, Centro",1363968344.0,Centro,"Belo Horizonte, Centro",Centro,Belo Horizonte,MG
"Lourdes_Belo Horizonte, Lourdes",1363968333.0,Lourdes,"Belo Horizonte, Lourdes",Lourdes,Belo Horizonte,MG
"Lourdes_Belo Horizonte, Lourdes",1363968319.0,Lourdes,"Belo Horizonte, Lourdes",Lourdes,Belo Horizonte,MG
"Lourdes_Belo Horizonte, Lourdes",1363968315.0,Lourdes,"Belo Horizonte, Lourdes",Lourdes,Belo Horizonte,MG
"Lourdes_Belo Horizonte, Lourdes",1363968302.0,Lourdes,"Belo Horizonte, Lourdes",Lourdes,Belo Horizonte,MG
"Lourdes_Belo Horizonte, Lourdes",1363968305.0,Lourdes,"Belo Horizonte, Lourdes",Lourdes,Belo Horizonte,MG
"Lourdes_Belo Horizonte, Lourdes",1363968255.0,Lourdes,"Belo Horizonte, Lourdes",Lourdes,Belo Horizonte,MG
"Lourdes_Belo Horizonte, Lourdes",1363968247.0,Lourdes,"Belo Horizonte, Lourdes",Lourdes,Belo Horizonte,MG
"Lourdes_Belo Horizonte, Lourdes",1363968181.0,Lourdes,"Belo Horizonte, Lourdes",Lourdes,Belo Horizonte,MG
"Lourdes_Belo Horizonte, Lourdes",1363968127.0,Lourdes,"Belo Horizonte, Lourdes",Lourdes,Belo Horizonte,MG
"Lourdes_Belo Horizonte, Lourdes",1363968121.0,Lourdes,"Belo Horizonte, Lourdes",Lourdes,Belo Horizonte,MG
"Lourdes_Belo Horizonte, Lourdes",1363968092.0,Lourdes,"Belo Horizonte, Lourdes",Lourdes,Belo Horizonte,MG
"Lourdes_Belo Horizonte, Lourdes",1363968078.0,Lourdes,"Belo Horizonte, Lourdes",Lourdes,Belo Horizonte,MG
"Lourdes_Belo Horizonte, Lourdes",1363968071.0,Lourdes,"Belo Horizonte, Lourdes",Lourdes,Belo Horizonte,MG
"Lourdes_Belo Horizonte, Lourdes",1363968066.0,Lourdes,"Belo Horizonte, Lourdes",Lourdes,Belo Horizonte,MG
"Lourdes_Belo Horizonte, Lourdes",1363968025.0,Lourdes,"Belo Horizonte, Lourdes",Lourdes,Belo Horizonte,MG
"Lourdes_Belo Horizonte, Lourdes",1363968022.0,Lourdes,"Belo Horizonte, Lourdes",Lourdes,Belo Horizonte,MG
"Lourdes_Belo Horizonte, Lourdes",1363967995.0,Lourdes,"Belo Horizonte, Lourdes",Lourdes,Belo Horizonte,MG
"Lourdes_Belo Horizonte, Lourdes",1363967990.0,Lourdes,"Belo Horizonte, Lourdes",Lourdes,Belo Horizonte,MG
"Lourdes_Belo Horizonte, Lourdes",1363967977.0,Lourdes,"Belo Horizonte, Lourdes",Lourdes,Belo Horizonte,MG
"Lourdes_Belo Horizonte, Lourdes",1363967966.0,Lourdes,"Belo Horizonte, Lourdes",Lourdes,Belo Horizonte,MG
"Lourdes_Belo Horizonte, Lourdes",1363967942.0,Lourdes,"Belo Horizonte, Lourdes",Lourdes,Belo Horizonte,MG
"Lourdes_Belo Horizonte, Lourdes",1363967911.0,Lourdes,"Belo Horizonte, Lourdes",Lourdes,Belo Horizonte,MG
"Lourdes_Belo Horizonte, Lourdes",1363967897.0,Lourdes,"Belo Horizonte, Lourdes",Lourdes,Belo Horizonte,MG
"Lourdes_Belo Horizonte, Lourdes",1363967904.0,Lourdes,"Belo Horizonte, Lourdes",Lourdes,Belo Horizonte,MG
"Lourdes_Belo Horizonte, Lourdes",1363967909.0,Lourdes,"Belo Horizonte, Lourdes",Lourdes,Belo Horizonte,MG
"Lourdes_Belo Horizonte, Lourdes",1363967878.0,Lourdes,"Belo Horizonte, Lourdes",Lourdes,Belo Horizonte,MG
"Lourdes_Belo Horizonte, Lourdes",1363967859.0,Lourdes,"Belo Horizonte, Lourdes",Lourdes,Belo Horizonte,MG
"Lourdes_Belo Horizonte, Lourdes",1363967861.0,Lourdes,"Belo Horizonte, Lourdes",Lourdes,Belo Horizonte,MG
"Lourdes_Belo Horizonte, Lourdes",1363967845.0,Lourdes,"Belo Horizonte, Lourdes",Lourdes,Belo Horizonte,MG
"Lourdes_Belo Horizonte, Lourdes",1363967849.0,Lourdes,"Belo Horizonte, Lourdes",Lourdes,Belo Horizonte,MG
"Centro_Belo Horizonte, Centro",1363967813.0,Centro,"Belo Horizonte, Centro",Centro,Belo Horizonte,MG
"Lourdes_Belo Horizonte, Lourdes",1363967814.0,Lourdes,"Belo Horizonte, Lourdes",Lourdes,Belo Horizonte,MG
"Lourdes_Belo Horizonte, Lourdes",1363967816.0,Lourdes,"Belo Horizonte, Lourdes",Lourdes,Belo Horizonte,MG
"Lourdes_Belo Horizonte, Lourdes",1363967798.0,Lourdes,"Belo Horizonte, Lourdes",Lourdes,Belo Horizonte,MG
"Lourdes_Belo Horizonte, Lourdes",1363967794.0,Lourdes,"Belo Horizonte, Lourdes",Lourdes,Belo Horizonte,MG
"Lourdes_Belo Horizonte, Lourdes",1363967763.0,Lourdes,"Belo Horizonte, Lourdes",Lourdes,Belo Horizonte,MG
"Lourdes_Belo Horizonte, Lourdes",1363967735.0,Lourdes,"Belo Horizonte, Lourdes",Lourdes,Belo Horizonte,MG
"Lourdes_Belo Horizonte, Lourdes",1363967728.0,Lourdes,"Belo Horizonte, Lourdes",Lourdes,Belo Horizonte,MG
"Lourdes_Belo Horizonte, Lourdes",1363967648.0,Lourdes,"Belo Horizonte, Lourdes",Lourdes,Belo Horizonte,MG
"Lourdes_Belo Horizonte, Lourdes",1363967606.0,Lourdes,"Belo Horizonte, Lourdes",Lourdes,Belo Horizonte,MG
"Lourdes_Belo Horizonte, Lourdes",1363967602.0,Lourdes,"Belo Horizonte, Lourdes",Lourdes,Belo Horizonte,MG
"Lourdes_Belo Horizonte, Lourdes",1363967597.0,Lourdes,"Belo Horizonte, Lourdes",Lourdes,Belo Horizonte,MG
"Lourdes_Belo Horizonte, Lourdes",1363967567.0,Lourdes,"Belo Horizonte, Lourdes",Lourdes,Belo Horizonte,MG
"Lourdes_Belo Horizonte, Lourdes",1363967569.0,Lourdes,"Belo Horizonte, Lourdes",Lourdes,Belo Horizonte,MG
"Lourdes_Belo Horizonte, Lourdes",1363967546.0,Lourdes,"Belo Horizonte, Lourdes",Lourdes,Belo Horizonte,MG
"Lourdes_Belo Horizonte, Lourdes",1363967523.0,Lourdes,"Belo Horizonte, Lourdes",Lourdes,Belo Horizonte,MG
"Lourdes_Belo Horizonte, Lourdes",1363967528.0,Lourdes,"Belo Horizonte, Lourdes",Lourdes,Belo Horizonte,MG
"Lourdes_Belo Horizonte, Lourdes",1363967480.0,Lourdes,"Belo Horizonte, Lourdes",Lourdes,Belo Horizonte,MG
"Lourdes_Belo Horizonte, Lourdes",1363967471.0,Lourdes,"Belo Horizonte, Lourdes",Lourdes,Belo Horizonte,MG
"Lourdes_Belo Horizonte, Lourdes",1363967440.0,Lourdes,"Belo Horizonte, Lourdes",Lourdes,Belo Horizonte,MG
"Lourdes_Belo Horizonte, Lourdes",1363967421.0,Lourdes,"Belo Horizonte, Lourdes",Lourdes,Belo Horizonte,MG
"Lourdes_Belo Horizonte, Lourdes",1363967391.0,Lourdes,"Belo Horizonte, Lourdes",Lourdes,Belo Horizonte,MG
"Lourdes_Belo Horizonte, Lourdes",1363967345.0,Lourdes,"Belo Horizonte, Lourdes",Lourdes,Belo Horizonte,MG
"Lourdes_Belo Horizonte, Lourdes",1363967337.0,Lourdes,"Belo Horizonte, Lourdes",Lourdes,Belo Horizonte,MG
"Lourdes_Belo Horizonte, Lourdes",1363967319.0,Lourdes,"Belo Horizonte, Lourdes",Lourdes,Belo Horizonte,MG
"Lourdes_Belo Horizonte, Lourdes",1363967304.0,Lourdes,"Belo Horizonte, Lourdes",Lourdes,Belo Horizonte,MG
"Lourdes_Belo Horizonte, Lourdes",1363967273.0,Lourdes,"Belo Horizonte, Lourdes",Lourdes,Belo Horizonte,MG
"Lourdes_Belo Horizonte, Lourdes",1363967259.0,Lourdes,"Belo Horizonte, Lourdes",Lourdes,Belo Horizonte,MG
"Lourdes_Belo Horizonte, Lourdes",1363967240.0,Lourdes,"Belo Horizonte, Lourdes",Lourdes,Belo Horizonte,MG
"Lourdes_Belo Horizonte, Lourdes",1363967231.0,Lourdes,"Belo Horizonte, Lourdes",Lourdes,Belo Horizonte,MG
"Centro_Belo Horizonte, Centro",1363967220.0,Centro,"Belo Horizonte, Centro",Centro,Belo Horizonte,MG
"Lourdes_Belo Horizonte, Lourdes",1363967151.0,Lourdes,"Belo Horizonte, Lourdes",Lourdes,Belo Horizonte,MG
"Lourdes_Belo Horizonte, Lourdes",1363967148.0,Lourdes,"Belo Horizonte, Lourdes",Lourdes,Belo Horizonte,MG
"Lourdes_Belo Horizonte, Lourdes",1363967128.0,Lourdes,"Belo Horizonte, Lourdes",Lourdes,Belo Horizonte,MG
"Lourdes_Belo Horizonte, Lourdes",1363967083.0,Lourdes,"Belo Horizonte, Lourdes",Lourdes,Belo Horizonte,MG
"Santo Antônio_Belo Horizonte, Santo Antônio",1363967056.0,Santo Antônio,"Belo Horizonte, Santo Antônio",Santo Antônio,Belo Horizonte,MG
"Lourdes_Belo Horizonte, Lourdes",1363967065.0,Lourdes,"Belo Horizonte, Lourdes",Lourdes,Belo Horizonte,MG
"Lourdes_Belo Horizonte, Lourdes",1363967028.0,Lourdes,"Belo Horizonte, Lourdes",Lourdes,Belo Horizonte,MG
"Lourdes_Belo Horizonte, Lourdes",1363967017.0,Lourdes,"Belo Horizonte, Lourdes",Lourdes,Belo Horizonte,MG
"Lourdes_Belo Horizonte, Lourdes",1363966994.0,Lourdes,"Belo Horizonte, Lourdes",Lourdes,Belo Horizonte,MG
"Lourdes_Belo Horizonte, Lourdes",1363966973.0,Lourdes,"Belo Horizonte, Lourdes",Lourdes,Belo Horizonte,MG
"Lourdes_Belo Horizonte, Lourdes",1363966961.0,Lourdes,"Belo Horizonte, Lourdes",Lourdes,Belo Horizonte,MG
"Lourdes_Belo Horizonte, Lourdes",1363966962.0,Lourdes,"Belo Horizonte, Lourdes",Lourdes,Belo Horizonte,MG
"Lourdes_Belo Horizonte, Lourdes",1363966947.0,Lourdes,"Belo Horizonte, Lourdes",Lourdes,Belo Horizonte,MG
"Lourdes_Belo Horizonte, Lourdes",1363966836.0,Lourdes,"Belo Horizonte, Lourdes",Lourdes,Belo Horizonte,MG
"Lourdes_Belo Horizonte, Lourdes",1363966769.0,Lourdes,"Belo Horizonte, Lourdes",Lourdes,Belo Horizonte,MG
"Lourdes_Belo Horizonte, Lourdes",1363966749.0,Lourdes,"Belo Horizonte, Lourdes",Lourdes,Belo Horizonte,MG
"Lourdes_Belo Horizonte, Lourdes",1363966725.0,Lourdes,"Belo Horizonte, Lourdes",Lourdes,Belo Horizonte,MG
"Lourdes_Belo Horizonte, Lourdes",1363966733.0,Lourdes,"Belo Horizonte, Lourdes",Lourdes,Belo Horizonte,MG
"Lourdes_Belo Horizonte, Lourdes",1363966734.0,Lourdes,"Belo Horizonte, Lourdes",Lourdes,Belo Horizonte,MG
"Centro_Belo Horizonte, Centro",1363966684.0,Centro,"Belo Horizonte, Centro",Centro,Belo Horizonte,MG
"Lourdes_Belo Horizonte, Lourdes",1363966691.0,Lourdes,"Belo Horizonte, Lourdes",Lourdes,Belo Horizonte,MG
"Lourdes_Belo Horizonte, Lourdes",1363966692.0,Lourdes,"Belo Horizonte, Lourdes",Lourdes,Belo Horizonte,MG
"Lourdes_Belo Horizonte, Lourdes",1363966657.0,Lourdes,"Belo Horizonte, Lourdes",Lourdes,Belo Horizonte,MG
"Lourdes_Belo Horizonte, Lourdes",1363966638.0,Lourdes,"Belo Horizonte, Lourdes",Lourdes,Belo Horizonte,MG
"Lourdes_Belo Horizonte, Lourdes",1363966621.0,Lourdes,"Belo Horizonte, Lourdes",Lourdes,Belo Horizonte,MG
"Centro_Belo Horizonte, Centro",1363966554.0,Centro,"Belo Horizonte, Centro",Centro,Belo Horizonte,MG
"Lourdes_Belo Horizonte, Lourdes",1363966545.0,Lourdes,"Belo Horizonte, Lourdes",Lourdes,Belo Horizonte,MG
"Lourdes_Belo Horizonte, Lourdes",1363966551.0,Lourdes,"Belo Horizonte, Lourdes",Lourdes,Belo Horizonte,MG
"Lourdes_Belo Horizonte, Lourdes",1363966518.0,Lourdes,"Belo Horizonte, Lourdes",Lourdes,Belo Horizonte,MG
"Lourdes_Belo Horizonte, Lourdes",1363966507.0,Lourdes,"Belo Horizonte, Lourdes",Lourdes,Belo Horizonte,MG
"Lourdes_Belo Horizonte, Lourdes",1363966495.0,Lourdes,"Belo Horizonte, Lourdes",Lourdes,Belo Horizonte,MG
"Lourdes_Belo Horizonte, Lourdes",1363966499.0,Lourdes,"Belo Horizonte, Lourdes",Lourdes,Belo Horizonte,MG
"Lourdes_Belo Horizonte, Lourdes",1363966468.0,Lourdes,"Belo Horizonte, Lourdes",Lourdes,Belo Horizonte,MG
"Lourdes_Belo Horizonte, Lourdes",1363966460.0,Lourdes,"Belo Horizonte, Lourdes",Lourdes,Belo Horizonte,MG
"Lourdes_Belo Horizonte, Lourdes",1363966440.0,Lourdes,"Belo Horizonte, Lourdes",Lourdes,Belo Horizonte,MG
"Lourdes_Belo Horizonte, Lourdes",1363966452.0,Lourdes,"Belo Horizonte, Lourdes",Lourdes,Belo Horizonte,MG
"Lourdes_Belo Horizonte, Lourdes",1363966294.0,Lourdes,"Belo Horizonte, Lourdes",Lourdes,Belo Horizonte,MG
"Lourdes_Belo Horizonte, Lourdes",1363966266.0,Lourdes,"Belo Horizonte, Lourdes",Lourdes,Belo Horizonte,MG
"Lourdes_Belo Horizonte, Lourdes",1363966273.0,Lourdes,"Belo Horizonte, Lourdes",Lourdes,Belo Horizonte,MG
"Lourdes_Belo Horizonte, Lourdes",1363966222.0,Lourdes,"Belo Horizonte, Lourdes",Lourdes,Belo Horizonte,MG
"Lourdes_Belo Horizonte, Lourdes",1363966200.0,Lourdes,"Belo Horizonte, Lourdes",Lourdes,Belo Horizonte,MG
"Lourdes_Belo Horizonte, Lourdes",1363966212.0,Lourdes,"Belo Horizonte, Lourdes",Lourdes,Belo Horizonte,MG
"Lourdes_Belo Horizonte, Lourdes",1363966214.0,Lourdes,"Belo Horizonte, Lourdes",Lourdes,Belo Horizonte,MG
"Lourdes_Belo Horizonte, Lourdes",1363966216.0,Lourdes,"Belo Horizonte, Lourdes",Lourdes,Belo Horizonte,MG
"Lourdes_Belo Horizonte, Lourdes",1363966163.0,Lourdes,"Belo Horizonte, Lourdes",Lourdes,Belo Horizonte,MG
"Lourdes_Belo Horizonte, Lourdes",1363966166.0,Lourdes,"Belo Horizonte, Lourdes",Lourdes,Belo Horizonte,MG
"Lourdes_Belo Horizonte, Lourdes",1363966128.0,Lourdes,"Belo Horizonte, Lourdes",Lourdes,Belo Horizonte,MG
"Lourdes_Belo Horizonte, Lourdes",1363966068.0,Lourdes,"Belo Horizonte, Lourdes",Lourdes,Belo Horizonte,MG
"Lourdes_Belo Horizonte, Lourdes",1363966073.0,Lourdes,"Belo Horizonte, Lourdes",Lourdes,Belo Horizonte,MG
"Lourdes_Belo Horizonte, Lourdes",1363965971.0,Lourdes,"Belo Horizonte, Lourdes",Lourdes,Belo Horizonte,MG
"Lourdes_Belo Horizonte, Lourdes",1363965999.0,Lourdes,"Belo Horizonte, Lourdes",Lourdes,Belo Horizonte,MG
"Lourdes_Belo Horizonte, Lourdes",1363966007.0,Lourdes,"Belo Horizonte, Lourdes",Lourdes,Belo Horizonte,MG
"Lourdes_Belo Horizonte, Lourdes",1363966019.0,Lourdes,"Belo Horizonte, Lourdes",Lourdes,Belo Horizonte,MG
"Lourdes_Belo Horizonte, Lourdes",1363965849.0,Lourdes,"Belo Horizonte, Lourdes",Lourdes,Belo Horizonte,MG
"Lourdes_Belo Horizonte, Lourdes",1363965856.0,Lourdes,"Belo Horizonte, Lourdes",Lourdes,Belo Horizonte,MG
"Lourdes_Belo Horizonte, Lourdes",1363965867.0,Lourdes,"Belo Horizonte, Lourdes",Lourdes,Belo Horizonte,MG
"Lourdes_Belo Horizonte, Lourdes",1363965914.0,Lourdes,"Belo Horizonte, Lourdes",Lourdes,Belo Horizonte,MG
"Lourdes_Belo Horizonte, Lourdes",1363965949.0,Lourdes,"Belo Horizonte, Lourdes",Lourdes,Belo Horizonte,MG
"Lourdes_Belo Horizonte, Lourdes",1363965952.0,Lourdes,"Belo Horizonte, Lourdes",Lourdes,Belo Horizonte,MG
"Lourdes_Belo Horizonte, Lourdes",1363965958.0,Lourdes,"Belo Horizonte, Lourdes",Lourdes,Belo Horizonte,MG
"Centro_Belo Horizonte, Centro",1363965809.0,Centro,"Belo Horizonte, Centro",Centro,Belo Horizonte,MG
"Lourdes_Belo Horizonte, Lourdes",1363965822.0,Lourdes,"Belo Horizonte, Lourdes",Lourdes,Belo Horizonte,MG
"Lourdes_Belo Horizonte, Lourdes",1363965753.0,Lourdes,"Belo Horizonte, Lourdes",Lourdes,Belo Horizonte,MG
"Lourdes_Belo Horizonte, Lourdes",1363965721.0,Lourdes,"Belo Horizonte, Lourdes",Lourdes,Belo Horizonte,MG
"Lourdes_Belo Horizonte, Lourdes",1363965617.0,Lourdes,"Belo Horizonte, Lourdes",Lourdes,Belo Horizonte,MG
"Lourdes_Belo Horizonte, Lourdes",1363965639.0,Lourdes,"Belo Horizonte, Lourdes",Lourdes,Belo Horizonte,MG
"Lourdes_Belo Horizonte, Lourdes",1363965567.0,Lourdes,"Belo Horizonte, Lourdes",Lourdes,Belo Horizonte,MG
"Lourdes_Belo Horizonte, Lourdes",1363965595.0,Lourdes,"Belo Horizonte, Lourdes",Lourdes,Belo Horizonte,MG
"Lourdes_Belo Horizonte, Lourdes",1363965602.0,Lourdes,"Belo Horizonte, Lourdes",Lourdes,Belo Horizonte,MG
"Lourdes_Belo Horizonte, Lourdes",1363965534.0,Lourdes,"Belo Horizonte, Lourdes",Lourdes,Belo Horizonte,MG
"Lourdes_Belo Horizonte, Lourdes",1363965466.0,Lourdes,"Belo Horizonte, Lourdes",Lourdes,Belo Horizonte,MG
"Lourdes_Belo Horizonte, Lourdes",1363965467.0,Lourdes,"Belo Horizonte, Lourdes",Lourdes,Belo Horizonte,MG
"Lourdes_Belo Horizonte, Lourdes",1363965485.0,Lourdes,"Belo Horizonte, Lourdes",Lourdes,Belo Horizonte,MG
"Lourdes_Belo Horizonte, Lourdes",1363791626.0,Lourdes,"Belo Horizonte, Lourdes",Lourdes,Belo Horizonte,MG
"Lourdes_Belo Horizonte, Lourdes",1363777173.0,Lourdes,"Belo Horizonte, Lourdes",Lourdes,Belo Horizonte,MG
"Lourdes_Belo Horizonte, Lourdes",1363768525.0,Lourdes,"Belo Horizonte, Lourdes",Lourdes,Belo Horizonte,MG
"Lourdes_Belo Horizonte, Lourdes",1363761094.0,Lourdes,"Belo Horizonte, Lourdes",Lourdes,Belo Horizonte,MG
"Lourdes_Belo Horizonte, Lourdes",1363758598.0,Lourdes,"Belo Horizonte, Lourdes",Lourdes,Belo Horizonte,MG
"Lourdes_Belo Horizonte, Lourdes",1363751726.0,Lourdes,"Belo Horizonte, Lourdes",Lourdes,Belo Horizonte,MG
"Lourdes_Belo Horizonte, Lourdes",1363746336.0,Lourdes,"Belo Horizonte, Lourdes",Lourdes,Belo Horizonte,MG
"Santo Antônio_Belo Horizonte, Santo Antônio",1363746277.0,Santo Antônio,"Belo Horizonte, Santo Antônio",Santo Antônio,Belo Horizonte,MG
"Lourdes_Belo Horizonte, Lourdes",1363744304.0,Lourdes,"Belo Horizonte, Lourdes",Lourdes,Belo Horizonte,MG
"Lourdes_Belo Horizonte, Lourdes",1363740168.0,Lourdes,"Belo Horizonte, Lourdes",Lourdes,Belo Horizonte,MG
"Lourdes_Belo Horizonte, Lourdes",1363736238.0,Lourdes,"Belo Horizonte, Lourdes",Lourdes,Belo Horizonte,MG
"Lourdes_Belo Horizonte, Lourdes",1363735863.0,Lourdes,"Belo Horizonte, Lourdes",Lourdes,Belo Horizonte,MG
"Lourdes_Belo Horizonte, Lourdes",1363735037.0,Lourdes,"Belo Horizonte, Lourdes",Lourdes,Belo Horizonte,MG
"Lourdes_Belo Horizonte, Lourdes",1363733824.0,Lourdes,"Belo Horizonte, Lourdes",Lourdes,Belo Horizonte,MG
"Centro_Belo Horizonte, Centro",1363733315.0,Centro,"Belo Horizonte, Centro",Centro,Belo Horizonte,MG
"Lourdes_Belo Horizonte, Lourdes",1363733020.0,Lourdes,"Belo Horizonte, Lourdes",Lourdes,Belo Horizonte,MG
"Cidade Jardim_Belo Horizonte, Cidade Jardim",1363732596.0,Cidade Jardim,"Belo Horizonte, Cidade Jardim",Cidade Jardim,Belo Horizonte,MG
"Lourdes_Belo Horizonte, Lourdes",1363728532.0,Lourdes,"Belo Horizonte, Lourdes",Lourdes,Belo Horizonte,MG
"Lourdes_Belo Horizonte, Lourdes",1363701003.0,Lourdes,"Belo Horizonte, Lourdes",Lourdes,Belo Horizonte,MG
"Lourdes_Belo Horizonte, Lourdes",1363693775.0,Lourdes,"Belo Horizonte, Lourdes",Lourdes,Belo Horizonte,MG
"Lourdes_Belo Horizonte, Lourdes",1363686376.0,Lourdes,"Belo Horizonte, Lourdes",Lourdes,Belo Horizonte,MG
"Lourdes_Belo Horizonte, Lourdes",1363665449.0,Lourdes,"Belo Horizonte, Lourdes",Lourdes,Belo Horizonte,MG
"Lourdes_Belo Horizonte, Lourdes",1363665079.0,Lourdes,"Belo Horizonte, Lourdes",Lourdes,Belo Horizonte,MG
"Lourdes_Belo Horizonte, Lourdes",1363655056.0,Lourdes,"Belo Horizonte, Lourdes",Lourdes,Belo Horizonte,MG
"Lourdes_Belo Horizonte, Lourdes",1363654270.0,Lourdes,"Belo Horizonte, Lourdes",Lourdes,Belo Horizonte,MG
"Lourdes_Belo Horizonte, Lourdes",1363636103.0,Lourdes,"Belo Horizonte, Lourdes",Lourdes,Belo Horizonte,MG
"Lourdes_Belo Horizonte, Lourdes",1363620602.0,Lourdes,"Belo Horizonte, Lourdes",Lourdes,Belo Horizonte,MG
"Lourdes_Belo Horizonte, Lourdes",1363619244.0,Lourdes,"Belo Horizonte, Lourdes",Lourdes,Belo Horizonte,MG
"Lourdes_Belo Horizonte, Lourdes",1363616205.0,Lourdes,"Belo Horizonte, Lourdes",Lourdes,Belo Horizonte,MG
"Lourdes_Belo Horizonte, Lourdes",1363569316.0,Lourdes,"Belo Horizonte, Lourdes",Lourdes,Belo Horizonte,MG
"Lourdes_Belo Horizonte, Lourdes",1363521417.0,Lourdes,"Belo Horizonte, Lourdes",Lourdes,Belo Horizonte,MG
"Lourdes_Belo Horizonte, Lourdes",1363520741.0,Lourdes,"Belo Horizonte, Lourdes",Lourdes,Belo Horizonte,MG
"Lourdes_Belo Horizonte, Lourdes",1363513952.0,Lourdes,"Belo Horizonte, Lourdes",Lourdes,Belo Horizonte,MG
"Lourdes_Belo Horizonte, Lourdes",1363512475.0,Lourdes,"Belo Horizonte, Lourdes",Lourdes,Belo Horizonte,MG
"Lourdes_Belo Horizonte, Lourdes",1363503602.0,Lourdes,"Belo Horizonte, Lourdes",Lourdes,Belo Horizonte,MG
"Lourdes_Belo Horizonte, Lourdes",1363464655.0,Lourdes,"Belo Horizonte, Lourdes",Lourdes,Belo Horizonte,MG
"Lourdes_Belo Horizonte, Lourdes",1363464441.0,Lourdes,"Belo Horizonte, Lourdes",Lourdes,Belo Horizonte,MG
"Lourdes_Belo Horizonte, Lourdes",1363440428.0,Lourdes,"Belo Horizonte, Lourdes",Lourdes,Belo Horizonte,MG
"Lourdes_Belo Horizonte, Lourdes",1363439604.0,Lourdes,"Belo Horizonte, Lourdes",Lourdes,Belo Horizonte,MG
"Lourdes_Belo Horizonte, Lourdes",1363432426.0,Lourdes,"Belo Horizonte, Lourdes",Lourdes,Belo Horizonte,MG
"Lourdes_Belo Horizonte, Lourdes",1363406253.0,Lourdes,"Belo Horizonte, Lourdes",Lourdes,Belo Horizonte,MG
"Lourdes_Belo Horizonte, Lourdes",1363406303.0,Lourdes,"Belo Horizonte, Lourdes",Lourdes,Belo Horizonte,MG
"Lourdes_Belo Horizonte, Lourdes",1363339420.0,Lourdes,"Belo Horizonte, Lourdes",Lourdes,Belo Horizonte,MG
"Lourdes_Belo Horizonte, Lourdes",1363331438.0,Lourdes,"Belo Horizonte, Lourdes",Lourdes,Belo Horizonte,MG
"Lourdes_Belo Horizonte, Lourdes",1363329477.0,Lourdes,"Belo Horizonte, Lourdes",Lourdes,Belo Horizonte,MG
"Lourdes_Belo Horizonte, Lourdes",1363318941.0,Lourdes,"Belo Horizonte, Lourdes",Lourdes,Belo Horizonte,MG
"Lourdes_Belo Horizonte, Lourdes",1363318184.0,Lourdes,"Belo Horizonte, Lourdes",Lourdes,Belo Horizonte,MG
"Lourdes_Belo Horizonte, Lourdes",1363317782.0,Lourdes,"Belo Horizonte, Lourdes",Lourdes,Belo Horizonte,MG
"Lourdes_Belo Horizonte, Lourdes",1363317787.0,Lourdes,"Belo Horizonte, Lourdes",Lourdes,Belo Horizonte,MG
"Lourdes_Belo Horizonte, Lourdes",1363317778.0,Lourdes,"Belo Horizonte, Lourdes",Lourdes,Belo Horizonte,MG
"Lourdes_Belo Horizonte, Lourdes",1363301976.0,Lourdes,"Belo Horizonte, Lourdes",Lourdes,Belo Horizonte,MG
"Lourdes_Belo Horizonte, Lourdes",1363301581.0,Lourdes,"Belo Horizonte, Lourdes",Lourdes,Belo Horizonte,MG
"Lourdes_Belo Horizonte, Lourdes",1363287070.0,Lourdes,"Belo Horizonte, Lourdes",Lourdes,Belo Horizonte,MG
"Lourdes_Belo Horizonte, Lourdes",1363140109.0,Lourdes,"Belo Horizonte, Lourdes",Lourdes,Belo Horizonte,MG
"Lourdes_Belo Horizonte, Lourdes",1362972728.0,Lourdes,"Belo Horizonte, Lourdes",Lourdes,Belo Horizonte,MG
"Lourdes_Belo Horizonte, Lourdes",1364930802.0,Lourdes,"Belo Horizonte, Lourdes",Lourdes,Belo Horizonte,MG
"Lourdes_Belo Horizonte, Lourdes",1362694659.0,Lourdes,"Belo Horizonte, Lourdes",Lourdes,Belo Horizonte,MG
"Lourdes_Belo Horizonte, Lourdes",1362675450.0,Lourdes,"Belo Horizonte, Lourdes",Lourdes,Belo Horizonte,MG
"Lourdes_Belo Horizonte, Lourdes",1362675415.0,Lourdes,"Belo Horizonte, Lourdes",Lourdes,Belo Horizonte,MG
"Lourdes_Belo Horizonte, Lourdes",1362638359.0,Lourdes,"Belo Horizonte, Lourdes",Lourdes,Belo Horizonte,MG
"Lourdes_Belo Horizonte, Lourdes",1362638378.0,Lourdes,"Belo Horizonte, Lourdes",Lourdes,Belo Horizonte,MG
"Lourdes_Belo Horizonte, Lourdes",1362638379.0,Lourdes,"Belo Horizonte, Lourdes",Lourdes,Belo Horizonte,MG
"Lourdes_Belo Horizonte, Lourdes",1362613921.0,Lourdes,"Belo Horizonte, Lourdes",Lourdes,Belo Horizonte,MG
"Lourdes_Belo Horizonte, Lourdes",1362613264.0,Lourdes,"Belo Horizonte, Lourdes",Lourdes,Belo Horizonte,MG
"Lourdes_Belo Horizonte, Lourdes",1362594910.0,Lourdes,"Belo Horizonte, Lourdes",Lourdes,Belo Horizonte,MG
"Lourdes_Belo Horizonte, Lourdes",1362592661.0,Lourdes,"Belo Horizonte, Lourdes",Lourdes,Belo Horizonte,MG
"Lourdes_Belo Horizonte, Lourdes",1362592650.0,Lourdes,"Belo Horizonte, Lourdes",Lourdes,Belo Horizonte,MG
"Lourdes_Belo Horizonte, Lourdes",1362592522.0,Lourdes,"Belo Horizonte, Lourdes",Lourdes,Belo Horizonte,MG
"Lourdes_Belo Horizonte, Lourdes",1362592521.0,Lourdes,"Belo Horizonte, Lourdes",Lourdes,Belo Horizonte,MG
"Lourdes_Belo Horizonte, Lourdes",1362592513.0,Lourdes,"Belo Horizonte, Lourdes",Lourdes,Belo Horizonte,MG
"Lourdes_Belo Horizonte, Lourdes",1362592287.0,Lourdes,"Belo Horizonte, Lourdes",Lourdes,Belo Horizonte,MG
"Lourdes_Belo Horizonte, Lourdes",1362592053.0,Lourdes,"Belo Horizonte, Lourdes",Lourdes,Belo Horizonte,MG
"Centro_Belo Horizonte, Centro",1362582688.0,Centro,"Belo Horizonte, Centro",Centro,Belo Horizonte,MG
"Centro_Belo Horizonte, Centro",1362581686.0,Centro,"Belo Horizonte, Centro",Centro,Belo Horizonte,MG
"Lourdes_Belo Horizonte, Lourdes",1362581563.0,Lourdes,"Belo Horizonte, Lourdes",Lourdes,Belo Horizonte,MG
"Centro_Belo Horizonte, Centro",1362581543.0,Centro,"Belo Horizonte, Centro",Centro,Belo Horizonte,MG
"Lourdes_Belo Horizonte, Lourdes",1362581166.0,Lourdes,"Belo Horizonte, Lourdes",Lourdes,Belo Horizonte,MG
"Lourdes_Belo Horizonte, Lourdes",1362581064.0,Lourdes,"Belo Horizonte, Lourdes",Lourdes,Belo Horizonte,MG
"Lourdes_Belo Horizonte, Lourdes",1362580991.0,Lourdes,"Belo Horizonte, Lourdes",Lourdes,Belo Horizonte,MG
"Lourdes_Belo Horizonte, Lourdes",1362580994.0,Lourdes,"Belo Horizonte, Lourdes",Lourdes,Belo Horizonte,MG
"Lourdes_Belo Horizonte, Lourdes",1362580531.0,Lourdes,"Belo Horizonte, Lourdes",Lourdes,Belo Horizonte,MG
"Lourdes_Belo Horizonte, Lourdes",1362580066.0,Lourdes,"Belo Horizonte, Lourdes",Lourdes,Belo Horizonte,MG
"Lourdes_Belo Horizonte, Lourdes",1362579532.0,Lourdes,"Belo Horizonte, Lourdes",Lourdes,Belo Horizonte,MG
"Lourdes_Belo Horizonte, Lourdes",1362579472.0,Lourdes,"Belo Horizonte, Lourdes",Lourdes,Belo Horizonte,MG
"Lourdes_Belo Horizonte, Lourdes",1362579443.0,Lourdes,"Belo Horizonte, Lourdes",Lourdes,Belo Horizonte,MG
"Lourdes_Belo Horizonte, Lourdes",1362579432.0,Lourdes,"Belo Horizonte, Lourdes",Lourdes,Belo Horizonte,MG
"Lourdes_Belo Horizonte, Lourdes",1362579224.0,Lourdes,"Belo Horizonte, Lourdes",Lourdes,Belo Horizonte,MG
"Lourdes_Belo Horizonte, Lourdes",1362579158.0,Lourdes,"Belo Horizonte, Lourdes",Lourdes,Belo Horizonte,MG
"Lourdes_Belo Horizonte, Lourdes",1362579105.0,Lourdes,"Belo Horizonte, Lourdes",Lourdes,Belo Horizonte,MG
"Lourdes_Belo Horizonte, Lourdes",1362579122.0,Lourdes,"Belo Horizonte, Lourdes",Lourdes,Belo Horizonte,MG
"Lourdes_Belo Horizonte, Lourdes",1362579072.0,Lourdes,"Belo Horizonte, Lourdes",Lourdes,Belo Horizonte,MG
"Lourdes_Belo Horizonte, Lourdes",1362579074.0,Lourdes,"Belo Horizonte, Lourdes",Lourdes,Belo Horizonte,MG
"Lourdes_Belo Horizonte, Lourdes",1362579018.0,Lourdes,"Belo Horizonte, Lourdes",Lourdes,Belo Horizonte,MG
"Lourdes_Belo Horizonte, Lourdes",1362579023.0,Lourdes,"Belo Horizonte, Lourdes",Lourdes,Belo Horizonte,MG
"Lourdes_Belo Horizonte, Lourdes",1362579043.0,Lourdes,"Belo Horizonte, Lourdes",Lourdes,Belo Horizonte,MG
"Lourdes_Belo Horizonte, Lourdes",1362578999.0,Lourdes,"Belo Horizonte, Lourdes",Lourdes,Belo Horizonte,MG
"Lourdes_Belo Horizonte, Lourdes",1362578933.0,Lourdes,"Belo Horizonte, Lourdes",Lourdes,Belo Horizonte,MG
"Lourdes_Belo Horizonte, Lourdes",1362578366.0,Lourdes,"Belo Horizonte, Lourdes",Lourdes,Belo Horizonte,MG
"Lourdes_Belo Horizonte, Lourdes",1362578267.0,Lourdes,"Belo Horizonte, Lourdes",Lourdes,Belo Horizonte,MG
"Lourdes_Belo Horizonte, Lourdes",1362578274.0,Lourdes,"Belo Horizonte, Lourdes",Lourdes,Belo Horizonte,MG
"Lourdes_Belo Horizonte, Lourdes",1362578297.0,Lourdes,"Belo Horizonte, Lourdes",Lourdes,Belo Horizonte,MG
"Lourdes_Belo Horizonte, Lourdes",1362578209.0,Lourdes,"Belo Horizonte, Lourdes",Lourdes,Belo Horizonte,MG
"Lourdes_Belo Horizonte, Lourdes",1362578220.0,Lourdes,"Belo Horizonte, Lourdes",Lourdes,Belo Horizonte,MG
"Lourdes_Belo Horizonte, Lourdes",1362578181.0,Lourdes,"Belo Horizonte, Lourdes",Lourdes,Belo Horizonte,MG
"Lourdes_Belo Horizonte, Lourdes",1362578088.0,Lourdes,"Belo Horizonte, Lourdes",Lourdes,Belo Horizonte,MG
"Lourdes_Belo Horizonte, Lourdes",1362575081.0,Lourdes,"Belo Horizonte, Lourdes",Lourdes,Belo Horizonte,MG
"Lourdes_Belo Horizonte, Lourdes",1362535329.0,Lourdes,"Belo Horizonte, Lourdes",Lourdes,Belo Horizonte,MG
"Lourdes_Belo Horizonte, Lourdes",1362535290.0,Lourdes,"Belo Horizonte, Lourdes",Lourdes,Belo Horizonte,MG
"Lourdes_Belo Horizonte, Lourdes",1014127919.0,Lourdes,"Belo Horizonte, Lourdes",Lourdes,Belo Horizonte,MG
"Lourdes_Belo Horizonte, Lourdes",1362513296.0,Lourdes,"Belo Horizonte, Lourdes",Lourdes,Belo Horizonte,MG
"Lourdes_Belo Horizonte, Lourdes",1362509532.0,Lourdes,"Belo Horizonte, Lourdes",Lourdes,Belo Horizonte,MG
"Lourdes_Belo Horizonte, Lourdes",1362507822.0,Lourdes,"Belo Horizonte, Lourdes",Lourdes,Belo Horizonte,MG
"Lourdes_Belo Horizonte, Lourdes",1362507810.0,Lourdes,"Belo Horizonte, Lourdes",Lourdes,Belo Horizonte,MG
"Lourdes_Belo Horizonte, Lourdes",1362507366.0,Lourdes,"Belo Horizonte, Lourdes",Lourdes,Belo Horizonte,MG
"Lourdes_Belo Horizonte, Lourdes",1362507361.0,Lourdes,"Belo Horizonte, Lourdes",Lourdes,Belo Horizonte,MG
"Lourdes_Belo Horizonte, Lourdes",1362507265.0,Lourdes,"Belo Horizonte, Lourdes",Lourdes,Belo Horizonte,MG
"Lourdes_Belo Horizonte, Lourdes",1362507099.0,Lourdes,"Belo Horizonte, Lourdes",Lourdes,Belo Horizonte,MG
"Lourdes_Belo Horizonte, Lourdes",1362506837.0,Lourdes,"Belo Horizonte, Lourdes",Lourdes,Belo Horizonte,MG
"Lourdes_Belo Horizonte, Lourdes",1362506815.0,Lourdes,"Belo Horizonte, Lourdes",Lourdes,Belo Horizonte,MG
"Lourdes_Belo Horizonte, Lourdes",1362506812.0,Lourdes,"Belo Horizonte, Lourdes",Lourdes,Belo Horizonte,MG
"Lourdes_Belo Horizonte, Lourdes",1362506813.0,Lourdes,"Belo Horizonte, Lourdes",Lourdes,Belo Horizonte,MG
"Lourdes_Belo Horizonte, Lourdes",1362506806.0,Lourdes,"Belo Horizonte, Lourdes",Lourdes,Belo Horizonte,MG
"Lourdes_Belo Horizonte, Lourdes",1362506781.0,Lourdes,"Belo Horizonte, Lourdes",Lourdes,Belo Horizonte,MG
"Lourdes_Belo Horizonte, Lourdes",1362506779.0,Lourdes,"Belo Horizonte, Lourdes",Lourdes,Belo Horizonte,MG
"Lourdes_Belo Horizonte, Lourdes",1362506775.0,Lourdes,"Belo Horizonte, Lourdes",Lourdes,Belo Horizonte,MG
"Lourdes_Belo Horizonte, Lourdes",1362506710.0,Lourdes,"Belo Horizonte, Lourdes",Lourdes,Belo Horizonte,MG
"Lourdes_Belo Horizonte, Lourdes",1362499606.0,Lourdes,"Belo Horizonte, Lourdes",Lourdes,Belo Horizonte,MG
"Lourdes_Belo Horizonte, Lourdes",1362484733.0,Lourdes,"Belo Horizonte, Lourdes",Lourdes,Belo Horizonte,MG
"Lourdes_Belo Horizonte, Lourdes",1362451871.0,Lourdes,"Belo Horizonte, Lourdes",Lourdes,Belo Horizonte,MG
"Lourdes_Belo Horizonte, Lourdes",1362407279.0,Lourdes,"Belo Horizonte, Lourdes",Lourdes,Belo Horizonte,MG
"Lourdes_Belo Horizonte, Lourdes",1362402911.0,Lourdes,"Belo Horizonte, Lourdes",Lourdes,Belo Horizonte,MG
"Lourdes_Belo Horizonte, Lourdes",1362360051.0,Lourdes,"Belo Horizonte, Lourdes",Lourdes,Belo Horizonte,MG
"Lourdes_Belo Horizonte, Lourdes",1362360042.0,Lourdes,"Belo Horizonte, Lourdes",Lourdes,Belo Horizonte,MG
"Lourdes_Belo Horizonte, Lourdes",1362360045.0,Lourdes,"Belo Horizonte, Lourdes",Lourdes,Belo Horizonte,MG
"Lourdes_Belo Horizonte, Lourdes",1362358165.0,Lourdes,"Belo Horizonte, Lourdes",Lourdes,Belo Horizonte,MG
"Lourdes_Belo Horizonte, Lourdes",1362357891.0,Lourdes,"Belo Horizonte, Lourdes",Lourdes,Belo Horizonte,MG
"Lourdes_Belo Horizonte, Lourdes",1362357884.0,Lourdes,"Belo Horizonte, Lourdes",Lourdes,Belo Horizonte,MG
"Lourdes_Belo Horizonte, Lourdes",1362357400.0,Lourdes,"Belo Horizonte, Lourdes",Lourdes,Belo Horizonte,MG
"Lourdes_Belo Horizonte, Lourdes",1362357389.0,Lourdes,"Belo Horizonte, Lourdes",Lourdes,Belo Horizonte,MG
"Lourdes_Belo Horizonte, Lourdes",1362357370.0,Lourdes,"Belo Horizonte, Lourdes",Lourdes,Belo Horizonte,MG
"Lourdes_Belo Horizonte, Lourdes",1362357377.0,Lourdes,"Belo Horizonte, Lourdes",Lourdes,Belo Horizonte,MG
"Lourdes_Belo Horizonte, Lourdes",1362356693.0,Lourdes,"Belo Horizonte, Lourdes",Lourdes,Belo Horizonte,MG
"Lourdes_Belo Horizonte, Lourdes",1362356608.0,Lourdes,"Belo Horizonte, Lourdes",Lourdes,Belo Horizonte,MG
"Lourdes_Belo Horizonte, Lourdes",1362356585.0,Lourdes,"Belo Horizonte, Lourdes",Lourdes,Belo Horizonte,MG
"Lourdes_Belo Horizonte, Lourdes",1362356560.0,Lourdes,"Belo Horizonte, Lourdes",Lourdes,Belo Horizonte,MG
"Lourdes_Belo Horizonte, Lourdes",1362356523.0,Lourdes,"Belo Horizonte, Lourdes",Lourdes,Belo Horizonte,MG
"Lourdes_Belo Horizonte, Lourdes",1362356528.0,Lourdes,"Belo Horizonte, Lourdes",Lourdes,Belo Horizonte,MG
"Lourdes_Belo Horizonte, Lourdes",1362356541.0,Lourdes,"Belo Horizonte, Lourdes",Lourdes,Belo Horizonte,MG
"Lourdes_Belo Horizonte, Lourdes",1362356440.0,Lourdes,"Belo Horizonte, Lourdes",Lourdes,Belo Horizonte,MG
"Lourdes_Belo Horizonte, Lourdes",1362330716.0,Lourdes,"Belo Horizonte, Lourdes",Lourdes,Belo Horizonte,MG
"Lourdes_Belo Horizonte, Lourdes",1362321711.0,Lourdes,"Belo Horizonte, Lourdes",Lourdes,Belo Horizonte,MG
"Lourdes_Belo Horizonte, Lourdes",1362293697.0,Lourdes,"Belo Horizonte, Lourdes",Lourdes,Belo Horizonte,MG
"Lourdes_Belo Horizonte, Lourdes",1362292771.0,Lourdes,"Belo Horizonte, Lourdes",Lourdes,Belo Horizonte,MG
"Lourdes_Belo Horizonte, Lourdes",1362291017.0,Lourdes,"Belo Horizonte, Lourdes",Lourdes,Belo Horizonte,MG
"Lourdes_Belo Horizonte, Lourdes",1362285550.0,Lourdes,"Belo Horizonte, Lourdes",Lourdes,Belo Horizonte,MG
"Lourdes_Belo Horizonte, Lourdes",1362225532.0,Lourdes,"Belo Horizonte, Lourdes",Lourdes,Belo Horizonte,MG
"Lourdes_Belo Horizonte, Lourdes",1362204380.0,Lourdes,"Belo Horizonte, Lourdes",Lourdes,Belo Horizonte,MG
"Lourdes_Belo Horizonte, Lourdes",1362196438.0,Lourdes,"Belo Horizonte, Lourdes",Lourdes,Belo Horizonte,MG
"Lourdes_Belo Horizonte, Lourdes",1362196379.0,Lourdes,"Belo Horizonte, Lourdes",Lourdes,Belo Horizonte,MG
"Lourdes_Belo Horizonte, Lourdes",1362133182.0,Lourdes,"Belo Horizonte, Lourdes",Lourdes,Belo Horizonte,MG
"Lourdes_Belo Horizonte, Lourdes",1362131476.0,Lourdes,"Belo Horizonte, Lourdes",Lourdes,Belo Horizonte,MG
"Lourdes_Belo Horizonte, Lourdes",1362131006.0,Lourdes,"Belo Horizonte, Lourdes",Lourdes,Belo Horizonte,MG
"Lourdes_Belo Horizonte, Lourdes",1362096592.0,Lourdes,"Belo Horizonte, Lourdes",Lourdes,Belo Horizonte,MG
"Lourdes_Belo Horizonte, Lourdes",1362078022.0,Lourdes,"Belo Horizonte, Lourdes",Lourdes,Belo Horizonte,MG
"Lourdes_Belo Horizonte, Lourdes",1354913183.0,Lourdes,"Belo Horizonte, Lourdes",Lourdes,Belo Horizonte,MG
"Lourdes_Belo Horizonte, Lourdes",1362042008.0,Lourdes,"Belo Horizonte, Lourdes",Lourdes,Belo Horizonte,MG
"Lourdes_Belo Horizonte, Lourdes",1362027591.0,Lourdes,"Belo Horizonte, Lourdes",Lourdes,Belo Horizonte,MG
"Lourdes_Belo Horizonte, Lourdes",1362027247.0,Lourdes,"Belo Horizonte, Lourdes",Lourdes,Belo Horizonte,MG
"Lourdes_Belo Horizonte, Lourdes",1362021540.0,Lourdes,"Belo Horizonte, Lourdes",Lourdes,Belo Horizonte,MG
"Lourdes_Belo Horizonte, Lourdes",1361981844.0,Lourdes,"Belo Horizonte, Lourdes",Lourdes,Belo Horizonte,MG
"Lourdes_Belo Horizonte, Lourdes",1361978382.0,Lourdes,"Belo Horizonte, Lourdes",Lourdes,Belo Horizonte,MG
"Lourdes_Belo Horizonte, Lourdes",1361976300.0,Lourdes,"Belo Horizonte, Lourdes",Lourdes,Belo Horizonte,MG
"Lourdes_Belo Horizonte, Lourdes",1361967124.0,Lourdes,"Belo Horizonte, Lourdes",Lourdes,Belo Horizonte,MG
"Lourdes_Belo Horizonte, Lourdes",1361961687.0,Lourdes,"Belo Horizonte, Lourdes",Lourdes,Belo Horizonte,MG
"Lourdes_Belo Horizonte, Lourdes",1361960526.0,Lourdes,"Belo Horizonte, Lourdes",Lourdes,Belo Horizonte,MG
"Lourdes_Belo Horizonte, Lourdes",1361955300.0,Lourdes,"Belo Horizonte, Lourdes",Lourdes,Belo Horizonte,MG
"Centro_Belo Horizonte, Centro",1361953835.0,Centro,"Belo Horizonte, Centro",Centro,Belo Horizonte,MG
"Centro_Belo Horizonte, Centro",1361953408.0,Centro,"Belo Horizonte, Centro",Centro,Belo Horizonte,MG
"Centro_Belo Horizonte, Centro",1361953359.0,Centro,"Belo Horizonte, Centro",Centro,Belo Horizonte,MG
"Centro_Belo Horizonte, Centro",1361953300.0,Centro,"Belo Horizonte, Centro",Centro,Belo Horizonte,MG
"Lourdes_Belo Horizonte, Lourdes",1361953130.0,Lourdes,"Belo Horizonte, Lourdes",Lourdes,Belo Horizonte,MG
"Lourdes_Belo Horizonte, Lourdes",1361949223.0,Lourdes,"Belo Horizonte, Lourdes",Lourdes,Belo Horizonte,MG
"Lourdes_Belo Horizonte, Lourdes",1361940101.0,Lourdes,"Belo Horizonte, Lourdes",Lourdes,Belo Horizonte,MG
"Lourdes_Belo Horizonte, Lourdes",1361936438.0,Lourdes,"Belo Horizonte, Lourdes",Lourdes,Belo Horizonte,MG
"Lourdes_Belo Horizonte, Lourdes",1361935383.0,Lourdes,"Belo Horizonte, Lourdes",Lourdes,Belo Horizonte,MG
"Lourdes_Belo Horizonte, Lourdes",1361935397.0,Lourdes,"Belo Horizonte, Lourdes",Lourdes,Belo Horizonte,MG
"Lourdes_Belo Horizonte, Lourdes",1361934188.0,Lourdes,"Belo Horizonte, Lourdes",Lourdes,Belo Horizonte,MG
"Lourdes_Belo Horizonte, Lourdes",1361927048.0,Lourdes,"Belo Horizonte, Lourdes",Lourdes,Belo Horizonte,MG
"Centro_Belo Horizonte, Centro",1361904824.0,Centro,"Belo Horizonte, Centro",Centro,Belo Horizonte,MG
"Lourdes_Belo Horizonte, Lourdes",1361899631.0,Lourdes,"Belo Horizonte, Lourdes",Lourdes,Belo Horizonte,MG
"Lourdes_Belo Horizonte, Lourdes",1361883063.0,Lourdes,"Belo Horizonte, Lourdes",Lourdes,Belo Horizonte,MG
"Lourdes_Belo Horizonte, Lourdes",1361880957.0,Lourdes,"Belo Horizonte, Lourdes",Lourdes,Belo Horizonte,MG
"Lourdes_Belo Horizonte, Lourdes",1361868379.0,Lourdes,"Belo Horizonte, Lourdes",Lourdes,Belo Horizonte,MG
"Lourdes_Belo Horizonte, Lourdes",1361815869.0,Lourdes,"Belo Horizonte, Lourdes",Lourdes,Belo Horizonte,MG
"Lourdes_Belo Horizonte, Lourdes",1361779800.0,Lourdes,"Belo Horizonte, Lourdes",Lourdes,Belo Horizonte,MG
"Centro_Belo Horizonte, Centro",1101565810.0,Centro,"Belo Horizonte, Centro",Centro,Belo Horizonte,MG
"Lourdes_Belo Horizonte, Lourdes",1361746405.0,Lourdes,"Belo Horizonte, Lourdes",Lourdes,Belo Horizonte,MG
"Lourdes_Belo Horizonte, Lourdes",1361743770.0,Lourdes,"Belo Horizonte, Lourdes",Lourdes,Belo Horizonte,MG
"Centro_Belo Horizonte, Centro",1361737700.0,Centro,"Belo Horizonte, Centro",Centro,Belo Horizonte,MG
"Centro_Belo Horizonte, Centro",1361737346.0,Centro,"Belo Horizonte, Centro",Centro,Belo Horizonte,MG
"Centro_Belo Horizonte, Centro",1361732815.0,Centro,"Belo Horizonte, Centro",Centro,Belo Horizonte,MG
"Lourdes_Belo Horizonte, Lourdes",1361730719.0,Lourdes,"Belo Horizonte, Lourdes",Lourdes,Belo Horizonte,MG
"Lourdes_Belo Horizonte, Lourdes",1361730221.0,Lourdes,"Belo Horizonte, Lourdes",Lourdes,Belo Horizonte,MG
"Lourdes_Belo Horizonte, Lourdes",1361730193.0,Lourdes,"Belo Horizonte, Lourdes",Lourdes,Belo Horizonte,MG
"Lourdes_Belo Horizonte, Lourdes",1361730163.0,Lourdes,"Belo Horizonte, Lourdes",Lourdes,Belo Horizonte,MG
"Lourdes_Belo Horizonte, Lourdes",1361730185.0,Lourdes,"Belo Horizonte, Lourdes",Lourdes,Belo Horizonte,MG
"Lourdes_Belo Horizonte, Lourdes",1361730129.0,Lourdes,"Belo Horizonte, Lourdes",Lourdes,Belo Horizonte,MG
"Lourdes_Belo Horizonte, Lourdes",1361730140.0,Lourdes,"Belo Horizonte, Lourdes",Lourdes,Belo Horizonte,MG
"Lourdes_Belo Horizonte, Lourdes",1361730145.0,Lourdes,"Belo Horizonte, Lourdes",Lourdes,Belo Horizonte,MG
"Lourdes_Belo Horizonte, Lourdes",1361730110.0,Lourdes,"Belo Horizonte, Lourdes",Lourdes,Belo Horizonte,MG
"Lourdes_Belo Horizonte, Lourdes",1361730092.0,Lourdes,"Belo Horizonte, Lourdes",Lourdes,Belo Horizonte,MG
"Lourdes_Belo Horizonte, Lourdes",1361730094.0,Lourdes,"Belo Horizonte, Lourdes",Lourdes,Belo Horizonte,MG
"Lourdes_Belo Horizonte, Lourdes",1361730102.0,Lourdes,"Belo Horizonte, Lourdes",Lourdes,Belo Horizonte,MG
"Lourdes_Belo Horizonte, Lourdes",1361730105.0,Lourdes,"Belo Horizonte, Lourdes",Lourdes,Belo Horizonte,MG
"Lourdes_Belo Horizonte, Lourdes",1361730053.0,Lourdes,"Belo Horizonte, Lourdes",Lourdes,Belo Horizonte,MG
"Lourdes_Belo Horizonte, Lourdes",1361730054.0,Lourdes,"Belo Horizonte, Lourdes",Lourdes,Belo Horizonte,MG
"Centro_Belo Horizonte, Centro",1361727759.0,Centro,"Belo Horizonte, Centro",Centro,Belo Horizonte,MG
"Centro_Belo Horizonte, Centro",1361704525.0,Centro,"Belo Horizonte, Centro",Centro,Belo Horizonte,MG
"Lourdes_Belo Horizonte, Lourdes",1361698677.0,Lourdes,"Belo Horizonte, Lourdes",Lourdes,Belo Horizonte,MG
"Lourdes_Belo Horizonte, Lourdes",1361693352.0,Lourdes,"Belo Horizonte, Lourdes",Lourdes,Belo Horizonte,MG
"Lourdes_Belo Horizonte, Lourdes",1361692899.0,Lourdes,"Belo Horizonte, Lourdes",Lourdes,Belo Horizonte,MG
"Lourdes_Belo Horizonte, Lourdes",1361692803.0,Lourdes,"Belo Horizonte, Lourdes",Lourdes,Belo Horizonte,MG
"Lourdes_Belo Horizonte, Lourdes",1361667842.0,Lourdes,"Belo Horizonte, Lourdes",Lourdes,Belo Horizonte,MG
"Lourdes_Belo Horizonte, Lourdes",1361657796.0,Lourdes,"Belo Horizonte, Lourdes",Lourdes,Belo Horizonte,MG
"Lourdes_Belo Horizonte, Lourdes",1361654109.0,Lourdes,"Belo Horizonte, Lourdes",Lourdes,Belo Horizonte,MG
"Lourdes_Belo Horizonte, Lourdes",1361647448.0,Lourdes,"Belo Horizonte, Lourdes",Lourdes,Belo Horizonte,MG
"Lourdes_Belo Horizonte, Lourdes",1361647194.0,Lourdes,"Belo Horizonte, Lourdes",Lourdes,Belo Horizonte,MG
"Lourdes_Belo Horizonte, Lourdes",1361645392.0,Lourdes,"Belo Horizonte, Lourdes",Lourdes,Belo Horizonte,MG
"Lourdes_Belo Horizonte, Lourdes",1361641705.0,Lourdes,"Belo Horizonte, Lourdes",Lourdes,Belo Horizonte,MG
"Lourdes_Belo Horizonte, Lourdes",1361640636.0,Lourdes,"Belo Horizonte, Lourdes",Lourdes,Belo Horizonte,MG
"Lourdes_Belo Horizonte, Lourdes",1361640606.0,Lourdes,"Belo Horizonte, Lourdes",Lourdes,Belo Horizonte,MG
"Lourdes_Belo Horizonte, Lourdes",1361637549.0,Lourdes,"Belo Horizonte, Lourdes",Lourdes,Belo Horizonte,MG
"Lourdes_Belo Horizonte, Lourdes",1361635840.0,Lourdes,"Belo Horizonte, Lourdes",Lourdes,Belo Horizonte,MG
"Lourdes_Belo Horizonte, Lourdes",1361633385.0,Lourdes,"Belo Horizonte, Lourdes",Lourdes,Belo Horizonte,MG
"Lourdes_Belo Horizonte, Lourdes",1361613521.0,Lourdes,"Belo Horizonte, Lourdes",Lourdes,Belo Horizonte,MG
"Lourdes_Belo Horizonte, Lourdes",1361613441.0,Lourdes,"Belo Horizonte, Lourdes",Lourdes,Belo Horizonte,MG
"Lourdes_Belo Horizonte, Lourdes",1361613204.0,Lourdes,"Belo Horizonte, Lourdes",Lourdes,Belo Horizonte,MG
"Lourdes_Belo Horizonte, Lourdes",1361613184.0,Lourdes,"Belo Horizonte, Lourdes",Lourdes,Belo Horizonte,MG
"Lourdes_Belo Horizonte, Lourdes",1361610016.0,Lourdes,"Belo Horizonte, Lourdes",Lourdes,Belo Horizonte,MG
"Lourdes_Belo Horizonte, Lourdes",1361609910.0,Lourdes,"Belo Horizonte, Lourdes",Lourdes,Belo Horizonte,MG
"Lourdes_Belo Horizonte, Lourdes",1361575460.0,Lourdes,"Belo Horizonte, Lourdes",Lourdes,Belo Horizonte,MG
"Lourdes_Belo Horizonte, Lourdes",1361574564.0,Lourdes,"Belo Horizonte, Lourdes",Lourdes,Belo Horizonte,MG
"Lourdes_Belo Horizonte, Lourdes",1361459230.0,Lourdes,"Belo Horizonte, Lourdes",Lourdes,Belo Horizonte,MG
"Lourdes_Belo Horizonte, Lourdes",1361310547.0,Lourdes,"Belo Horizonte, Lourdes",Lourdes,Belo Horizonte,MG
"Lourdes_Belo Horizonte, Lourdes",1361306851.0,Lourdes,"Belo Horizonte, Lourdes",Lourdes,Belo Horizonte,MG
"Lourdes_Belo Horizonte, Lourdes",1361136791.0,Lourdes,"Belo Horizonte, Lourdes",Lourdes,Belo Horizonte,MG
"Lourdes_Belo Horizonte, Lourdes",1361135985.0,Lourdes,"Belo Horizonte, Lourdes",Lourdes,Belo Horizonte,MG
"Lourdes_Belo Horizonte, Lourdes",1361135874.0,Lourdes,"Belo Horizonte, Lourdes",Lourdes,Belo Horizonte,MG
"Lourdes_Belo Horizonte, Lourdes",1261848979.0,Lourdes,"Belo Horizonte, Lourdes",Lourdes,Belo Horizonte,MG
"Lourdes_Belo Horizonte, Lourdes",1328642091.0,Lourdes,"Belo Horizonte, Lourdes",Lourdes,Belo Horizonte,MG
"Lourdes_Belo Horizonte, Lourdes",1361105250.0,Lourdes,"Belo Horizonte, Lourdes",Lourdes,Belo Horizonte,MG
"Lourdes_Belo Horizonte, Lourdes",1360974565.0,Lourdes,"Belo Horizonte, Lourdes",Lourdes,Belo Horizonte,MG
"Lourdes_Belo Horizonte, Lourdes",1360970506.0,Lourdes,"Belo Horizonte, Lourdes",Lourdes,Belo Horizonte,MG
"Lourdes_Belo Horizonte, Lourdes",1360890731.0,Lourdes,"Belo Horizonte, Lourdes",Lourdes,Belo Horizonte,MG
"Cidade Jardim_Belo Horizonte, Cidade Jardim",1360783610.0,Cidade Jardim,"Belo Horizonte, Cidade Jardim",Cidade Jardim,Belo Horizonte,MG
"Lourdes_Belo Horizonte, Lourdes",1360761751.0,Lourdes,"Belo Horizonte, Lourdes",Lourdes,Belo Horizonte,MG
"Lourdes_Belo Horizonte, Lourdes",1360745777.0,Lourdes,"Belo Horizonte, Lourdes",Lourdes,Belo Horizonte,MG
"Lourdes_Belo Horizonte, Lourdes",1360715134.0,Lourdes,"Belo Horizonte, Lourdes",Lourdes,Belo Horizonte,MG
"Centro_Belo Horizonte, Centro",1360703991.0,Centro,"Belo Horizonte, Centro",Centro,Belo Horizonte,MG
"Lourdes_Belo Horizonte, Lourdes",1360703451.0,Lourdes,"Belo Horizonte, Lourdes",Lourdes,Belo Horizonte,MG
"Lourdes_Belo Horizonte, Lourdes",1360703321.0,Lourdes,"Belo Horizonte, Lourdes",Lourdes,Belo Horizonte,MG
"Lourdes_Belo Horizonte, Lourdes",1360703132.0,Lourdes,"Belo Horizonte, Lourdes",Lourdes,Belo Horizonte,MG
"Lourdes_Belo Horizonte, Lourdes",1360703057.0,Lourdes,"Belo Horizonte, Lourdes",Lourdes,Belo Horizonte,MG
"Lourdes_Belo Horizonte, Lourdes",1360702886.0,Lourdes,"Belo Horizonte, Lourdes",Lourdes,Belo Horizonte,MG
"Lourdes_Belo Horizonte, Lourdes",1360702440.0,Lourdes,"Belo Horizonte, Lourdes",Lourdes,Belo Horizonte,MG
"Lourdes_Belo Horizonte, Lourdes",1360702431.0,Lourdes,"Belo Horizonte, Lourdes",Lourdes,Belo Horizonte,MG
"Lourdes_Belo Horizonte, Lourdes",1360701820.0,Lourdes,"Belo Horizonte, Lourdes",Lourdes,Belo Horizonte,MG
"Lourdes_Belo Horizonte, Lourdes",1360698147.0,Lourdes,"Belo Horizonte, Lourdes",Lourdes,Belo Horizonte,MG
"Lourdes_Belo Horizonte, Lourdes",1360696523.0,Lourdes,"Belo Horizonte, Lourdes",Lourdes,Belo Horizonte,MG
"Lourdes_Belo Horizonte, Lourdes",1360689592.0,Lourdes,"Belo Horizonte, Lourdes",Lourdes,Belo Horizonte,MG
"Lourdes_Belo Horizonte, Lourdes",1360635955.0,Lourdes,"Belo Horizonte, Lourdes",Lourdes,Belo Horizonte,MG
"Lourdes_Belo Horizonte, Lourdes",1360635236.0,Lourdes,"Belo Horizonte, Lourdes",Lourdes,Belo Horizonte,MG
"Lourdes_Belo Horizonte, Lourdes",1360635133.0,Lourdes,"Belo Horizonte, Lourdes",Lourdes,Belo Horizonte,MG
"Lourdes_Belo Horizonte, Lourdes",1360635035.0,Lourdes,"Belo Horizonte, Lourdes",Lourdes,Belo Horizonte,MG
"Lourdes_Belo Horizonte, Lourdes",1360634989.0,Lourdes,"Belo Horizonte, Lourdes",Lourdes,Belo Horizonte,MG
"Lourdes_Belo Horizonte, Lourdes",1360634965.0,Lourdes,"Belo Horizonte, Lourdes",Lourdes,Belo Horizonte,MG
"Lourdes_Belo Horizonte, Lourdes",1360634882.0,Lourdes,"Belo Horizonte, Lourdes",Lourdes,Belo Horizonte,MG
"Lourdes_Belo Horizonte, Lourdes",1360634853.0,Lourdes,"Belo Horizonte, Lourdes",Lourdes,Belo Horizonte,MG
"Lourdes_Belo Horizonte, Lourdes",1360634805.0,Lourdes,"Belo Horizonte, Lourdes",Lourdes,Belo Horizonte,MG
"Lourdes_Belo Horizonte, Lourdes",1360634810.0,Lourdes,"Belo Horizonte, Lourdes",Lourdes,Belo Horizonte,MG
"Lourdes_Belo Horizonte, Lourdes",1360634790.0,Lourdes,"Belo Horizonte, Lourdes",Lourdes,Belo Horizonte,MG
"Lourdes_Belo Horizonte, Lourdes",1360634765.0,Lourdes,"Belo Horizonte, Lourdes",Lourdes,Belo Horizonte,MG
"Lourdes_Belo Horizonte, Lourdes",1360634718.0,Lourdes,"Belo Horizonte, Lourdes",Lourdes,Belo Horizonte,MG
"Lourdes_Belo Horizonte, Lourdes",1360590785.0,Lourdes,"Belo Horizonte, Lourdes",Lourdes,Belo Horizonte,MG
"Lourdes_Belo Horizonte, Lourdes",1360533207.0,Lourdes,"Belo Horizonte, Lourdes",Lourdes,Belo Horizonte,MG
"Lourdes_Belo Horizonte, Lourdes",1360500773.0,Lourdes,"Belo Horizonte, Lourdes",Lourdes,Belo Horizonte,MG
"Lourdes_Belo Horizonte, Lourdes",1360499926.0,Lourdes,"Belo Horizonte, Lourdes",Lourdes,Belo Horizonte,MG
"Lourdes_Belo Horizonte, Lourdes",1360480583.0,Lourdes,"Belo Horizonte, Lourdes",Lourdes,Belo Horizonte,MG
"Lourdes_Belo Horizonte, Lourdes",1360476023.0,Lourdes,"Belo Horizonte, Lourdes",Lourdes,Belo Horizonte,MG
"Lourdes_Belo Horizonte, Lourdes",1360475938.0,Lourdes,"Belo Horizonte, Lourdes",Lourdes,Belo Horizonte,MG
"Lourdes_Belo Horizonte, Lourdes",1360457649.0,Lourdes,"Belo Horizonte, Lourdes",Lourdes,Belo Horizonte,MG
"Lourdes_Belo Horizonte, Lourdes",1360457317.0,Lourdes,"Belo Horizonte, Lourdes",Lourdes,Belo Horizonte,MG
"Lourdes_Belo Horizonte, Lourdes",1360456363.0,Lourdes,"Belo Horizonte, Lourdes",Lourdes,Belo Horizonte,MG
"Lourdes_Belo Horizonte, Lourdes",1360433851.0,Lourdes,"Belo Horizonte, Lourdes",Lourdes,Belo Horizonte,MG
"Lourdes_Belo Horizonte, Lourdes",1360431447.0,Lourdes,"Belo Horizonte, Lourdes",Lourdes,Belo Horizonte,MG
"Lourdes_Belo Horizonte, Lourdes",1360428109.0,Lourdes,"Belo Horizonte, Lourdes",Lourdes,Belo Horizonte,MG
"Lourdes_Belo Horizonte, Lourdes",1360416158.0,Lourdes,"Belo Horizonte, Lourdes",Lourdes,Belo Horizonte,MG
"Lourdes_Belo Horizonte, Lourdes",1360391194.0,Lourdes,"Belo Horizonte, Lourdes",Lourdes,Belo Horizonte,MG
"Lourdes_Belo Horizonte, Lourdes",1360381345.0,Lourdes,"Belo Horizonte, Lourdes",Lourdes,Belo Horizonte,MG
"Lourdes_Belo Horizonte, Lourdes",1360336822.0,Lourdes,"Belo Horizonte, Lourdes",Lourdes,Belo Horizonte,MG
"Lourdes_Belo Horizonte, Lourdes",1360248051.0,Lourdes,"Belo Horizonte, Lourdes",Lourdes,Belo Horizonte,MG
"Lourdes_Belo Horizonte, Lourdes",1360247947.0,Lourdes,"Belo Horizonte, Lourdes",Lourdes,Belo Horizonte,MG
"Lourdes_Belo Horizonte, Lourdes",1360247875.0,Lourdes,"Belo Horizonte, Lourdes",Lourdes,Belo Horizonte,MG
"Lourdes_Belo Horizonte, Lourdes",1360221348.0,Lourdes,"Belo Horizonte, Lourdes",Lourdes,Belo Horizonte,MG
"Lourdes_Belo Horizonte, Lourdes",1360220745.0,Lourdes,"Belo Horizonte, Lourdes",Lourdes,Belo Horizonte,MG
"Lourdes_Belo Horizonte, Lourdes",1360154277.0,Lourdes,"Belo Horizonte, Lourdes",Lourdes,Belo Horizonte,MG
"Lourdes_Belo Horizonte, Lourdes",1360154352.0,Lourdes,"Belo Horizonte, Lourdes",Lourdes,Belo Horizonte,MG
"Lourdes_Belo Horizonte, Lourdes",1360154694.0,Lourdes,"Belo Horizonte, Lourdes",Lourdes,Belo Horizonte,MG
"Lourdes_Belo Horizonte, Lourdes",1360148278.0,Lourdes,"Belo Horizonte, Lourdes",Lourdes,Belo Horizonte,MG
"Lourdes_Belo Horizonte, Lourdes",1360143740.0,Lourdes,"Belo Horizonte, Lourdes",Lourdes,Belo Horizonte,MG
"Lourdes_Belo Horizonte, Lourdes",1360124402.0,Lourdes,"Belo Horizonte, Lourdes",Lourdes,Belo Horizonte,MG
"Lourdes_Belo Horizonte, Lourdes",1360017536.0,Lourdes,"Belo Horizonte, Lourdes",Lourdes,Belo Horizonte,MG
"Centro_Belo Horizonte, Centro",1360010808.0,Centro,"Belo Horizonte, Centro",Centro,Belo Horizonte,MG
"Centro_Belo Horizonte, Centro",1360010688.0,Centro,"Belo Horizonte, Centro",Centro,Belo Horizonte,MG
"Lourdes_Belo Horizonte, Lourdes",1359992209.0,Lourdes,"Belo Horizonte, Lourdes",Lourdes,Belo Horizonte,MG
"Lourdes_Belo Horizonte, Lourdes",1359947089.0,Lourdes,"Belo Horizonte, Lourdes",Lourdes,Belo Horizonte,MG
"Lourdes_Belo Horizonte, Lourdes",1359884134.0,Lourdes,"Belo Horizonte, Lourdes",Lourdes,Belo Horizonte,MG
"Lourdes_Belo Horizonte, Lourdes",1359880023.0,Lourdes,"Belo Horizonte, Lourdes",Lourdes,Belo Horizonte,MG
"Lourdes_Belo Horizonte, Lourdes",1359879852.0,Lourdes,"Belo Horizonte, Lourdes",Lourdes,Belo Horizonte,MG
"Lourdes_Belo Horizonte, Lourdes",1359879853.0,Lourdes,"Belo Horizonte, Lourdes",Lourdes,Belo Horizonte,MG
"Lourdes_Belo Horizonte, Lourdes",1359851014.0,Lourdes,"Belo Horizonte, Lourdes",Lourdes,Belo Horizonte,MG
"Lourdes_Belo Horizonte, Lourdes",1359850894.0,Lourdes,"Belo Horizonte, Lourdes",Lourdes,Belo Horizonte,MG
"Lourdes_Belo Horizonte, Lourdes",1359850893.0,Lourdes,"Belo Horizonte, Lourdes",Lourdes,Belo Horizonte,MG
"Lourdes_Belo Horizonte, Lourdes",1359850890.0,Lourdes,"Belo Horizonte, Lourdes",Lourdes,Belo Horizonte,MG
"Lourdes_Belo Horizonte, Lourdes",1359838303.0,Lourdes,"Belo Horizonte, Lourdes",Lourdes,Belo Horizonte,MG
"Lourdes_Belo Horizonte, Lourdes",1359816013.0,Lourdes,"Belo Horizonte, Lourdes",Lourdes,Belo Horizonte,MG
"Lourdes_Belo Horizonte, Lourdes",1359808069.0,Lourdes,"Belo Horizonte, Lourdes",Lourdes,Belo Horizonte,MG
"Centro_Belo Horizonte, Centro",1236172716.0,Centro,"Belo Horizonte, Centro",Centro,Belo Horizonte,MG
"Lourdes_Belo Horizonte, Lourdes",1359779645.0,Lourdes,"Belo Horizonte, Lourdes",Lourdes,Belo Horizonte,MG
"Lourdes_Belo Horizonte, Lourdes",1359745139.0,Lourdes,"Belo Horizonte, Lourdes",Lourdes,Belo Horizonte,MG
"Lourdes_Belo Horizonte, Lourdes",1355752283.0,Lourdes,"Belo Horizonte, Lourdes",Lourdes,Belo Horizonte,MG
"Lourdes_Belo Horizonte, Lourdes",1359692794.0,Lourdes,"Belo Horizonte, Lourdes",Lourdes,Belo Horizonte,MG
"Lourdes_Belo Horizonte, Lourdes",1359690868.0,Lourdes,"Belo Horizonte, Lourdes",Lourdes,Belo Horizonte,MG
"Lourdes_Belo Horizonte, Lourdes",1359668998.0,Lourdes,"Belo Horizonte, Lourdes",Lourdes,Belo Horizonte,MG
"Lourdes_Belo Horizonte, Lourdes",1359669103.0,Lourdes,"Belo Horizonte, Lourdes",Lourdes,Belo Horizonte,MG
"Centro_Belo Horizonte, Centro",1359666863.0,Centro,"Belo Horizonte, Centro",Centro,Belo Horizonte,MG
"Lourdes_Belo Horizonte, Lourdes",1359620504.0,Lourdes,"Belo Horizonte, Lourdes",Lourdes,Belo Horizonte,MG
"Lourdes_Belo Horizonte, Lourdes",1359610026.0,Lourdes,"Belo Horizonte, Lourdes",Lourdes,Belo Horizonte,MG
"Lourdes_Belo Horizonte, Lourdes",1359592680.0,Lourdes,"Belo Horizonte, Lourdes",Lourdes,Belo Horizonte,MG
"Lourdes_Belo Horizonte, Lourdes",1359592600.0,Lourdes,"Belo Horizonte, Lourdes",Lourdes,Belo Horizonte,MG
"Lourdes_Belo Horizonte, Lourdes",1359542431.0,Lourdes,"Belo Horizonte, Lourdes",Lourdes,Belo Horizonte,MG
"Lourdes_Belo Horizonte, Lourdes",1359511064.0,Lourdes,"Belo Horizonte, Lourdes",Lourdes,Belo Horizonte,MG
"Lourdes_Belo Horizonte, Lourdes",1359338260.0,Lourdes,"Belo Horizonte, Lourdes",Lourdes,Belo Horizonte,MG
"Lourdes_Belo Horizonte, Lourdes",1253410424.0,Lourdes,"Belo Horizonte, Lourdes",Lourdes,Belo Horizonte,MG
"Lourdes_Belo Horizonte, Lourdes",1342592473.0,Lourdes,"Belo Horizonte, Lourdes",Lourdes,Belo Horizonte,MG
"Lourdes_Belo Horizonte, Lourdes",1359263394.0,Lourdes,"Belo Horizonte, Lourdes",Lourdes,Belo Horizonte,MG
"Lourdes_Belo Horizonte, Lourdes",1359223338.0,Lourdes,"Belo Horizonte, Lourdes",Lourdes,Belo Horizonte,MG
"Centro_Belo Horizonte, Centro",1358971172.0,Centro,"Belo Horizonte, Centro",Centro,Belo Horizonte,MG
"Centro_Belo Horizonte, Centro",1358971155.0,Centro,"Belo Horizonte, Centro",Centro,Belo Horizonte,MG
"Lourdes_Belo Horizonte, Lourdes",1358851782.0,Lourdes,"Belo Horizonte, Lourdes",Lourdes,Belo Horizonte,MG
"Centro_Belo Horizonte, Centro",1358838926.0,Centro,"Belo Horizonte, Centro",Centro,Belo Horizonte,MG
"Lourdes_Belo Horizonte, Lourdes",1358801420.0,Lourdes,"Belo Horizonte, Lourdes",Lourdes,Belo Horizonte,MG
"Lourdes_Belo Horizonte, Lourdes",1358801041.0,Lourdes,"Belo Horizonte, Lourdes",Lourdes,Belo Horizonte,MG
"Lourdes_Belo Horizonte, Lourdes",1358799382.0,Lourdes,"Belo Horizonte, Lourdes",Lourdes,Belo Horizonte,MG
"Lourdes_Belo Horizonte, Lourdes",1358799371.0,Lourdes,"Belo Horizonte, Lourdes",Lourdes,Belo Horizonte,MG
"Lourdes_Belo Horizonte, Lourdes",1358795345.0,Lourdes,"Belo Horizonte, Lourdes",Lourdes,Belo Horizonte,MG
"Lourdes_Belo Horizonte, Lourdes",1358795137.0,Lourdes,"Belo Horizonte, Lourdes",Lourdes,Belo Horizonte,MG
"Lourdes_Belo Horizonte, Lourdes",1358776555.0,Lourdes,"Belo Horizonte, Lourdes",Lourdes,Belo Horizonte,MG
"Lourdes_Belo Horizonte, Lourdes",1358770152.0,Lourdes,"Belo Horizonte, Lourdes",Lourdes,Belo Horizonte,MG
"Lourdes_Belo Horizonte, Lourdes",1358768507.0,Lourdes,"Belo Horizonte, Lourdes",Lourdes,Belo Horizonte,MG
"Lourdes_Belo Horizonte, Lourdes",1358745820.0,Lourdes,"Belo Horizonte, Lourdes",Lourdes,Belo Horizonte,MG
"Lourdes_Belo Horizonte, Lourdes",1358745442.0,Lourdes,"Belo Horizonte, Lourdes",Lourdes,Belo Horizonte,MG
"Lourdes_Belo Horizonte, Lourdes",1358745389.0,Lourdes,"Belo Horizonte, Lourdes",Lourdes,Belo Horizonte,MG
"Lourdes_Belo Horizonte, Lourdes",1358745277.0,Lourdes,"Belo Horizonte, Lourdes",Lourdes,Belo Horizonte,MG
"Lourdes_Belo Horizonte, Lourdes",1358745272.0,Lourdes,"Belo Horizonte, Lourdes",Lourdes,Belo Horizonte,MG
"Lourdes_Belo Horizonte, Lourdes",1358745267.0,Lourdes,"Belo Horizonte, Lourdes",Lourdes,Belo Horizonte,MG
"Lourdes_Belo Horizonte, Lourdes",1358736804.0,Lourdes,"Belo Horizonte, Lourdes",Lourdes,Belo Horizonte,MG
"Lourdes_Belo Horizonte, Lourdes",1358686978.0,Lourdes,"Belo Horizonte, Lourdes",Lourdes,Belo Horizonte,MG
"Centro_Belo Horizonte, Centro",1358683440.0,Centro,"Belo Horizonte, Centro",Centro,Belo Horizonte,MG
"Lourdes_Belo Horizonte, Lourdes",1358667699.0,Lourdes,"Belo Horizonte, Lourdes",Lourdes,Belo Horizonte,MG
"Lourdes_Belo Horizonte, Lourdes",1358667473.0,Lourdes,"Belo Horizonte, Lourdes",Lourdes,Belo Horizonte,MG
"Lourdes_Belo Horizonte, Lourdes",1358667164.0,Lourdes,"Belo Horizonte, Lourdes",Lourdes,Belo Horizonte,MG
"Lourdes_Belo Horizonte, Lourdes",1358666941.0,Lourdes,"Belo Horizonte, Lourdes",Lourdes,Belo Horizonte,MG
"Lourdes_Belo Horizonte, Lourdes",1358666913.0,Lourdes,"Belo Horizonte, Lourdes",Lourdes,Belo Horizonte,MG
"Lourdes_Belo Horizonte, Lourdes",1358666819.0,Lourdes,"Belo Horizonte, Lourdes",Lourdes,Belo Horizonte,MG
"Lourdes_Belo Horizonte, Lourdes",1358666337.0,Lourdes,"Belo Horizonte, Lourdes",Lourdes,Belo Horizonte,MG
"Lourdes_Belo Horizonte, Lourdes",1358666293.0,Lourdes,"Belo Horizonte, Lourdes",Lourdes,Belo Horizonte,MG
"Lourdes_Belo Horizonte, Lourdes",1358666222.0,Lourdes,"Belo Horizonte, Lourdes",Lourdes,Belo Horizonte,MG
"Lourdes_Belo Horizonte, Lourdes",1358666112.0,Lourdes,"Belo Horizonte, Lourdes",Lourdes,Belo Horizonte,MG
"Lourdes_Belo Horizonte, Lourdes",1358665716.0,Lourdes,"Belo Horizonte, Lourdes",Lourdes,Belo Horizonte,MG
"Lourdes_Belo Horizonte, Lourdes",1358665709.0,Lourdes,"Belo Horizonte, Lourdes",Lourdes,Belo Horizonte,MG
"Lourdes_Belo Horizonte, Lourdes",1358648716.0,Lourdes,"Belo Horizonte, Lourdes",Lourdes,Belo Horizonte,MG
"Lourdes_Belo Horizonte, Lourdes",1358630691.0,Lourdes,"Belo Horizonte, Lourdes",Lourdes,Belo Horizonte,MG
"Lourdes_Belo Horizonte, Lourdes",1358629417.0,Lourdes,"Belo Horizonte, Lourdes",Lourdes,Belo Horizonte,MG
"Santo Antônio_Belo Horizonte, Santo Antônio",1358555654.0,Santo Antônio,"Belo Horizonte, Santo Antônio",Santo Antônio,Belo Horizonte,MG
"Lourdes_Belo Horizonte, Lourdes",1358542574.0,Lourdes,"Belo Horizonte, Lourdes",Lourdes,Belo Horizonte,MG
"Lourdes_Belo Horizonte, Lourdes",1358534439.0,Lourdes,"Belo Horizonte, Lourdes",Lourdes,Belo Horizonte,MG
"Lourdes_Belo Horizonte, Lourdes",1358510160.0,Lourdes,"Belo Horizonte, Lourdes",Lourdes,Belo Horizonte,MG
"Lourdes_Belo Horizonte, Lourdes",1358507108.0,Lourdes,"Belo Horizonte, Lourdes",Lourdes,Belo Horizonte,MG
"Lourdes_Belo Horizonte, Lourdes",1358505684.0,Lourdes,"Belo Horizonte, Lourdes",Lourdes,Belo Horizonte,MG
"Lourdes_Belo Horizonte, Lourdes",1358483401.0,Lourdes,"Belo Horizonte, Lourdes",Lourdes,Belo Horizonte,MG
"Centro_Belo Horizonte, Centro",1358473715.0,Centro,"Belo Horizonte, Centro",Centro,Belo Horizonte,MG
"Lourdes_Belo Horizonte, Lourdes",1358314817.0,Lourdes,"Belo Horizonte, Lourdes",Lourdes,Belo Horizonte,MG
"Lourdes_Belo Horizonte, Lourdes",1358251027.0,Lourdes,"Belo Horizonte, Lourdes",Lourdes,Belo Horizonte,MG
"Lourdes_Belo Horizonte, Lourdes",1358209752.0,Lourdes,"Belo Horizonte, Lourdes",Lourdes,Belo Horizonte,MG
"Lourdes_Belo Horizonte, Lourdes",1358203295.0,Lourdes,"Belo Horizonte, Lourdes",Lourdes,Belo Horizonte,MG
"Lourdes_Belo Horizonte, Lourdes",1358201963.0,Lourdes,"Belo Horizonte, Lourdes",Lourdes,Belo Horizonte,MG
"Lourdes_Belo Horizonte, Lourdes",1358194593.0,Lourdes,"Belo Horizonte, Lourdes",Lourdes,Belo Horizonte,MG
"Lourdes_Belo Horizonte, Lourdes",1358165231.0,Lourdes,"Belo Horizonte, Lourdes",Lourdes,Belo Horizonte,MG
"Centro_Belo Horizonte, Centro",1358164569.0,Centro,"Belo Horizonte, Centro",Centro,Belo Horizonte,MG
"Lourdes_Belo Horizonte, Lourdes",1358164452.0,Lourdes,"Belo Horizonte, Lourdes",Lourdes,Belo Horizonte,MG
"Centro_Belo Horizonte, Centro",1358163720.0,Centro,"Belo Horizonte, Centro",Centro,Belo Horizonte,MG
"Lourdes_Belo Horizonte, Lourdes",1358155665.0,Lourdes,"Belo Horizonte, Lourdes",Lourdes,Belo Horizonte,MG
"Santo Agostinho_Belo Horizonte, Santo Agostinho",1358147681.0,Santo Agostinho,"Belo Horizonte, Santo Agostinho",Santo Agostinho,Belo Horizonte,MG
"Lourdes_Belo Horizonte, Lourdes",1358025478.0,Lourdes,"Belo Horizonte, Lourdes",Lourdes,Belo Horizonte,MG
"Lourdes_Belo Horizonte, Lourdes",1358015537.0,Lourdes,"Belo Horizonte, Lourdes",Lourdes,Belo Horizonte,MG
"Centro_Belo Horizonte, Centro",1358005677.0,Centro,"Belo Horizonte, Centro",Centro,Belo Horizonte,MG
"Lourdes_Belo Horizonte, Lourdes",1358004426.0,Lourdes,"Belo Horizonte, Lourdes",Lourdes,Belo Horizonte,MG
"Lourdes_Belo Horizonte, Lourdes",1357970865.0,Lourdes,"Belo Horizonte, Lourdes",Lourdes,Belo Horizonte,MG
"Lourdes_Belo Horizonte, Lourdes",1357961059.0,Lourdes,"Belo Horizonte, Lourdes",Lourdes,Belo Horizonte,MG
"Centro_Belo Horizonte, Centro",1357881156.0,Centro,"Belo Horizonte, Centro",Centro,Belo Horizonte,MG
"Santo Antônio_Belo Horizonte, Santo Antônio",1357869466.0,Santo Antônio,"Belo Horizonte, Santo Antônio",Santo Antônio,Belo Horizonte,MG
"Lourdes_Belo Horizonte, Lourdes",1357860929.0,Lourdes,"Belo Horizonte, Lourdes",Lourdes,Belo Horizonte,MG
"Lourdes_Belo Horizonte, Lourdes",1357742618.0,Lourdes,"Belo Horizonte, Lourdes",Lourdes,Belo Horizonte,MG
"Lourdes_Belo Horizonte, Lourdes",1357734445.0,Lourdes,"Belo Horizonte, Lourdes",Lourdes,Belo Horizonte,MG
"Lourdes_Belo Horizonte, Lourdes",1357734367.0,Lourdes,"Belo Horizonte, Lourdes",Lourdes,Belo Horizonte,MG
"Lourdes_Belo Horizonte, Lourdes",1357651832.0,Lourdes,"Belo Horizonte, Lourdes",Lourdes,Belo Horizonte,MG
"Lourdes_Belo Horizonte, Lourdes",1357554019.0,Lourdes,"Belo Horizonte, Lourdes",Lourdes,Belo Horizonte,MG
"Lourdes_Belo Horizonte, Lourdes",1357552935.0,Lourdes,"Belo Horizonte, Lourdes",Lourdes,Belo Horizonte,MG
"Santo Antônio_Belo Horizonte, Santo Antônio",1357532136.0,Santo Antônio,"Belo Horizonte, Santo Antônio",Santo Antônio,Belo Horizonte,MG
"Lourdes_Belo Horizonte, Lourdes",1357531641.0,Lourdes,"Belo Horizonte, Lourdes",Lourdes,Belo Horizonte,MG
"Lourdes_Belo Horizonte, Lourdes",1357435572.0,Lourdes,"Belo Horizonte, Lourdes",Lourdes,Belo Horizonte,MG
"Lourdes_Belo Horizonte, Lourdes",1357358008.0,Lourdes,"Belo Horizonte, Lourdes",Lourdes,Belo Horizonte,MG
"Lourdes_Belo Horizonte, Lourdes",1357334215.0,Lourdes,"Belo Horizonte, Lourdes",Lourdes,Belo Horizonte,MG
"Lourdes_Belo Horizonte, Lourdes",1357093082.0,Lourdes,"Belo Horizonte, Lourdes",Lourdes,Belo Horizonte,MG
"Centro_Belo Horizonte, Centro",1357013559.0,Centro,"Belo Horizonte, Centro",Centro,Belo Horizonte,MG
"Centro_Belo Horizonte, Centro",1357013552.0,Centro,"Belo Horizonte, Centro",Centro,Belo Horizonte,MG
"Centro_Belo Horizonte, Centro",1357013520.0,Centro,"Belo Horizonte, Centro",Centro,Belo Horizonte,MG
"Centro_Belo Horizonte, Centro",1356951860.0,Centro,"Belo Horizonte, Centro",Centro,Belo Horizonte,MG
"Lourdes_Belo Horizonte, Lourdes",1356950252.0,Lourdes,"Belo Horizonte, Lourdes",Lourdes,Belo Horizonte,MG
"Lourdes_Belo Horizonte, Lourdes",1356937289.0,Lourdes,"Belo Horizonte, Lourdes",Lourdes,Belo Horizonte,MG
"Lourdes_Belo Horizonte, Lourdes",1356932560.0,Lourdes,"Belo Horizonte, Lourdes",Lourdes,Belo Horizonte,MG
"Lourdes_Belo Horizonte, Lourdes",1356903600.0,Lourdes,"Belo Horizonte, Lourdes",Lourdes,Belo Horizonte,MG
"Lourdes_Belo Horizonte, Lourdes",1356894469.0,Lourdes,"Belo Horizonte, Lourdes",Lourdes,Belo Horizonte,MG
"Lourdes_Belo Horizonte, Lourdes",1356893972.0,Lourdes,"Belo Horizonte, Lourdes",Lourdes,Belo Horizonte,MG
"Lourdes_Belo Horizonte, Lourdes",1356889597.0,Lourdes,"Belo Horizonte, Lourdes",Lourdes,Belo Horizonte,MG
"Lourdes_Belo Horizonte, Lourdes",1356885220.0,Lourdes,"Belo Horizonte, Lourdes",Lourdes,Belo Horizonte,MG
"Lourdes_Belo Horizonte, Lourdes",1356866586.0,Lourdes,"Belo Horizonte, Lourdes",Lourdes,Belo Horizonte,MG
"Lourdes_Belo Horizonte, Lourdes",1356866348.0,Lourdes,"Belo Horizonte, Lourdes",Lourdes,Belo Horizonte,MG
"Lourdes_Belo Horizonte, Lourdes",1356862833.0,Lourdes,"Belo Horizonte, Lourdes",Lourdes,Belo Horizonte,MG
"Lourdes_Belo Horizonte, Lourdes",1356862854.0,Lourdes,"Belo Horizonte, Lourdes",Lourdes,Belo Horizonte,MG
"Lourdes_Belo Horizonte, Lourdes",1356862866.0,Lourdes,"Belo Horizonte, Lourdes",Lourdes,Belo Horizonte,MG
"Lourdes_Belo Horizonte, Lourdes",1356862685.0,Lourdes,"Belo Horizonte, Lourdes",Lourdes,Belo Horizonte,MG
"Lourdes_Belo Horizonte, Lourdes",1356855926.0,Lourdes,"Belo Horizonte, Lourdes",Lourdes,Belo Horizonte,MG
"Lourdes_Belo Horizonte, Lourdes",1356838242.0,Lourdes,"Belo Horizonte, Lourdes",Lourdes,Belo Horizonte,MG
"Lourdes_Belo Horizonte, Lourdes",1356813474.0,Lourdes,"Belo Horizonte, Lourdes",Lourdes,Belo Horizonte,MG
"Lourdes_Belo Horizonte, Lourdes",1356776992.0,Lourdes,"Belo Horizonte, Lourdes",Lourdes,Belo Horizonte,MG
"Centro_Belo Horizonte, Centro",1356734645.0,Centro,"Belo Horizonte, Centro",Centro,Belo Horizonte,MG
"Lourdes_Belo Horizonte, Lourdes",1356670413.0,Lourdes,"Belo Horizonte, Lourdes",Lourdes,Belo Horizonte,MG
"Centro_Belo Horizonte, Centro",1356581133.0,Centro,"Belo Horizonte, Centro",Centro,Belo Horizonte,MG
"Lourdes_Belo Horizonte, Lourdes",1356569405.0,Lourdes,"Belo Horizonte, Lourdes",Lourdes,Belo Horizonte,MG
"Lourdes_Belo Horizonte, Lourdes",1356568130.0,Lourdes,"Belo Horizonte, Lourdes",Lourdes,Belo Horizonte,MG
"Lourdes_Belo Horizonte, Lourdes",1356561764.0,Lourdes,"Belo Horizonte, Lourdes",Lourdes,Belo Horizonte,MG
"Lourdes_Belo Horizonte, Lourdes",1356561326.0,Lourdes,"Belo Horizonte, Lourdes",Lourdes,Belo Horizonte,MG
"Lourdes_Belo Horizonte, Lourdes",1356561124.0,Lourdes,"Belo Horizonte, Lourdes",Lourdes,Belo Horizonte,MG
"Lourdes_Belo Horizonte, Lourdes",1356561076.0,Lourdes,"Belo Horizonte, Lourdes",Lourdes,Belo Horizonte,MG
"Lourdes_Belo Horizonte, Lourdes",1356560919.0,Lourdes,"Belo Horizonte, Lourdes",Lourdes,Belo Horizonte,MG
"Lourdes_Belo Horizonte, Lourdes",1356560911.0,Lourdes,"Belo Horizonte, Lourdes",Lourdes,Belo Horizonte,MG
"Lourdes_Belo Horizonte, Lourdes",1356551087.0,Lourdes,"Belo Horizonte, Lourdes",Lourdes,Belo Horizonte,MG
"Lourdes_Belo Horizonte, Lourdes",1356541803.0,Lourdes,"Belo Horizonte, Lourdes",Lourdes,Belo Horizonte,MG
"Lourdes_Belo Horizonte, Lourdes",1356526371.0,Lourdes,"Belo Horizonte, Lourdes",Lourdes,Belo Horizonte,MG
"Lourdes_Belo Horizonte, Lourdes",1356524694.0,Lourdes,"Belo Horizonte, Lourdes",Lourdes,Belo Horizonte,MG
"Lourdes_Belo Horizonte, Lourdes",1356524684.0,Lourdes,"Belo Horizonte, Lourdes",Lourdes,Belo Horizonte,MG
"Lourdes_Belo Horizonte, Lourdes",1356524389.0,Lourdes,"Belo Horizonte, Lourdes",Lourdes,Belo Horizonte,MG
"Centro_Belo Horizonte, Centro",1356506885.0,Centro,"Belo Horizonte, Centro",Centro,Belo Horizonte,MG
"Lourdes_Belo Horizonte, Lourdes",1356488112.0,Lourdes,"Belo Horizonte, Lourdes",Lourdes,Belo Horizonte,MG
"Lourdes_Belo Horizonte, Lourdes",1356478879.0,Lourdes,"Belo Horizonte, Lourdes",Lourdes,Belo Horizonte,MG
"Lourdes_Belo Horizonte, Lourdes",1356255432.0,Lourdes,"Belo Horizonte, Lourdes",Lourdes,Belo Horizonte,MG
"Lourdes_Belo Horizonte, Lourdes",1356167155.0,Lourdes,"Belo Horizonte, Lourdes",Lourdes,Belo Horizonte,MG
"Lourdes_Belo Horizonte, Lourdes",1356166888.0,Lourdes,"Belo Horizonte, Lourdes",Lourdes,Belo Horizonte,MG
"Lourdes_Belo Horizonte, Lourdes",1356095474.0,Lourdes,"Belo Horizonte, Lourdes",Lourdes,Belo Horizonte,MG
"Lourdes_Belo Horizonte, Lourdes",1356065173.0,Lourdes,"Belo Horizonte, Lourdes",Lourdes,Belo Horizonte,MG
"Lourdes_Belo Horizonte, Lourdes",1356061713.0,Lourdes,"Belo Horizonte, Lourdes",Lourdes,Belo Horizonte,MG
"Lourdes_Belo Horizonte, Lourdes",1356049920.0,Lourdes,"Belo Horizonte, Lourdes",Lourdes,Belo Horizonte,MG
"Lourdes_Belo Horizonte, Lourdes",1356047952.0,Lourdes,"Belo Horizonte, Lourdes",Lourdes,Belo Horizonte,MG
"Lourdes_Belo Horizonte, Lourdes",1356045598.0,Lourdes,"Belo Horizonte, Lourdes",Lourdes,Belo Horizonte,MG
"Lourdes_Belo Horizonte, Lourdes",1356045577.0,Lourdes,"Belo Horizonte, Lourdes",Lourdes,Belo Horizonte,MG
"Lourdes_Belo Horizonte, Lourdes",1356039664.0,Lourdes,"Belo Horizonte, Lourdes",Lourdes,Belo Horizonte,MG
"Lourdes_Belo Horizonte, Lourdes",1356039203.0,Lourdes,"Belo Horizonte, Lourdes",Lourdes,Belo Horizonte,MG
"Lourdes_Belo Horizonte, Lourdes",1356039212.0,Lourdes,"Belo Horizonte, Lourdes",Lourdes,Belo Horizonte,MG
"Lourdes_Belo Horizonte, Lourdes",1356039011.0,Lourdes,"Belo Horizonte, Lourdes",Lourdes,Belo Horizonte,MG
"Lourdes_Belo Horizonte, Lourdes",1356038949.0,Lourdes,"Belo Horizonte, Lourdes",Lourdes,Belo Horizonte,MG
"Lourdes_Belo Horizonte, Lourdes",1356037642.0,Lourdes,"Belo Horizonte, Lourdes",Lourdes,Belo Horizonte,MG
"Lourdes_Belo Horizonte, Lourdes",1356037610.0,Lourdes,"Belo Horizonte, Lourdes",Lourdes,Belo Horizonte,MG
"Lourdes_Belo Horizonte, Lourdes",1356037606.0,Lourdes,"Belo Horizonte, Lourdes",Lourdes,Belo Horizonte,MG
"Lourdes_Belo Horizonte, Lourdes",1356037295.0,Lourdes,"Belo Horizonte, Lourdes",Lourdes,Belo Horizonte,MG
"Lourdes_Belo Horizonte, Lourdes",1356037185.0,Lourdes,"Belo Horizonte, Lourdes",Lourdes,Belo Horizonte,MG
"Lourdes_Belo Horizonte, Lourdes",1356037142.0,Lourdes,"Belo Horizonte, Lourdes",Lourdes,Belo Horizonte,MG
"Lourdes_Belo Horizonte, Lourdes",1356037148.0,Lourdes,"Belo Horizonte, Lourdes",Lourdes,Belo Horizonte,MG
"Lourdes_Belo Horizonte, Lourdes",1356037120.0,Lourdes,"Belo Horizonte, Lourdes",Lourdes,Belo Horizonte,MG
"Lourdes_Belo Horizonte, Lourdes",1356037109.0,Lourdes,"Belo Horizonte, Lourdes",Lourdes,Belo Horizonte,MG
"Lourdes_Belo Horizonte, Lourdes",1356037034.0,Lourdes,"Belo Horizonte, Lourdes",Lourdes,Belo Horizonte,MG
"Lourdes_Belo Horizonte, Lourdes",1356037032.0,Lourdes,"Belo Horizonte, Lourdes",Lourdes,Belo Horizonte,MG
"Lourdes_Belo Horizonte, Lourdes",1356037030.0,Lourdes,"Belo Horizonte, Lourdes",Lourdes,Belo Horizonte,MG
"Lourdes_Belo Horizonte, Lourdes",1356036993.0,Lourdes,"Belo Horizonte, Lourdes",Lourdes,Belo Horizonte,MG
"Lourdes_Belo Horizonte, Lourdes",1356036658.0,Lourdes,"Belo Horizonte, Lourdes",Lourdes,Belo Horizonte,MG
"Lourdes_Belo Horizonte, Lourdes",1356036628.0,Lourdes,"Belo Horizonte, Lourdes",Lourdes,Belo Horizonte,MG
"Lourdes_Belo Horizonte, Lourdes",1356036613.0,Lourdes,"Belo Horizonte, Lourdes",Lourdes,Belo Horizonte,MG
"Lourdes_Belo Horizonte, Lourdes",1356036610.0,Lourdes,"Belo Horizonte, Lourdes",Lourdes,Belo Horizonte,MG
"Lourdes_Belo Horizonte, Lourdes",1356036605.0,Lourdes,"Belo Horizonte, Lourdes",Lourdes,Belo Horizonte,MG
"Lourdes_Belo Horizonte, Lourdes",1356036597.0,Lourdes,"Belo Horizonte, Lourdes",Lourdes,Belo Horizonte,MG
"Lourdes_Belo Horizonte, Lourdes",1356036600.0,Lourdes,"Belo Horizonte, Lourdes",Lourdes,Belo Horizonte,MG
"Lourdes_Belo Horizonte, Lourdes",1356036584.0,Lourdes,"Belo Horizonte, Lourdes",Lourdes,Belo Horizonte,MG
"Lourdes_Belo Horizonte, Lourdes",1356036571.0,Lourdes,"Belo Horizonte, Lourdes",Lourdes,Belo Horizonte,MG
"Lourdes_Belo Horizonte, Lourdes",1356036548.0,Lourdes,"Belo Horizonte, Lourdes",Lourdes,Belo Horizonte,MG
"Lourdes_Belo Horizonte, Lourdes",1356036516.0,Lourdes,"Belo Horizonte, Lourdes",Lourdes,Belo Horizonte,MG
"Lourdes_Belo Horizonte, Lourdes",1356036472.0,Lourdes,"Belo Horizonte, Lourdes",Lourdes,Belo Horizonte,MG
"Centro_Belo Horizonte, Centro",1356015380.0,Centro,"Belo Horizonte, Centro",Centro,Belo Horizonte,MG
"Lourdes_Belo Horizonte, Lourdes",1355958643.0,Lourdes,"Belo Horizonte, Lourdes",Lourdes,Belo Horizonte,MG
"Lourdes_Belo Horizonte, Lourdes",1355907117.0,Lourdes,"Belo Horizonte, Lourdes",Lourdes,Belo Horizonte,MG
"Lourdes_Belo Horizonte, Lourdes",1355884602.0,Lourdes,"Belo Horizonte, Lourdes",Lourdes,Belo Horizonte,MG
"Lourdes_Belo Horizonte, Lourdes",1355865505.0,Lourdes,"Belo Horizonte, Lourdes",Lourdes,Belo Horizonte,MG
"Lourdes_Belo Horizonte, Lourdes",1355865489.0,Lourdes,"Belo Horizonte, Lourdes",Lourdes,Belo Horizonte,MG
"Lourdes_Belo Horizonte, Lourdes",1355864313.0,Lourdes,"Belo Horizonte, Lourdes",Lourdes,Belo Horizonte,MG
"Lourdes_Belo Horizonte, Lourdes",1355864281.0,Lourdes,"Belo Horizonte, Lourdes",Lourdes,Belo Horizonte,MG
"Lourdes_Belo Horizonte, Lourdes",1355863543.0,Lourdes,"Belo Horizonte, Lourdes",Lourdes,Belo Horizonte,MG
"Lourdes_Belo Horizonte, Lourdes",1355863194.0,Lourdes,"Belo Horizonte, Lourdes",Lourdes,Belo Horizonte,MG
"Lourdes_Belo Horizonte, Lourdes",1355841736.0,Lourdes,"Belo Horizonte, Lourdes",Lourdes,Belo Horizonte,MG
"Lourdes_Belo Horizonte, Lourdes",1355807834.0,Lourdes,"Belo Horizonte, Lourdes",Lourdes,Belo Horizonte,MG
"Lourdes_Belo Horizonte, Lourdes",1355801793.0,Lourdes,"Belo Horizonte, Lourdes",Lourdes,Belo Horizonte,MG
"Lourdes_Belo Horizonte, Lourdes",1355774758.0,Lourdes,"Belo Horizonte, Lourdes",Lourdes,Belo Horizonte,MG
"Lourdes_Belo Horizonte, Lourdes",1355774744.0,Lourdes,"Belo Horizonte, Lourdes",Lourdes,Belo Horizonte,MG
"Lourdes_Belo Horizonte, Lourdes",1355771691.0,Lourdes,"Belo Horizonte, Lourdes",Lourdes,Belo Horizonte,MG
"Lourdes_Belo Horizonte, Lourdes",1355759867.0,Lourdes,"Belo Horizonte, Lourdes",Lourdes,Belo Horizonte,MG
"Lourdes_Belo Horizonte, Lourdes",1355758084.0,Lourdes,"Belo Horizonte, Lourdes",Lourdes,Belo Horizonte,MG
"Lourdes_Belo Horizonte, Lourdes",1355754664.0,Lourdes,"Belo Horizonte, Lourdes",Lourdes,Belo Horizonte,MG
"Lourdes_Belo Horizonte, Lourdes",1355750977.0,Lourdes,"Belo Horizonte, Lourdes",Lourdes,Belo Horizonte,MG
"Lourdes_Belo Horizonte, Lourdes",1355750839.0,Lourdes,"Belo Horizonte, Lourdes",Lourdes,Belo Horizonte,MG
"Lourdes_Belo Horizonte, Lourdes",1355750835.0,Lourdes,"Belo Horizonte, Lourdes",Lourdes,Belo Horizonte,MG
"Lourdes_Belo Horizonte, Lourdes",1355750719.0,Lourdes,"Belo Horizonte, Lourdes",Lourdes,Belo Horizonte,MG
"Lourdes_Belo Horizonte, Lourdes",1355746373.0,Lourdes,"Belo Horizonte, Lourdes",Lourdes,Belo Horizonte,MG
"Lourdes_Belo Horizonte, Lourdes",1355705150.0,Lourdes,"Belo Horizonte, Lourdes",Lourdes,Belo Horizonte,MG
"Lourdes_Belo Horizonte, Lourdes",1355476996.0,Lourdes,"Belo Horizonte, Lourdes",Lourdes,Belo Horizonte,MG
"Lourdes_Belo Horizonte, Lourdes",1355278775.0,Lourdes,"Belo Horizonte, Lourdes",Lourdes,Belo Horizonte,MG
"Lourdes_Belo Horizonte, Lourdes",1355264921.0,Lourdes,"Belo Horizonte, Lourdes",Lourdes,Belo Horizonte,MG
"Lourdes_Belo Horizonte, Lourdes",1355264278.0,Lourdes,"Belo Horizonte, Lourdes",Lourdes,Belo Horizonte,MG
"Lourdes_Belo Horizonte, Lourdes",1355080226.0,Lourdes,"Belo Horizonte, Lourdes",Lourdes,Belo Horizonte,MG
"Lourdes_Belo Horizonte, Lourdes",1355080143.0,Lourdes,"Belo Horizonte, Lourdes",Lourdes,Belo Horizonte,MG
"Lourdes_Belo Horizonte, Lourdes",1354981033.0,Lourdes,"Belo Horizonte, Lourdes",Lourdes,Belo Horizonte,MG
"Lourdes_Belo Horizonte, Lourdes",1354933103.0,Lourdes,"Belo Horizonte, Lourdes",Lourdes,Belo Horizonte,MG
"Lourdes_Belo Horizonte, Lourdes",1354929517.0,Lourdes,"Belo Horizonte, Lourdes",Lourdes,Belo Horizonte,MG
"Lourdes_Belo Horizonte, Lourdes",1354922180.0,Lourdes,"Belo Horizonte, Lourdes",Lourdes,Belo Horizonte,MG
"Lourdes_Belo Horizonte, Lourdes",1354920996.0,Lourdes,"Belo Horizonte, Lourdes",Lourdes,Belo Horizonte,MG
"Lourdes_Belo Horizonte, Lourdes",1354916665.0,Lourdes,"Belo Horizonte, Lourdes",Lourdes,Belo Horizonte,MG
"Lourdes_Belo Horizonte, Lourdes",1354916534.0,Lourdes,"Belo Horizonte, Lourdes",Lourdes,Belo Horizonte,MG
"Lourdes_Belo Horizonte, Lourdes",1354883948.0,Lourdes,"Belo Horizonte, Lourdes",Lourdes,Belo Horizonte,MG
"Lourdes_Belo Horizonte, Lourdes",1354882148.0,Lourdes,"Belo Horizonte, Lourdes",Lourdes,Belo Horizonte,MG
"Lourdes_Belo Horizonte, Lourdes",1354865635.0,Lourdes,"Belo Horizonte, Lourdes",Lourdes,Belo Horizonte,MG
"Lourdes_Belo Horizonte, Lourdes",1354863111.0,Lourdes,"Belo Horizonte, Lourdes",Lourdes,Belo Horizonte,MG
"Lourdes_Belo Horizonte, Lourdes",1354847974.0,Lourdes,"Belo Horizonte, Lourdes",Lourdes,Belo Horizonte,MG
"Lourdes_Belo Horizonte, Lourdes",1354810609.0,Lourdes,"Belo Horizonte, Lourdes",Lourdes,Belo Horizonte,MG
"Lourdes_Belo Horizonte, Lourdes",1354810054.0,Lourdes,"Belo Horizonte, Lourdes",Lourdes,Belo Horizonte,MG
"Lourdes_Belo Horizonte, Lourdes",1354809620.0,Lourdes,"Belo Horizonte, Lourdes",Lourdes,Belo Horizonte,MG
"Lourdes_Belo Horizonte, Lourdes",1354808366.0,Lourdes,"Belo Horizonte, Lourdes",Lourdes,Belo Horizonte,MG
"Lourdes_Belo Horizonte, Lourdes",1354808249.0,Lourdes,"Belo Horizonte, Lourdes",Lourdes,Belo Horizonte,MG
"Lourdes_Belo Horizonte, Lourdes",1354808205.0,Lourdes,"Belo Horizonte, Lourdes",Lourdes,Belo Horizonte,MG
"Lourdes_Belo Horizonte, Lourdes",1354808069.0,Lourdes,"Belo Horizonte, Lourdes",Lourdes,Belo Horizonte,MG
"Lourdes_Belo Horizonte, Lourdes",1354804805.0,Lourdes,"Belo Horizonte, Lourdes",Lourdes,Belo Horizonte,MG
"Lourdes_Belo Horizonte, Lourdes",1354799670.0,Lourdes,"Belo Horizonte, Lourdes",Lourdes,Belo Horizonte,MG
"Lourdes_Belo Horizonte, Lourdes",1354798231.0,Lourdes,"Belo Horizonte, Lourdes",Lourdes,Belo Horizonte,MG
"Lourdes_Belo Horizonte, Lourdes",1354797021.0,Lourdes,"Belo Horizonte, Lourdes",Lourdes,Belo Horizonte,MG
"Lourdes_Belo Horizonte, Lourdes",1354731305.0,Lourdes,"Belo Horizonte, Lourdes",Lourdes,Belo Horizonte,MG
"Lourdes_Belo Horizonte, Lourdes",1354581931.0,Lourdes,"Belo Horizonte, Lourdes",Lourdes,Belo Horizonte,MG
"Lourdes_Belo Horizonte, Lourdes",1354580978.0,Lourdes,"Belo Horizonte, Lourdes",Lourdes,Belo Horizonte,MG
"Cidade Jardim_Belo Horizonte, Cidade Jardim",1354570487.0,Cidade Jardim,"Belo Horizonte, Cidade Jardim",Cidade Jardim,Belo Horizonte,MG
"Lourdes_Belo Horizonte, Lourdes",1354554688.0,Lourdes,"Belo Horizonte, Lourdes",Lourdes,Belo Horizonte,MG
"Lourdes_Belo Horizonte, Lourdes",1354553133.0,Lourdes,"Belo Horizonte, Lourdes",Lourdes,Belo Horizonte,MG
"Lourdes_Belo Horizonte, Lourdes",1354552786.0,Lourdes,"Belo Horizonte, Lourdes",Lourdes,Belo Horizonte,MG
"Lourdes_Belo Horizonte, Lourdes",1354552801.0,Lourdes,"Belo Horizonte, Lourdes",Lourdes,Belo Horizonte,MG
"Lourdes_Belo Horizonte, Lourdes",1354552818.0,Lourdes,"Belo Horizonte, Lourdes",Lourdes,Belo Horizonte,MG
"Lourdes_Belo Horizonte, Lourdes",1354552856.0,Lourdes,"Belo Horizonte, Lourdes",Lourdes,Belo Horizonte,MG
"Lourdes_Belo Horizonte, Lourdes",1354552735.0,Lourdes,"Belo Horizonte, Lourdes",Lourdes,Belo Horizonte,MG
"Lourdes_Belo Horizonte, Lourdes",1354530680.0,Lourdes,"Belo Horizonte, Lourdes",Lourdes,Belo Horizonte,MG
"Lourdes_Belo Horizonte, Lourdes",1354530267.0,Lourdes,"Belo Horizonte, Lourdes",Lourdes,Belo Horizonte,MG
"Lourdes_Belo Horizonte, Lourdes",1354520242.0,Lourdes,"Belo Horizonte, Lourdes",Lourdes,Belo Horizonte,MG
"Lourdes_Belo Horizonte, Lourdes",1354515126.0,Lourdes,"Belo Horizonte, Lourdes",Lourdes,Belo Horizonte,MG
"Lourdes_Belo Horizonte, Lourdes",1354513222.0,Lourdes,"Belo Horizonte, Lourdes",Lourdes,Belo Horizonte,MG
"Lourdes_Belo Horizonte, Lourdes",1354506917.0,Lourdes,"Belo Horizonte, Lourdes",Lourdes,Belo Horizonte,MG
"Lourdes_Belo Horizonte, Lourdes",1354506916.0,Lourdes,"Belo Horizonte, Lourdes",Lourdes,Belo Horizonte,MG
"Lourdes_Belo Horizonte, Lourdes",1354503169.0,Lourdes,"Belo Horizonte, Lourdes",Lourdes,Belo Horizonte,MG
"Lourdes_Belo Horizonte, Lourdes",1354493465.0,Lourdes,"Belo Horizonte, Lourdes",Lourdes,Belo Horizonte,MG
"Lourdes_Belo Horizonte, Lourdes",1354492856.0,Lourdes,"Belo Horizonte, Lourdes",Lourdes,Belo Horizonte,MG
"Lourdes_Belo Horizonte, Lourdes",1354492613.0,Lourdes,"Belo Horizonte, Lourdes",Lourdes,Belo Horizonte,MG
"Lourdes_Belo Horizonte, Lourdes",1354489970.0,Lourdes,"Belo Horizonte, Lourdes",Lourdes,Belo Horizonte,MG
"Lourdes_Belo Horizonte, Lourdes",1354489883.0,Lourdes,"Belo Horizonte, Lourdes",Lourdes,Belo Horizonte,MG
"Lourdes_Belo Horizonte, Lourdes",1354370698.0,Lourdes,"Belo Horizonte, Lourdes",Lourdes,Belo Horizonte,MG
"Lourdes_Belo Horizonte, Lourdes",1354248945.0,Lourdes,"Belo Horizonte, Lourdes",Lourdes,Belo Horizonte,MG
"Lourdes_Belo Horizonte, Lourdes",1354240472.0,Lourdes,"Belo Horizonte, Lourdes",Lourdes,Belo Horizonte,MG
"Lourdes_Belo Horizonte, Lourdes",1354220276.0,Lourdes,"Belo Horizonte, Lourdes",Lourdes,Belo Horizonte,MG
"Lourdes_Belo Horizonte, Lourdes",1354218923.0,Lourdes,"Belo Horizonte, Lourdes",Lourdes,Belo Horizonte,MG
"Lourdes_Belo Horizonte, Lourdes",1354214871.0,Lourdes,"Belo Horizonte, Lourdes",Lourdes,Belo Horizonte,MG
"Lourdes_Belo Horizonte, Lourdes",1354192984.0,Lourdes,"Belo Horizonte, Lourdes",Lourdes,Belo Horizonte,MG
"Lourdes_Belo Horizonte, Lourdes",1354190902.0,Lourdes,"Belo Horizonte, Lourdes",Lourdes,Belo Horizonte,MG
"Centro_Belo Horizonte, Centro",1354173703.0,Centro,"Belo Horizonte, Centro",Centro,Belo Horizonte,MG
"Lourdes_Belo Horizonte, Lourdes",1354173271.0,Lourdes,"Belo Horizonte, Lourdes",Lourdes,Belo Horizonte,MG
"Lourdes_Belo Horizonte, Lourdes",1354172371.0,Lourdes,"Belo Horizonte, Lourdes",Lourdes,Belo Horizonte,MG
"Lourdes_Belo Horizonte, Lourdes",1354169976.0,Lourdes,"Belo Horizonte, Lourdes",Lourdes,Belo Horizonte,MG
"Lourdes_Belo Horizonte, Lourdes",1354169261.0,Lourdes,"Belo Horizonte, Lourdes",Lourdes,Belo Horizonte,MG
"Lourdes_Belo Horizonte, Lourdes",1354143368.0,Lourdes,"Belo Horizonte, Lourdes",Lourdes,Belo Horizonte,MG
"Lourdes_Belo Horizonte, Lourdes",1354111907.0,Lourdes,"Belo Horizonte, Lourdes",Lourdes,Belo Horizonte,MG
"Lourdes_Belo Horizonte, Lourdes",1354109932.0,Lourdes,"Belo Horizonte, Lourdes",Lourdes,Belo Horizonte,MG
"Lourdes_Belo Horizonte, Lourdes",1354109880.0,Lourdes,"Belo Horizonte, Lourdes",Lourdes,Belo Horizonte,MG
"Lourdes_Belo Horizonte, Lourdes",1354108604.0,Lourdes,"Belo Horizonte, Lourdes",Lourdes,Belo Horizonte,MG
"Lourdes_Belo Horizonte, Lourdes",1354108536.0,Lourdes,"Belo Horizonte, Lourdes",Lourdes,Belo Horizonte,MG
"Lourdes_Belo Horizonte, Lourdes",1354098834.0,Lourdes,"Belo Horizonte, Lourdes",Lourdes,Belo Horizonte,MG
"Lourdes_Belo Horizonte, Lourdes",1354088174.0,Lourdes,"Belo Horizonte, Lourdes",Lourdes,Belo Horizonte,MG
"Lourdes_Belo Horizonte, Lourdes",1354070189.0,Lourdes,"Belo Horizonte, Lourdes",Lourdes,Belo Horizonte,MG
"Lourdes_Belo Horizonte, Lourdes",1354069882.0,Lourdes,"Belo Horizonte, Lourdes",Lourdes,Belo Horizonte,MG
"Lourdes_Belo Horizonte, Lourdes",1354020012.0,Lourdes,"Belo Horizonte, Lourdes",Lourdes,Belo Horizonte,MG
"Lourdes_Belo Horizonte, Lourdes",1354006360.0,Lourdes,"Belo Horizonte, Lourdes",Lourdes,Belo Horizonte,MG
"Lourdes_Belo Horizonte, Lourdes",1354004299.0,Lourdes,"Belo Horizonte, Lourdes",Lourdes,Belo Horizonte,MG
"Lourdes_Belo Horizonte, Lourdes",1353990449.0,Lourdes,"Belo Horizonte, Lourdes",Lourdes,Belo Horizonte,MG
"Lourdes_Belo Horizonte, Lourdes",1353968033.0,Lourdes,"Belo Horizonte, Lourdes",Lourdes,Belo Horizonte,MG
"Lourdes_Belo Horizonte, Lourdes",1353895279.0,Lourdes,"Belo Horizonte, Lourdes",Lourdes,Belo Horizonte,MG
"Lourdes_Belo Horizonte, Lourdes",1353891871.0,Lourdes,"Belo Horizonte, Lourdes",Lourdes,Belo Horizonte,MG
"Lourdes_Belo Horizonte, Lourdes",1353889519.0,Lourdes,"Belo Horizonte, Lourdes",Lourdes,Belo Horizonte,MG
"Lourdes_Belo Horizonte, Lourdes",1353886848.0,Lourdes,"Belo Horizonte, Lourdes",Lourdes,Belo Horizonte,MG
"Centro_Belo Horizonte, Centro",1353872663.0,Centro,"Belo Horizonte, Centro",Centro,Belo Horizonte,MG
"Lourdes_Belo Horizonte, Lourdes",1353867418.0,Lourdes,"Belo Horizonte, Lourdes",Lourdes,Belo Horizonte,MG
"Lourdes_Belo Horizonte, Lourdes",1353862696.0,Lourdes,"Belo Horizonte, Lourdes",Lourdes,Belo Horizonte,MG
"Lourdes_Belo Horizonte, Lourdes",1353860819.0,Lourdes,"Belo Horizonte, Lourdes",Lourdes,Belo Horizonte,MG
"Lourdes_Belo Horizonte, Lourdes",1353859879.0,Lourdes,"Belo Horizonte, Lourdes",Lourdes,Belo Horizonte,MG
"Lourdes_Belo Horizonte, Lourdes",1353858936.0,Lourdes,"Belo Horizonte, Lourdes",Lourdes,Belo Horizonte,MG
"Lourdes_Belo Horizonte, Lourdes",1353755790.0,Lourdes,"Belo Horizonte, Lourdes",Lourdes,Belo Horizonte,MG
"Lourdes_Belo Horizonte, Lourdes",1353722494.0,Lourdes,"Belo Horizonte, Lourdes",Lourdes,Belo Horizonte,MG
"Lourdes_Belo Horizonte, Lourdes",1353722377.0,Lourdes,"Belo Horizonte, Lourdes",Lourdes,Belo Horizonte,MG
"Lourdes_Belo Horizonte, Lourdes",1353722289.0,Lourdes,"Belo Horizonte, Lourdes",Lourdes,Belo Horizonte,MG
"Lourdes_Belo Horizonte, Lourdes",1353722213.0,Lourdes,"Belo Horizonte, Lourdes",Lourdes,Belo Horizonte,MG
"Lourdes_Belo Horizonte, Lourdes",1353722203.0,Lourdes,"Belo Horizonte, Lourdes",Lourdes,Belo Horizonte,MG
"Lourdes_Belo Horizonte, Lourdes",1353722149.0,Lourdes,"Belo Horizonte, Lourdes",Lourdes,Belo Horizonte,MG
"Lourdes_Belo Horizonte, Lourdes",1353722084.0,Lourdes,"Belo Horizonte, Lourdes",Lourdes,Belo Horizonte,MG
"Lourdes_Belo Horizonte, Lourdes",1353722076.0,Lourdes,"Belo Horizonte, Lourdes",Lourdes,Belo Horizonte,MG
"Lourdes_Belo Horizonte, Lourdes",1353722051.0,Lourdes,"Belo Horizonte, Lourdes",Lourdes,Belo Horizonte,MG
"Lourdes_Belo Horizonte, Lourdes",1353721938.0,Lourdes,"Belo Horizonte, Lourdes",Lourdes,Belo Horizonte,MG
"Lourdes_Belo Horizonte, Lourdes",1348369161.0,Lourdes,"Belo Horizonte, Lourdes",Lourdes,Belo Horizonte,MG
"Lourdes_Belo Horizonte, Lourdes",1346665484.0,Lourdes,"Belo Horizonte, Lourdes",Lourdes,Belo Horizonte,MG
"Lourdes_Belo Horizonte, Lourdes",1353398233.0,Lourdes,"Belo Horizonte, Lourdes",Lourdes,Belo Horizonte,MG
"Lourdes_Belo Horizonte, Lourdes",1353369425.0,Lourdes,"Belo Horizonte, Lourdes",Lourdes,Belo Horizonte,MG
"Lourdes_Belo Horizonte, Lourdes",1353289231.0,Lourdes,"Belo Horizonte, Lourdes",Lourdes,Belo Horizonte,MG
"Lourdes_Belo Horizonte, Lourdes",1353252861.0,Lourdes,"Belo Horizonte, Lourdes",Lourdes,Belo Horizonte,MG
"Lourdes_Belo Horizonte, Lourdes",1353188085.0,Lourdes,"Belo Horizonte, Lourdes",Lourdes,Belo Horizonte,MG
"Lourdes_Belo Horizonte, Lourdes",1353143067.0,Lourdes,"Belo Horizonte, Lourdes",Lourdes,Belo Horizonte,MG
"Lourdes_Belo Horizonte, Lourdes",1353137928.0,Lourdes,"Belo Horizonte, Lourdes",Lourdes,Belo Horizonte,MG
"Lourdes_Belo Horizonte, Lourdes",1353137590.0,Lourdes,"Belo Horizonte, Lourdes",Lourdes,Belo Horizonte,MG
"Lourdes_Belo Horizonte, Lourdes",1353135857.0,Lourdes,"Belo Horizonte, Lourdes",Lourdes,Belo Horizonte,MG
"Centro_Belo Horizonte, Centro",1353028872.0,Centro,"Belo Horizonte, Centro",Centro,Belo Horizonte,MG
"Lourdes_Belo Horizonte, Lourdes",1353026351.0,Lourdes,"Belo Horizonte, Lourdes",Lourdes,Belo Horizonte,MG
"Lourdes_Belo Horizonte, Lourdes",1352953218.0,Lourdes,"Belo Horizonte, Lourdes",Lourdes,Belo Horizonte,MG
"Lourdes_Belo Horizonte, Lourdes",1352881363.0,Lourdes,"Belo Horizonte, Lourdes",Lourdes,Belo Horizonte,MG
"Lourdes_Belo Horizonte, Lourdes",1352875945.0,Lourdes,"Belo Horizonte, Lourdes",Lourdes,Belo Horizonte,MG
"Lourdes_Belo Horizonte, Lourdes",1352875894.0,Lourdes,"Belo Horizonte, Lourdes",Lourdes,Belo Horizonte,MG
"Lourdes_Belo Horizonte, Lourdes",1352875884.0,Lourdes,"Belo Horizonte, Lourdes",Lourdes,Belo Horizonte,MG
"Lourdes_Belo Horizonte, Lourdes",1352875886.0,Lourdes,"Belo Horizonte, Lourdes",Lourdes,Belo Horizonte,MG
"Lourdes_Belo Horizonte, Lourdes",1352864604.0,Lourdes,"Belo Horizonte, Lourdes",Lourdes,Belo Horizonte,MG
"Lourdes_Belo Horizonte, Lourdes",1352859895.0,Lourdes,"Belo Horizonte, Lourdes",Lourdes,Belo Horizonte,MG
"Lourdes_Belo Horizonte, Lourdes",1352843470.0,Lourdes,"Belo Horizonte, Lourdes",Lourdes,Belo Horizonte,MG
"Lourdes_Belo Horizonte, Lourdes",1352830003.0,Lourdes,"Belo Horizonte, Lourdes",Lourdes,Belo Horizonte,MG
"Lourdes_Belo Horizonte, Lourdes",1352820000.0,Lourdes,"Belo Horizonte, Lourdes",Lourdes,Belo Horizonte,MG
"Lourdes_Belo Horizonte, Lourdes",1352812606.0,Lourdes,"Belo Horizonte, Lourdes",Lourdes,Belo Horizonte,MG
"Lourdes_Belo Horizonte, Lourdes",1352748661.0,Lourdes,"Belo Horizonte, Lourdes",Lourdes,Belo Horizonte,MG
"Lourdes_Belo Horizonte, Lourdes",1352671762.0,Lourdes,"Belo Horizonte, Lourdes",Lourdes,Belo Horizonte,MG
"Lourdes_Belo Horizonte, Lourdes",1352671344.0,Lourdes,"Belo Horizonte, Lourdes",Lourdes,Belo Horizonte,MG
"Centro_Belo Horizonte, Centro",1352666170.0,Centro,"Belo Horizonte, Centro",Centro,Belo Horizonte,MG
"Lourdes_Belo Horizonte, Lourdes",1352664872.0,Lourdes,"Belo Horizonte, Lourdes",Lourdes,Belo Horizonte,MG
"Lourdes_Belo Horizonte, Lourdes",1352641595.0,Lourdes,"Belo Horizonte, Lourdes",Lourdes,Belo Horizonte,MG
"Lourdes_Belo Horizonte, Lourdes",1352634274.0,Lourdes,"Belo Horizonte, Lourdes",Lourdes,Belo Horizonte,MG
"Lourdes_Belo Horizonte, Lourdes",1352614965.0,Lourdes,"Belo Horizonte, Lourdes",Lourdes,Belo Horizonte,MG
"Lourdes_Belo Horizonte, Lourdes",1352604908.0,Lourdes,"Belo Horizonte, Lourdes",Lourdes,Belo Horizonte,MG
"Lourdes_Belo Horizonte, Lourdes",1352599031.0,Lourdes,"Belo Horizonte, Lourdes",Lourdes,Belo Horizonte,MG
"Lourdes_Belo Horizonte, Lourdes",1352599018.0,Lourdes,"Belo Horizonte, Lourdes",Lourdes,Belo Horizonte,MG
"Lourdes_Belo Horizonte, Lourdes",1352597089.0,Lourdes,"Belo Horizonte, Lourdes",Lourdes,Belo Horizonte,MG
"Lourdes_Belo Horizonte, Lourdes",1352596910.0,Lourdes,"Belo Horizonte, Lourdes",Lourdes,Belo Horizonte,MG
"Lourdes_Belo Horizonte, Lourdes",1352596729.0,Lourdes,"Belo Horizonte, Lourdes",Lourdes,Belo Horizonte,MG
"Lourdes_Belo Horizonte, Lourdes",1352596720.0,Lourdes,"Belo Horizonte, Lourdes",Lourdes,Belo Horizonte,MG
"Lourdes_Belo Horizonte, Lourdes",1352535770.0,Lourdes,"Belo Horizonte, Lourdes",Lourdes,Belo Horizonte,MG
"Lourdes_Belo Horizonte, Lourdes",1352533738.0,Lourdes,"Belo Horizonte, Lourdes",Lourdes,Belo Horizonte,MG
"Lourdes_Belo Horizonte, Lourdes",1352530596.0,Lourdes,"Belo Horizonte, Lourdes",Lourdes,Belo Horizonte,MG
"Lourdes_Belo Horizonte, Lourdes",1352530552.0,Lourdes,"Belo Horizonte, Lourdes",Lourdes,Belo Horizonte,MG
"Lourdes_Belo Horizonte, Lourdes",1352523817.0,Lourdes,"Belo Horizonte, Lourdes",Lourdes,Belo Horizonte,MG
"Lourdes_Belo Horizonte, Lourdes",1352496326.0,Lourdes,"Belo Horizonte, Lourdes",Lourdes,Belo Horizonte,MG
"Lourdes_Belo Horizonte, Lourdes",1352495653.0,Lourdes,"Belo Horizonte, Lourdes",Lourdes,Belo Horizonte,MG
"Lourdes_Belo Horizonte, Lourdes",1352494633.0,Lourdes,"Belo Horizonte, Lourdes",Lourdes,Belo Horizonte,MG
"Lourdes_Belo Horizonte, Lourdes",1352467852.0,Lourdes,"Belo Horizonte, Lourdes",Lourdes,Belo Horizonte,MG
"Lourdes_Belo Horizonte, Lourdes",1352393177.0,Lourdes,"Belo Horizonte, Lourdes",Lourdes,Belo Horizonte,MG
"Lourdes_Belo Horizonte, Lourdes",1352257688.0,Lourdes,"Belo Horizonte, Lourdes",Lourdes,Belo Horizonte,MG
"Lourdes_Belo Horizonte, Lourdes",1352257643.0,Lourdes,"Belo Horizonte, Lourdes",Lourdes,Belo Horizonte,MG
"Lourdes_Belo Horizonte, Lourdes",1352241788.0,Lourdes,"Belo Horizonte, Lourdes",Lourdes,Belo Horizonte,MG
"Lourdes_Belo Horizonte, Lourdes",1352235989.0,Lourdes,"Belo Horizonte, Lourdes",Lourdes,Belo Horizonte,MG
"Lourdes_Belo Horizonte, Lourdes",1352235977.0,Lourdes,"Belo Horizonte, Lourdes",Lourdes,Belo Horizonte,MG
"Lourdes_Belo Horizonte, Lourdes",1352222346.0,Lourdes,"Belo Horizonte, Lourdes",Lourdes,Belo Horizonte,MG
"Lourdes_Belo Horizonte, Lourdes",1352196250.0,Lourdes,"Belo Horizonte, Lourdes",Lourdes,Belo Horizonte,MG
"Lourdes_Belo Horizonte, Lourdes",1352158809.0,Lourdes,"Belo Horizonte, Lourdes",Lourdes,Belo Horizonte,MG
"Cidade Jardim_Belo Horizonte, Cidade Jardim",1352142423.0,Cidade Jardim,"Belo Horizonte, Cidade Jardim",Cidade Jardim,Belo Horizonte,MG
"Lourdes_Belo Horizonte, Lourdes",1352089418.0,Lourdes,"Belo Horizonte, Lourdes",Lourdes,Belo Horizonte,MG
"Lourdes_Belo Horizonte, Lourdes",1352029938.0,Lourdes,"Belo Horizonte, Lourdes",Lourdes,Belo Horizonte,MG
"Lourdes_Belo Horizonte, Lourdes",1352007567.0,Lourdes,"Belo Horizonte, Lourdes",Lourdes,Belo Horizonte,MG
"Lourdes_Belo Horizonte, Lourdes",1351938529.0,Lourdes,"Belo Horizonte, Lourdes",Lourdes,Belo Horizonte,MG
"Lourdes_Belo Horizonte, Lourdes",1351865673.0,Lourdes,"Belo Horizonte, Lourdes",Lourdes,Belo Horizonte,MG
"Lourdes_Belo Horizonte, Lourdes",1351863727.0,Lourdes,"Belo Horizonte, Lourdes",Lourdes,Belo Horizonte,MG
"Lourdes_Belo Horizonte, Lourdes",1351861444.0,Lourdes,"Belo Horizonte, Lourdes",Lourdes,Belo Horizonte,MG
"Lourdes_Belo Horizonte, Lourdes",1351859305.0,Lourdes,"Belo Horizonte, Lourdes",Lourdes,Belo Horizonte,MG
"Lourdes_Belo Horizonte, Lourdes",1351854902.0,Lourdes,"Belo Horizonte, Lourdes",Lourdes,Belo Horizonte,MG
"Lourdes_Belo Horizonte, Lourdes",1351844961.0,Lourdes,"Belo Horizonte, Lourdes",Lourdes,Belo Horizonte,MG
"Lourdes_Belo Horizonte, Lourdes",1351739165.0,Lourdes,"Belo Horizonte, Lourdes",Lourdes,Belo Horizonte,MG
"Lourdes_Belo Horizonte, Lourdes",1351716162.0,Lourdes,"Belo Horizonte, Lourdes",Lourdes,Belo Horizonte,MG
"Lourdes_Belo Horizonte, Lourdes",1351688626.0,Lourdes,"Belo Horizonte, Lourdes",Lourdes,Belo Horizonte,MG
"Lourdes_Belo Horizonte, Lourdes",1351614284.0,Lourdes,"Belo Horizonte, Lourdes",Lourdes,Belo Horizonte,MG
"Centro_Belo Horizonte, Centro",1351285649.0,Centro,"Belo Horizonte, Centro",Centro,Belo Horizonte,MG
"Centro_Belo Horizonte, Centro",1351207615.0,Centro,"Belo Horizonte, Centro",Centro,Belo Horizonte,MG
"Lourdes_Belo Horizonte, Lourdes",1351194306.0,Lourdes,"Belo Horizonte, Lourdes",Lourdes,Belo Horizonte,MG
"Santo Agostinho_Belo Horizonte, Santo Agostinho",1351102413.0,Santo Agostinho,"Belo Horizonte, Santo Agostinho",Santo Agostinho,Belo Horizonte,MG
"Lourdes_Belo Horizonte, Lourdes",1351102360.0,Lourdes,"Belo Horizonte, Lourdes",Lourdes,Belo Horizonte,MG
"Lourdes_Belo Horizonte, Lourdes",1351101740.0,Lourdes,"Belo Horizonte, Lourdes",Lourdes,Belo Horizonte,MG
"Lourdes_Belo Horizonte, Lourdes",1351101656.0,Lourdes,"Belo Horizonte, Lourdes",Lourdes,Belo Horizonte,MG
"Lourdes_Belo Horizonte, Lourdes",1351097835.0,Lourdes,"Belo Horizonte, Lourdes",Lourdes,Belo Horizonte,MG
"Lourdes_Belo Horizonte, Lourdes",1351094879.0,Lourdes,"Belo Horizonte, Lourdes",Lourdes,Belo Horizonte,MG
"Lourdes_Belo Horizonte, Lourdes",1351071737.0,Lourdes,"Belo Horizonte, Lourdes",Lourdes,Belo Horizonte,MG
"Lourdes_Belo Horizonte, Lourdes",1351071735.0,Lourdes,"Belo Horizonte, Lourdes",Lourdes,Belo Horizonte,MG
"Centro_Belo Horizonte, Centro",1351071521.0,Centro,"Belo Horizonte, Centro",Centro,Belo Horizonte,MG
"Lourdes_Belo Horizonte, Lourdes",1351071520.0,Lourdes,"Belo Horizonte, Lourdes",Lourdes,Belo Horizonte,MG
"Lourdes_Belo Horizonte, Lourdes",1351071316.0,Lourdes,"Belo Horizonte, Lourdes",Lourdes,Belo Horizonte,MG
"Lourdes_Belo Horizonte, Lourdes",1351017568.0,Lourdes,"Belo Horizonte, Lourdes",Lourdes,Belo Horizonte,MG
"Lourdes_Belo Horizonte, Lourdes",1350961315.0,Lourdes,"Belo Horizonte, Lourdes",Lourdes,Belo Horizonte,MG
"Lourdes_Belo Horizonte, Lourdes",1350901545.0,Lourdes,"Belo Horizonte, Lourdes",Lourdes,Belo Horizonte,MG
"Lourdes_Belo Horizonte, Lourdes",1350895255.0,Lourdes,"Belo Horizonte, Lourdes",Lourdes,Belo Horizonte,MG
"Lourdes_Belo Horizonte, Lourdes",1350879939.0,Lourdes,"Belo Horizonte, Lourdes",Lourdes,Belo Horizonte,MG
"Lourdes_Belo Horizonte, Lourdes",1350879374.0,Lourdes,"Belo Horizonte, Lourdes",Lourdes,Belo Horizonte,MG
"Lourdes_Belo Horizonte, Lourdes",1350864520.0,Lourdes,"Belo Horizonte, Lourdes",Lourdes,Belo Horizonte,MG
"Lourdes_Belo Horizonte, Lourdes",1350794953.0,Lourdes,"Belo Horizonte, Lourdes",Lourdes,Belo Horizonte,MG
"Lourdes_Belo Horizonte, Lourdes",1350794787.0,Lourdes,"Belo Horizonte, Lourdes",Lourdes,Belo Horizonte,MG
"Lourdes_Belo Horizonte, Lourdes",1350794778.0,Lourdes,"Belo Horizonte, Lourdes",Lourdes,Belo Horizonte,MG
"Lourdes_Belo Horizonte, Lourdes",1350790149.0,Lourdes,"Belo Horizonte, Lourdes",Lourdes,Belo Horizonte,MG
"Lourdes_Belo Horizonte, Lourdes",1350787367.0,Lourdes,"Belo Horizonte, Lourdes",Lourdes,Belo Horizonte,MG
"Lourdes_Belo Horizonte, Lourdes",1350784929.0,Lourdes,"Belo Horizonte, Lourdes",Lourdes,Belo Horizonte,MG
"Lourdes_Belo Horizonte, Lourdes",1350751438.0,Lourdes,"Belo Horizonte, Lourdes",Lourdes,Belo Horizonte,MG
"Lourdes_Belo Horizonte, Lourdes",1350730895.0,Lourdes,"Belo Horizonte, Lourdes",Lourdes,Belo Horizonte,MG
"Lourdes_Belo Horizonte, Lourdes",1350727905.0,Lourdes,"Belo Horizonte, Lourdes",Lourdes,Belo Horizonte,MG
"Lourdes_Belo Horizonte, Lourdes",1350727762.0,Lourdes,"Belo Horizonte, Lourdes",Lourdes,Belo Horizonte,MG
"Lourdes_Belo Horizonte, Lourdes",1350626911.0,Lourdes,"Belo Horizonte, Lourdes",Lourdes,Belo Horizonte,MG
"Lourdes_Belo Horizonte, Lourdes",1350602852.0,Lourdes,"Belo Horizonte, Lourdes",Lourdes,Belo Horizonte,MG
"Lourdes_Belo Horizonte, Lourdes",1350526621.0,Lourdes,"Belo Horizonte, Lourdes",Lourdes,Belo Horizonte,MG
"Lourdes_Belo Horizonte, Lourdes",1350465825.0,Lourdes,"Belo Horizonte, Lourdes",Lourdes,Belo Horizonte,MG
"Lourdes_Belo Horizonte, Lourdes",1350465512.0,Lourdes,"Belo Horizonte, Lourdes",Lourdes,Belo Horizonte,MG
"Centro_Belo Horizonte, Centro",1350464426.0,Centro,"Belo Horizonte, Centro",Centro,Belo Horizonte,MG
"Lourdes_Belo Horizonte, Lourdes",1350463372.0,Lourdes,"Belo Horizonte, Lourdes",Lourdes,Belo Horizonte,MG
"Lourdes_Belo Horizonte, Lourdes",1350460769.0,Lourdes,"Belo Horizonte, Lourdes",Lourdes,Belo Horizonte,MG
"Lourdes_Belo Horizonte, Lourdes",1350448984.0,Lourdes,"Belo Horizonte, Lourdes",Lourdes,Belo Horizonte,MG
"Lourdes_Belo Horizonte, Lourdes",1350441780.0,Lourdes,"Belo Horizonte, Lourdes",Lourdes,Belo Horizonte,MG
"Lourdes_Belo Horizonte, Lourdes",1350441702.0,Lourdes,"Belo Horizonte, Lourdes",Lourdes,Belo Horizonte,MG
"Lourdes_Belo Horizonte, Lourdes",1350435285.0,Lourdes,"Belo Horizonte, Lourdes",Lourdes,Belo Horizonte,MG
"Lourdes_Belo Horizonte, Lourdes",1350435281.0,Lourdes,"Belo Horizonte, Lourdes",Lourdes,Belo Horizonte,MG
"Lourdes_Belo Horizonte, Lourdes",1350422539.0,Lourdes,"Belo Horizonte, Lourdes",Lourdes,Belo Horizonte,MG
"Lourdes_Belo Horizonte, Lourdes",1350422432.0,Lourdes,"Belo Horizonte, Lourdes",Lourdes,Belo Horizonte,MG
"Lourdes_Belo Horizonte, Lourdes",1350410866.0,Lourdes,"Belo Horizonte, Lourdes",Lourdes,Belo Horizonte,MG
"Lourdes_Belo Horizonte, Lourdes",1350264668.0,Lourdes,"Belo Horizonte, Lourdes",Lourdes,Belo Horizonte,MG
"Centro_Belo Horizonte, Centro",1350263080.0,Centro,"Belo Horizonte, Centro",Centro,Belo Horizonte,MG
"Lourdes_Belo Horizonte, Lourdes",1350260831.0,Lourdes,"Belo Horizonte, Lourdes",Lourdes,Belo Horizonte,MG
"Lourdes_Belo Horizonte, Lourdes",1350260787.0,Lourdes,"Belo Horizonte, Lourdes",Lourdes,Belo Horizonte,MG
"Lourdes_Belo Horizonte, Lourdes",1350260727.0,Lourdes,"Belo Horizonte, Lourdes",Lourdes,Belo Horizonte,MG
"Lourdes_Belo Horizonte, Lourdes",1350260732.0,Lourdes,"Belo Horizonte, Lourdes",Lourdes,Belo Horizonte,MG
"Lourdes_Belo Horizonte, Lourdes",1350260741.0,Lourdes,"Belo Horizonte, Lourdes",Lourdes,Belo Horizonte,MG
"Lourdes_Belo Horizonte, Lourdes",1350260667.0,Lourdes,"Belo Horizonte, Lourdes",Lourdes,Belo Horizonte,MG
"Lourdes_Belo Horizonte, Lourdes",1350260668.0,Lourdes,"Belo Horizonte, Lourdes",Lourdes,Belo Horizonte,MG
"Lourdes_Belo Horizonte, Lourdes",1350260616.0,Lourdes,"Belo Horizonte, Lourdes",Lourdes,Belo Horizonte,MG
"Lourdes_Belo Horizonte, Lourdes",1350260619.0,Lourdes,"Belo Horizonte, Lourdes",Lourdes,Belo Horizonte,MG
"Lourdes_Belo Horizonte, Lourdes",1350260557.0,Lourdes,"Belo Horizonte, Lourdes",Lourdes,Belo Horizonte,MG
"Lourdes_Belo Horizonte, Lourdes",1350260561.0,Lourdes,"Belo Horizonte, Lourdes",Lourdes,Belo Horizonte,MG
"Lourdes_Belo Horizonte, Lourdes",1350260513.0,Lourdes,"Belo Horizonte, Lourdes",Lourdes,Belo Horizonte,MG
"Lourdes_Belo Horizonte, Lourdes",1350260518.0,Lourdes,"Belo Horizonte, Lourdes",Lourdes,Belo Horizonte,MG
"Lourdes_Belo Horizonte, Lourdes",1350260537.0,Lourdes,"Belo Horizonte, Lourdes",Lourdes,Belo Horizonte,MG
"Lourdes_Belo Horizonte, Lourdes",1350260489.0,Lourdes,"Belo Horizonte, Lourdes",Lourdes,Belo Horizonte,MG
"Lourdes_Belo Horizonte, Lourdes",1350260477.0,Lourdes,"Belo Horizonte, Lourdes",Lourdes,Belo Horizonte,MG
"Lourdes_Belo Horizonte, Lourdes",1350260468.0,Lourdes,"Belo Horizonte, Lourdes",Lourdes,Belo Horizonte,MG
"Lourdes_Belo Horizonte, Lourdes",1350260441.0,Lourdes,"Belo Horizonte, Lourdes",Lourdes,Belo Horizonte,MG
"Lourdes_Belo Horizonte, Lourdes",1350260392.0,Lourdes,"Belo Horizonte, Lourdes",Lourdes,Belo Horizonte,MG
"Lourdes_Belo Horizonte, Lourdes",1350260394.0,Lourdes,"Belo Horizonte, Lourdes",Lourdes,Belo Horizonte,MG
"Lourdes_Belo Horizonte, Lourdes",1350260405.0,Lourdes,"Belo Horizonte, Lourdes",Lourdes,Belo Horizonte,MG
"Lourdes_Belo Horizonte, Lourdes",1350260389.0,Lourdes,"Belo Horizonte, Lourdes",Lourdes,Belo Horizonte,MG
"Lourdes_Belo Horizonte, Lourdes",1350260333.0,Lourdes,"Belo Horizonte, Lourdes",Lourdes,Belo Horizonte,MG
"Lourdes_Belo Horizonte, Lourdes",1350260356.0,Lourdes,"Belo Horizonte, Lourdes",Lourdes,Belo Horizonte,MG
"Lourdes_Belo Horizonte, Lourdes",1350260317.0,Lourdes,"Belo Horizonte, Lourdes",Lourdes,Belo Horizonte,MG
"Lourdes_Belo Horizonte, Lourdes",1350260284.0,Lourdes,"Belo Horizonte, Lourdes",Lourdes,Belo Horizonte,MG
"Lourdes_Belo Horizonte, Lourdes",1350260301.0,Lourdes,"Belo Horizonte, Lourdes",Lourdes,Belo Horizonte,MG
"Lourdes_Belo Horizonte, Lourdes",1350260258.0,Lourdes,"Belo Horizonte, Lourdes",Lourdes,Belo Horizonte,MG
"Lourdes_Belo Horizonte, Lourdes",1350260225.0,Lourdes,"Belo Horizonte, Lourdes",Lourdes,Belo Horizonte,MG
"Lourdes_Belo Horizonte, Lourdes",1350260211.0,Lourdes,"Belo Horizonte, Lourdes",Lourdes,Belo Horizonte,MG
"Lourdes_Belo Horizonte, Lourdes",1350260213.0,Lourdes,"Belo Horizonte, Lourdes",Lourdes,Belo Horizonte,MG
"Lourdes_Belo Horizonte, Lourdes",1350260219.0,Lourdes,"Belo Horizonte, Lourdes",Lourdes,Belo Horizonte,MG
"Lourdes_Belo Horizonte, Lourdes",1350260182.0,Lourdes,"Belo Horizonte, Lourdes",Lourdes,Belo Horizonte,MG
"Lourdes_Belo Horizonte, Lourdes",1350260183.0,Lourdes,"Belo Horizonte, Lourdes",Lourdes,Belo Horizonte,MG
"Lourdes_Belo Horizonte, Lourdes",1350260178.0,Lourdes,"Belo Horizonte, Lourdes",Lourdes,Belo Horizonte,MG
"Lourdes_Belo Horizonte, Lourdes",1350260087.0,Lourdes,"Belo Horizonte, Lourdes",Lourdes,Belo Horizonte,MG
"Lourdes_Belo Horizonte, Lourdes",1350260059.0,Lourdes,"Belo Horizonte, Lourdes",Lourdes,Belo Horizonte,MG
"Lourdes_Belo Horizonte, Lourdes",1350260062.0,Lourdes,"Belo Horizonte, Lourdes",Lourdes,Belo Horizonte,MG
"Lourdes_Belo Horizonte, Lourdes",1350260013.0,Lourdes,"Belo Horizonte, Lourdes",Lourdes,Belo Horizonte,MG
"Lourdes_Belo Horizonte, Lourdes",1350260003.0,Lourdes,"Belo Horizonte, Lourdes",Lourdes,Belo Horizonte,MG
"Lourdes_Belo Horizonte, Lourdes",1350259989.0,Lourdes,"Belo Horizonte, Lourdes",Lourdes,Belo Horizonte,MG
"Lourdes_Belo Horizonte, Lourdes",1350259992.0,Lourdes,"Belo Horizonte, Lourdes",Lourdes,Belo Horizonte,MG
"Lourdes_Belo Horizonte, Lourdes",1350259976.0,Lourdes,"Belo Horizonte, Lourdes",Lourdes,Belo Horizonte,MG
"Lourdes_Belo Horizonte, Lourdes",1350259960.0,Lourdes,"Belo Horizonte, Lourdes",Lourdes,Belo Horizonte,MG
"Lourdes_Belo Horizonte, Lourdes",1350259943.0,Lourdes,"Belo Horizonte, Lourdes",Lourdes,Belo Horizonte,MG
"Lourdes_Belo Horizonte, Lourdes",1350259927.0,Lourdes,"Belo Horizonte, Lourdes",Lourdes,Belo Horizonte,MG
"Lourdes_Belo Horizonte, Lourdes",1350259913.0,Lourdes,"Belo Horizonte, Lourdes",Lourdes,Belo Horizonte,MG
"Lourdes_Belo Horizonte, Lourdes",1350258955.0,Lourdes,"Belo Horizonte, Lourdes",Lourdes,Belo Horizonte,MG
"Lourdes_Belo Horizonte, Lourdes",1350258675.0,Lourdes,"Belo Horizonte, Lourdes",Lourdes,Belo Horizonte,MG
"Lourdes_Belo Horizonte, Lourdes",1350239758.0,Lourdes,"Belo Horizonte, Lourdes",Lourdes,Belo Horizonte,MG
"Centro_Belo Horizonte, Centro",1350226766.0,Centro,"Belo Horizonte, Centro",Centro,Belo Horizonte,MG
"Lourdes_Belo Horizonte, Lourdes",1257934549.0,Lourdes,"Belo Horizonte, Lourdes",Lourdes,Belo Horizonte,MG
"Lourdes_Belo Horizonte, Lourdes",1230756862.0,Lourdes,"Belo Horizonte, Lourdes",Lourdes,Belo Horizonte,MG
"Centro_Belo Horizonte, Centro",1350214575.0,Centro,"Belo Horizonte, Centro",Centro,Belo Horizonte,MG
"Lourdes_Belo Horizonte, Lourdes",1350213465.0,Lourdes,"Belo Horizonte, Lourdes",Lourdes,Belo Horizonte,MG
"Lourdes_Belo Horizonte, Lourdes",1350213460.0,Lourdes,"Belo Horizonte, Lourdes",Lourdes,Belo Horizonte,MG
"Lourdes_Belo Horizonte, Lourdes",1350213353.0,Lourdes,"Belo Horizonte, Lourdes",Lourdes,Belo Horizonte,MG
"Santo Antônio_Belo Horizonte, Santo Antônio",1350187218.0,Santo Antônio,"Belo Horizonte, Santo Antônio",Santo Antônio,Belo Horizonte,MG
"Lourdes_Belo Horizonte, Lourdes",1350168402.0,Lourdes,"Belo Horizonte, Lourdes",Lourdes,Belo Horizonte,MG
"Lourdes_Belo Horizonte, Lourdes",1350110704.0,Lourdes,"Belo Horizonte, Lourdes",Lourdes,Belo Horizonte,MG
"Lourdes_Belo Horizonte, Lourdes",1350110686.0,Lourdes,"Belo Horizonte, Lourdes",Lourdes,Belo Horizonte,MG
"Lourdes_Belo Horizonte, Lourdes",1350024636.0,Lourdes,"Belo Horizonte, Lourdes",Lourdes,Belo Horizonte,MG
"Centro_Belo Horizonte, Centro",1349997780.0,Centro,"Belo Horizonte, Centro",Centro,Belo Horizonte,MG
"Lourdes_Belo Horizonte, Lourdes",1349944155.0,Lourdes,"Belo Horizonte, Lourdes",Lourdes,Belo Horizonte,MG
"Lourdes_Belo Horizonte, Lourdes",1349944098.0,Lourdes,"Belo Horizonte, Lourdes",Lourdes,Belo Horizonte,MG
"Lourdes_Belo Horizonte, Lourdes",1349894230.0,Lourdes,"Belo Horizonte, Lourdes",Lourdes,Belo Horizonte,MG
"Lourdes_Belo Horizonte, Lourdes",1349894091.0,Lourdes,"Belo Horizonte, Lourdes",Lourdes,Belo Horizonte,MG
"Lourdes_Belo Horizonte, Lourdes",1349885326.0,Lourdes,"Belo Horizonte, Lourdes",Lourdes,Belo Horizonte,MG
"Lourdes_Belo Horizonte, Lourdes",1349880967.0,Lourdes,"Belo Horizonte, Lourdes",Lourdes,Belo Horizonte,MG
"Lourdes_Belo Horizonte, Lourdes",1349880954.0,Lourdes,"Belo Horizonte, Lourdes",Lourdes,Belo Horizonte,MG
"Lourdes_Belo Horizonte, Lourdes",1349868562.0,Lourdes,"Belo Horizonte, Lourdes",Lourdes,Belo Horizonte,MG
"Lourdes_Belo Horizonte, Lourdes",1349866012.0,Lourdes,"Belo Horizonte, Lourdes",Lourdes,Belo Horizonte,MG
"Lourdes_Belo Horizonte, Lourdes",1349865906.0,Lourdes,"Belo Horizonte, Lourdes",Lourdes,Belo Horizonte,MG
"Lourdes_Belo Horizonte, Lourdes",1349865899.0,Lourdes,"Belo Horizonte, Lourdes",Lourdes,Belo Horizonte,MG
"Lourdes_Belo Horizonte, Lourdes",1349865900.0,Lourdes,"Belo Horizonte, Lourdes",Lourdes,Belo Horizonte,MG
"Lourdes_Belo Horizonte, Lourdes",1349865895.0,Lourdes,"Belo Horizonte, Lourdes",Lourdes,Belo Horizonte,MG
"Lourdes_Belo Horizonte, Lourdes",1349452424.0,Lourdes,"Belo Horizonte, Lourdes",Lourdes,Belo Horizonte,MG
"Lourdes_Belo Horizonte, Lourdes",1349441575.0,Lourdes,"Belo Horizonte, Lourdes",Lourdes,Belo Horizonte,MG
"Lourdes_Belo Horizonte, Lourdes",1349441277.0,Lourdes,"Belo Horizonte, Lourdes",Lourdes,Belo Horizonte,MG
"Lourdes_Belo Horizonte, Lourdes",1349441272.0,Lourdes,"Belo Horizonte, Lourdes",Lourdes,Belo Horizonte,MG
"Lourdes_Belo Horizonte, Lourdes",1349441264.0,Lourdes,"Belo Horizonte, Lourdes",Lourdes,Belo Horizonte,MG
"Lourdes_Belo Horizonte, Lourdes",1349441267.0,Lourdes,"Belo Horizonte, Lourdes",Lourdes,Belo Horizonte,MG
"Lourdes_Belo Horizonte, Lourdes",1349441257.0,Lourdes,"Belo Horizonte, Lourdes",Lourdes,Belo Horizonte,MG
"Lourdes_Belo Horizonte, Lourdes",1349441243.0,Lourdes,"Belo Horizonte, Lourdes",Lourdes,Belo Horizonte,MG
"Centro_Belo Horizonte, Centro",1349433180.0,Centro,"Belo Horizonte, Centro",Centro,Belo Horizonte,MG
"Lourdes_Belo Horizonte, Lourdes",1349409841.0,Lourdes,"Belo Horizonte, Lourdes",Lourdes,Belo Horizonte,MG
"Lourdes_Belo Horizonte, Lourdes",1349292250.0,Lourdes,"Belo Horizonte, Lourdes",Lourdes,Belo Horizonte,MG
"Lourdes_Belo Horizonte, Lourdes",1349292173.0,Lourdes,"Belo Horizonte, Lourdes",Lourdes,Belo Horizonte,MG
"Lourdes_Belo Horizonte, Lourdes",1349292065.0,Lourdes,"Belo Horizonte, Lourdes",Lourdes,Belo Horizonte,MG
"Lourdes_Belo Horizonte, Lourdes",1349278474.0,Lourdes,"Belo Horizonte, Lourdes",Lourdes,Belo Horizonte,MG
"Lourdes_Belo Horizonte, Lourdes",1349248111.0,Lourdes,"Belo Horizonte, Lourdes",Lourdes,Belo Horizonte,MG
"Centro_Belo Horizonte, Centro",1349245119.0,Centro,"Belo Horizonte, Centro",Centro,Belo Horizonte,MG
"Lourdes_Belo Horizonte, Lourdes",1349241977.0,Lourdes,"Belo Horizonte, Lourdes",Lourdes,Belo Horizonte,MG
"Lourdes_Belo Horizonte, Lourdes",1349234388.0,Lourdes,"Belo Horizonte, Lourdes",Lourdes,Belo Horizonte,MG
"Lourdes_Belo Horizonte, Lourdes",1349192868.0,Lourdes,"Belo Horizonte, Lourdes",Lourdes,Belo Horizonte,MG
"Lourdes_Belo Horizonte, Lourdes",1349192783.0,Lourdes,"Belo Horizonte, Lourdes",Lourdes,Belo Horizonte,MG
"Lourdes_Belo Horizonte, Lourdes",1349192705.0,Lourdes,"Belo Horizonte, Lourdes",Lourdes,Belo Horizonte,MG
"Lourdes_Belo Horizonte, Lourdes",1349192650.0,Lourdes,"Belo Horizonte, Lourdes",Lourdes,Belo Horizonte,MG
"Lourdes_Belo Horizonte, Lourdes",1349162451.0,Lourdes,"Belo Horizonte, Lourdes",Lourdes,Belo Horizonte,MG
"Lourdes_Belo Horizonte, Lourdes",1349144320.0,Lourdes,"Belo Horizonte, Lourdes",Lourdes,Belo Horizonte,MG
"Lourdes_Belo Horizonte, Lourdes",1349143084.0,Lourdes,"Belo Horizonte, Lourdes",Lourdes,Belo Horizonte,MG
"Lourdes_Belo Horizonte, Lourdes",1349142772.0,Lourdes,"Belo Horizonte, Lourdes",Lourdes,Belo Horizonte,MG
"Centro_Belo Horizonte, Centro",1349142615.0,Centro,"Belo Horizonte, Centro",Centro,Belo Horizonte,MG
"Lourdes_Belo Horizonte, Lourdes",1349122130.0,Lourdes,"Belo Horizonte, Lourdes",Lourdes,Belo Horizonte,MG
"Lourdes_Belo Horizonte, Lourdes",1349115056.0,Lourdes,"Belo Horizonte, Lourdes",Lourdes,Belo Horizonte,MG
"Lourdes_Belo Horizonte, Lourdes",1349111725.0,Lourdes,"Belo Horizonte, Lourdes",Lourdes,Belo Horizonte,MG
"Lourdes_Belo Horizonte, Lourdes",1349109769.0,Lourdes,"Belo Horizonte, Lourdes",Lourdes,Belo Horizonte,MG
"Lourdes_Belo Horizonte, Lourdes",1349109756.0,Lourdes,"Belo Horizonte, Lourdes",Lourdes,Belo Horizonte,MG
"Lourdes_Belo Horizonte, Lourdes",1349109543.0,Lourdes,"Belo Horizonte, Lourdes",Lourdes,Belo Horizonte,MG
"Lourdes_Belo Horizonte, Lourdes",1349106819.0,Lourdes,"Belo Horizonte, Lourdes",Lourdes,Belo Horizonte,MG
"Lourdes_Belo Horizonte, Lourdes",1349097633.0,Lourdes,"Belo Horizonte, Lourdes",Lourdes,Belo Horizonte,MG
"Lourdes_Belo Horizonte, Lourdes",1349097629.0,Lourdes,"Belo Horizonte, Lourdes",Lourdes,Belo Horizonte,MG
"Lourdes_Belo Horizonte, Lourdes",1349094170.0,Lourdes,"Belo Horizonte, Lourdes",Lourdes,Belo Horizonte,MG
"Lourdes_Belo Horizonte, Lourdes",1349094131.0,Lourdes,"Belo Horizonte, Lourdes",Lourdes,Belo Horizonte,MG
"Lourdes_Belo Horizonte, Lourdes",1349094120.0,Lourdes,"Belo Horizonte, Lourdes",Lourdes,Belo Horizonte,MG
"Lourdes_Belo Horizonte, Lourdes",1349094095.0,Lourdes,"Belo Horizonte, Lourdes",Lourdes,Belo Horizonte,MG
"Lourdes_Belo Horizonte, Lourdes",1349094038.0,Lourdes,"Belo Horizonte, Lourdes",Lourdes,Belo Horizonte,MG
"Lourdes_Belo Horizonte, Lourdes",1349093985.0,Lourdes,"Belo Horizonte, Lourdes",Lourdes,Belo Horizonte,MG
"Lourdes_Belo Horizonte, Lourdes",1349093952.0,Lourdes,"Belo Horizonte, Lourdes",Lourdes,Belo Horizonte,MG
"Lourdes_Belo Horizonte, Lourdes",1349093913.0,Lourdes,"Belo Horizonte, Lourdes",Lourdes,Belo Horizonte,MG
"Lourdes_Belo Horizonte, Lourdes",1349088395.0,Lourdes,"Belo Horizonte, Lourdes",Lourdes,Belo Horizonte,MG
"Lourdes_Belo Horizonte, Lourdes",1349088096.0,Lourdes,"Belo Horizonte, Lourdes",Lourdes,Belo Horizonte,MG
"Lourdes_Belo Horizonte, Lourdes",1349088012.0,Lourdes,"Belo Horizonte, Lourdes",Lourdes,Belo Horizonte,MG
"Lourdes_Belo Horizonte, Lourdes",1349087693.0,Lourdes,"Belo Horizonte, Lourdes",Lourdes,Belo Horizonte,MG
"Lourdes_Belo Horizonte, Lourdes",1349055774.0,Lourdes,"Belo Horizonte, Lourdes",Lourdes,Belo Horizonte,MG
"Lourdes_Belo Horizonte, Lourdes",1349055714.0,Lourdes,"Belo Horizonte, Lourdes",Lourdes,Belo Horizonte,MG
"Lourdes_Belo Horizonte, Lourdes",1349022421.0,Lourdes,"Belo Horizonte, Lourdes",Lourdes,Belo Horizonte,MG
"Centro_Belo Horizonte, Centro",1348961704.0,Centro,"Belo Horizonte, Centro",Centro,Belo Horizonte,MG
"Lourdes_Belo Horizonte, Lourdes",1348957284.0,Lourdes,"Belo Horizonte, Lourdes",Lourdes,Belo Horizonte,MG
"Lourdes_Belo Horizonte, Lourdes",1348921342.0,Lourdes,"Belo Horizonte, Lourdes",Lourdes,Belo Horizonte,MG
"Centro_Belo Horizonte, Centro",1348717382.0,Centro,"Belo Horizonte, Centro",Centro,Belo Horizonte,MG
"Lourdes_Belo Horizonte, Lourdes",1348716902.0,Lourdes,"Belo Horizonte, Lourdes",Lourdes,Belo Horizonte,MG
"Lourdes_Belo Horizonte, Lourdes",1348716826.0,Lourdes,"Belo Horizonte, Lourdes",Lourdes,Belo Horizonte,MG
"Lourdes_Belo Horizonte, Lourdes",1348716760.0,Lourdes,"Belo Horizonte, Lourdes",Lourdes,Belo Horizonte,MG
"Lourdes_Belo Horizonte, Lourdes",1348716700.0,Lourdes,"Belo Horizonte, Lourdes",Lourdes,Belo Horizonte,MG
"Lourdes_Belo Horizonte, Lourdes",1348671313.0,Lourdes,"Belo Horizonte, Lourdes",Lourdes,Belo Horizonte,MG
"Lourdes_Belo Horizonte, Lourdes",1348668973.0,Lourdes,"Belo Horizonte, Lourdes",Lourdes,Belo Horizonte,MG
"Lourdes_Belo Horizonte, Lourdes",1348668839.0,Lourdes,"Belo Horizonte, Lourdes",Lourdes,Belo Horizonte,MG
"Lourdes_Belo Horizonte, Lourdes",1348660033.0,Lourdes,"Belo Horizonte, Lourdes",Lourdes,Belo Horizonte,MG
"Lourdes_Belo Horizonte, Lourdes",1348659389.0,Lourdes,"Belo Horizonte, Lourdes",Lourdes,Belo Horizonte,MG
"Centro_Belo Horizonte, Centro",1348637723.0,Centro,"Belo Horizonte, Centro",Centro,Belo Horizonte,MG
"Lourdes_Belo Horizonte, Lourdes",1348618333.0,Lourdes,"Belo Horizonte, Lourdes",Lourdes,Belo Horizonte,MG
"Lourdes_Belo Horizonte, Lourdes",1348599492.0,Lourdes,"Belo Horizonte, Lourdes",Lourdes,Belo Horizonte,MG
"Lourdes_Belo Horizonte, Lourdes",1348597813.0,Lourdes,"Belo Horizonte, Lourdes",Lourdes,Belo Horizonte,MG
"Lourdes_Belo Horizonte, Lourdes",1348597446.0,Lourdes,"Belo Horizonte, Lourdes",Lourdes,Belo Horizonte,MG
"Lourdes_Belo Horizonte, Lourdes",1348588879.0,Lourdes,"Belo Horizonte, Lourdes",Lourdes,Belo Horizonte,MG
"Lourdes_Belo Horizonte, Lourdes",1348574659.0,Lourdes,"Belo Horizonte, Lourdes",Lourdes,Belo Horizonte,MG
"Lourdes_Belo Horizonte, Lourdes",1348531590.0,Lourdes,"Belo Horizonte, Lourdes",Lourdes,Belo Horizonte,MG
"Lourdes_Belo Horizonte, Lourdes",1348531596.0,Lourdes,"Belo Horizonte, Lourdes",Lourdes,Belo Horizonte,MG
"Lourdes_Belo Horizonte, Lourdes",1348393635.0,Lourdes,"Belo Horizonte, Lourdes",Lourdes,Belo Horizonte,MG
"Lourdes_Belo Horizonte, Lourdes",1348376948.0,Lourdes,"Belo Horizonte, Lourdes",Lourdes,Belo Horizonte,MG
"Cidade Jardim_Belo Horizonte, Cidade Jardim",1348371472.0,Cidade Jardim,"Belo Horizonte, Cidade Jardim",Cidade Jardim,Belo Horizonte,MG
"Cidade Jardim_Belo Horizonte, Cidade Jardim",1348371375.0,Cidade Jardim,"Belo Horizonte, Cidade Jardim",Cidade Jardim,Belo Horizonte,MG
"Lourdes_Belo Horizonte, Lourdes",1348369174.0,Lourdes,"Belo Horizonte, Lourdes",Lourdes,Belo Horizonte,MG
"Lourdes_Belo Horizonte, Lourdes",1348275258.0,Lourdes,"Belo Horizonte, Lourdes",Lourdes,Belo Horizonte,MG
"Lourdes_Belo Horizonte, Lourdes",1348260677.0,Lourdes,"Belo Horizonte, Lourdes",Lourdes,Belo Horizonte,MG
"Centro_Belo Horizonte, Centro",1348241159.0,Centro,"Belo Horizonte, Centro",Centro,Belo Horizonte,MG
"Lourdes_Belo Horizonte, Lourdes",1348235820.0,Lourdes,"Belo Horizonte, Lourdes",Lourdes,Belo Horizonte,MG
"Lourdes_Belo Horizonte, Lourdes",1348232668.0,Lourdes,"Belo Horizonte, Lourdes",Lourdes,Belo Horizonte,MG
"Lourdes_Belo Horizonte, Lourdes",1348232548.0,Lourdes,"Belo Horizonte, Lourdes",Lourdes,Belo Horizonte,MG
"Lourdes_Belo Horizonte, Lourdes",1348215570.0,Lourdes,"Belo Horizonte, Lourdes",Lourdes,Belo Horizonte,MG
"Lourdes_Belo Horizonte, Lourdes",1348207203.0,Lourdes,"Belo Horizonte, Lourdes",Lourdes,Belo Horizonte,MG
"Lourdes_Belo Horizonte, Lourdes",1348196790.0,Lourdes,"Belo Horizonte, Lourdes",Lourdes,Belo Horizonte,MG
"Lourdes_Belo Horizonte, Lourdes",1348173168.0,Lourdes,"Belo Horizonte, Lourdes",Lourdes,Belo Horizonte,MG
"Lourdes_Belo Horizonte, Lourdes",1347952989.0,Lourdes,"Belo Horizonte, Lourdes",Lourdes,Belo Horizonte,MG
"Lourdes_Belo Horizonte, Lourdes",1347940963.0,Lourdes,"Belo Horizonte, Lourdes",Lourdes,Belo Horizonte,MG
"Lourdes_Belo Horizonte, Lourdes",1347940917.0,Lourdes,"Belo Horizonte, Lourdes",Lourdes,Belo Horizonte,MG
"Lourdes_Belo Horizonte, Lourdes",1347900750.0,Lourdes,"Belo Horizonte, Lourdes",Lourdes,Belo Horizonte,MG
"Lourdes_Belo Horizonte, Lourdes",1347884745.0,Lourdes,"Belo Horizonte, Lourdes",Lourdes,Belo Horizonte,MG
"Lourdes_Belo Horizonte, Lourdes",1347884560.0,Lourdes,"Belo Horizonte, Lourdes",Lourdes,Belo Horizonte,MG
"Lourdes_Belo Horizonte, Lourdes",1347883957.0,Lourdes,"Belo Horizonte, Lourdes",Lourdes,Belo Horizonte,MG
"Lourdes_Belo Horizonte, Lourdes",1347883935.0,Lourdes,"Belo Horizonte, Lourdes",Lourdes,Belo Horizonte,MG
"Lourdes_Belo Horizonte, Lourdes",1347878193.0,Lourdes,"Belo Horizonte, Lourdes",Lourdes,Belo Horizonte,MG
"Lourdes_Belo Horizonte, Lourdes",1347773271.0,Lourdes,"Belo Horizonte, Lourdes",Lourdes,Belo Horizonte,MG
"Lourdes_Belo Horizonte, Lourdes",1347772878.0,Lourdes,"Belo Horizonte, Lourdes",Lourdes,Belo Horizonte,MG
"Lourdes_Belo Horizonte, Lourdes",1347770272.0,Lourdes,"Belo Horizonte, Lourdes",Lourdes,Belo Horizonte,MG
"Lourdes_Belo Horizonte, Lourdes",1347405151.0,Lourdes,"Belo Horizonte, Lourdes",Lourdes,Belo Horizonte,MG
"Lourdes_Belo Horizonte, Lourdes",1347375328.0,Lourdes,"Belo Horizonte, Lourdes",Lourdes,Belo Horizonte,MG
"Lourdes_Belo Horizonte, Lourdes",1347326093.0,Lourdes,"Belo Horizonte, Lourdes",Lourdes,Belo Horizonte,MG
"Lourdes_Belo Horizonte, Lourdes",1347326083.0,Lourdes,"Belo Horizonte, Lourdes",Lourdes,Belo Horizonte,MG
"Lourdes_Belo Horizonte, Lourdes",1347305102.0,Lourdes,"Belo Horizonte, Lourdes",Lourdes,Belo Horizonte,MG
"Santo Agostinho_Belo Horizonte, Santo Agostinho",1347295409.0,Santo Agostinho,"Belo Horizonte, Santo Agostinho",Santo Agostinho,Belo Horizonte,MG
"Lourdes_Belo Horizonte, Lourdes",1347285336.0,Lourdes,"Belo Horizonte, Lourdes",Lourdes,Belo Horizonte,MG
"Lourdes_Belo Horizonte, Lourdes",1347217780.0,Lourdes,"Belo Horizonte, Lourdes",Lourdes,Belo Horizonte,MG
"Lourdes_Belo Horizonte, Lourdes",1347153501.0,Lourdes,"Belo Horizonte, Lourdes",Lourdes,Belo Horizonte,MG
"Lourdes_Belo Horizonte, Lourdes",1347092501.0,Lourdes,"Belo Horizonte, Lourdes",Lourdes,Belo Horizonte,MG
"Lourdes_Belo Horizonte, Lourdes",1347092503.0,Lourdes,"Belo Horizonte, Lourdes",Lourdes,Belo Horizonte,MG
"Lourdes_Belo Horizonte, Lourdes",1346990281.0,Lourdes,"Belo Horizonte, Lourdes",Lourdes,Belo Horizonte,MG
"Lourdes_Belo Horizonte, Lourdes",1346968502.0,Lourdes,"Belo Horizonte, Lourdes",Lourdes,Belo Horizonte,MG
"Lourdes_Belo Horizonte, Lourdes",1346944975.0,Lourdes,"Belo Horizonte, Lourdes",Lourdes,Belo Horizonte,MG
"Lourdes_Belo Horizonte, Lourdes",1346942209.0,Lourdes,"Belo Horizonte, Lourdes",Lourdes,Belo Horizonte,MG
"Lourdes_Belo Horizonte, Lourdes",1346911038.0,Lourdes,"Belo Horizonte, Lourdes",Lourdes,Belo Horizonte,MG
"Lourdes_Belo Horizonte, Lourdes",1346910016.0,Lourdes,"Belo Horizonte, Lourdes",Lourdes,Belo Horizonte,MG
"Lourdes_Belo Horizonte, Lourdes",1346876533.0,Lourdes,"Belo Horizonte, Lourdes",Lourdes,Belo Horizonte,MG
"Lourdes_Belo Horizonte, Lourdes",1346851857.0,Lourdes,"Belo Horizonte, Lourdes",Lourdes,Belo Horizonte,MG
"Lourdes_Belo Horizonte, Lourdes",1346829815.0,Lourdes,"Belo Horizonte, Lourdes",Lourdes,Belo Horizonte,MG
"Lourdes_Belo Horizonte, Lourdes",1346814182.0,Lourdes,"Belo Horizonte, Lourdes",Lourdes,Belo Horizonte,MG
"Lourdes_Belo Horizonte, Lourdes",1346616233.0,Lourdes,"Belo Horizonte, Lourdes",Lourdes,Belo Horizonte,MG
"Lourdes_Belo Horizonte, Lourdes",1346616225.0,Lourdes,"Belo Horizonte, Lourdes",Lourdes,Belo Horizonte,MG
"Lourdes_Belo Horizonte, Lourdes",1346611456.0,Lourdes,"Belo Horizonte, Lourdes",Lourdes,Belo Horizonte,MG
"Lourdes_Belo Horizonte, Lourdes",1346571663.0,Lourdes,"Belo Horizonte, Lourdes",Lourdes,Belo Horizonte,MG
"Lourdes_Belo Horizonte, Lourdes",1346570342.0,Lourdes,"Belo Horizonte, Lourdes",Lourdes,Belo Horizonte,MG
"Lourdes_Belo Horizonte, Lourdes",1346570218.0,Lourdes,"Belo Horizonte, Lourdes",Lourdes,Belo Horizonte,MG
"Lourdes_Belo Horizonte, Lourdes",1346552988.0,Lourdes,"Belo Horizonte, Lourdes",Lourdes,Belo Horizonte,MG
"Lourdes_Belo Horizonte, Lourdes",1346548608.0,Lourdes,"Belo Horizonte, Lourdes",Lourdes,Belo Horizonte,MG
"Lourdes_Belo Horizonte, Lourdes",1346548504.0,Lourdes,"Belo Horizonte, Lourdes",Lourdes,Belo Horizonte,MG
"Lourdes_Belo Horizonte, Lourdes",1346548231.0,Lourdes,"Belo Horizonte, Lourdes",Lourdes,Belo Horizonte,MG
"Lourdes_Belo Horizonte, Lourdes",1346534899.0,Lourdes,"Belo Horizonte, Lourdes",Lourdes,Belo Horizonte,MG
"Centro_Belo Horizonte, Centro",1346407357.0,Centro,"Belo Horizonte, Centro",Centro,Belo Horizonte,MG
"Lourdes_Belo Horizonte, Lourdes",1346238661.0,Lourdes,"Belo Horizonte, Lourdes",Lourdes,Belo Horizonte,MG
"Lourdes_Belo Horizonte, Lourdes",1346231413.0,Lourdes,"Belo Horizonte, Lourdes",Lourdes,Belo Horizonte,MG
"Lourdes_Belo Horizonte, Lourdes",1346227580.0,Lourdes,"Belo Horizonte, Lourdes",Lourdes,Belo Horizonte,MG
"Lourdes_Belo Horizonte, Lourdes",1346227514.0,Lourdes,"Belo Horizonte, Lourdes",Lourdes,Belo Horizonte,MG
"Lourdes_Belo Horizonte, Lourdes",1346227467.0,Lourdes,"Belo Horizonte, Lourdes",Lourdes,Belo Horizonte,MG
"Lourdes_Belo Horizonte, Lourdes",1346222084.0,Lourdes,"Belo Horizonte, Lourdes",Lourdes,Belo Horizonte,MG
"Lourdes_Belo Horizonte, Lourdes",1346173408.0,Lourdes,"Belo Horizonte, Lourdes",Lourdes,Belo Horizonte,MG
"Lourdes_Belo Horizonte, Lourdes",1346137753.0,Lourdes,"Belo Horizonte, Lourdes",Lourdes,Belo Horizonte,MG
"Lourdes_Belo Horizonte, Lourdes",1346137492.0,Lourdes,"Belo Horizonte, Lourdes",Lourdes,Belo Horizonte,MG
"Lourdes_Belo Horizonte, Lourdes",1346094719.0,Lourdes,"Belo Horizonte, Lourdes",Lourdes,Belo Horizonte,MG
"Lourdes_Belo Horizonte, Lourdes",1346071053.0,Lourdes,"Belo Horizonte, Lourdes",Lourdes,Belo Horizonte,MG
"Centro_Belo Horizonte, Centro",1346018941.0,Centro,"Belo Horizonte, Centro",Centro,Belo Horizonte,MG
"Lourdes_Belo Horizonte, Lourdes",1346009185.0,Lourdes,"Belo Horizonte, Lourdes",Lourdes,Belo Horizonte,MG
"Centro_Belo Horizonte, Centro",1345976570.0,Centro,"Belo Horizonte, Centro",Centro,Belo Horizonte,MG
"Lourdes_Belo Horizonte, Lourdes",1345968850.0,Lourdes,"Belo Horizonte, Lourdes",Lourdes,Belo Horizonte,MG
"Lourdes_Belo Horizonte, Lourdes",1345920731.0,Lourdes,"Belo Horizonte, Lourdes",Lourdes,Belo Horizonte,MG
"Lourdes_Belo Horizonte, Lourdes",1345919439.0,Lourdes,"Belo Horizonte, Lourdes",Lourdes,Belo Horizonte,MG
"Lourdes_Belo Horizonte, Lourdes",1345919367.0,Lourdes,"Belo Horizonte, Lourdes",Lourdes,Belo Horizonte,MG
"Lourdes_Belo Horizonte, Lourdes",1345919260.0,Lourdes,"Belo Horizonte, Lourdes",Lourdes,Belo Horizonte,MG
"Lourdes_Belo Horizonte, Lourdes",1345919198.0,Lourdes,"Belo Horizonte, Lourdes",Lourdes,Belo Horizonte,MG
"Lourdes_Belo Horizonte, Lourdes",1345919132.0,Lourdes,"Belo Horizonte, Lourdes",Lourdes,Belo Horizonte,MG
"Lourdes_Belo Horizonte, Lourdes",1345918608.0,Lourdes,"Belo Horizonte, Lourdes",Lourdes,Belo Horizonte,MG
"Lourdes_Belo Horizonte, Lourdes",1345912519.0,Lourdes,"Belo Horizonte, Lourdes",Lourdes,Belo Horizonte,MG
"Lourdes_Belo Horizonte, Lourdes",1345912489.0,Lourdes,"Belo Horizonte, Lourdes",Lourdes,Belo Horizonte,MG
"Lourdes_Belo Horizonte, Lourdes",1345872677.0,Lourdes,"Belo Horizonte, Lourdes",Lourdes,Belo Horizonte,MG
"Centro_Belo Horizonte, Centro",1345872560.0,Centro,"Belo Horizonte, Centro",Centro,Belo Horizonte,MG
"Lourdes_Belo Horizonte, Lourdes",1345759141.0,Lourdes,"Belo Horizonte, Lourdes",Lourdes,Belo Horizonte,MG
"Lourdes_Belo Horizonte, Lourdes",1345375829.0,Lourdes,"Belo Horizonte, Lourdes",Lourdes,Belo Horizonte,MG
"Lourdes_Belo Horizonte, Lourdes",1345311134.0,Lourdes,"Belo Horizonte, Lourdes",Lourdes,Belo Horizonte,MG
"Santo Agostinho_Belo Horizonte, Santo Agostinho",1345308939.0,Santo Agostinho,"Belo Horizonte, Santo Agostinho",Santo Agostinho,Belo Horizonte,MG
"Lourdes_Belo Horizonte, Lourdes",1345308624.0,Lourdes,"Belo Horizonte, Lourdes",Lourdes,Belo Horizonte,MG
"Lourdes_Belo Horizonte, Lourdes",1345284666.0,Lourdes,"Belo Horizonte, Lourdes",Lourdes,Belo Horizonte,MG
"Lourdes_Belo Horizonte, Lourdes",1345283771.0,Lourdes,"Belo Horizonte, Lourdes",Lourdes,Belo Horizonte,MG
"Lourdes_Belo Horizonte, Lourdes",1345231757.0,Lourdes,"Belo Horizonte, Lourdes",Lourdes,Belo Horizonte,MG
"Lourdes_Belo Horizonte, Lourdes",1345231643.0,Lourdes,"Belo Horizonte, Lourdes",Lourdes,Belo Horizonte,MG
"Centro_Belo Horizonte, Centro",1345222193.0,Centro,"Belo Horizonte, Centro",Centro,Belo Horizonte,MG
"Lourdes_Belo Horizonte, Lourdes",1345157582.0,Lourdes,"Belo Horizonte, Lourdes",Lourdes,Belo Horizonte,MG
"Centro_Belo Horizonte, Centro",1345156524.0,Centro,"Belo Horizonte, Centro",Centro,Belo Horizonte,MG
"Lourdes_Belo Horizonte, Lourdes",1345152156.0,Lourdes,"Belo Horizonte, Lourdes",Lourdes,Belo Horizonte,MG
"Lourdes_Belo Horizonte, Lourdes",1345147286.0,Lourdes,"Belo Horizonte, Lourdes",Lourdes,Belo Horizonte,MG
"Lourdes_Belo Horizonte, Lourdes",1345021170.0,Lourdes,"Belo Horizonte, Lourdes",Lourdes,Belo Horizonte,MG
"Lourdes_Belo Horizonte, Lourdes",1345015086.0,Lourdes,"Belo Horizonte, Lourdes",Lourdes,Belo Horizonte,MG
"Lourdes_Belo Horizonte, Lourdes",1345014833.0,Lourdes,"Belo Horizonte, Lourdes",Lourdes,Belo Horizonte,MG
"Lourdes_Belo Horizonte, Lourdes",1344956716.0,Lourdes,"Belo Horizonte, Lourdes",Lourdes,Belo Horizonte,MG
"Lourdes_Belo Horizonte, Lourdes",1344956615.0,Lourdes,"Belo Horizonte, Lourdes",Lourdes,Belo Horizonte,MG
"Lourdes_Belo Horizonte, Lourdes",1344956607.0,Lourdes,"Belo Horizonte, Lourdes",Lourdes,Belo Horizonte,MG
"Lourdes_Belo Horizonte, Lourdes",1344956508.0,Lourdes,"Belo Horizonte, Lourdes",Lourdes,Belo Horizonte,MG
"Lourdes_Belo Horizonte, Lourdes",1344956499.0,Lourdes,"Belo Horizonte, Lourdes",Lourdes,Belo Horizonte,MG
"Lourdes_Belo Horizonte, Lourdes",1344948142.0,Lourdes,"Belo Horizonte, Lourdes",Lourdes,Belo Horizonte,MG
"Lourdes_Belo Horizonte, Lourdes",1344941054.0,Lourdes,"Belo Horizonte, Lourdes",Lourdes,Belo Horizonte,MG
"Lourdes_Belo Horizonte, Lourdes",1344941043.0,Lourdes,"Belo Horizonte, Lourdes",Lourdes,Belo Horizonte,MG
"Lourdes_Belo Horizonte, Lourdes",1344940874.0,Lourdes,"Belo Horizonte, Lourdes",Lourdes,Belo Horizonte,MG
"Lourdes_Belo Horizonte, Lourdes",1344940229.0,Lourdes,"Belo Horizonte, Lourdes",Lourdes,Belo Horizonte,MG
"Centro_Belo Horizonte, Centro",1344929602.0,Centro,"Belo Horizonte, Centro",Centro,Belo Horizonte,MG
"Lourdes_Belo Horizonte, Lourdes",1344875771.0,Lourdes,"Belo Horizonte, Lourdes",Lourdes,Belo Horizonte,MG
"Lourdes_Belo Horizonte, Lourdes",1344836465.0,Lourdes,"Belo Horizonte, Lourdes",Lourdes,Belo Horizonte,MG
"Lourdes_Belo Horizonte, Lourdes",1344836380.0,Lourdes,"Belo Horizonte, Lourdes",Lourdes,Belo Horizonte,MG
"Lourdes_Belo Horizonte, Lourdes",1344682231.0,Lourdes,"Belo Horizonte, Lourdes",Lourdes,Belo Horizonte,MG
"Lourdes_Belo Horizonte, Lourdes",1344681723.0,Lourdes,"Belo Horizonte, Lourdes",Lourdes,Belo Horizonte,MG
"Lourdes_Belo Horizonte, Lourdes",1344668803.0,Lourdes,"Belo Horizonte, Lourdes",Lourdes,Belo Horizonte,MG
"Lourdes_Belo Horizonte, Lourdes",1344657946.0,Lourdes,"Belo Horizonte, Lourdes",Lourdes,Belo Horizonte,MG
"Lourdes_Belo Horizonte, Lourdes",1344656803.0,Lourdes,"Belo Horizonte, Lourdes",Lourdes,Belo Horizonte,MG
"Lourdes_Belo Horizonte, Lourdes",1344638689.0,Lourdes,"Belo Horizonte, Lourdes",Lourdes,Belo Horizonte,MG
"Lourdes_Belo Horizonte, Lourdes",1344600589.0,Lourdes,"Belo Horizonte, Lourdes",Lourdes,Belo Horizonte,MG
"Lourdes_Belo Horizonte, Lourdes",1344600585.0,Lourdes,"Belo Horizonte, Lourdes",Lourdes,Belo Horizonte,MG
"Lourdes_Belo Horizonte, Lourdes",1344600554.0,Lourdes,"Belo Horizonte, Lourdes",Lourdes,Belo Horizonte,MG
"Lourdes_Belo Horizonte, Lourdes",1344600549.0,Lourdes,"Belo Horizonte, Lourdes",Lourdes,Belo Horizonte,MG
"Lourdes_Belo Horizonte, Lourdes",1344597185.0,Lourdes,"Belo Horizonte, Lourdes",Lourdes,Belo Horizonte,MG
"Lourdes_Belo Horizonte, Lourdes",1344517180.0,Lourdes,"Belo Horizonte, Lourdes",Lourdes,Belo Horizonte,MG
"Lourdes_Belo Horizonte, Lourdes",1344351444.0,Lourdes,"Belo Horizonte, Lourdes",Lourdes,Belo Horizonte,MG
"Lourdes_Belo Horizonte, Lourdes",1344314678.0,Lourdes,"Belo Horizonte, Lourdes",Lourdes,Belo Horizonte,MG
"Lourdes_Belo Horizonte, Lourdes",1344314081.0,Lourdes,"Belo Horizonte, Lourdes",Lourdes,Belo Horizonte,MG
"Lourdes_Belo Horizonte, Lourdes",1344297259.0,Lourdes,"Belo Horizonte, Lourdes",Lourdes,Belo Horizonte,MG
"Lourdes_Belo Horizonte, Lourdes",1344292226.0,Lourdes,"Belo Horizonte, Lourdes",Lourdes,Belo Horizonte,MG
"Lourdes_Belo Horizonte, Lourdes",1344270477.0,Lourdes,"Belo Horizonte, Lourdes",Lourdes,Belo Horizonte,MG
"Lourdes_Belo Horizonte, Lourdes",1344270265.0,Lourdes,"Belo Horizonte, Lourdes",Lourdes,Belo Horizonte,MG
"Lourdes_Belo Horizonte, Lourdes",1344269402.0,Lourdes,"Belo Horizonte, Lourdes",Lourdes,Belo Horizonte,MG
"Lourdes_Belo Horizonte, Lourdes",1344222294.0,Lourdes,"Belo Horizonte, Lourdes",Lourdes,Belo Horizonte,MG
"Centro_Belo Horizonte, Centro",1344199431.0,Centro,"Belo Horizonte, Centro",Centro,Belo Horizonte,MG
"Lourdes_Belo Horizonte, Lourdes",1344160432.0,Lourdes,"Belo Horizonte, Lourdes",Lourdes,Belo Horizonte,MG
"Lourdes_Belo Horizonte, Lourdes",1344160223.0,Lourdes,"Belo Horizonte, Lourdes",Lourdes,Belo Horizonte,MG
"Cidade Jardim_Belo Horizonte, Cidade Jardim",1344155664.0,Cidade Jardim,"Belo Horizonte, Cidade Jardim",Cidade Jardim,Belo Horizonte,MG
"Lourdes_Belo Horizonte, Lourdes",1344144461.0,Lourdes,"Belo Horizonte, Lourdes",Lourdes,Belo Horizonte,MG
"Lourdes_Belo Horizonte, Lourdes",1344111075.0,Lourdes,"Belo Horizonte, Lourdes",Lourdes,Belo Horizonte,MG
"Lourdes_Belo Horizonte, Lourdes",1344101355.0,Lourdes,"Belo Horizonte, Lourdes",Lourdes,Belo Horizonte,MG
"Lourdes_Belo Horizonte, Lourdes",1344066192.0,Lourdes,"Belo Horizonte, Lourdes",Lourdes,Belo Horizonte,MG
"Lourdes_Belo Horizonte, Lourdes",1343381037.0,Lourdes,"Belo Horizonte, Lourdes",Lourdes,Belo Horizonte,MG
"Lourdes_Belo Horizonte, Lourdes",1343325943.0,Lourdes,"Belo Horizonte, Lourdes",Lourdes,Belo Horizonte,MG
"Centro_Belo Horizonte, Centro",1343325309.0,Centro,"Belo Horizonte, Centro",Centro,Belo Horizonte,MG
"Centro_Belo Horizonte, Centro",1343319405.0,Centro,"Belo Horizonte, Centro",Centro,Belo Horizonte,MG
"Lourdes_Belo Horizonte, Lourdes",1343311359.0,Lourdes,"Belo Horizonte, Lourdes",Lourdes,Belo Horizonte,MG
"Lourdes_Belo Horizonte, Lourdes",1343311353.0,Lourdes,"Belo Horizonte, Lourdes",Lourdes,Belo Horizonte,MG
"Lourdes_Belo Horizonte, Lourdes",1343300084.0,Lourdes,"Belo Horizonte, Lourdes",Lourdes,Belo Horizonte,MG
"Lourdes_Belo Horizonte, Lourdes",1343295896.0,Lourdes,"Belo Horizonte, Lourdes",Lourdes,Belo Horizonte,MG
"Centro_Belo Horizonte, Centro",1343254341.0,Centro,"Belo Horizonte, Centro",Centro,Belo Horizonte,MG
"Lourdes_Belo Horizonte, Lourdes",1343148414.0,Lourdes,"Belo Horizonte, Lourdes",Lourdes,Belo Horizonte,MG
"Santo Agostinho_Belo Horizonte, Santo Agostinho",1343089947.0,Santo Agostinho,"Belo Horizonte, Santo Agostinho",Santo Agostinho,Belo Horizonte,MG
"Lourdes_Belo Horizonte, Lourdes",1343089915.0,Lourdes,"Belo Horizonte, Lourdes",Lourdes,Belo Horizonte,MG
"Centro_Belo Horizonte, Centro",1343067288.0,Centro,"Belo Horizonte, Centro",Centro,Belo Horizonte,MG
"Lourdes_Belo Horizonte, Lourdes",1343040141.0,Lourdes,"Belo Horizonte, Lourdes",Lourdes,Belo Horizonte,MG
"Lourdes_Belo Horizonte, Lourdes",1343038579.0,Lourdes,"Belo Horizonte, Lourdes",Lourdes,Belo Horizonte,MG
"Centro_Belo Horizonte, Centro",1343011903.0,Centro,"Belo Horizonte, Centro",Centro,Belo Horizonte,MG
"Lourdes_Belo Horizonte, Lourdes",1342945012.0,Lourdes,"Belo Horizonte, Lourdes",Lourdes,Belo Horizonte,MG
"Lourdes_Belo Horizonte, Lourdes",1342920588.0,Lourdes,"Belo Horizonte, Lourdes",Lourdes,Belo Horizonte,MG
"Lourdes_Belo Horizonte, Lourdes",1342920578.0,Lourdes,"Belo Horizonte, Lourdes",Lourdes,Belo Horizonte,MG
"Lourdes_Belo Horizonte, Lourdes",1342918142.0,Lourdes,"Belo Horizonte, Lourdes",Lourdes,Belo Horizonte,MG
"Lourdes_Belo Horizonte, Lourdes",1342901903.0,Lourdes,"Belo Horizonte, Lourdes",Lourdes,Belo Horizonte,MG
"Lourdes_Belo Horizonte, Lourdes",1342878657.0,Lourdes,"Belo Horizonte, Lourdes",Lourdes,Belo Horizonte,MG
"Lourdes_Belo Horizonte, Lourdes",1342819859.0,Lourdes,"Belo Horizonte, Lourdes",Lourdes,Belo Horizonte,MG
"Lourdes_Belo Horizonte, Lourdes",1342819776.0,Lourdes,"Belo Horizonte, Lourdes",Lourdes,Belo Horizonte,MG
"Lourdes_Belo Horizonte, Lourdes",1342788370.0,Lourdes,"Belo Horizonte, Lourdes",Lourdes,Belo Horizonte,MG
"Lourdes_Belo Horizonte, Lourdes",1342604303.0,Lourdes,"Belo Horizonte, Lourdes",Lourdes,Belo Horizonte,MG
"Lourdes_Belo Horizonte, Lourdes",1342570030.0,Lourdes,"Belo Horizonte, Lourdes",Lourdes,Belo Horizonte,MG
"Lourdes_Belo Horizonte, Lourdes",1342568263.0,Lourdes,"Belo Horizonte, Lourdes",Lourdes,Belo Horizonte,MG
"Lourdes_Belo Horizonte, Lourdes",1342513278.0,Lourdes,"Belo Horizonte, Lourdes",Lourdes,Belo Horizonte,MG
"Lourdes_Belo Horizonte, Lourdes",1342505757.0,Lourdes,"Belo Horizonte, Lourdes",Lourdes,Belo Horizonte,MG
"Lourdes_Belo Horizonte, Lourdes",1342500608.0,Lourdes,"Belo Horizonte, Lourdes",Lourdes,Belo Horizonte,MG
"Lourdes_Belo Horizonte, Lourdes",1342488265.0,Lourdes,"Belo Horizonte, Lourdes",Lourdes,Belo Horizonte,MG
"Lourdes_Belo Horizonte, Lourdes",1342485500.0,Lourdes,"Belo Horizonte, Lourdes",Lourdes,Belo Horizonte,MG
"Lourdes_Belo Horizonte, Lourdes",1342461329.0,Lourdes,"Belo Horizonte, Lourdes",Lourdes,Belo Horizonte,MG
"Lourdes_Belo Horizonte, Lourdes",1342456146.0,Lourdes,"Belo Horizonte, Lourdes",Lourdes,Belo Horizonte,MG
"Lourdes_Belo Horizonte, Lourdes",1342456153.0,Lourdes,"Belo Horizonte, Lourdes",Lourdes,Belo Horizonte,MG
"Lourdes_Belo Horizonte, Lourdes",1342456182.0,Lourdes,"Belo Horizonte, Lourdes",Lourdes,Belo Horizonte,MG
"Centro_Belo Horizonte, Centro",1342456338.0,Centro,"Belo Horizonte, Centro",Centro,Belo Horizonte,MG
"Lourdes_Belo Horizonte, Lourdes",1342450712.0,Lourdes,"Belo Horizonte, Lourdes",Lourdes,Belo Horizonte,MG
"Lourdes_Belo Horizonte, Lourdes",1342446558.0,Lourdes,"Belo Horizonte, Lourdes",Lourdes,Belo Horizonte,MG
"Santo Antônio_Belo Horizonte, Santo Antônio",1342446426.0,Santo Antônio,"Belo Horizonte, Santo Antônio",Santo Antônio,Belo Horizonte,MG
"Santo Antônio_Belo Horizonte, Santo Antônio",1342446421.0,Santo Antônio,"Belo Horizonte, Santo Antônio",Santo Antônio,Belo Horizonte,MG
"Lourdes_Belo Horizonte, Lourdes",1342438189.0,Lourdes,"Belo Horizonte, Lourdes",Lourdes,Belo Horizonte,MG
"Lourdes_Belo Horizonte, Lourdes",1342437973.0,Lourdes,"Belo Horizonte, Lourdes",Lourdes,Belo Horizonte,MG
"Lourdes_Belo Horizonte, Lourdes",1342337305.0,Lourdes,"Belo Horizonte, Lourdes",Lourdes,Belo Horizonte,MG
"Lourdes_Belo Horizonte, Lourdes",1342280783.0,Lourdes,"Belo Horizonte, Lourdes",Lourdes,Belo Horizonte,MG
"Lourdes_Belo Horizonte, Lourdes",1342234980.0,Lourdes,"Belo Horizonte, Lourdes",Lourdes,Belo Horizonte,MG
"Lourdes_Belo Horizonte, Lourdes",1342234786.0,Lourdes,"Belo Horizonte, Lourdes",Lourdes,Belo Horizonte,MG
"Lourdes_Belo Horizonte, Lourdes",1342150542.0,Lourdes,"Belo Horizonte, Lourdes",Lourdes,Belo Horizonte,MG
"Lourdes_Belo Horizonte, Lourdes",1342126317.0,Lourdes,"Belo Horizonte, Lourdes",Lourdes,Belo Horizonte,MG
"Lourdes_Belo Horizonte, Lourdes",1342126218.0,Lourdes,"Belo Horizonte, Lourdes",Lourdes,Belo Horizonte,MG
"Lourdes_Belo Horizonte, Lourdes",1342118221.0,Lourdes,"Belo Horizonte, Lourdes",Lourdes,Belo Horizonte,MG
"Lourdes_Belo Horizonte, Lourdes",1342003142.0,Lourdes,"Belo Horizonte, Lourdes",Lourdes,Belo Horizonte,MG
"Lourdes_Belo Horizonte, Lourdes",1342001929.0,Lourdes,"Belo Horizonte, Lourdes",Lourdes,Belo Horizonte,MG
"Lourdes_Belo Horizonte, Lourdes",1342001907.0,Lourdes,"Belo Horizonte, Lourdes",Lourdes,Belo Horizonte,MG
"Lourdes_Belo Horizonte, Lourdes",1342001757.0,Lourdes,"Belo Horizonte, Lourdes",Lourdes,Belo Horizonte,MG
"Lourdes_Belo Horizonte, Lourdes",1341699021.0,Lourdes,"Belo Horizonte, Lourdes",Lourdes,Belo Horizonte,MG
"Lourdes_Belo Horizonte, Lourdes",1341567405.0,Lourdes,"Belo Horizonte, Lourdes",Lourdes,Belo Horizonte,MG
"Centro_Belo Horizonte, Centro",1341513160.0,Centro,"Belo Horizonte, Centro",Centro,Belo Horizonte,MG
"Lourdes_Belo Horizonte, Lourdes",1341513066.0,Lourdes,"Belo Horizonte, Lourdes",Lourdes,Belo Horizonte,MG
"Lourdes_Belo Horizonte, Lourdes",1341485194.0,Lourdes,"Belo Horizonte, Lourdes",Lourdes,Belo Horizonte,MG
"Lourdes_Belo Horizonte, Lourdes",1341481310.0,Lourdes,"Belo Horizonte, Lourdes",Lourdes,Belo Horizonte,MG
"Lourdes_Belo Horizonte, Lourdes",1341466920.0,Lourdes,"Belo Horizonte, Lourdes",Lourdes,Belo Horizonte,MG
"Lourdes_Belo Horizonte, Lourdes",1341450414.0,Lourdes,"Belo Horizonte, Lourdes",Lourdes,Belo Horizonte,MG
"Lourdes_Belo Horizonte, Lourdes",1341404930.0,Lourdes,"Belo Horizonte, Lourdes",Lourdes,Belo Horizonte,MG
"Centro_Belo Horizonte, Centro",1341374885.0,Centro,"Belo Horizonte, Centro",Centro,Belo Horizonte,MG
"Lourdes_Belo Horizonte, Lourdes",1341325672.0,Lourdes,"Belo Horizonte, Lourdes",Lourdes,Belo Horizonte,MG
"Lourdes_Belo Horizonte, Lourdes",1341325661.0,Lourdes,"Belo Horizonte, Lourdes",Lourdes,Belo Horizonte,MG
"Lourdes_Belo Horizonte, Lourdes",1341325635.0,Lourdes,"Belo Horizonte, Lourdes",Lourdes,Belo Horizonte,MG
"Lourdes_Belo Horizonte, Lourdes",1341325626.0,Lourdes,"Belo Horizonte, Lourdes",Lourdes,Belo Horizonte,MG
"Lourdes_Belo Horizonte, Lourdes",1341322280.0,Lourdes,"Belo Horizonte, Lourdes",Lourdes,Belo Horizonte,MG
"Santo Agostinho_Belo Horizonte, Santo Agostinho",1341320750.0,Santo Agostinho,"Belo Horizonte, Santo Agostinho",Santo Agostinho,Belo Horizonte,MG
"Lourdes_Belo Horizonte, Lourdes",1341319014.0,Lourdes,"Belo Horizonte, Lourdes",Lourdes,Belo Horizonte,MG
"Lourdes_Belo Horizonte, Lourdes",1341318724.0,Lourdes,"Belo Horizonte, Lourdes",Lourdes,Belo Horizonte,MG
"Lourdes_Belo Horizonte, Lourdes",1341314024.0,Lourdes,"Belo Horizonte, Lourdes",Lourdes,Belo Horizonte,MG
"Lourdes_Belo Horizonte, Lourdes",1341313316.0,Lourdes,"Belo Horizonte, Lourdes",Lourdes,Belo Horizonte,MG
"Lourdes_Belo Horizonte, Lourdes",1341251840.0,Lourdes,"Belo Horizonte, Lourdes",Lourdes,Belo Horizonte,MG
"Lourdes_Belo Horizonte, Lourdes",1341246506.0,Lourdes,"Belo Horizonte, Lourdes",Lourdes,Belo Horizonte,MG
"Lourdes_Belo Horizonte, Lourdes",1341227101.0,Lourdes,"Belo Horizonte, Lourdes",Lourdes,Belo Horizonte,MG
"Lourdes_Belo Horizonte, Lourdes",1341222315.0,Lourdes,"Belo Horizonte, Lourdes",Lourdes,Belo Horizonte,MG
"Lourdes_Belo Horizonte, Lourdes",1341222088.0,Lourdes,"Belo Horizonte, Lourdes",Lourdes,Belo Horizonte,MG
"Lourdes_Belo Horizonte, Lourdes",1341222102.0,Lourdes,"Belo Horizonte, Lourdes",Lourdes,Belo Horizonte,MG
"Lourdes_Belo Horizonte, Lourdes",1341219040.0,Lourdes,"Belo Horizonte, Lourdes",Lourdes,Belo Horizonte,MG
"Lourdes_Belo Horizonte, Lourdes",1341219134.0,Lourdes,"Belo Horizonte, Lourdes",Lourdes,Belo Horizonte,MG
"Lourdes_Belo Horizonte, Lourdes",1341203777.0,Lourdes,"Belo Horizonte, Lourdes",Lourdes,Belo Horizonte,MG
"Santo Agostinho_Belo Horizonte, Santo Agostinho",1341198305.0,Santo Agostinho,"Belo Horizonte, Santo Agostinho",Santo Agostinho,Belo Horizonte,MG
"Centro_Belo Horizonte, Centro",1341159468.0,Centro,"Belo Horizonte, Centro",Centro,Belo Horizonte,MG
"Lourdes_Belo Horizonte, Lourdes",1341121210.0,Lourdes,"Belo Horizonte, Lourdes",Lourdes,Belo Horizonte,MG
"Centro_Belo Horizonte, Centro",1341105486.0,Centro,"Belo Horizonte, Centro",Centro,Belo Horizonte,MG
"Lourdes_Belo Horizonte, Lourdes",1341104820.0,Lourdes,"Belo Horizonte, Lourdes",Lourdes,Belo Horizonte,MG
"Lourdes_Belo Horizonte, Lourdes",1341047640.0,Lourdes,"Belo Horizonte, Lourdes",Lourdes,Belo Horizonte,MG
"Lourdes_Belo Horizonte, Lourdes",1341008371.0,Lourdes,"Belo Horizonte, Lourdes",Lourdes,Belo Horizonte,MG
"Santo Agostinho_Belo Horizonte, Santo Agostinho",1341008330.0,Santo Agostinho,"Belo Horizonte, Santo Agostinho",Santo Agostinho,Belo Horizonte,MG
"Santo Agostinho_Belo Horizonte, Santo Agostinho",1341008325.0,Santo Agostinho,"Belo Horizonte, Santo Agostinho",Santo Agostinho,Belo Horizonte,MG
"Santo Agostinho_Belo Horizonte, Santo Agostinho",1341008322.0,Santo Agostinho,"Belo Horizonte, Santo Agostinho",Santo Agostinho,Belo Horizonte,MG
"Lourdes_Belo Horizonte, Lourdes",1340965598.0,Lourdes,"Belo Horizonte, Lourdes",Lourdes,Belo Horizonte,MG
"Lourdes_Belo Horizonte, Lourdes",1340919157.0,Lourdes,"Belo Horizonte, Lourdes",Lourdes,Belo Horizonte,MG
"Lourdes_Belo Horizonte, Lourdes",1340892382.0,Lourdes,"Belo Horizonte, Lourdes",Lourdes,Belo Horizonte,MG
"Lourdes_Belo Horizonte, Lourdes",1340892360.0,Lourdes,"Belo Horizonte, Lourdes",Lourdes,Belo Horizonte,MG
"Lourdes_Belo Horizonte, Lourdes",1340875042.0,Lourdes,"Belo Horizonte, Lourdes",Lourdes,Belo Horizonte,MG
"Lourdes_Belo Horizonte, Lourdes",1340875015.0,Lourdes,"Belo Horizonte, Lourdes",Lourdes,Belo Horizonte,MG
"Lourdes_Belo Horizonte, Lourdes",1340874994.0,Lourdes,"Belo Horizonte, Lourdes",Lourdes,Belo Horizonte,MG
"Lourdes_Belo Horizonte, Lourdes",1340874962.0,Lourdes,"Belo Horizonte, Lourdes",Lourdes,Belo Horizonte,MG
"Lourdes_Belo Horizonte, Lourdes",1340874898.0,Lourdes,"Belo Horizonte, Lourdes",Lourdes,Belo Horizonte,MG
"Lourdes_Belo Horizonte, Lourdes",1340874880.0,Lourdes,"Belo Horizonte, Lourdes",Lourdes,Belo Horizonte,MG
"Centro_Belo Horizonte, Centro",1340874832.0,Centro,"Belo Horizonte, Centro",Centro,Belo Horizonte,MG
"Lourdes_Belo Horizonte, Lourdes",1340815424.0,Lourdes,"Belo Horizonte, Lourdes",Lourdes,Belo Horizonte,MG
"Lourdes_Belo Horizonte, Lourdes",1340718952.0,Lourdes,"Belo Horizonte, Lourdes",Lourdes,Belo Horizonte,MG
"Lourdes_Belo Horizonte, Lourdes",1340703416.0,Lourdes,"Belo Horizonte, Lourdes",Lourdes,Belo Horizonte,MG
"Lourdes_Belo Horizonte, Lourdes",1340696245.0,Lourdes,"Belo Horizonte, Lourdes",Lourdes,Belo Horizonte,MG
"Lourdes_Belo Horizonte, Lourdes",1340692848.0,Lourdes,"Belo Horizonte, Lourdes",Lourdes,Belo Horizonte,MG
"Lourdes_Belo Horizonte, Lourdes",1340635004.0,Lourdes,"Belo Horizonte, Lourdes",Lourdes,Belo Horizonte,MG
"Lourdes_Belo Horizonte, Lourdes",1340623273.0,Lourdes,"Belo Horizonte, Lourdes",Lourdes,Belo Horizonte,MG
"Lourdes_Belo Horizonte, Lourdes",1340613752.0,Lourdes,"Belo Horizonte, Lourdes",Lourdes,Belo Horizonte,MG
"Lourdes_Belo Horizonte, Lourdes",1340607976.0,Lourdes,"Belo Horizonte, Lourdes",Lourdes,Belo Horizonte,MG
"Centro_Belo Horizonte, Centro",1340599390.0,Centro,"Belo Horizonte, Centro",Centro,Belo Horizonte,MG
"Lourdes_Belo Horizonte, Lourdes",1340569902.0,Lourdes,"Belo Horizonte, Lourdes",Lourdes,Belo Horizonte,MG
"Lourdes_Belo Horizonte, Lourdes",1340569829.0,Lourdes,"Belo Horizonte, Lourdes",Lourdes,Belo Horizonte,MG
"Lourdes_Belo Horizonte, Lourdes",1340538268.0,Lourdes,"Belo Horizonte, Lourdes",Lourdes,Belo Horizonte,MG
"Lourdes_Belo Horizonte, Lourdes",1340538250.0,Lourdes,"Belo Horizonte, Lourdes",Lourdes,Belo Horizonte,MG
"Lourdes_Belo Horizonte, Lourdes",1340517260.0,Lourdes,"Belo Horizonte, Lourdes",Lourdes,Belo Horizonte,MG
"Lourdes_Belo Horizonte, Lourdes",1340499898.0,Lourdes,"Belo Horizonte, Lourdes",Lourdes,Belo Horizonte,MG
"Lourdes_Belo Horizonte, Lourdes",1340499212.0,Lourdes,"Belo Horizonte, Lourdes",Lourdes,Belo Horizonte,MG
"Lourdes_Belo Horizonte, Lourdes",1340499176.0,Lourdes,"Belo Horizonte, Lourdes",Lourdes,Belo Horizonte,MG
"Lourdes_Belo Horizonte, Lourdes",1340499147.0,Lourdes,"Belo Horizonte, Lourdes",Lourdes,Belo Horizonte,MG
"Lourdes_Belo Horizonte, Lourdes",1340499107.0,Lourdes,"Belo Horizonte, Lourdes",Lourdes,Belo Horizonte,MG
"Lourdes_Belo Horizonte, Lourdes",1340499076.0,Lourdes,"Belo Horizonte, Lourdes",Lourdes,Belo Horizonte,MG
"Lourdes_Belo Horizonte, Lourdes",1340490104.0,Lourdes,"Belo Horizonte, Lourdes",Lourdes,Belo Horizonte,MG
"Lourdes_Belo Horizonte, Lourdes",1340464310.0,Lourdes,"Belo Horizonte, Lourdes",Lourdes,Belo Horizonte,MG
"Lourdes_Belo Horizonte, Lourdes",1340464291.0,Lourdes,"Belo Horizonte, Lourdes",Lourdes,Belo Horizonte,MG
"Lourdes_Belo Horizonte, Lourdes",1340464252.0,Lourdes,"Belo Horizonte, Lourdes",Lourdes,Belo Horizonte,MG
"Lourdes_Belo Horizonte, Lourdes",1340401933.0,Lourdes,"Belo Horizonte, Lourdes",Lourdes,Belo Horizonte,MG
"Lourdes_Belo Horizonte, Lourdes",1340388647.0,Lourdes,"Belo Horizonte, Lourdes",Lourdes,Belo Horizonte,MG
"Centro_Belo Horizonte, Centro",1340370213.0,Centro,"Belo Horizonte, Centro",Centro,Belo Horizonte,MG
"Lourdes_Belo Horizonte, Lourdes",1340340372.0,Lourdes,"Belo Horizonte, Lourdes",Lourdes,Belo Horizonte,MG
"Lourdes_Belo Horizonte, Lourdes",1340332350.0,Lourdes,"Belo Horizonte, Lourdes",Lourdes,Belo Horizonte,MG
"Lourdes_Belo Horizonte, Lourdes",1340332346.0,Lourdes,"Belo Horizonte, Lourdes",Lourdes,Belo Horizonte,MG
"Lourdes_Belo Horizonte, Lourdes",1340332321.0,Lourdes,"Belo Horizonte, Lourdes",Lourdes,Belo Horizonte,MG
"Lourdes_Belo Horizonte, Lourdes",1340324818.0,Lourdes,"Belo Horizonte, Lourdes",Lourdes,Belo Horizonte,MG
"Lourdes_Belo Horizonte, Lourdes",1340311203.0,Lourdes,"Belo Horizonte, Lourdes",Lourdes,Belo Horizonte,MG
"Lourdes_Belo Horizonte, Lourdes",1340309224.0,Lourdes,"Belo Horizonte, Lourdes",Lourdes,Belo Horizonte,MG
"Lourdes_Belo Horizonte, Lourdes",1340301634.0,Lourdes,"Belo Horizonte, Lourdes",Lourdes,Belo Horizonte,MG
"Lourdes_Belo Horizonte, Lourdes",1340301629.0,Lourdes,"Belo Horizonte, Lourdes",Lourdes,Belo Horizonte,MG
"Lourdes_Belo Horizonte, Lourdes",1340301394.0,Lourdes,"Belo Horizonte, Lourdes",Lourdes,Belo Horizonte,MG
"Lourdes_Belo Horizonte, Lourdes",1340261269.0,Lourdes,"Belo Horizonte, Lourdes",Lourdes,Belo Horizonte,MG
"Lourdes_Belo Horizonte, Lourdes",1340215585.0,Lourdes,"Belo Horizonte, Lourdes",Lourdes,Belo Horizonte,MG
"Lourdes_Belo Horizonte, Lourdes",1340197998.0,Lourdes,"Belo Horizonte, Lourdes",Lourdes,Belo Horizonte,MG
"Lourdes_Belo Horizonte, Lourdes",1340197408.0,Lourdes,"Belo Horizonte, Lourdes",Lourdes,Belo Horizonte,MG
"Lourdes_Belo Horizonte, Lourdes",1340189913.0,Lourdes,"Belo Horizonte, Lourdes",Lourdes,Belo Horizonte,MG
"Lourdes_Belo Horizonte, Lourdes",1340105196.0,Lourdes,"Belo Horizonte, Lourdes",Lourdes,Belo Horizonte,MG
"Lourdes_Belo Horizonte, Lourdes",1340077135.0,Lourdes,"Belo Horizonte, Lourdes",Lourdes,Belo Horizonte,MG
"Lourdes_Belo Horizonte, Lourdes",1340076144.0,Lourdes,"Belo Horizonte, Lourdes",Lourdes,Belo Horizonte,MG
"Lourdes_Belo Horizonte, Lourdes",1340043768.0,Lourdes,"Belo Horizonte, Lourdes",Lourdes,Belo Horizonte,MG
"Lourdes_Belo Horizonte, Lourdes",1339877536.0,Lourdes,"Belo Horizonte, Lourdes",Lourdes,Belo Horizonte,MG
"Lourdes_Belo Horizonte, Lourdes",1339837689.0,Lourdes,"Belo Horizonte, Lourdes",Lourdes,Belo Horizonte,MG
"Lourdes_Belo Horizonte, Lourdes",1339761778.0,Lourdes,"Belo Horizonte, Lourdes",Lourdes,Belo Horizonte,MG
"Lourdes_Belo Horizonte, Lourdes",1339760372.0,Lourdes,"Belo Horizonte, Lourdes",Lourdes,Belo Horizonte,MG
"Lourdes_Belo Horizonte, Lourdes",1339708881.0,Lourdes,"Belo Horizonte, Lourdes",Lourdes,Belo Horizonte,MG
"Lourdes_Belo Horizonte, Lourdes",1339653899.0,Lourdes,"Belo Horizonte, Lourdes",Lourdes,Belo Horizonte,MG
"Centro_Belo Horizonte, Centro",1339648995.0,Centro,"Belo Horizonte, Centro",Centro,Belo Horizonte,MG
"Lourdes_Belo Horizonte, Lourdes",1339631024.0,Lourdes,"Belo Horizonte, Lourdes",Lourdes,Belo Horizonte,MG
"Lourdes_Belo Horizonte, Lourdes",1339614055.0,Lourdes,"Belo Horizonte, Lourdes",Lourdes,Belo Horizonte,MG
"Lourdes_Belo Horizonte, Lourdes",1339585045.0,Lourdes,"Belo Horizonte, Lourdes",Lourdes,Belo Horizonte,MG
"Lourdes_Belo Horizonte, Lourdes",1339582428.0,Lourdes,"Belo Horizonte, Lourdes",Lourdes,Belo Horizonte,MG
"Lourdes_Belo Horizonte, Lourdes",1339582041.0,Lourdes,"Belo Horizonte, Lourdes",Lourdes,Belo Horizonte,MG
"Lourdes_Belo Horizonte, Lourdes",1339581328.0,Lourdes,"Belo Horizonte, Lourdes",Lourdes,Belo Horizonte,MG
"Lourdes_Belo Horizonte, Lourdes",1339580783.0,Lourdes,"Belo Horizonte, Lourdes",Lourdes,Belo Horizonte,MG
"Lourdes_Belo Horizonte, Lourdes",1339580547.0,Lourdes,"Belo Horizonte, Lourdes",Lourdes,Belo Horizonte,MG
"Lourdes_Belo Horizonte, Lourdes",1339580291.0,Lourdes,"Belo Horizonte, Lourdes",Lourdes,Belo Horizonte,MG
"Lourdes_Belo Horizonte, Lourdes",1339580273.0,Lourdes,"Belo Horizonte, Lourdes",Lourdes,Belo Horizonte,MG
"Lourdes_Belo Horizonte, Lourdes",1339580185.0,Lourdes,"Belo Horizonte, Lourdes",Lourdes,Belo Horizonte,MG
"Lourdes_Belo Horizonte, Lourdes",1339580189.0,Lourdes,"Belo Horizonte, Lourdes",Lourdes,Belo Horizonte,MG
"Lourdes_Belo Horizonte, Lourdes",1339580107.0,Lourdes,"Belo Horizonte, Lourdes",Lourdes,Belo Horizonte,MG
"Lourdes_Belo Horizonte, Lourdes",1339579589.0,Lourdes,"Belo Horizonte, Lourdes",Lourdes,Belo Horizonte,MG
"Lourdes_Belo Horizonte, Lourdes",1339577600.0,Lourdes,"Belo Horizonte, Lourdes",Lourdes,Belo Horizonte,MG
"Lourdes_Belo Horizonte, Lourdes",1339576857.0,Lourdes,"Belo Horizonte, Lourdes",Lourdes,Belo Horizonte,MG
"Lourdes_Belo Horizonte, Lourdes",1339416811.0,Lourdes,"Belo Horizonte, Lourdes",Lourdes,Belo Horizonte,MG
"Lourdes_Belo Horizonte, Lourdes",1339360677.0,Lourdes,"Belo Horizonte, Lourdes",Lourdes,Belo Horizonte,MG
"Lourdes_Belo Horizonte, Lourdes",1339352079.0,Lourdes,"Belo Horizonte, Lourdes",Lourdes,Belo Horizonte,MG
"Lourdes_Belo Horizonte, Lourdes",1339309661.0,Lourdes,"Belo Horizonte, Lourdes",Lourdes,Belo Horizonte,MG
"Centro_Belo Horizonte, Centro",1339307957.0,Centro,"Belo Horizonte, Centro",Centro,Belo Horizonte,MG
"Lourdes_Belo Horizonte, Lourdes",1339279801.0,Lourdes,"Belo Horizonte, Lourdes",Lourdes,Belo Horizonte,MG
"Lourdes_Belo Horizonte, Lourdes",1339236906.0,Lourdes,"Belo Horizonte, Lourdes",Lourdes,Belo Horizonte,MG
"Lourdes_Belo Horizonte, Lourdes",1339237011.0,Lourdes,"Belo Horizonte, Lourdes",Lourdes,Belo Horizonte,MG
"Lourdes_Belo Horizonte, Lourdes",1339230744.0,Lourdes,"Belo Horizonte, Lourdes",Lourdes,Belo Horizonte,MG
"Lourdes_Belo Horizonte, Lourdes",1339230516.0,Lourdes,"Belo Horizonte, Lourdes",Lourdes,Belo Horizonte,MG
"Lourdes_Belo Horizonte, Lourdes",1339230489.0,Lourdes,"Belo Horizonte, Lourdes",Lourdes,Belo Horizonte,MG
"Lourdes_Belo Horizonte, Lourdes",1339230494.0,Lourdes,"Belo Horizonte, Lourdes",Lourdes,Belo Horizonte,MG
"Centro_Belo Horizonte, Centro",1339201772.0,Centro,"Belo Horizonte, Centro",Centro,Belo Horizonte,MG
"Lourdes_Belo Horizonte, Lourdes",1339191192.0,Lourdes,"Belo Horizonte, Lourdes",Lourdes,Belo Horizonte,MG
"Lourdes_Belo Horizonte, Lourdes",1339190889.0,Lourdes,"Belo Horizonte, Lourdes",Lourdes,Belo Horizonte,MG
"Lourdes_Belo Horizonte, Lourdes",1339181007.0,Lourdes,"Belo Horizonte, Lourdes",Lourdes,Belo Horizonte,MG
"Lourdes_Belo Horizonte, Lourdes",1339166295.0,Lourdes,"Belo Horizonte, Lourdes",Lourdes,Belo Horizonte,MG
"Lourdes_Belo Horizonte, Lourdes",1339162355.0,Lourdes,"Belo Horizonte, Lourdes",Lourdes,Belo Horizonte,MG
"Lourdes_Belo Horizonte, Lourdes",1338992570.0,Lourdes,"Belo Horizonte, Lourdes",Lourdes,Belo Horizonte,MG
"Lourdes_Belo Horizonte, Lourdes",1338929482.0,Lourdes,"Belo Horizonte, Lourdes",Lourdes,Belo Horizonte,MG
"Lourdes_Belo Horizonte, Lourdes",1338928835.0,Lourdes,"Belo Horizonte, Lourdes",Lourdes,Belo Horizonte,MG
"Lourdes_Belo Horizonte, Lourdes",1338928361.0,Lourdes,"Belo Horizonte, Lourdes",Lourdes,Belo Horizonte,MG
"Santo Antônio_Belo Horizonte, Santo Antônio",1338928568.0,Santo Antônio,"Belo Horizonte, Santo Antônio",Santo Antônio,Belo Horizonte,MG
"Cidade Jardim_Belo Horizonte, Cidade Jardim",1338925483.0,Cidade Jardim,"Belo Horizonte, Cidade Jardim",Cidade Jardim,Belo Horizonte,MG
"Lourdes_Belo Horizonte, Lourdes",1338924234.0,Lourdes,"Belo Horizonte, Lourdes",Lourdes,Belo Horizonte,MG
"Lourdes_Belo Horizonte, Lourdes",1338891079.0,Lourdes,"Belo Horizonte, Lourdes",Lourdes,Belo Horizonte,MG
"Lourdes_Belo Horizonte, Lourdes",1338888359.0,Lourdes,"Belo Horizonte, Lourdes",Lourdes,Belo Horizonte,MG
"Lourdes_Belo Horizonte, Lourdes",1338816844.0,Lourdes,"Belo Horizonte, Lourdes",Lourdes,Belo Horizonte,MG
"Lourdes_Belo Horizonte, Lourdes",1338816558.0,Lourdes,"Belo Horizonte, Lourdes",Lourdes,Belo Horizonte,MG
"Lourdes_Belo Horizonte, Lourdes",1338782976.0,Lourdes,"Belo Horizonte, Lourdes",Lourdes,Belo Horizonte,MG
"Lourdes_Belo Horizonte, Lourdes",1338750953.0,Lourdes,"Belo Horizonte, Lourdes",Lourdes,Belo Horizonte,MG
"Cidade Jardim_Belo Horizonte, Cidade Jardim",1338718257.0,Cidade Jardim,"Belo Horizonte, Cidade Jardim",Cidade Jardim,Belo Horizonte,MG
"Lourdes_Belo Horizonte, Lourdes",1338674153.0,Lourdes,"Belo Horizonte, Lourdes",Lourdes,Belo Horizonte,MG
"Centro_Belo Horizonte, Centro",1338654705.0,Centro,"Belo Horizonte, Centro",Centro,Belo Horizonte,MG
"Lourdes_Belo Horizonte, Lourdes",1338637852.0,Lourdes,"Belo Horizonte, Lourdes",Lourdes,Belo Horizonte,MG
"Lourdes_Belo Horizonte, Lourdes",1338588274.0,Lourdes,"Belo Horizonte, Lourdes",Lourdes,Belo Horizonte,MG
"Lourdes_Belo Horizonte, Lourdes",1338582584.0,Lourdes,"Belo Horizonte, Lourdes",Lourdes,Belo Horizonte,MG
"Lourdes_Belo Horizonte, Lourdes",1338554402.0,Lourdes,"Belo Horizonte, Lourdes",Lourdes,Belo Horizonte,MG
"Lourdes_Belo Horizonte, Lourdes",1338420787.0,Lourdes,"Belo Horizonte, Lourdes",Lourdes,Belo Horizonte,MG
"Lourdes_Belo Horizonte, Lourdes",1338420739.0,Lourdes,"Belo Horizonte, Lourdes",Lourdes,Belo Horizonte,MG
"Lourdes_Belo Horizonte, Lourdes",1338420490.0,Lourdes,"Belo Horizonte, Lourdes",Lourdes,Belo Horizonte,MG
"Lourdes_Belo Horizonte, Lourdes",1338420459.0,Lourdes,"Belo Horizonte, Lourdes",Lourdes,Belo Horizonte,MG
"Lourdes_Belo Horizonte, Lourdes",1338420451.0,Lourdes,"Belo Horizonte, Lourdes",Lourdes,Belo Horizonte,MG
"Lourdes_Belo Horizonte, Lourdes",1338420447.0,Lourdes,"Belo Horizonte, Lourdes",Lourdes,Belo Horizonte,MG
"Lourdes_Belo Horizonte, Lourdes",1338420423.0,Lourdes,"Belo Horizonte, Lourdes",Lourdes,Belo Horizonte,MG
"Lourdes_Belo Horizonte, Lourdes",1338420371.0,Lourdes,"Belo Horizonte, Lourdes",Lourdes,Belo Horizonte,MG
"Lourdes_Belo Horizonte, Lourdes",1338415767.0,Lourdes,"Belo Horizonte, Lourdes",Lourdes,Belo Horizonte,MG
"Centro_Belo Horizonte, Centro",1338414695.0,Centro,"Belo Horizonte, Centro",Centro,Belo Horizonte,MG
"Lourdes_Belo Horizonte, Lourdes",1338414584.0,Lourdes,"Belo Horizonte, Lourdes",Lourdes,Belo Horizonte,MG
"Lourdes_Belo Horizonte, Lourdes",1338414346.0,Lourdes,"Belo Horizonte, Lourdes",Lourdes,Belo Horizonte,MG
"Lourdes_Belo Horizonte, Lourdes",1338414351.0,Lourdes,"Belo Horizonte, Lourdes",Lourdes,Belo Horizonte,MG
"Lourdes_Belo Horizonte, Lourdes",1338414392.0,Lourdes,"Belo Horizonte, Lourdes",Lourdes,Belo Horizonte,MG
"Lourdes_Belo Horizonte, Lourdes",1338414439.0,Lourdes,"Belo Horizonte, Lourdes",Lourdes,Belo Horizonte,MG
"Centro_Belo Horizonte, Centro",1338414484.0,Centro,"Belo Horizonte, Centro",Centro,Belo Horizonte,MG
"Lourdes_Belo Horizonte, Lourdes",1338414561.0,Lourdes,"Belo Horizonte, Lourdes",Lourdes,Belo Horizonte,MG
"Lourdes_Belo Horizonte, Lourdes",1338414274.0,Lourdes,"Belo Horizonte, Lourdes",Lourdes,Belo Horizonte,MG
"Lourdes_Belo Horizonte, Lourdes",1338414107.0,Lourdes,"Belo Horizonte, Lourdes",Lourdes,Belo Horizonte,MG
"Cidade Jardim_Belo Horizonte, Cidade Jardim",1338414101.0,Cidade Jardim,"Belo Horizonte, Cidade Jardim",Cidade Jardim,Belo Horizonte,MG
"Lourdes_Belo Horizonte, Lourdes",1338414069.0,Lourdes,"Belo Horizonte, Lourdes",Lourdes,Belo Horizonte,MG
"Lourdes_Belo Horizonte, Lourdes",1338414010.0,Lourdes,"Belo Horizonte, Lourdes",Lourdes,Belo Horizonte,MG
"Centro_Belo Horizonte, Centro",1338413969.0,Centro,"Belo Horizonte, Centro",Centro,Belo Horizonte,MG
"Lourdes_Belo Horizonte, Lourdes",1338413949.0,Lourdes,"Belo Horizonte, Lourdes",Lourdes,Belo Horizonte,MG
"Lourdes_Belo Horizonte, Lourdes",1338413804.0,Lourdes,"Belo Horizonte, Lourdes",Lourdes,Belo Horizonte,MG
"Lourdes_Belo Horizonte, Lourdes",1338413342.0,Lourdes,"Belo Horizonte, Lourdes",Lourdes,Belo Horizonte,MG
"Lourdes_Belo Horizonte, Lourdes",1338413358.0,Lourdes,"Belo Horizonte, Lourdes",Lourdes,Belo Horizonte,MG
"Centro_Belo Horizonte, Centro",1338413380.0,Centro,"Belo Horizonte, Centro",Centro,Belo Horizonte,MG
"Lourdes_Belo Horizonte, Lourdes",1338413429.0,Lourdes,"Belo Horizonte, Lourdes",Lourdes,Belo Horizonte,MG
"Lourdes_Belo Horizonte, Lourdes",1338413448.0,Lourdes,"Belo Horizonte, Lourdes",Lourdes,Belo Horizonte,MG
"Lourdes_Belo Horizonte, Lourdes",1338413490.0,Lourdes,"Belo Horizonte, Lourdes",Lourdes,Belo Horizonte,MG
"Centro_Belo Horizonte, Centro",1338413523.0,Centro,"Belo Horizonte, Centro",Centro,Belo Horizonte,MG
"Lourdes_Belo Horizonte, Lourdes",1338413524.0,Lourdes,"Belo Horizonte, Lourdes",Lourdes,Belo Horizonte,MG
"Lourdes_Belo Horizonte, Lourdes",1338413532.0,Lourdes,"Belo Horizonte, Lourdes",Lourdes,Belo Horizonte,MG
"Lourdes_Belo Horizonte, Lourdes",1338413547.0,Lourdes,"Belo Horizonte, Lourdes",Lourdes,Belo Horizonte,MG
"Lourdes_Belo Horizonte, Lourdes",1338413551.0,Lourdes,"Belo Horizonte, Lourdes",Lourdes,Belo Horizonte,MG
"Centro_Belo Horizonte, Centro",1338413559.0,Centro,"Belo Horizonte, Centro",Centro,Belo Horizonte,MG
"Lourdes_Belo Horizonte, Lourdes",1338413594.0,Lourdes,"Belo Horizonte, Lourdes",Lourdes,Belo Horizonte,MG
"Lourdes_Belo Horizonte, Lourdes",1338413645.0,Lourdes,"Belo Horizonte, Lourdes",Lourdes,Belo Horizonte,MG
"Lourdes_Belo Horizonte, Lourdes",1338413647.0,Lourdes,"Belo Horizonte, Lourdes",Lourdes,Belo Horizonte,MG
"Cidade Jardim_Belo Horizonte, Cidade Jardim",1338413654.0,Cidade Jardim,"Belo Horizonte, Cidade Jardim",Cidade Jardim,Belo Horizonte,MG
"Centro_Belo Horizonte, Centro",1338413682.0,Centro,"Belo Horizonte, Centro",Centro,Belo Horizonte,MG
"Lourdes_Belo Horizonte, Lourdes",1338413691.0,Lourdes,"Belo Horizonte, Lourdes",Lourdes,Belo Horizonte,MG
"Lourdes_Belo Horizonte, Lourdes",1338413297.0,Lourdes,"Belo Horizonte, Lourdes",Lourdes,Belo Horizonte,MG
"Lourdes_Belo Horizonte, Lourdes",1338413299.0,Lourdes,"Belo Horizonte, Lourdes",Lourdes,Belo Horizonte,MG
"Centro_Belo Horizonte, Centro",1338413310.0,Centro,"Belo Horizonte, Centro",Centro,Belo Horizonte,MG
"Lourdes_Belo Horizonte, Lourdes",1338413313.0,Lourdes,"Belo Horizonte, Lourdes",Lourdes,Belo Horizonte,MG
"Lourdes_Belo Horizonte, Lourdes",1338413318.0,Lourdes,"Belo Horizonte, Lourdes",Lourdes,Belo Horizonte,MG
"Lourdes_Belo Horizonte, Lourdes",1338413118.0,Lourdes,"Belo Horizonte, Lourdes",Lourdes,Belo Horizonte,MG
"Lourdes_Belo Horizonte, Lourdes",1338413101.0,Lourdes,"Belo Horizonte, Lourdes",Lourdes,Belo Horizonte,MG
"Lourdes_Belo Horizonte, Lourdes",1338413077.0,Lourdes,"Belo Horizonte, Lourdes",Lourdes,Belo Horizonte,MG
"Lourdes_Belo Horizonte, Lourdes",1338412988.0,Lourdes,"Belo Horizonte, Lourdes",Lourdes,Belo Horizonte,MG
"Centro_Belo Horizonte, Centro",1338412948.0,Centro,"Belo Horizonte, Centro",Centro,Belo Horizonte,MG
"Lourdes_Belo Horizonte, Lourdes",1338412926.0,Lourdes,"Belo Horizonte, Lourdes",Lourdes,Belo Horizonte,MG
"Centro_Belo Horizonte, Centro",1338412899.0,Centro,"Belo Horizonte, Centro",Centro,Belo Horizonte,MG
"Lourdes_Belo Horizonte, Lourdes",1338412840.0,Lourdes,"Belo Horizonte, Lourdes",Lourdes,Belo Horizonte,MG
"Lourdes_Belo Horizonte, Lourdes",1338400233.0,Lourdes,"Belo Horizonte, Lourdes",Lourdes,Belo Horizonte,MG
"Lourdes_Belo Horizonte, Lourdes",1338349321.0,Lourdes,"Belo Horizonte, Lourdes",Lourdes,Belo Horizonte,MG
"Lourdes_Belo Horizonte, Lourdes",1338315989.0,Lourdes,"Belo Horizonte, Lourdes",Lourdes,Belo Horizonte,MG
"Lourdes_Belo Horizonte, Lourdes",1338307154.0,Lourdes,"Belo Horizonte, Lourdes",Lourdes,Belo Horizonte,MG
"Lourdes_Belo Horizonte, Lourdes",1338253240.0,Lourdes,"Belo Horizonte, Lourdes",Lourdes,Belo Horizonte,MG
"Cidade Jardim_Belo Horizonte, Cidade Jardim",1338246840.0,Cidade Jardim,"Belo Horizonte, Cidade Jardim",Cidade Jardim,Belo Horizonte,MG
"Cidade Jardim_Belo Horizonte, Cidade Jardim",1338246830.0,Cidade Jardim,"Belo Horizonte, Cidade Jardim",Cidade Jardim,Belo Horizonte,MG
"Centro_Belo Horizonte, Centro",1338233945.0,Centro,"Belo Horizonte, Centro",Centro,Belo Horizonte,MG
"Lourdes_Belo Horizonte, Lourdes",1338193561.0,Lourdes,"Belo Horizonte, Lourdes",Lourdes,Belo Horizonte,MG
"Lourdes_Belo Horizonte, Lourdes",1338165722.0,Lourdes,"Belo Horizonte, Lourdes",Lourdes,Belo Horizonte,MG
"Lourdes_Belo Horizonte, Lourdes",1338111390.0,Lourdes,"Belo Horizonte, Lourdes",Lourdes,Belo Horizonte,MG
"Lourdes_Belo Horizonte, Lourdes",1337994002.0,Lourdes,"Belo Horizonte, Lourdes",Lourdes,Belo Horizonte,MG
"Lourdes_Belo Horizonte, Lourdes",1337993999.0,Lourdes,"Belo Horizonte, Lourdes",Lourdes,Belo Horizonte,MG
"Lourdes_Belo Horizonte, Lourdes",1337823637.0,Lourdes,"Belo Horizonte, Lourdes",Lourdes,Belo Horizonte,MG
"Lourdes_Belo Horizonte, Lourdes",1337621507.0,Lourdes,"Belo Horizonte, Lourdes",Lourdes,Belo Horizonte,MG
"Lourdes_Belo Horizonte, Lourdes",1337615869.0,Lourdes,"Belo Horizonte, Lourdes",Lourdes,Belo Horizonte,MG
"Lourdes_Belo Horizonte, Lourdes",1337615801.0,Lourdes,"Belo Horizonte, Lourdes",Lourdes,Belo Horizonte,MG
"Lourdes_Belo Horizonte, Lourdes",1337615763.0,Lourdes,"Belo Horizonte, Lourdes",Lourdes,Belo Horizonte,MG
"Lourdes_Belo Horizonte, Lourdes",1337615216.0,Lourdes,"Belo Horizonte, Lourdes",Lourdes,Belo Horizonte,MG
"Lourdes_Belo Horizonte, Lourdes",1337599672.0,Lourdes,"Belo Horizonte, Lourdes",Lourdes,Belo Horizonte,MG
"Lourdes_Belo Horizonte, Lourdes",1337596102.0,Lourdes,"Belo Horizonte, Lourdes",Lourdes,Belo Horizonte,MG
"Lourdes_Belo Horizonte, Lourdes",1337596046.0,Lourdes,"Belo Horizonte, Lourdes",Lourdes,Belo Horizonte,MG
"Lourdes_Belo Horizonte, Lourdes",1337521571.0,Lourdes,"Belo Horizonte, Lourdes",Lourdes,Belo Horizonte,MG
"Lourdes_Belo Horizonte, Lourdes",1337462049.0,Lourdes,"Belo Horizonte, Lourdes",Lourdes,Belo Horizonte,MG
"Lourdes_Belo Horizonte, Lourdes",1337439472.0,Lourdes,"Belo Horizonte, Lourdes",Lourdes,Belo Horizonte,MG
"Lourdes_Belo Horizonte, Lourdes",1337424403.0,Lourdes,"Belo Horizonte, Lourdes",Lourdes,Belo Horizonte,MG
"Lourdes_Belo Horizonte, Lourdes",1337369882.0,Lourdes,"Belo Horizonte, Lourdes",Lourdes,Belo Horizonte,MG
"Lourdes_Belo Horizonte, Lourdes",1337369577.0,Lourdes,"Belo Horizonte, Lourdes",Lourdes,Belo Horizonte,MG
"Lourdes_Belo Horizonte, Lourdes",1337347132.0,Lourdes,"Belo Horizonte, Lourdes",Lourdes,Belo Horizonte,MG
"Lourdes_Belo Horizonte, Lourdes",1337347123.0,Lourdes,"Belo Horizonte, Lourdes",Lourdes,Belo Horizonte,MG
"Lourdes_Belo Horizonte, Lourdes",1337345746.0,Lourdes,"Belo Horizonte, Lourdes",Lourdes,Belo Horizonte,MG
"Lourdes_Belo Horizonte, Lourdes",1337338054.0,Lourdes,"Belo Horizonte, Lourdes",Lourdes,Belo Horizonte,MG
"Lourdes_Belo Horizonte, Lourdes",1337331679.0,Lourdes,"Belo Horizonte, Lourdes",Lourdes,Belo Horizonte,MG
"Lourdes_Belo Horizonte, Lourdes",1337277266.0,Lourdes,"Belo Horizonte, Lourdes",Lourdes,Belo Horizonte,MG
"Lourdes_Belo Horizonte, Lourdes",1337265421.0,Lourdes,"Belo Horizonte, Lourdes",Lourdes,Belo Horizonte,MG
"Lourdes_Belo Horizonte, Lourdes",1337172136.0,Lourdes,"Belo Horizonte, Lourdes",Lourdes,Belo Horizonte,MG
"Lourdes_Belo Horizonte, Lourdes",1337157938.0,Lourdes,"Belo Horizonte, Lourdes",Lourdes,Belo Horizonte,MG
"Centro_Belo Horizonte, Centro",1337115420.0,Centro,"Belo Horizonte, Centro",Centro,Belo Horizonte,MG
"Lourdes_Belo Horizonte, Lourdes",1337073525.0,Lourdes,"Belo Horizonte, Lourdes",Lourdes,Belo Horizonte,MG
"Lourdes_Belo Horizonte, Lourdes",1337065180.0,Lourdes,"Belo Horizonte, Lourdes",Lourdes,Belo Horizonte,MG
"Cidade Jardim_Belo Horizonte, Cidade Jardim",1337021785.0,Cidade Jardim,"Belo Horizonte, Cidade Jardim",Cidade Jardim,Belo Horizonte,MG
"Lourdes_Belo Horizonte, Lourdes",1337001937.0,Lourdes,"Belo Horizonte, Lourdes",Lourdes,Belo Horizonte,MG
"Lourdes_Belo Horizonte, Lourdes",1337000555.0,Lourdes,"Belo Horizonte, Lourdes",Lourdes,Belo Horizonte,MG
"Cidade Jardim_Belo Horizonte, Cidade Jardim",1336998596.0,Cidade Jardim,"Belo Horizonte, Cidade Jardim",Cidade Jardim,Belo Horizonte,MG
"Cidade Jardim_Belo Horizonte, Cidade Jardim",1336998583.0,Cidade Jardim,"Belo Horizonte, Cidade Jardim",Cidade Jardim,Belo Horizonte,MG
"Lourdes_Belo Horizonte, Lourdes",1336996395.0,Lourdes,"Belo Horizonte, Lourdes",Lourdes,Belo Horizonte,MG
"Lourdes_Belo Horizonte, Lourdes",1336972986.0,Lourdes,"Belo Horizonte, Lourdes",Lourdes,Belo Horizonte,MG
"Lourdes_Belo Horizonte, Lourdes",1336972867.0,Lourdes,"Belo Horizonte, Lourdes",Lourdes,Belo Horizonte,MG
"Lourdes_Belo Horizonte, Lourdes",1336972801.0,Lourdes,"Belo Horizonte, Lourdes",Lourdes,Belo Horizonte,MG
"Lourdes_Belo Horizonte, Lourdes",1336857201.0,Lourdes,"Belo Horizonte, Lourdes",Lourdes,Belo Horizonte,MG
"Lourdes_Belo Horizonte, Lourdes",1336824237.0,Lourdes,"Belo Horizonte, Lourdes",Lourdes,Belo Horizonte,MG
"Lourdes_Belo Horizonte, Lourdes",1336816452.0,Lourdes,"Belo Horizonte, Lourdes",Lourdes,Belo Horizonte,MG
"Lourdes_Belo Horizonte, Lourdes",1336816378.0,Lourdes,"Belo Horizonte, Lourdes",Lourdes,Belo Horizonte,MG
"Lourdes_Belo Horizonte, Lourdes",1336816358.0,Lourdes,"Belo Horizonte, Lourdes",Lourdes,Belo Horizonte,MG
"Lourdes_Belo Horizonte, Lourdes",1336815240.0,Lourdes,"Belo Horizonte, Lourdes",Lourdes,Belo Horizonte,MG
"Lourdes_Belo Horizonte, Lourdes",1336814547.0,Lourdes,"Belo Horizonte, Lourdes",Lourdes,Belo Horizonte,MG
"Lourdes_Belo Horizonte, Lourdes",1336703878.0,Lourdes,"Belo Horizonte, Lourdes",Lourdes,Belo Horizonte,MG
"Lourdes_Belo Horizonte, Lourdes",1336695487.0,Lourdes,"Belo Horizonte, Lourdes",Lourdes,Belo Horizonte,MG
"Centro_Belo Horizonte, Centro",1336693108.0,Centro,"Belo Horizonte, Centro",Centro,Belo Horizonte,MG
"Lourdes_Belo Horizonte, Lourdes",1336692101.0,Lourdes,"Belo Horizonte, Lourdes",Lourdes,Belo Horizonte,MG
"Lourdes_Belo Horizonte, Lourdes",1336613609.0,Lourdes,"Belo Horizonte, Lourdes",Lourdes,Belo Horizonte,MG
"Lourdes_Belo Horizonte, Lourdes",1336608888.0,Lourdes,"Belo Horizonte, Lourdes",Lourdes,Belo Horizonte,MG
"Lourdes_Belo Horizonte, Lourdes",1336543505.0,Lourdes,"Belo Horizonte, Lourdes",Lourdes,Belo Horizonte,MG
"Lourdes_Belo Horizonte, Lourdes",1336435596.0,Lourdes,"Belo Horizonte, Lourdes",Lourdes,Belo Horizonte,MG
"Lourdes_Belo Horizonte, Lourdes",1336358958.0,Lourdes,"Belo Horizonte, Lourdes",Lourdes,Belo Horizonte,MG
"Lourdes_Belo Horizonte, Lourdes",1335777296.0,Lourdes,"Belo Horizonte, Lourdes",Lourdes,Belo Horizonte,MG
"Lourdes_Belo Horizonte, Lourdes",1335757755.0,Lourdes,"Belo Horizonte, Lourdes",Lourdes,Belo Horizonte,MG
"Lourdes_Belo Horizonte, Lourdes",1335757704.0,Lourdes,"Belo Horizonte, Lourdes",Lourdes,Belo Horizonte,MG
"Lourdes_Belo Horizonte, Lourdes",1335755033.0,Lourdes,"Belo Horizonte, Lourdes",Lourdes,Belo Horizonte,MG
"Lourdes_Belo Horizonte, Lourdes",1335727288.0,Lourdes,"Belo Horizonte, Lourdes",Lourdes,Belo Horizonte,MG
"Lourdes_Belo Horizonte, Lourdes",1335727137.0,Lourdes,"Belo Horizonte, Lourdes",Lourdes,Belo Horizonte,MG
"Cidade Jardim_Belo Horizonte, Cidade Jardim",1335726481.0,Cidade Jardim,"Belo Horizonte, Cidade Jardim",Cidade Jardim,Belo Horizonte,MG
"Santo Antônio_Belo Horizonte, Santo Antônio",1335726411.0,Santo Antônio,"Belo Horizonte, Santo Antônio",Santo Antônio,Belo Horizonte,MG
"Lourdes_Belo Horizonte, Lourdes",1335726242.0,Lourdes,"Belo Horizonte, Lourdes",Lourdes,Belo Horizonte,MG
"Lourdes_Belo Horizonte, Lourdes",1335574131.0,Lourdes,"Belo Horizonte, Lourdes",Lourdes,Belo Horizonte,MG
"Lourdes_Belo Horizonte, Lourdes",1335554940.0,Lourdes,"Belo Horizonte, Lourdes",Lourdes,Belo Horizonte,MG
"Lourdes_Belo Horizonte, Lourdes",1335548412.0,Lourdes,"Belo Horizonte, Lourdes",Lourdes,Belo Horizonte,MG
"Lourdes_Belo Horizonte, Lourdes",1335511541.0,Lourdes,"Belo Horizonte, Lourdes",Lourdes,Belo Horizonte,MG
"Lourdes_Belo Horizonte, Lourdes",1335489824.0,Lourdes,"Belo Horizonte, Lourdes",Lourdes,Belo Horizonte,MG
"Lourdes_Belo Horizonte, Lourdes",1335483929.0,Lourdes,"Belo Horizonte, Lourdes",Lourdes,Belo Horizonte,MG
"Lourdes_Belo Horizonte, Lourdes",1335471108.0,Lourdes,"Belo Horizonte, Lourdes",Lourdes,Belo Horizonte,MG
"Lourdes_Belo Horizonte, Lourdes",1335465707.0,Lourdes,"Belo Horizonte, Lourdes",Lourdes,Belo Horizonte,MG
"Lourdes_Belo Horizonte, Lourdes",1335465693.0,Lourdes,"Belo Horizonte, Lourdes",Lourdes,Belo Horizonte,MG
"Lourdes_Belo Horizonte, Lourdes",1335465278.0,Lourdes,"Belo Horizonte, Lourdes",Lourdes,Belo Horizonte,MG
"Lourdes_Belo Horizonte, Lourdes",1335465275.0,Lourdes,"Belo Horizonte, Lourdes",Lourdes,Belo Horizonte,MG
"Lourdes_Belo Horizonte, Lourdes",1335325727.0,Lourdes,"Belo Horizonte, Lourdes",Lourdes,Belo Horizonte,MG
"Lourdes_Belo Horizonte, Lourdes",1335201991.0,Lourdes,"Belo Horizonte, Lourdes",Lourdes,Belo Horizonte,MG
"Lourdes_Belo Horizonte, Lourdes",1335166464.0,Lourdes,"Belo Horizonte, Lourdes",Lourdes,Belo Horizonte,MG
"Lourdes_Belo Horizonte, Lourdes",1335164510.0,Lourdes,"Belo Horizonte, Lourdes",Lourdes,Belo Horizonte,MG
"Centro_Belo Horizonte, Centro",1335063942.0,Centro,"Belo Horizonte, Centro",Centro,Belo Horizonte,MG
"Lourdes_Belo Horizonte, Lourdes",1335049966.0,Lourdes,"Belo Horizonte, Lourdes",Lourdes,Belo Horizonte,MG
"Lourdes_Belo Horizonte, Lourdes",1334961347.0,Lourdes,"Belo Horizonte, Lourdes",Lourdes,Belo Horizonte,MG
"Lourdes_Belo Horizonte, Lourdes",1334875759.0,Lourdes,"Belo Horizonte, Lourdes",Lourdes,Belo Horizonte,MG
"Lourdes_Belo Horizonte, Lourdes",1334875748.0,Lourdes,"Belo Horizonte, Lourdes",Lourdes,Belo Horizonte,MG
"Lourdes_Belo Horizonte, Lourdes",1334870802.0,Lourdes,"Belo Horizonte, Lourdes",Lourdes,Belo Horizonte,MG
"Lourdes_Belo Horizonte, Lourdes",1334842234.0,Lourdes,"Belo Horizonte, Lourdes",Lourdes,Belo Horizonte,MG
"Centro_Belo Horizonte, Centro",1334842232.0,Centro,"Belo Horizonte, Centro",Centro,Belo Horizonte,MG
"Lourdes_Belo Horizonte, Lourdes",1334753076.0,Lourdes,"Belo Horizonte, Lourdes",Lourdes,Belo Horizonte,MG
"Centro_Belo Horizonte, Centro",1334644581.0,Centro,"Belo Horizonte, Centro",Centro,Belo Horizonte,MG
"Lourdes_Belo Horizonte, Lourdes",1334631231.0,Lourdes,"Belo Horizonte, Lourdes",Lourdes,Belo Horizonte,MG
"Lourdes_Belo Horizonte, Lourdes",1334630796.0,Lourdes,"Belo Horizonte, Lourdes",Lourdes,Belo Horizonte,MG
"Lourdes_Belo Horizonte, Lourdes",1334552573.0,Lourdes,"Belo Horizonte, Lourdes",Lourdes,Belo Horizonte,MG
"Lourdes_Belo Horizonte, Lourdes",1334552208.0,Lourdes,"Belo Horizonte, Lourdes",Lourdes,Belo Horizonte,MG
"Lourdes_Belo Horizonte, Lourdes",1334519203.0,Lourdes,"Belo Horizonte, Lourdes",Lourdes,Belo Horizonte,MG
"Lourdes_Belo Horizonte, Lourdes",1334433876.0,Lourdes,"Belo Horizonte, Lourdes",Lourdes,Belo Horizonte,MG
"Lourdes_Belo Horizonte, Lourdes",1334433826.0,Lourdes,"Belo Horizonte, Lourdes",Lourdes,Belo Horizonte,MG
"Lourdes_Belo Horizonte, Lourdes",1334382228.0,Lourdes,"Belo Horizonte, Lourdes",Lourdes,Belo Horizonte,MG
"Lourdes_Belo Horizonte, Lourdes",1334003530.0,Lourdes,"Belo Horizonte, Lourdes",Lourdes,Belo Horizonte,MG
"Lourdes_Belo Horizonte, Lourdes",1333865340.0,Lourdes,"Belo Horizonte, Lourdes",Lourdes,Belo Horizonte,MG
"Lourdes_Belo Horizonte, Lourdes",1333859636.0,Lourdes,"Belo Horizonte, Lourdes",Lourdes,Belo Horizonte,MG
"Lourdes_Belo Horizonte, Lourdes",1333817780.0,Lourdes,"Belo Horizonte, Lourdes",Lourdes,Belo Horizonte,MG
"Lourdes_Belo Horizonte, Lourdes",1333814169.0,Lourdes,"Belo Horizonte, Lourdes",Lourdes,Belo Horizonte,MG
"Lourdes_Belo Horizonte, Lourdes",1333796845.0,Lourdes,"Belo Horizonte, Lourdes",Lourdes,Belo Horizonte,MG
"Centro_Belo Horizonte, Centro",1333792566.0,Centro,"Belo Horizonte, Centro",Centro,Belo Horizonte,MG
"Lourdes_Belo Horizonte, Lourdes",1333792496.0,Lourdes,"Belo Horizonte, Lourdes",Lourdes,Belo Horizonte,MG
"Cidade Jardim_Belo Horizonte, Cidade Jardim",1333766536.0,Cidade Jardim,"Belo Horizonte, Cidade Jardim",Cidade Jardim,Belo Horizonte,MG
"Cidade Jardim_Belo Horizonte, Cidade Jardim",1333766459.0,Cidade Jardim,"Belo Horizonte, Cidade Jardim",Cidade Jardim,Belo Horizonte,MG
"Cidade Jardim_Belo Horizonte, Cidade Jardim",1333756602.0,Cidade Jardim,"Belo Horizonte, Cidade Jardim",Cidade Jardim,Belo Horizonte,MG
"Cidade Jardim_Belo Horizonte, Cidade Jardim",1333754311.0,Cidade Jardim,"Belo Horizonte, Cidade Jardim",Cidade Jardim,Belo Horizonte,MG
"Centro_Belo Horizonte, Centro",1333733716.0,Centro,"Belo Horizonte, Centro",Centro,Belo Horizonte,MG
"Lourdes_Belo Horizonte, Lourdes",1333599138.0,Lourdes,"Belo Horizonte, Lourdes",Lourdes,Belo Horizonte,MG
"Centro_Belo Horizonte, Centro",1333584461.0,Centro,"Belo Horizonte, Centro",Centro,Belo Horizonte,MG
"Lourdes_Belo Horizonte, Lourdes",1333572693.0,Lourdes,"Belo Horizonte, Lourdes",Lourdes,Belo Horizonte,MG
"Lourdes_Belo Horizonte, Lourdes",1333570132.0,Lourdes,"Belo Horizonte, Lourdes",Lourdes,Belo Horizonte,MG
"Lourdes_Belo Horizonte, Lourdes",1333568401.0,Lourdes,"Belo Horizonte, Lourdes",Lourdes,Belo Horizonte,MG
"Lourdes_Belo Horizonte, Lourdes",1333546661.0,Lourdes,"Belo Horizonte, Lourdes",Lourdes,Belo Horizonte,MG
"Lourdes_Belo Horizonte, Lourdes",1333520863.0,Lourdes,"Belo Horizonte, Lourdes",Lourdes,Belo Horizonte,MG
"Lourdes_Belo Horizonte, Lourdes",1333507376.0,Lourdes,"Belo Horizonte, Lourdes",Lourdes,Belo Horizonte,MG
"Lourdes_Belo Horizonte, Lourdes",1333506824.0,Lourdes,"Belo Horizonte, Lourdes",Lourdes,Belo Horizonte,MG
"Lourdes_Belo Horizonte, Lourdes",1333506797.0,Lourdes,"Belo Horizonte, Lourdes",Lourdes,Belo Horizonte,MG
"Lourdes_Belo Horizonte, Lourdes",1333506731.0,Lourdes,"Belo Horizonte, Lourdes",Lourdes,Belo Horizonte,MG
"Lourdes_Belo Horizonte, Lourdes",1333483085.0,Lourdes,"Belo Horizonte, Lourdes",Lourdes,Belo Horizonte,MG
"Lourdes_Belo Horizonte, Lourdes",1333482608.0,Lourdes,"Belo Horizonte, Lourdes",Lourdes,Belo Horizonte,MG
"Lourdes_Belo Horizonte, Lourdes",1333476384.0,Lourdes,"Belo Horizonte, Lourdes",Lourdes,Belo Horizonte,MG
"Centro_Belo Horizonte, Centro",1333362020.0,Centro,"Belo Horizonte, Centro",Centro,Belo Horizonte,MG
"Lourdes_Belo Horizonte, Lourdes",1333353247.0,Lourdes,"Belo Horizonte, Lourdes",Lourdes,Belo Horizonte,MG
"Lourdes_Belo Horizonte, Lourdes",1333336123.0,Lourdes,"Belo Horizonte, Lourdes",Lourdes,Belo Horizonte,MG
"Lourdes_Belo Horizonte, Lourdes",1333283067.0,Lourdes,"Belo Horizonte, Lourdes",Lourdes,Belo Horizonte,MG
"Lourdes_Belo Horizonte, Lourdes",1333215610.0,Lourdes,"Belo Horizonte, Lourdes",Lourdes,Belo Horizonte,MG
"Lourdes_Belo Horizonte, Lourdes",1333207091.0,Lourdes,"Belo Horizonte, Lourdes",Lourdes,Belo Horizonte,MG
"Lourdes_Belo Horizonte, Lourdes",1333196533.0,Lourdes,"Belo Horizonte, Lourdes",Lourdes,Belo Horizonte,MG
"Lourdes_Belo Horizonte, Lourdes",1333188422.0,Lourdes,"Belo Horizonte, Lourdes",Lourdes,Belo Horizonte,MG
"Lourdes_Belo Horizonte, Lourdes",1333162091.0,Lourdes,"Belo Horizonte, Lourdes",Lourdes,Belo Horizonte,MG
"Lourdes_Belo Horizonte, Lourdes",1333161918.0,Lourdes,"Belo Horizonte, Lourdes",Lourdes,Belo Horizonte,MG
"Lourdes_Belo Horizonte, Lourdes",1333161669.0,Lourdes,"Belo Horizonte, Lourdes",Lourdes,Belo Horizonte,MG
"Lourdes_Belo Horizonte, Lourdes",1333159046.0,Lourdes,"Belo Horizonte, Lourdes",Lourdes,Belo Horizonte,MG
"Lourdes_Belo Horizonte, Lourdes",1333157301.0,Lourdes,"Belo Horizonte, Lourdes",Lourdes,Belo Horizonte,MG
"Lourdes_Belo Horizonte, Lourdes",1333156176.0,Lourdes,"Belo Horizonte, Lourdes",Lourdes,Belo Horizonte,MG
"Lourdes_Belo Horizonte, Lourdes",1333153195.0,Lourdes,"Belo Horizonte, Lourdes",Lourdes,Belo Horizonte,MG
"Lourdes_Belo Horizonte, Lourdes",1333148445.0,Lourdes,"Belo Horizonte, Lourdes",Lourdes,Belo Horizonte,MG
"Lourdes_Belo Horizonte, Lourdes",1333060425.0,Lourdes,"Belo Horizonte, Lourdes",Lourdes,Belo Horizonte,MG
"Lourdes_Belo Horizonte, Lourdes",1333059156.0,Lourdes,"Belo Horizonte, Lourdes",Lourdes,Belo Horizonte,MG
"Lourdes_Belo Horizonte, Lourdes",1333019221.0,Lourdes,"Belo Horizonte, Lourdes",Lourdes,Belo Horizonte,MG
"Cidade Jardim_Belo Horizonte, Cidade Jardim",1333015237.0,Cidade Jardim,"Belo Horizonte, Cidade Jardim",Cidade Jardim,Belo Horizonte,MG
"Lourdes_Belo Horizonte, Lourdes",1332884428.0,Lourdes,"Belo Horizonte, Lourdes",Lourdes,Belo Horizonte,MG
"Lourdes_Belo Horizonte, Lourdes",1332882319.0,Lourdes,"Belo Horizonte, Lourdes",Lourdes,Belo Horizonte,MG
"Lourdes_Belo Horizonte, Lourdes",1332837679.0,Lourdes,"Belo Horizonte, Lourdes",Lourdes,Belo Horizonte,MG
"Lourdes_Belo Horizonte, Lourdes",1332832113.0,Lourdes,"Belo Horizonte, Lourdes",Lourdes,Belo Horizonte,MG
"Santo Antônio_Belo Horizonte, Santo Antônio",1332828656.0,Santo Antônio,"Belo Horizonte, Santo Antônio",Santo Antônio,Belo Horizonte,MG
"Lourdes_Belo Horizonte, Lourdes",1332818620.0,Lourdes,"Belo Horizonte, Lourdes",Lourdes,Belo Horizonte,MG
"Lourdes_Belo Horizonte, Lourdes",1332818389.0,Lourdes,"Belo Horizonte, Lourdes",Lourdes,Belo Horizonte,MG
"Lourdes_Belo Horizonte, Lourdes",1332817191.0,Lourdes,"Belo Horizonte, Lourdes",Lourdes,Belo Horizonte,MG
"Santo Agostinho_Belo Horizonte, Santo Agostinho",1332817062.0,Santo Agostinho,"Belo Horizonte, Santo Agostinho",Santo Agostinho,Belo Horizonte,MG
"Santo Agostinho_Belo Horizonte, Santo Agostinho",1332817049.0,Santo Agostinho,"Belo Horizonte, Santo Agostinho",Santo Agostinho,Belo Horizonte,MG
"Cidade Jardim_Belo Horizonte, Cidade Jardim",1332816297.0,Cidade Jardim,"Belo Horizonte, Cidade Jardim",Cidade Jardim,Belo Horizonte,MG
"Lourdes_Belo Horizonte, Lourdes",1332814620.0,Lourdes,"Belo Horizonte, Lourdes",Lourdes,Belo Horizonte,MG
"Lourdes_Belo Horizonte, Lourdes",1332814160.0,Lourdes,"Belo Horizonte, Lourdes",Lourdes,Belo Horizonte,MG
"Lourdes_Belo Horizonte, Lourdes",1332811412.0,Lourdes,"Belo Horizonte, Lourdes",Lourdes,Belo Horizonte,MG
"Lourdes_Belo Horizonte, Lourdes",1332788796.0,Lourdes,"Belo Horizonte, Lourdes",Lourdes,Belo Horizonte,MG
"Lourdes_Belo Horizonte, Lourdes",1332788697.0,Lourdes,"Belo Horizonte, Lourdes",Lourdes,Belo Horizonte,MG
"Lourdes_Belo Horizonte, Lourdes",1332529117.0,Lourdes,"Belo Horizonte, Lourdes",Lourdes,Belo Horizonte,MG
"Lourdes_Belo Horizonte, Lourdes",1332528688.0,Lourdes,"Belo Horizonte, Lourdes",Lourdes,Belo Horizonte,MG
"Lourdes_Belo Horizonte, Lourdes",1332525259.0,Lourdes,"Belo Horizonte, Lourdes",Lourdes,Belo Horizonte,MG
"Lourdes_Belo Horizonte, Lourdes",1332525074.0,Lourdes,"Belo Horizonte, Lourdes",Lourdes,Belo Horizonte,MG
"Lourdes_Belo Horizonte, Lourdes",1332500556.0,Lourdes,"Belo Horizonte, Lourdes",Lourdes,Belo Horizonte,MG
"Lourdes_Belo Horizonte, Lourdes",1332497276.0,Lourdes,"Belo Horizonte, Lourdes",Lourdes,Belo Horizonte,MG
"Lourdes_Belo Horizonte, Lourdes",1332496166.0,Lourdes,"Belo Horizonte, Lourdes",Lourdes,Belo Horizonte,MG
"Lourdes_Belo Horizonte, Lourdes",1332483671.0,Lourdes,"Belo Horizonte, Lourdes",Lourdes,Belo Horizonte,MG
"Lourdes_Belo Horizonte, Lourdes",1332310228.0,Lourdes,"Belo Horizonte, Lourdes",Lourdes,Belo Horizonte,MG
"Lourdes_Belo Horizonte, Lourdes",1332279972.0,Lourdes,"Belo Horizonte, Lourdes",Lourdes,Belo Horizonte,MG
"Lourdes_Belo Horizonte, Lourdes",1332236592.0,Lourdes,"Belo Horizonte, Lourdes",Lourdes,Belo Horizonte,MG
"Lourdes_Belo Horizonte, Lourdes",1332236589.0,Lourdes,"Belo Horizonte, Lourdes",Lourdes,Belo Horizonte,MG
"Centro_Belo Horizonte, Centro",1332182324.0,Centro,"Belo Horizonte, Centro",Centro,Belo Horizonte,MG
"Lourdes_Belo Horizonte, Lourdes",1332054288.0,Lourdes,"Belo Horizonte, Lourdes",Lourdes,Belo Horizonte,MG
"Lourdes_Belo Horizonte, Lourdes",1332053863.0,Lourdes,"Belo Horizonte, Lourdes",Lourdes,Belo Horizonte,MG
"Lourdes_Belo Horizonte, Lourdes",1332053757.0,Lourdes,"Belo Horizonte, Lourdes",Lourdes,Belo Horizonte,MG
"Lourdes_Belo Horizonte, Lourdes",1332053747.0,Lourdes,"Belo Horizonte, Lourdes",Lourdes,Belo Horizonte,MG
"Lourdes_Belo Horizonte, Lourdes",1332053713.0,Lourdes,"Belo Horizonte, Lourdes",Lourdes,Belo Horizonte,MG
"Lourdes_Belo Horizonte, Lourdes",1332053704.0,Lourdes,"Belo Horizonte, Lourdes",Lourdes,Belo Horizonte,MG
"Lourdes_Belo Horizonte, Lourdes",1332053699.0,Lourdes,"Belo Horizonte, Lourdes",Lourdes,Belo Horizonte,MG
"Lourdes_Belo Horizonte, Lourdes",1332053700.0,Lourdes,"Belo Horizonte, Lourdes",Lourdes,Belo Horizonte,MG
"Lourdes_Belo Horizonte, Lourdes",1332053685.0,Lourdes,"Belo Horizonte, Lourdes",Lourdes,Belo Horizonte,MG
"Lourdes_Belo Horizonte, Lourdes",1332053666.0,Lourdes,"Belo Horizonte, Lourdes",Lourdes,Belo Horizonte,MG
"Lourdes_Belo Horizonte, Lourdes",1332053554.0,Lourdes,"Belo Horizonte, Lourdes",Lourdes,Belo Horizonte,MG
"Lourdes_Belo Horizonte, Lourdes",1332053369.0,Lourdes,"Belo Horizonte, Lourdes",Lourdes,Belo Horizonte,MG
"Lourdes_Belo Horizonte, Lourdes",1332053366.0,Lourdes,"Belo Horizonte, Lourdes",Lourdes,Belo Horizonte,MG
"Lourdes_Belo Horizonte, Lourdes",1332053265.0,Lourdes,"Belo Horizonte, Lourdes",Lourdes,Belo Horizonte,MG
"Lourdes_Belo Horizonte, Lourdes",1332053193.0,Lourdes,"Belo Horizonte, Lourdes",Lourdes,Belo Horizonte,MG
"Lourdes_Belo Horizonte, Lourdes",1332053183.0,Lourdes,"Belo Horizonte, Lourdes",Lourdes,Belo Horizonte,MG
"Lourdes_Belo Horizonte, Lourdes",1332053185.0,Lourdes,"Belo Horizonte, Lourdes",Lourdes,Belo Horizonte,MG
"Lourdes_Belo Horizonte, Lourdes",1332053064.0,Lourdes,"Belo Horizonte, Lourdes",Lourdes,Belo Horizonte,MG
"Lourdes_Belo Horizonte, Lourdes",1332053049.0,Lourdes,"Belo Horizonte, Lourdes",Lourdes,Belo Horizonte,MG
"Lourdes_Belo Horizonte, Lourdes",1332053032.0,Lourdes,"Belo Horizonte, Lourdes",Lourdes,Belo Horizonte,MG
"Lourdes_Belo Horizonte, Lourdes",1332052999.0,Lourdes,"Belo Horizonte, Lourdes",Lourdes,Belo Horizonte,MG
"Centro_Belo Horizonte, Centro",1332052975.0,Centro,"Belo Horizonte, Centro",Centro,Belo Horizonte,MG
"Lourdes_Belo Horizonte, Lourdes",1332052965.0,Lourdes,"Belo Horizonte, Lourdes",Lourdes,Belo Horizonte,MG
"Lourdes_Belo Horizonte, Lourdes",1332052963.0,Lourdes,"Belo Horizonte, Lourdes",Lourdes,Belo Horizonte,MG
"Lourdes_Belo Horizonte, Lourdes",1332052951.0,Lourdes,"Belo Horizonte, Lourdes",Lourdes,Belo Horizonte,MG
"Lourdes_Belo Horizonte, Lourdes",1332052938.0,Lourdes,"Belo Horizonte, Lourdes",Lourdes,Belo Horizonte,MG
"Lourdes_Belo Horizonte, Lourdes",1332052929.0,Lourdes,"Belo Horizonte, Lourdes",Lourdes,Belo Horizonte,MG
"Lourdes_Belo Horizonte, Lourdes",1332052906.0,Lourdes,"Belo Horizonte, Lourdes",Lourdes,Belo Horizonte,MG
"Lourdes_Belo Horizonte, Lourdes",1332052865.0,Lourdes,"Belo Horizonte, Lourdes",Lourdes,Belo Horizonte,MG
"Centro_Belo Horizonte, Centro",1332052801.0,Centro,"Belo Horizonte, Centro",Centro,Belo Horizonte,MG
"Lourdes_Belo Horizonte, Lourdes",1332052785.0,Lourdes,"Belo Horizonte, Lourdes",Lourdes,Belo Horizonte,MG
"Lourdes_Belo Horizonte, Lourdes",1332052726.0,Lourdes,"Belo Horizonte, Lourdes",Lourdes,Belo Horizonte,MG
"Lourdes_Belo Horizonte, Lourdes",1332052733.0,Lourdes,"Belo Horizonte, Lourdes",Lourdes,Belo Horizonte,MG
"Lourdes_Belo Horizonte, Lourdes",1332052735.0,Lourdes,"Belo Horizonte, Lourdes",Lourdes,Belo Horizonte,MG
"Lourdes_Belo Horizonte, Lourdes",1332052698.0,Lourdes,"Belo Horizonte, Lourdes",Lourdes,Belo Horizonte,MG
"Lourdes_Belo Horizonte, Lourdes",1332052687.0,Lourdes,"Belo Horizonte, Lourdes",Lourdes,Belo Horizonte,MG
"Lourdes_Belo Horizonte, Lourdes",1332052678.0,Lourdes,"Belo Horizonte, Lourdes",Lourdes,Belo Horizonte,MG
"Lourdes_Belo Horizonte, Lourdes",1332052673.0,Lourdes,"Belo Horizonte, Lourdes",Lourdes,Belo Horizonte,MG
"Lourdes_Belo Horizonte, Lourdes",1332052665.0,Lourdes,"Belo Horizonte, Lourdes",Lourdes,Belo Horizonte,MG
"Lourdes_Belo Horizonte, Lourdes",1332052656.0,Lourdes,"Belo Horizonte, Lourdes",Lourdes,Belo Horizonte,MG
"Lourdes_Belo Horizonte, Lourdes",1332052644.0,Lourdes,"Belo Horizonte, Lourdes",Lourdes,Belo Horizonte,MG
"Lourdes_Belo Horizonte, Lourdes",1332052645.0,Lourdes,"Belo Horizonte, Lourdes",Lourdes,Belo Horizonte,MG
"Lourdes_Belo Horizonte, Lourdes",1332052631.0,Lourdes,"Belo Horizonte, Lourdes",Lourdes,Belo Horizonte,MG
"Lourdes_Belo Horizonte, Lourdes",1332052641.0,Lourdes,"Belo Horizonte, Lourdes",Lourdes,Belo Horizonte,MG
"Lourdes_Belo Horizonte, Lourdes",1332052591.0,Lourdes,"Belo Horizonte, Lourdes",Lourdes,Belo Horizonte,MG
"Lourdes_Belo Horizonte, Lourdes",1332052571.0,Lourdes,"Belo Horizonte, Lourdes",Lourdes,Belo Horizonte,MG
"Lourdes_Belo Horizonte, Lourdes",1332052574.0,Lourdes,"Belo Horizonte, Lourdes",Lourdes,Belo Horizonte,MG
"Lourdes_Belo Horizonte, Lourdes",1332052577.0,Lourdes,"Belo Horizonte, Lourdes",Lourdes,Belo Horizonte,MG
"Lourdes_Belo Horizonte, Lourdes",1332052567.0,Lourdes,"Belo Horizonte, Lourdes",Lourdes,Belo Horizonte,MG
"Lourdes_Belo Horizonte, Lourdes",1332052549.0,Lourdes,"Belo Horizonte, Lourdes",Lourdes,Belo Horizonte,MG
"Lourdes_Belo Horizonte, Lourdes",1332052534.0,Lourdes,"Belo Horizonte, Lourdes",Lourdes,Belo Horizonte,MG
"Lourdes_Belo Horizonte, Lourdes",1332052535.0,Lourdes,"Belo Horizonte, Lourdes",Lourdes,Belo Horizonte,MG
"Lourdes_Belo Horizonte, Lourdes",1332052513.0,Lourdes,"Belo Horizonte, Lourdes",Lourdes,Belo Horizonte,MG
"Lourdes_Belo Horizonte, Lourdes",1332052514.0,Lourdes,"Belo Horizonte, Lourdes",Lourdes,Belo Horizonte,MG
"Lourdes_Belo Horizonte, Lourdes",1332052522.0,Lourdes,"Belo Horizonte, Lourdes",Lourdes,Belo Horizonte,MG
"Lourdes_Belo Horizonte, Lourdes",1332052483.0,Lourdes,"Belo Horizonte, Lourdes",Lourdes,Belo Horizonte,MG
"Lourdes_Belo Horizonte, Lourdes",1332052452.0,Lourdes,"Belo Horizonte, Lourdes",Lourdes,Belo Horizonte,MG
"Lourdes_Belo Horizonte, Lourdes",1332052456.0,Lourdes,"Belo Horizonte, Lourdes",Lourdes,Belo Horizonte,MG
"Lourdes_Belo Horizonte, Lourdes",1332052434.0,Lourdes,"Belo Horizonte, Lourdes",Lourdes,Belo Horizonte,MG
"Lourdes_Belo Horizonte, Lourdes",1332052422.0,Lourdes,"Belo Horizonte, Lourdes",Lourdes,Belo Horizonte,MG
"Lourdes_Belo Horizonte, Lourdes",1332052402.0,Lourdes,"Belo Horizonte, Lourdes",Lourdes,Belo Horizonte,MG
"Lourdes_Belo Horizonte, Lourdes",1332052399.0,Lourdes,"Belo Horizonte, Lourdes",Lourdes,Belo Horizonte,MG
"Lourdes_Belo Horizonte, Lourdes",1332052397.0,Lourdes,"Belo Horizonte, Lourdes",Lourdes,Belo Horizonte,MG
"Lourdes_Belo Horizonte, Lourdes",1332052379.0,Lourdes,"Belo Horizonte, Lourdes",Lourdes,Belo Horizonte,MG
"Lourdes_Belo Horizonte, Lourdes",1332052390.0,Lourdes,"Belo Horizonte, Lourdes",Lourdes,Belo Horizonte,MG
"Lourdes_Belo Horizonte, Lourdes",1332046209.0,Lourdes,"Belo Horizonte, Lourdes",Lourdes,Belo Horizonte,MG
"Lourdes_Belo Horizonte, Lourdes",1332033776.0,Lourdes,"Belo Horizonte, Lourdes",Lourdes,Belo Horizonte,MG
"Lourdes_Belo Horizonte, Lourdes",1331891733.0,Lourdes,"Belo Horizonte, Lourdes",Lourdes,Belo Horizonte,MG
"Lourdes_Belo Horizonte, Lourdes",1331880716.0,Lourdes,"Belo Horizonte, Lourdes",Lourdes,Belo Horizonte,MG
"Lourdes_Belo Horizonte, Lourdes",1331861524.0,Lourdes,"Belo Horizonte, Lourdes",Lourdes,Belo Horizonte,MG
"Lourdes_Belo Horizonte, Lourdes",1331811673.0,Lourdes,"Belo Horizonte, Lourdes",Lourdes,Belo Horizonte,MG
"Lourdes_Belo Horizonte, Lourdes",1331808175.0,Lourdes,"Belo Horizonte, Lourdes",Lourdes,Belo Horizonte,MG
"Centro_Belo Horizonte, Centro",1331640549.0,Centro,"Belo Horizonte, Centro",Centro,Belo Horizonte,MG
"Centro_Belo Horizonte, Centro",1331639744.0,Centro,"Belo Horizonte, Centro",Centro,Belo Horizonte,MG
"Lourdes_Belo Horizonte, Lourdes",1331619468.0,Lourdes,"Belo Horizonte, Lourdes",Lourdes,Belo Horizonte,MG
"Lourdes_Belo Horizonte, Lourdes",1331593064.0,Lourdes,"Belo Horizonte, Lourdes",Lourdes,Belo Horizonte,MG
"Lourdes_Belo Horizonte, Lourdes",1331592102.0,Lourdes,"Belo Horizonte, Lourdes",Lourdes,Belo Horizonte,MG
"Lourdes_Belo Horizonte, Lourdes",1331591966.0,Lourdes,"Belo Horizonte, Lourdes",Lourdes,Belo Horizonte,MG
"Lourdes_Belo Horizonte, Lourdes",1331591371.0,Lourdes,"Belo Horizonte, Lourdes",Lourdes,Belo Horizonte,MG
"Lourdes_Belo Horizonte, Lourdes",1331591363.0,Lourdes,"Belo Horizonte, Lourdes",Lourdes,Belo Horizonte,MG
"Lourdes_Belo Horizonte, Lourdes",1331504964.0,Lourdes,"Belo Horizonte, Lourdes",Lourdes,Belo Horizonte,MG
"Lourdes_Belo Horizonte, Lourdes",1331481083.0,Lourdes,"Belo Horizonte, Lourdes",Lourdes,Belo Horizonte,MG
"Lourdes_Belo Horizonte, Lourdes",1331264038.0,Lourdes,"Belo Horizonte, Lourdes",Lourdes,Belo Horizonte,MG
"Lourdes_Belo Horizonte, Lourdes",1331242273.0,Lourdes,"Belo Horizonte, Lourdes",Lourdes,Belo Horizonte,MG
"Lourdes_Belo Horizonte, Lourdes",1331225245.0,Lourdes,"Belo Horizonte, Lourdes",Lourdes,Belo Horizonte,MG
"Lourdes_Belo Horizonte, Lourdes",1331217238.0,Lourdes,"Belo Horizonte, Lourdes",Lourdes,Belo Horizonte,MG
"Lourdes_Belo Horizonte, Lourdes",1331206022.0,Lourdes,"Belo Horizonte, Lourdes",Lourdes,Belo Horizonte,MG
"Cidade Jardim_Belo Horizonte, Cidade Jardim",1331205376.0,Cidade Jardim,"Belo Horizonte, Cidade Jardim",Cidade Jardim,Belo Horizonte,MG
"Lourdes_Belo Horizonte, Lourdes",1331199632.0,Lourdes,"Belo Horizonte, Lourdes",Lourdes,Belo Horizonte,MG
"Lourdes_Belo Horizonte, Lourdes",1331191950.0,Lourdes,"Belo Horizonte, Lourdes",Lourdes,Belo Horizonte,MG
"Lourdes_Belo Horizonte, Lourdes",1331179842.0,Lourdes,"Belo Horizonte, Lourdes",Lourdes,Belo Horizonte,MG
"Santo Agostinho_Belo Horizonte, Santo Agostinho",1331177281.0,Santo Agostinho,"Belo Horizonte, Santo Agostinho",Santo Agostinho,Belo Horizonte,MG
"Lourdes_Belo Horizonte, Lourdes",1331148760.0,Lourdes,"Belo Horizonte, Lourdes",Lourdes,Belo Horizonte,MG
"Lourdes_Belo Horizonte, Lourdes",1331146235.0,Lourdes,"Belo Horizonte, Lourdes",Lourdes,Belo Horizonte,MG
"Lourdes_Belo Horizonte, Lourdes",1331141979.0,Lourdes,"Belo Horizonte, Lourdes",Lourdes,Belo Horizonte,MG
"Lourdes_Belo Horizonte, Lourdes",1331123230.0,Lourdes,"Belo Horizonte, Lourdes",Lourdes,Belo Horizonte,MG
"Lourdes_Belo Horizonte, Lourdes",1331102107.0,Lourdes,"Belo Horizonte, Lourdes",Lourdes,Belo Horizonte,MG
"Lourdes_Belo Horizonte, Lourdes",1331101903.0,Lourdes,"Belo Horizonte, Lourdes",Lourdes,Belo Horizonte,MG
"Lourdes_Belo Horizonte, Lourdes",1330974650.0,Lourdes,"Belo Horizonte, Lourdes",Lourdes,Belo Horizonte,MG
"Lourdes_Belo Horizonte, Lourdes",1330855000.0,Lourdes,"Belo Horizonte, Lourdes",Lourdes,Belo Horizonte,MG
"Lourdes_Belo Horizonte, Lourdes",1330854213.0,Lourdes,"Belo Horizonte, Lourdes",Lourdes,Belo Horizonte,MG
"Lourdes_Belo Horizonte, Lourdes",1330757169.0,Lourdes,"Belo Horizonte, Lourdes",Lourdes,Belo Horizonte,MG
"Lourdes_Belo Horizonte, Lourdes",1330720760.0,Lourdes,"Belo Horizonte, Lourdes",Lourdes,Belo Horizonte,MG
"Lourdes_Belo Horizonte, Lourdes",1330645303.0,Lourdes,"Belo Horizonte, Lourdes",Lourdes,Belo Horizonte,MG
"Lourdes_Belo Horizonte, Lourdes",1330607168.0,Lourdes,"Belo Horizonte, Lourdes",Lourdes,Belo Horizonte,MG
"Lourdes_Belo Horizonte, Lourdes",1330606443.0,Lourdes,"Belo Horizonte, Lourdes",Lourdes,Belo Horizonte,MG
"Lourdes_Belo Horizonte, Lourdes",1330560058.0,Lourdes,"Belo Horizonte, Lourdes",Lourdes,Belo Horizonte,MG
"Lourdes_Belo Horizonte, Lourdes",1330550206.0,Lourdes,"Belo Horizonte, Lourdes",Lourdes,Belo Horizonte,MG
"Lourdes_Belo Horizonte, Lourdes",1330549749.0,Lourdes,"Belo Horizonte, Lourdes",Lourdes,Belo Horizonte,MG
"Lourdes_Belo Horizonte, Lourdes",1330542850.0,Lourdes,"Belo Horizonte, Lourdes",Lourdes,Belo Horizonte,MG
"Lourdes_Belo Horizonte, Lourdes",1330542768.0,Lourdes,"Belo Horizonte, Lourdes",Lourdes,Belo Horizonte,MG
"Lourdes_Belo Horizonte, Lourdes",1330542524.0,Lourdes,"Belo Horizonte, Lourdes",Lourdes,Belo Horizonte,MG
"Lourdes_Belo Horizonte, Lourdes",1330538609.0,Lourdes,"Belo Horizonte, Lourdes",Lourdes,Belo Horizonte,MG
"Lourdes_Belo Horizonte, Lourdes",1330537762.0,Lourdes,"Belo Horizonte, Lourdes",Lourdes,Belo Horizonte,MG
"Lourdes_Belo Horizonte, Lourdes",1330537222.0,Lourdes,"Belo Horizonte, Lourdes",Lourdes,Belo Horizonte,MG
"Lourdes_Belo Horizonte, Lourdes",1330523154.0,Lourdes,"Belo Horizonte, Lourdes",Lourdes,Belo Horizonte,MG
"Lourdes_Belo Horizonte, Lourdes",1330522896.0,Lourdes,"Belo Horizonte, Lourdes",Lourdes,Belo Horizonte,MG
"Centro_Belo Horizonte, Centro",1330522897.0,Centro,"Belo Horizonte, Centro",Centro,Belo Horizonte,MG
"Cidade Jardim_Belo Horizonte, Cidade Jardim",1330522829.0,Cidade Jardim,"Belo Horizonte, Cidade Jardim",Cidade Jardim,Belo Horizonte,MG
"Centro_Belo Horizonte, Centro",1330518954.0,Centro,"Belo Horizonte, Centro",Centro,Belo Horizonte,MG
"Lourdes_Belo Horizonte, Lourdes",1330510418.0,Lourdes,"Belo Horizonte, Lourdes",Lourdes,Belo Horizonte,MG
"Lourdes_Belo Horizonte, Lourdes",1330472283.0,Lourdes,"Belo Horizonte, Lourdes",Lourdes,Belo Horizonte,MG
"Lourdes_Belo Horizonte, Lourdes",1330469436.0,Lourdes,"Belo Horizonte, Lourdes",Lourdes,Belo Horizonte,MG
"Lourdes_Belo Horizonte, Lourdes",1330284387.0,Lourdes,"Belo Horizonte, Lourdes",Lourdes,Belo Horizonte,MG
"Lourdes_Belo Horizonte, Lourdes",1330276649.0,Lourdes,"Belo Horizonte, Lourdes",Lourdes,Belo Horizonte,MG
"Lourdes_Belo Horizonte, Lourdes",1330275480.0,Lourdes,"Belo Horizonte, Lourdes",Lourdes,Belo Horizonte,MG
"Lourdes_Belo Horizonte, Lourdes",1330275018.0,Lourdes,"Belo Horizonte, Lourdes",Lourdes,Belo Horizonte,MG
"Lourdes_Belo Horizonte, Lourdes",1330270798.0,Lourdes,"Belo Horizonte, Lourdes",Lourdes,Belo Horizonte,MG
"Lourdes_Belo Horizonte, Lourdes",1330268327.0,Lourdes,"Belo Horizonte, Lourdes",Lourdes,Belo Horizonte,MG
"Lourdes_Belo Horizonte, Lourdes",1330262000.0,Lourdes,"Belo Horizonte, Lourdes",Lourdes,Belo Horizonte,MG
"Lourdes_Belo Horizonte, Lourdes",1330261877.0,Lourdes,"Belo Horizonte, Lourdes",Lourdes,Belo Horizonte,MG
"Lourdes_Belo Horizonte, Lourdes",1330067158.0,Lourdes,"Belo Horizonte, Lourdes",Lourdes,Belo Horizonte,MG
"Lourdes_Belo Horizonte, Lourdes",1329840443.0,Lourdes,"Belo Horizonte, Lourdes",Lourdes,Belo Horizonte,MG
"Lourdes_Belo Horizonte, Lourdes",1329819848.0,Lourdes,"Belo Horizonte, Lourdes",Lourdes,Belo Horizonte,MG
"Lourdes_Belo Horizonte, Lourdes",1329818469.0,Lourdes,"Belo Horizonte, Lourdes",Lourdes,Belo Horizonte,MG
"Lourdes_Belo Horizonte, Lourdes",1329818289.0,Lourdes,"Belo Horizonte, Lourdes",Lourdes,Belo Horizonte,MG
"Lourdes_Belo Horizonte, Lourdes",1329818094.0,Lourdes,"Belo Horizonte, Lourdes",Lourdes,Belo Horizonte,MG
"Lourdes_Belo Horizonte, Lourdes",1329805442.0,Lourdes,"Belo Horizonte, Lourdes",Lourdes,Belo Horizonte,MG
"Lourdes_Belo Horizonte, Lourdes",1329778012.0,Lourdes,"Belo Horizonte, Lourdes",Lourdes,Belo Horizonte,MG
"Lourdes_Belo Horizonte, Lourdes",1329741232.0,Lourdes,"Belo Horizonte, Lourdes",Lourdes,Belo Horizonte,MG
"Lourdes_Belo Horizonte, Lourdes",1329733939.0,Lourdes,"Belo Horizonte, Lourdes",Lourdes,Belo Horizonte,MG
"Lourdes_Belo Horizonte, Lourdes",1329698999.0,Lourdes,"Belo Horizonte, Lourdes",Lourdes,Belo Horizonte,MG
"Lourdes_Belo Horizonte, Lourdes",1329698008.0,Lourdes,"Belo Horizonte, Lourdes",Lourdes,Belo Horizonte,MG
"Lourdes_Belo Horizonte, Lourdes",1329697331.0,Lourdes,"Belo Horizonte, Lourdes",Lourdes,Belo Horizonte,MG
"Lourdes_Belo Horizonte, Lourdes",1329697334.0,Lourdes,"Belo Horizonte, Lourdes",Lourdes,Belo Horizonte,MG
"Lourdes_Belo Horizonte, Lourdes",1329697376.0,Lourdes,"Belo Horizonte, Lourdes",Lourdes,Belo Horizonte,MG
"Lourdes_Belo Horizonte, Lourdes",1329697026.0,Lourdes,"Belo Horizonte, Lourdes",Lourdes,Belo Horizonte,MG
"Lourdes_Belo Horizonte, Lourdes",1329696907.0,Lourdes,"Belo Horizonte, Lourdes",Lourdes,Belo Horizonte,MG
"Lourdes_Belo Horizonte, Lourdes",1329696720.0,Lourdes,"Belo Horizonte, Lourdes",Lourdes,Belo Horizonte,MG
"Lourdes_Belo Horizonte, Lourdes",1329696739.0,Lourdes,"Belo Horizonte, Lourdes",Lourdes,Belo Horizonte,MG
"Lourdes_Belo Horizonte, Lourdes",1329696520.0,Lourdes,"Belo Horizonte, Lourdes",Lourdes,Belo Horizonte,MG
"Lourdes_Belo Horizonte, Lourdes",1329638605.0,Lourdes,"Belo Horizonte, Lourdes",Lourdes,Belo Horizonte,MG
"Lourdes_Belo Horizonte, Lourdes",1329594417.0,Lourdes,"Belo Horizonte, Lourdes",Lourdes,Belo Horizonte,MG
"Lourdes_Belo Horizonte, Lourdes",1329590239.0,Lourdes,"Belo Horizonte, Lourdes",Lourdes,Belo Horizonte,MG
"Lourdes_Belo Horizonte, Lourdes",1329506459.0,Lourdes,"Belo Horizonte, Lourdes",Lourdes,Belo Horizonte,MG
"Lourdes_Belo Horizonte, Lourdes",1329495333.0,Lourdes,"Belo Horizonte, Lourdes",Lourdes,Belo Horizonte,MG
"Lourdes_Belo Horizonte, Lourdes",1329490126.0,Lourdes,"Belo Horizonte, Lourdes",Lourdes,Belo Horizonte,MG
"Lourdes_Belo Horizonte, Lourdes",1329485244.0,Lourdes,"Belo Horizonte, Lourdes",Lourdes,Belo Horizonte,MG
"Lourdes_Belo Horizonte, Lourdes",1329473102.0,Lourdes,"Belo Horizonte, Lourdes",Lourdes,Belo Horizonte,MG
"Lourdes_Belo Horizonte, Lourdes",1329469021.0,Lourdes,"Belo Horizonte, Lourdes",Lourdes,Belo Horizonte,MG
"Lourdes_Belo Horizonte, Lourdes",1329461694.0,Lourdes,"Belo Horizonte, Lourdes",Lourdes,Belo Horizonte,MG
"Lourdes_Belo Horizonte, Lourdes",1329456151.0,Lourdes,"Belo Horizonte, Lourdes",Lourdes,Belo Horizonte,MG
"Lourdes_Belo Horizonte, Lourdes",1329449078.0,Lourdes,"Belo Horizonte, Lourdes",Lourdes,Belo Horizonte,MG
"Lourdes_Belo Horizonte, Lourdes",1329422621.0,Lourdes,"Belo Horizonte, Lourdes",Lourdes,Belo Horizonte,MG
"Lourdes_Belo Horizonte, Lourdes",1329325762.0,Lourdes,"Belo Horizonte, Lourdes",Lourdes,Belo Horizonte,MG
"Lourdes_Belo Horizonte, Lourdes",1329313421.0,Lourdes,"Belo Horizonte, Lourdes",Lourdes,Belo Horizonte,MG
"Lourdes_Belo Horizonte, Lourdes",1329164518.0,Lourdes,"Belo Horizonte, Lourdes",Lourdes,Belo Horizonte,MG
"Lourdes_Belo Horizonte, Lourdes",1329080854.0,Lourdes,"Belo Horizonte, Lourdes",Lourdes,Belo Horizonte,MG
"Centro_Belo Horizonte, Centro",1328968198.0,Centro,"Belo Horizonte, Centro",Centro,Belo Horizonte,MG
"Lourdes_Belo Horizonte, Lourdes",1328967736.0,Lourdes,"Belo Horizonte, Lourdes",Lourdes,Belo Horizonte,MG
"Centro_Belo Horizonte, Centro",1328967290.0,Centro,"Belo Horizonte, Centro",Centro,Belo Horizonte,MG
"Lourdes_Belo Horizonte, Lourdes",1328917484.0,Lourdes,"Belo Horizonte, Lourdes",Lourdes,Belo Horizonte,MG
"Lourdes_Belo Horizonte, Lourdes",1328900111.0,Lourdes,"Belo Horizonte, Lourdes",Lourdes,Belo Horizonte,MG
"Lourdes_Belo Horizonte, Lourdes",1328900103.0,Lourdes,"Belo Horizonte, Lourdes",Lourdes,Belo Horizonte,MG
"Lourdes_Belo Horizonte, Lourdes",1328846697.0,Lourdes,"Belo Horizonte, Lourdes",Lourdes,Belo Horizonte,MG
"Lourdes_Belo Horizonte, Lourdes",1328846629.0,Lourdes,"Belo Horizonte, Lourdes",Lourdes,Belo Horizonte,MG
"Lourdes_Belo Horizonte, Lourdes",1328828718.0,Lourdes,"Belo Horizonte, Lourdes",Lourdes,Belo Horizonte,MG
"Lourdes_Belo Horizonte, Lourdes",1328828273.0,Lourdes,"Belo Horizonte, Lourdes",Lourdes,Belo Horizonte,MG
"Lourdes_Belo Horizonte, Lourdes",1328828147.0,Lourdes,"Belo Horizonte, Lourdes",Lourdes,Belo Horizonte,MG
"Lourdes_Belo Horizonte, Lourdes",1328652518.0,Lourdes,"Belo Horizonte, Lourdes",Lourdes,Belo Horizonte,MG
"Lourdes_Belo Horizonte, Lourdes",1328638628.0,Lourdes,"Belo Horizonte, Lourdes",Lourdes,Belo Horizonte,MG
"Lourdes_Belo Horizonte, Lourdes",1328587956.0,Lourdes,"Belo Horizonte, Lourdes",Lourdes,Belo Horizonte,MG
"Lourdes_Belo Horizonte, Lourdes",1328581546.0,Lourdes,"Belo Horizonte, Lourdes",Lourdes,Belo Horizonte,MG
"Lourdes_Belo Horizonte, Lourdes",1328577841.0,Lourdes,"Belo Horizonte, Lourdes",Lourdes,Belo Horizonte,MG
"Lourdes_Belo Horizonte, Lourdes",1328574824.0,Lourdes,"Belo Horizonte, Lourdes",Lourdes,Belo Horizonte,MG
"Lourdes_Belo Horizonte, Lourdes",1328553923.0,Lourdes,"Belo Horizonte, Lourdes",Lourdes,Belo Horizonte,MG
"Lourdes_Belo Horizonte, Lourdes",1328538577.0,Lourdes,"Belo Horizonte, Lourdes",Lourdes,Belo Horizonte,MG
"Lourdes_Belo Horizonte, Lourdes",1328502704.0,Lourdes,"Belo Horizonte, Lourdes",Lourdes,Belo Horizonte,MG
"Centro_Belo Horizonte, Centro",1328499928.0,Centro,"Belo Horizonte, Centro",Centro,Belo Horizonte,MG
"Lourdes_Belo Horizonte, Lourdes",1328472171.0,Lourdes,"Belo Horizonte, Lourdes",Lourdes,Belo Horizonte,MG
"Lourdes_Belo Horizonte, Lourdes",1328428445.0,Lourdes,"Belo Horizonte, Lourdes",Lourdes,Belo Horizonte,MG
"Lourdes_Belo Horizonte, Lourdes",1328377412.0,Lourdes,"Belo Horizonte, Lourdes",Lourdes,Belo Horizonte,MG
"Centro_Belo Horizonte, Centro",1328048778.0,Centro,"Belo Horizonte, Centro",Centro,Belo Horizonte,MG
"Lourdes_Belo Horizonte, Lourdes",1327905654.0,Lourdes,"Belo Horizonte, Lourdes",Lourdes,Belo Horizonte,MG
"Centro_Belo Horizonte, Centro",1327895224.0,Centro,"Belo Horizonte, Centro",Centro,Belo Horizonte,MG
"Lourdes_Belo Horizonte, Lourdes",1327880005.0,Lourdes,"Belo Horizonte, Lourdes",Lourdes,Belo Horizonte,MG
"Lourdes_Belo Horizonte, Lourdes",1327879978.0,Lourdes,"Belo Horizonte, Lourdes",Lourdes,Belo Horizonte,MG
"Lourdes_Belo Horizonte, Lourdes",1327830660.0,Lourdes,"Belo Horizonte, Lourdes",Lourdes,Belo Horizonte,MG
"Lourdes_Belo Horizonte, Lourdes",1327725406.0,Lourdes,"Belo Horizonte, Lourdes",Lourdes,Belo Horizonte,MG
"Cidade Jardim_Belo Horizonte, Cidade Jardim",1327716811.0,Cidade Jardim,"Belo Horizonte, Cidade Jardim",Cidade Jardim,Belo Horizonte,MG
"Lourdes_Belo Horizonte, Lourdes",1327653555.0,Lourdes,"Belo Horizonte, Lourdes",Lourdes,Belo Horizonte,MG
"Lourdes_Belo Horizonte, Lourdes",1327649042.0,Lourdes,"Belo Horizonte, Lourdes",Lourdes,Belo Horizonte,MG
"Lourdes_Belo Horizonte, Lourdes",1327640014.0,Lourdes,"Belo Horizonte, Lourdes",Lourdes,Belo Horizonte,MG
"Centro_Belo Horizonte, Centro",1327614205.0,Centro,"Belo Horizonte, Centro",Centro,Belo Horizonte,MG
"Centro_Belo Horizonte, Centro",1327573786.0,Centro,"Belo Horizonte, Centro",Centro,Belo Horizonte,MG
"Centro_Belo Horizonte, Centro",1327573764.0,Centro,"Belo Horizonte, Centro",Centro,Belo Horizonte,MG
"Lourdes_Belo Horizonte, Lourdes",1327573377.0,Lourdes,"Belo Horizonte, Lourdes",Lourdes,Belo Horizonte,MG
"Lourdes_Belo Horizonte, Lourdes",1327573173.0,Lourdes,"Belo Horizonte, Lourdes",Lourdes,Belo Horizonte,MG
"Lourdes_Belo Horizonte, Lourdes",1327573069.0,Lourdes,"Belo Horizonte, Lourdes",Lourdes,Belo Horizonte,MG
"Lourdes_Belo Horizonte, Lourdes",1327557879.0,Lourdes,"Belo Horizonte, Lourdes",Lourdes,Belo Horizonte,MG
"Lourdes_Belo Horizonte, Lourdes",1327557855.0,Lourdes,"Belo Horizonte, Lourdes",Lourdes,Belo Horizonte,MG
"Centro_Belo Horizonte, Centro",1327426083.0,Centro,"Belo Horizonte, Centro",Centro,Belo Horizonte,MG
"Lourdes_Belo Horizonte, Lourdes",1327365779.0,Lourdes,"Belo Horizonte, Lourdes",Lourdes,Belo Horizonte,MG
"Centro_Belo Horizonte, Centro",1327329763.0,Centro,"Belo Horizonte, Centro",Centro,Belo Horizonte,MG
"Centro_Belo Horizonte, Centro",1327329671.0,Centro,"Belo Horizonte, Centro",Centro,Belo Horizonte,MG
"Centro_Belo Horizonte, Centro",1327329581.0,Centro,"Belo Horizonte, Centro",Centro,Belo Horizonte,MG
"Lourdes_Belo Horizonte, Lourdes",1327329568.0,Lourdes,"Belo Horizonte, Lourdes",Lourdes,Belo Horizonte,MG
"Centro_Belo Horizonte, Centro",1327329403.0,Centro,"Belo Horizonte, Centro",Centro,Belo Horizonte,MG
"Centro_Belo Horizonte, Centro",1327329363.0,Centro,"Belo Horizonte, Centro",Centro,Belo Horizonte,MG
"Lourdes_Belo Horizonte, Lourdes",1327329316.0,Lourdes,"Belo Horizonte, Lourdes",Lourdes,Belo Horizonte,MG
"Lourdes_Belo Horizonte, Lourdes",1327329260.0,Lourdes,"Belo Horizonte, Lourdes",Lourdes,Belo Horizonte,MG
"Lourdes_Belo Horizonte, Lourdes",1327329268.0,Lourdes,"Belo Horizonte, Lourdes",Lourdes,Belo Horizonte,MG
"Centro_Belo Horizonte, Centro",1327329215.0,Centro,"Belo Horizonte, Centro",Centro,Belo Horizonte,MG
"Centro_Belo Horizonte, Centro",1327329207.0,Centro,"Belo Horizonte, Centro",Centro,Belo Horizonte,MG
"Centro_Belo Horizonte, Centro",1327329189.0,Centro,"Belo Horizonte, Centro",Centro,Belo Horizonte,MG
"Lourdes_Belo Horizonte, Lourdes",1327328701.0,Lourdes,"Belo Horizonte, Lourdes",Lourdes,Belo Horizonte,MG
"Lourdes_Belo Horizonte, Lourdes",1327324260.0,Lourdes,"Belo Horizonte, Lourdes",Lourdes,Belo Horizonte,MG
"Lourdes_Belo Horizonte, Lourdes",1327324257.0,Lourdes,"Belo Horizonte, Lourdes",Lourdes,Belo Horizonte,MG
"Lourdes_Belo Horizonte, Lourdes",1327323641.0,Lourdes,"Belo Horizonte, Lourdes",Lourdes,Belo Horizonte,MG
"Centro_Belo Horizonte, Centro",1327288858.0,Centro,"Belo Horizonte, Centro",Centro,Belo Horizonte,MG
"Lourdes_Belo Horizonte, Lourdes",1327277946.0,Lourdes,"Belo Horizonte, Lourdes",Lourdes,Belo Horizonte,MG
"Lourdes_Belo Horizonte, Lourdes",1327273925.0,Lourdes,"Belo Horizonte, Lourdes",Lourdes,Belo Horizonte,MG
"Lourdes_Belo Horizonte, Lourdes",1327272134.0,Lourdes,"Belo Horizonte, Lourdes",Lourdes,Belo Horizonte,MG
"Centro_Belo Horizonte, Centro",1327271880.0,Centro,"Belo Horizonte, Centro",Centro,Belo Horizonte,MG
"Lourdes_Belo Horizonte, Lourdes",1327267373.0,Lourdes,"Belo Horizonte, Lourdes",Lourdes,Belo Horizonte,MG
"Cidade Jardim_Belo Horizonte, Cidade Jardim",1327249981.0,Cidade Jardim,"Belo Horizonte, Cidade Jardim",Cidade Jardim,Belo Horizonte,MG
"Lourdes_Belo Horizonte, Lourdes",1327049719.0,Lourdes,"Belo Horizonte, Lourdes",Lourdes,Belo Horizonte,MG
"Santo Antônio_Belo Horizonte, Santo Antônio",1326999675.0,Santo Antônio,"Belo Horizonte, Santo Antônio",Santo Antônio,Belo Horizonte,MG
"Lourdes_Belo Horizonte, Lourdes",1326997508.0,Lourdes,"Belo Horizonte, Lourdes",Lourdes,Belo Horizonte,MG
"Lourdes_Belo Horizonte, Lourdes",1326996483.0,Lourdes,"Belo Horizonte, Lourdes",Lourdes,Belo Horizonte,MG
"Lourdes_Belo Horizonte, Lourdes",1326981106.0,Lourdes,"Belo Horizonte, Lourdes",Lourdes,Belo Horizonte,MG
"Lourdes_Belo Horizonte, Lourdes",1326824909.0,Lourdes,"Belo Horizonte, Lourdes",Lourdes,Belo Horizonte,MG
"Lourdes_Belo Horizonte, Lourdes",1326791368.0,Lourdes,"Belo Horizonte, Lourdes",Lourdes,Belo Horizonte,MG
"Lourdes_Belo Horizonte, Lourdes",1326788841.0,Lourdes,"Belo Horizonte, Lourdes",Lourdes,Belo Horizonte,MG
"Lourdes_Belo Horizonte, Lourdes",1326752137.0,Lourdes,"Belo Horizonte, Lourdes",Lourdes,Belo Horizonte,MG
"Lourdes_Belo Horizonte, Lourdes",1326752009.0,Lourdes,"Belo Horizonte, Lourdes",Lourdes,Belo Horizonte,MG
"Lourdes_Belo Horizonte, Lourdes",1326751741.0,Lourdes,"Belo Horizonte, Lourdes",Lourdes,Belo Horizonte,MG
"Lourdes_Belo Horizonte, Lourdes",1326747971.0,Lourdes,"Belo Horizonte, Lourdes",Lourdes,Belo Horizonte,MG
"Lourdes_Belo Horizonte, Lourdes",1326740128.0,Lourdes,"Belo Horizonte, Lourdes",Lourdes,Belo Horizonte,MG
"Lourdes_Belo Horizonte, Lourdes",1326720135.0,Lourdes,"Belo Horizonte, Lourdes",Lourdes,Belo Horizonte,MG
"Lourdes_Belo Horizonte, Lourdes",1326712515.0,Lourdes,"Belo Horizonte, Lourdes",Lourdes,Belo Horizonte,MG
"Lourdes_Belo Horizonte, Lourdes",1326707358.0,Lourdes,"Belo Horizonte, Lourdes",Lourdes,Belo Horizonte,MG
"Lourdes_Belo Horizonte, Lourdes",1326707349.0,Lourdes,"Belo Horizonte, Lourdes",Lourdes,Belo Horizonte,MG
"Lourdes_Belo Horizonte, Lourdes",1326693299.0,Lourdes,"Belo Horizonte, Lourdes",Lourdes,Belo Horizonte,MG
"Lourdes_Belo Horizonte, Lourdes",1326657744.0,Lourdes,"Belo Horizonte, Lourdes",Lourdes,Belo Horizonte,MG
"Lourdes_Belo Horizonte, Lourdes",1326610966.0,Lourdes,"Belo Horizonte, Lourdes",Lourdes,Belo Horizonte,MG
"Lourdes_Belo Horizonte, Lourdes",1326589077.0,Lourdes,"Belo Horizonte, Lourdes",Lourdes,Belo Horizonte,MG
"Lourdes_Belo Horizonte, Lourdes",1326402735.0,Lourdes,"Belo Horizonte, Lourdes",Lourdes,Belo Horizonte,MG
"Centro_Belo Horizonte, Centro",1326089857.0,Centro,"Belo Horizonte, Centro",Centro,Belo Horizonte,MG
"Centro_Belo Horizonte, Centro",1326060142.0,Centro,"Belo Horizonte, Centro",Centro,Belo Horizonte,MG
"Lourdes_Belo Horizonte, Lourdes",1326059140.0,Lourdes,"Belo Horizonte, Lourdes",Lourdes,Belo Horizonte,MG
"Lourdes_Belo Horizonte, Lourdes",1326023446.0,Lourdes,"Belo Horizonte, Lourdes",Lourdes,Belo Horizonte,MG
"Lourdes_Belo Horizonte, Lourdes",1325982198.0,Lourdes,"Belo Horizonte, Lourdes",Lourdes,Belo Horizonte,MG
"Lourdes_Belo Horizonte, Lourdes",1325982105.0,Lourdes,"Belo Horizonte, Lourdes",Lourdes,Belo Horizonte,MG
"Lourdes_Belo Horizonte, Lourdes",1325976903.0,Lourdes,"Belo Horizonte, Lourdes",Lourdes,Belo Horizonte,MG
"Lourdes_Belo Horizonte, Lourdes",1325921589.0,Lourdes,"Belo Horizonte, Lourdes",Lourdes,Belo Horizonte,MG
"Santo Agostinho_Belo Horizonte, Santo Agostinho",1325920737.0,Santo Agostinho,"Belo Horizonte, Santo Agostinho",Santo Agostinho,Belo Horizonte,MG
"Lourdes_Belo Horizonte, Lourdes",1325780686.0,Lourdes,"Belo Horizonte, Lourdes",Lourdes,Belo Horizonte,MG
"Lourdes_Belo Horizonte, Lourdes",1325753244.0,Lourdes,"Belo Horizonte, Lourdes",Lourdes,Belo Horizonte,MG
"Lourdes_Belo Horizonte, Lourdes",1325752566.0,Lourdes,"Belo Horizonte, Lourdes",Lourdes,Belo Horizonte,MG
"Lourdes_Belo Horizonte, Lourdes",1325748984.0,Lourdes,"Belo Horizonte, Lourdes",Lourdes,Belo Horizonte,MG
"Lourdes_Belo Horizonte, Lourdes",1325745693.0,Lourdes,"Belo Horizonte, Lourdes",Lourdes,Belo Horizonte,MG
"Lourdes_Belo Horizonte, Lourdes",1325745495.0,Lourdes,"Belo Horizonte, Lourdes",Lourdes,Belo Horizonte,MG
"Centro_Belo Horizonte, Centro",1325745468.0,Centro,"Belo Horizonte, Centro",Centro,Belo Horizonte,MG
"Lourdes_Belo Horizonte, Lourdes",1325745431.0,Lourdes,"Belo Horizonte, Lourdes",Lourdes,Belo Horizonte,MG
"Lourdes_Belo Horizonte, Lourdes",1325745396.0,Lourdes,"Belo Horizonte, Lourdes",Lourdes,Belo Horizonte,MG
"Lourdes_Belo Horizonte, Lourdes",1325745302.0,Lourdes,"Belo Horizonte, Lourdes",Lourdes,Belo Horizonte,MG
"Lourdes_Belo Horizonte, Lourdes",1325745245.0,Lourdes,"Belo Horizonte, Lourdes",Lourdes,Belo Horizonte,MG
"Lourdes_Belo Horizonte, Lourdes",1325745227.0,Lourdes,"Belo Horizonte, Lourdes",Lourdes,Belo Horizonte,MG
"Lourdes_Belo Horizonte, Lourdes",1325745195.0,Lourdes,"Belo Horizonte, Lourdes",Lourdes,Belo Horizonte,MG
"Lourdes_Belo Horizonte, Lourdes",1325745120.0,Lourdes,"Belo Horizonte, Lourdes",Lourdes,Belo Horizonte,MG
"Lourdes_Belo Horizonte, Lourdes",1325745111.0,Lourdes,"Belo Horizonte, Lourdes",Lourdes,Belo Horizonte,MG
"Lourdes_Belo Horizonte, Lourdes",1325745106.0,Lourdes,"Belo Horizonte, Lourdes",Lourdes,Belo Horizonte,MG
"Lourdes_Belo Horizonte, Lourdes",1325745087.0,Lourdes,"Belo Horizonte, Lourdes",Lourdes,Belo Horizonte,MG
"Lourdes_Belo Horizonte, Lourdes",1325745089.0,Lourdes,"Belo Horizonte, Lourdes",Lourdes,Belo Horizonte,MG
"Lourdes_Belo Horizonte, Lourdes",1325745072.0,Lourdes,"Belo Horizonte, Lourdes",Lourdes,Belo Horizonte,MG
"Lourdes_Belo Horizonte, Lourdes",1325745067.0,Lourdes,"Belo Horizonte, Lourdes",Lourdes,Belo Horizonte,MG
"Lourdes_Belo Horizonte, Lourdes",1325745063.0,Lourdes,"Belo Horizonte, Lourdes",Lourdes,Belo Horizonte,MG
"Lourdes_Belo Horizonte, Lourdes",1325745021.0,Lourdes,"Belo Horizonte, Lourdes",Lourdes,Belo Horizonte,MG
"Lourdes_Belo Horizonte, Lourdes",1325744977.0,Lourdes,"Belo Horizonte, Lourdes",Lourdes,Belo Horizonte,MG
"Lourdes_Belo Horizonte, Lourdes",1325744967.0,Lourdes,"Belo Horizonte, Lourdes",Lourdes,Belo Horizonte,MG
"Lourdes_Belo Horizonte, Lourdes",1325744935.0,Lourdes,"Belo Horizonte, Lourdes",Lourdes,Belo Horizonte,MG
"Lourdes_Belo Horizonte, Lourdes",1325744904.0,Lourdes,"Belo Horizonte, Lourdes",Lourdes,Belo Horizonte,MG
"Lourdes_Belo Horizonte, Lourdes",1325744824.0,Lourdes,"Belo Horizonte, Lourdes",Lourdes,Belo Horizonte,MG
"Lourdes_Belo Horizonte, Lourdes",1325744811.0,Lourdes,"Belo Horizonte, Lourdes",Lourdes,Belo Horizonte,MG
"Lourdes_Belo Horizonte, Lourdes",1325744791.0,Lourdes,"Belo Horizonte, Lourdes",Lourdes,Belo Horizonte,MG
"Lourdes_Belo Horizonte, Lourdes",1325744454.0,Lourdes,"Belo Horizonte, Lourdes",Lourdes,Belo Horizonte,MG
"Cidade Jardim_Belo Horizonte, Cidade Jardim",1325523487.0,Cidade Jardim,"Belo Horizonte, Cidade Jardim",Cidade Jardim,Belo Horizonte,MG
"Lourdes_Belo Horizonte, Lourdes",1325522293.0,Lourdes,"Belo Horizonte, Lourdes",Lourdes,Belo Horizonte,MG
"Lourdes_Belo Horizonte, Lourdes",1325480858.0,Lourdes,"Belo Horizonte, Lourdes",Lourdes,Belo Horizonte,MG
"Lourdes_Belo Horizonte, Lourdes",1325480815.0,Lourdes,"Belo Horizonte, Lourdes",Lourdes,Belo Horizonte,MG
"Lourdes_Belo Horizonte, Lourdes",1325480748.0,Lourdes,"Belo Horizonte, Lourdes",Lourdes,Belo Horizonte,MG
"Lourdes_Belo Horizonte, Lourdes",1325478773.0,Lourdes,"Belo Horizonte, Lourdes",Lourdes,Belo Horizonte,MG
"Lourdes_Belo Horizonte, Lourdes",1325447834.0,Lourdes,"Belo Horizonte, Lourdes",Lourdes,Belo Horizonte,MG
"Lourdes_Belo Horizonte, Lourdes",1325438257.0,Lourdes,"Belo Horizonte, Lourdes",Lourdes,Belo Horizonte,MG
"Lourdes_Belo Horizonte, Lourdes",1325421916.0,Lourdes,"Belo Horizonte, Lourdes",Lourdes,Belo Horizonte,MG
"Cidade Jardim_Belo Horizonte, Cidade Jardim",1325290951.0,Cidade Jardim,"Belo Horizonte, Cidade Jardim",Cidade Jardim,Belo Horizonte,MG
"Cidade Jardim_Belo Horizonte, Cidade Jardim",1325205867.0,Cidade Jardim,"Belo Horizonte, Cidade Jardim",Cidade Jardim,Belo Horizonte,MG
"Lourdes_Belo Horizonte, Lourdes",1325171549.0,Lourdes,"Belo Horizonte, Lourdes",Lourdes,Belo Horizonte,MG
"Lourdes_Belo Horizonte, Lourdes",1325169579.0,Lourdes,"Belo Horizonte, Lourdes",Lourdes,Belo Horizonte,MG
"Lourdes_Belo Horizonte, Lourdes",1325162652.0,Lourdes,"Belo Horizonte, Lourdes",Lourdes,Belo Horizonte,MG
"Lourdes_Belo Horizonte, Lourdes",1325161709.0,Lourdes,"Belo Horizonte, Lourdes",Lourdes,Belo Horizonte,MG
"Centro_Belo Horizonte, Centro",1325102333.0,Centro,"Belo Horizonte, Centro",Centro,Belo Horizonte,MG
"Lourdes_Belo Horizonte, Lourdes",1325090336.0,Lourdes,"Belo Horizonte, Lourdes",Lourdes,Belo Horizonte,MG
"Lourdes_Belo Horizonte, Lourdes",1324956495.0,Lourdes,"Belo Horizonte, Lourdes",Lourdes,Belo Horizonte,MG
"Lourdes_Belo Horizonte, Lourdes",1324956458.0,Lourdes,"Belo Horizonte, Lourdes",Lourdes,Belo Horizonte,MG
"Lourdes_Belo Horizonte, Lourdes",1324956335.0,Lourdes,"Belo Horizonte, Lourdes",Lourdes,Belo Horizonte,MG
"Lourdes_Belo Horizonte, Lourdes",1324930896.0,Lourdes,"Belo Horizonte, Lourdes",Lourdes,Belo Horizonte,MG
"Lourdes_Belo Horizonte, Lourdes",1324919759.0,Lourdes,"Belo Horizonte, Lourdes",Lourdes,Belo Horizonte,MG
"Cidade Jardim_Belo Horizonte, Cidade Jardim",1324838681.0,Cidade Jardim,"Belo Horizonte, Cidade Jardim",Cidade Jardim,Belo Horizonte,MG
"Lourdes_Belo Horizonte, Lourdes",1324837744.0,Lourdes,"Belo Horizonte, Lourdes",Lourdes,Belo Horizonte,MG
"Lourdes_Belo Horizonte, Lourdes",1324837628.0,Lourdes,"Belo Horizonte, Lourdes",Lourdes,Belo Horizonte,MG
"Lourdes_Belo Horizonte, Lourdes",1324812263.0,Lourdes,"Belo Horizonte, Lourdes",Lourdes,Belo Horizonte,MG
"Lourdes_Belo Horizonte, Lourdes",1324811325.0,Lourdes,"Belo Horizonte, Lourdes",Lourdes,Belo Horizonte,MG
"Lourdes_Belo Horizonte, Lourdes",1324807468.0,Lourdes,"Belo Horizonte, Lourdes",Lourdes,Belo Horizonte,MG
"Lourdes_Belo Horizonte, Lourdes",1324691248.0,Lourdes,"Belo Horizonte, Lourdes",Lourdes,Belo Horizonte,MG
"Lourdes_Belo Horizonte, Lourdes",1324411725.0,Lourdes,"Belo Horizonte, Lourdes",Lourdes,Belo Horizonte,MG
"Lourdes_Belo Horizonte, Lourdes",1324352747.0,Lourdes,"Belo Horizonte, Lourdes",Lourdes,Belo Horizonte,MG
"Lourdes_Belo Horizonte, Lourdes",1324266538.0,Lourdes,"Belo Horizonte, Lourdes",Lourdes,Belo Horizonte,MG
"Lourdes_Belo Horizonte, Lourdes",1324265839.0,Lourdes,"Belo Horizonte, Lourdes",Lourdes,Belo Horizonte,MG
"Lourdes_Belo Horizonte, Lourdes",1324246009.0,Lourdes,"Belo Horizonte, Lourdes",Lourdes,Belo Horizonte,MG
"Lourdes_Belo Horizonte, Lourdes",1324154373.0,Lourdes,"Belo Horizonte, Lourdes",Lourdes,Belo Horizonte,MG
"Santo Agostinho_Belo Horizonte, Santo Agostinho",1324133777.0,Santo Agostinho,"Belo Horizonte, Santo Agostinho",Santo Agostinho,Belo Horizonte,MG
"Centro_Belo Horizonte, Centro",1324036154.0,Centro,"Belo Horizonte, Centro",Centro,Belo Horizonte,MG
"Lourdes_Belo Horizonte, Lourdes",1324033486.0,Lourdes,"Belo Horizonte, Lourdes",Lourdes,Belo Horizonte,MG
"Lourdes_Belo Horizonte, Lourdes",1324004091.0,Lourdes,"Belo Horizonte, Lourdes",Lourdes,Belo Horizonte,MG
"Lourdes_Belo Horizonte, Lourdes",1323918741.0,Lourdes,"Belo Horizonte, Lourdes",Lourdes,Belo Horizonte,MG
"Lourdes_Belo Horizonte, Lourdes",1323912754.0,Lourdes,"Belo Horizonte, Lourdes",Lourdes,Belo Horizonte,MG
"Lourdes_Belo Horizonte, Lourdes",1323911628.0,Lourdes,"Belo Horizonte, Lourdes",Lourdes,Belo Horizonte,MG
"Lourdes_Belo Horizonte, Lourdes",1323883548.0,Lourdes,"Belo Horizonte, Lourdes",Lourdes,Belo Horizonte,MG
"Lourdes_Belo Horizonte, Lourdes",1323561596.0,Lourdes,"Belo Horizonte, Lourdes",Lourdes,Belo Horizonte,MG
"Centro_Belo Horizonte, Centro",1323550704.0,Centro,"Belo Horizonte, Centro",Centro,Belo Horizonte,MG
"Lourdes_Belo Horizonte, Lourdes",1323488660.0,Lourdes,"Belo Horizonte, Lourdes",Lourdes,Belo Horizonte,MG
"Lourdes_Belo Horizonte, Lourdes",1323380259.0,Lourdes,"Belo Horizonte, Lourdes",Lourdes,Belo Horizonte,MG
"Lourdes_Belo Horizonte, Lourdes",1323377845.0,Lourdes,"Belo Horizonte, Lourdes",Lourdes,Belo Horizonte,MG
"Lourdes_Belo Horizonte, Lourdes",1323363242.0,Lourdes,"Belo Horizonte, Lourdes",Lourdes,Belo Horizonte,MG
"Lourdes_Belo Horizonte, Lourdes",1323363230.0,Lourdes,"Belo Horizonte, Lourdes",Lourdes,Belo Horizonte,MG
"Lourdes_Belo Horizonte, Lourdes",1323325348.0,Lourdes,"Belo Horizonte, Lourdes",Lourdes,Belo Horizonte,MG
"Lourdes_Belo Horizonte, Lourdes",1323325294.0,Lourdes,"Belo Horizonte, Lourdes",Lourdes,Belo Horizonte,MG
"Lourdes_Belo Horizonte, Lourdes",1323272396.0,Lourdes,"Belo Horizonte, Lourdes",Lourdes,Belo Horizonte,MG
"Lourdes_Belo Horizonte, Lourdes",1323266475.0,Lourdes,"Belo Horizonte, Lourdes",Lourdes,Belo Horizonte,MG
"Lourdes_Belo Horizonte, Lourdes",1323185966.0,Lourdes,"Belo Horizonte, Lourdes",Lourdes,Belo Horizonte,MG
"Centro_Belo Horizonte, Centro",1323185671.0,Centro,"Belo Horizonte, Centro",Centro,Belo Horizonte,MG
"Lourdes_Belo Horizonte, Lourdes",1323183894.0,Lourdes,"Belo Horizonte, Lourdes",Lourdes,Belo Horizonte,MG
"Lourdes_Belo Horizonte, Lourdes",1323183841.0,Lourdes,"Belo Horizonte, Lourdes",Lourdes,Belo Horizonte,MG
"Lourdes_Belo Horizonte, Lourdes",1323085311.0,Lourdes,"Belo Horizonte, Lourdes",Lourdes,Belo Horizonte,MG
"Lourdes_Belo Horizonte, Lourdes",1323084835.0,Lourdes,"Belo Horizonte, Lourdes",Lourdes,Belo Horizonte,MG
"Lourdes_Belo Horizonte, Lourdes",1323084707.0,Lourdes,"Belo Horizonte, Lourdes",Lourdes,Belo Horizonte,MG
"Lourdes_Belo Horizonte, Lourdes",1323083929.0,Lourdes,"Belo Horizonte, Lourdes",Lourdes,Belo Horizonte,MG
"Lourdes_Belo Horizonte, Lourdes",1323059297.0,Lourdes,"Belo Horizonte, Lourdes",Lourdes,Belo Horizonte,MG
"Lourdes_Belo Horizonte, Lourdes",1323054560.0,Lourdes,"Belo Horizonte, Lourdes",Lourdes,Belo Horizonte,MG
"Cidade Jardim_Belo Horizonte, Cidade Jardim",1323032012.0,Cidade Jardim,"Belo Horizonte, Cidade Jardim",Cidade Jardim,Belo Horizonte,MG
"Lourdes_Belo Horizonte, Lourdes",1322906817.0,Lourdes,"Belo Horizonte, Lourdes",Lourdes,Belo Horizonte,MG
"Lourdes_Belo Horizonte, Lourdes",1322662155.0,Lourdes,"Belo Horizonte, Lourdes",Lourdes,Belo Horizonte,MG
"Lourdes_Belo Horizonte, Lourdes",1322620239.0,Lourdes,"Belo Horizonte, Lourdes",Lourdes,Belo Horizonte,MG
"Lourdes_Belo Horizonte, Lourdes",1322460134.0,Lourdes,"Belo Horizonte, Lourdes",Lourdes,Belo Horizonte,MG
"Lourdes_Belo Horizonte, Lourdes",1322456115.0,Lourdes,"Belo Horizonte, Lourdes",Lourdes,Belo Horizonte,MG
"Lourdes_Belo Horizonte, Lourdes",1322451749.0,Lourdes,"Belo Horizonte, Lourdes",Lourdes,Belo Horizonte,MG
"Lourdes_Belo Horizonte, Lourdes",1322410138.0,Lourdes,"Belo Horizonte, Lourdes",Lourdes,Belo Horizonte,MG
"Lourdes_Belo Horizonte, Lourdes",1322410038.0,Lourdes,"Belo Horizonte, Lourdes",Lourdes,Belo Horizonte,MG
"Lourdes_Belo Horizonte, Lourdes",1322409183.0,Lourdes,"Belo Horizonte, Lourdes",Lourdes,Belo Horizonte,MG
"Lourdes_Belo Horizonte, Lourdes",1322404381.0,Lourdes,"Belo Horizonte, Lourdes",Lourdes,Belo Horizonte,MG
"Lourdes_Belo Horizonte, Lourdes",1322400921.0,Lourdes,"Belo Horizonte, Lourdes",Lourdes,Belo Horizonte,MG
"Lourdes_Belo Horizonte, Lourdes",1322400721.0,Lourdes,"Belo Horizonte, Lourdes",Lourdes,Belo Horizonte,MG
"Lourdes_Belo Horizonte, Lourdes",1322242990.0,Lourdes,"Belo Horizonte, Lourdes",Lourdes,Belo Horizonte,MG
"Lourdes_Belo Horizonte, Lourdes",1322223893.0,Lourdes,"Belo Horizonte, Lourdes",Lourdes,Belo Horizonte,MG
"Lourdes_Belo Horizonte, Lourdes",1322218229.0,Lourdes,"Belo Horizonte, Lourdes",Lourdes,Belo Horizonte,MG
"Lourdes_Belo Horizonte, Lourdes",1322157616.0,Lourdes,"Belo Horizonte, Lourdes",Lourdes,Belo Horizonte,MG
"Centro_Belo Horizonte, Centro",1322143040.0,Centro,"Belo Horizonte, Centro",Centro,Belo Horizonte,MG
"Lourdes_Belo Horizonte, Lourdes",1322142330.0,Lourdes,"Belo Horizonte, Lourdes",Lourdes,Belo Horizonte,MG
"Lourdes_Belo Horizonte, Lourdes",1322079495.0,Lourdes,"Belo Horizonte, Lourdes",Lourdes,Belo Horizonte,MG
"Lourdes_Belo Horizonte, Lourdes",1321990572.0,Lourdes,"Belo Horizonte, Lourdes",Lourdes,Belo Horizonte,MG
"Lourdes_Belo Horizonte, Lourdes",1321986914.0,Lourdes,"Belo Horizonte, Lourdes",Lourdes,Belo Horizonte,MG
"Lourdes_Belo Horizonte, Lourdes",1321827845.0,Lourdes,"Belo Horizonte, Lourdes",Lourdes,Belo Horizonte,MG
"Santo Antônio_Belo Horizonte, Santo Antônio",1321811086.0,Santo Antônio,"Belo Horizonte, Santo Antônio",Santo Antônio,Belo Horizonte,MG
"Lourdes_Belo Horizonte, Lourdes",1321810481.0,Lourdes,"Belo Horizonte, Lourdes",Lourdes,Belo Horizonte,MG
"Lourdes_Belo Horizonte, Lourdes",1321808898.0,Lourdes,"Belo Horizonte, Lourdes",Lourdes,Belo Horizonte,MG
"Lourdes_Belo Horizonte, Lourdes",1321803085.0,Lourdes,"Belo Horizonte, Lourdes",Lourdes,Belo Horizonte,MG
"Santo Antônio_Belo Horizonte, Santo Antônio",1321797667.0,Santo Antônio,"Belo Horizonte, Santo Antônio",Santo Antônio,Belo Horizonte,MG
"Lourdes_Belo Horizonte, Lourdes",1321632817.0,Lourdes,"Belo Horizonte, Lourdes",Lourdes,Belo Horizonte,MG
"Lourdes_Belo Horizonte, Lourdes",1321627151.0,Lourdes,"Belo Horizonte, Lourdes",Lourdes,Belo Horizonte,MG
"Lourdes_Belo Horizonte, Lourdes",1321611308.0,Lourdes,"Belo Horizonte, Lourdes",Lourdes,Belo Horizonte,MG
"Lourdes_Belo Horizonte, Lourdes",1321526453.0,Lourdes,"Belo Horizonte, Lourdes",Lourdes,Belo Horizonte,MG
"Lourdes_Belo Horizonte, Lourdes",1321515910.0,Lourdes,"Belo Horizonte, Lourdes",Lourdes,Belo Horizonte,MG
"Lourdes_Belo Horizonte, Lourdes",1321498344.0,Lourdes,"Belo Horizonte, Lourdes",Lourdes,Belo Horizonte,MG
"Lourdes_Belo Horizonte, Lourdes",1321492728.0,Lourdes,"Belo Horizonte, Lourdes",Lourdes,Belo Horizonte,MG
"Lourdes_Belo Horizonte, Lourdes",1321490250.0,Lourdes,"Belo Horizonte, Lourdes",Lourdes,Belo Horizonte,MG
"Centro_Belo Horizonte, Centro",1321366850.0,Centro,"Belo Horizonte, Centro",Centro,Belo Horizonte,MG
"Lourdes_Belo Horizonte, Lourdes",1321290232.0,Lourdes,"Belo Horizonte, Lourdes",Lourdes,Belo Horizonte,MG
"Lourdes_Belo Horizonte, Lourdes",1321264399.0,Lourdes,"Belo Horizonte, Lourdes",Lourdes,Belo Horizonte,MG
"Lourdes_Belo Horizonte, Lourdes",1321257743.0,Lourdes,"Belo Horizonte, Lourdes",Lourdes,Belo Horizonte,MG
"Lourdes_Belo Horizonte, Lourdes",1321237438.0,Lourdes,"Belo Horizonte, Lourdes",Lourdes,Belo Horizonte,MG
"Lourdes_Belo Horizonte, Lourdes",1321213849.0,Lourdes,"Belo Horizonte, Lourdes",Lourdes,Belo Horizonte,MG
"Lourdes_Belo Horizonte, Lourdes",1321213840.0,Lourdes,"Belo Horizonte, Lourdes",Lourdes,Belo Horizonte,MG
"Lourdes_Belo Horizonte, Lourdes",1320769509.0,Lourdes,"Belo Horizonte, Lourdes",Lourdes,Belo Horizonte,MG
"Lourdes_Belo Horizonte, Lourdes",1320752012.0,Lourdes,"Belo Horizonte, Lourdes",Lourdes,Belo Horizonte,MG
"Centro_Belo Horizonte, Centro",1320726437.0,Centro,"Belo Horizonte, Centro",Centro,Belo Horizonte,MG
"Lourdes_Belo Horizonte, Lourdes",1320581880.0,Lourdes,"Belo Horizonte, Lourdes",Lourdes,Belo Horizonte,MG
"Lourdes_Belo Horizonte, Lourdes",1320521501.0,Lourdes,"Belo Horizonte, Lourdes",Lourdes,Belo Horizonte,MG
"Lourdes_Belo Horizonte, Lourdes",1320508859.0,Lourdes,"Belo Horizonte, Lourdes",Lourdes,Belo Horizonte,MG
"Lourdes_Belo Horizonte, Lourdes",1320508805.0,Lourdes,"Belo Horizonte, Lourdes",Lourdes,Belo Horizonte,MG
"Lourdes_Belo Horizonte, Lourdes",1320402005.0,Lourdes,"Belo Horizonte, Lourdes",Lourdes,Belo Horizonte,MG
"Lourdes_Belo Horizonte, Lourdes",1320306328.0,Lourdes,"Belo Horizonte, Lourdes",Lourdes,Belo Horizonte,MG
"Lourdes_Belo Horizonte, Lourdes",1320295555.0,Lourdes,"Belo Horizonte, Lourdes",Lourdes,Belo Horizonte,MG
"Lourdes_Belo Horizonte, Lourdes",1320291056.0,Lourdes,"Belo Horizonte, Lourdes",Lourdes,Belo Horizonte,MG
"Lourdes_Belo Horizonte, Lourdes",1320211767.0,Lourdes,"Belo Horizonte, Lourdes",Lourdes,Belo Horizonte,MG
"Cidade Jardim_Belo Horizonte, Cidade Jardim",1320199657.0,Cidade Jardim,"Belo Horizonte, Cidade Jardim",Cidade Jardim,Belo Horizonte,MG
"Lourdes_Belo Horizonte, Lourdes",1320176882.0,Lourdes,"Belo Horizonte, Lourdes",Lourdes,Belo Horizonte,MG
"Lourdes_Belo Horizonte, Lourdes",1320170164.0,Lourdes,"Belo Horizonte, Lourdes",Lourdes,Belo Horizonte,MG
"Lourdes_Belo Horizonte, Lourdes",1320170039.0,Lourdes,"Belo Horizonte, Lourdes",Lourdes,Belo Horizonte,MG
"Lourdes_Belo Horizonte, Lourdes",1320160016.0,Lourdes,"Belo Horizonte, Lourdes",Lourdes,Belo Horizonte,MG
"Lourdes_Belo Horizonte, Lourdes",1320132174.0,Lourdes,"Belo Horizonte, Lourdes",Lourdes,Belo Horizonte,MG
"Lourdes_Belo Horizonte, Lourdes",1320013993.0,Lourdes,"Belo Horizonte, Lourdes",Lourdes,Belo Horizonte,MG
"Lourdes_Belo Horizonte, Lourdes",1319985025.0,Lourdes,"Belo Horizonte, Lourdes",Lourdes,Belo Horizonte,MG
"Lourdes_Belo Horizonte, Lourdes",1319896456.0,Lourdes,"Belo Horizonte, Lourdes",Lourdes,Belo Horizonte,MG
"Lourdes_Belo Horizonte, Lourdes",1319861053.0,Lourdes,"Belo Horizonte, Lourdes",Lourdes,Belo Horizonte,MG
"Lourdes_Belo Horizonte, Lourdes",1319857429.0,Lourdes,"Belo Horizonte, Lourdes",Lourdes,Belo Horizonte,MG
"Lourdes_Belo Horizonte, Lourdes",1319748482.0,Lourdes,"Belo Horizonte, Lourdes",Lourdes,Belo Horizonte,MG
"Lourdes_Belo Horizonte, Lourdes",1319729522.0,Lourdes,"Belo Horizonte, Lourdes",Lourdes,Belo Horizonte,MG
"Lourdes_Belo Horizonte, Lourdes",1319721709.0,Lourdes,"Belo Horizonte, Lourdes",Lourdes,Belo Horizonte,MG
"Lourdes_Belo Horizonte, Lourdes",1319721111.0,Lourdes,"Belo Horizonte, Lourdes",Lourdes,Belo Horizonte,MG
"Lourdes_Belo Horizonte, Lourdes",1319719300.0,Lourdes,"Belo Horizonte, Lourdes",Lourdes,Belo Horizonte,MG
"Lourdes_Belo Horizonte, Lourdes",1319719307.0,Lourdes,"Belo Horizonte, Lourdes",Lourdes,Belo Horizonte,MG
"Lourdes_Belo Horizonte, Lourdes",1319719090.0,Lourdes,"Belo Horizonte, Lourdes",Lourdes,Belo Horizonte,MG
"Lourdes_Belo Horizonte, Lourdes",1319718975.0,Lourdes,"Belo Horizonte, Lourdes",Lourdes,Belo Horizonte,MG
"Lourdes_Belo Horizonte, Lourdes",1319718951.0,Lourdes,"Belo Horizonte, Lourdes",Lourdes,Belo Horizonte,MG
"Lourdes_Belo Horizonte, Lourdes",1319718919.0,Lourdes,"Belo Horizonte, Lourdes",Lourdes,Belo Horizonte,MG
"Lourdes_Belo Horizonte, Lourdes",1319718582.0,Lourdes,"Belo Horizonte, Lourdes",Lourdes,Belo Horizonte,MG
"Lourdes_Belo Horizonte, Lourdes",1319705089.0,Lourdes,"Belo Horizonte, Lourdes",Lourdes,Belo Horizonte,MG
"Lourdes_Belo Horizonte, Lourdes",1319704921.0,Lourdes,"Belo Horizonte, Lourdes",Lourdes,Belo Horizonte,MG
"Lourdes_Belo Horizonte, Lourdes",1319699911.0,Lourdes,"Belo Horizonte, Lourdes",Lourdes,Belo Horizonte,MG
"Lourdes_Belo Horizonte, Lourdes",1319698452.0,Lourdes,"Belo Horizonte, Lourdes",Lourdes,Belo Horizonte,MG
"Lourdes_Belo Horizonte, Lourdes",1319697403.0,Lourdes,"Belo Horizonte, Lourdes",Lourdes,Belo Horizonte,MG
"Lourdes_Belo Horizonte, Lourdes",1319697336.0,Lourdes,"Belo Horizonte, Lourdes",Lourdes,Belo Horizonte,MG
"Lourdes_Belo Horizonte, Lourdes",1319684354.0,Lourdes,"Belo Horizonte, Lourdes",Lourdes,Belo Horizonte,MG
"Lourdes_Belo Horizonte, Lourdes",1319683126.0,Lourdes,"Belo Horizonte, Lourdes",Lourdes,Belo Horizonte,MG
"Lourdes_Belo Horizonte, Lourdes",1319533944.0,Lourdes,"Belo Horizonte, Lourdes",Lourdes,Belo Horizonte,MG
"Lourdes_Belo Horizonte, Lourdes",1319436430.0,Lourdes,"Belo Horizonte, Lourdes",Lourdes,Belo Horizonte,MG
"Lourdes_Belo Horizonte, Lourdes",1319412785.0,Lourdes,"Belo Horizonte, Lourdes",Lourdes,Belo Horizonte,MG
"Lourdes_Belo Horizonte, Lourdes",1319173583.0,Lourdes,"Belo Horizonte, Lourdes",Lourdes,Belo Horizonte,MG
"Lourdes_Belo Horizonte, Lourdes",1318917795.0,Lourdes,"Belo Horizonte, Lourdes",Lourdes,Belo Horizonte,MG
"Centro_Belo Horizonte, Centro",1318793791.0,Centro,"Belo Horizonte, Centro",Centro,Belo Horizonte,MG
"Lourdes_Belo Horizonte, Lourdes",1318792567.0,Lourdes,"Belo Horizonte, Lourdes",Lourdes,Belo Horizonte,MG
"Lourdes_Belo Horizonte, Lourdes",1318786913.0,Lourdes,"Belo Horizonte, Lourdes",Lourdes,Belo Horizonte,MG
"Lourdes_Belo Horizonte, Lourdes",1318783710.0,Lourdes,"Belo Horizonte, Lourdes",Lourdes,Belo Horizonte,MG
"Lourdes_Belo Horizonte, Lourdes",1318770573.0,Lourdes,"Belo Horizonte, Lourdes",Lourdes,Belo Horizonte,MG
"Lourdes_Belo Horizonte, Lourdes",1318770558.0,Lourdes,"Belo Horizonte, Lourdes",Lourdes,Belo Horizonte,MG
"Lourdes_Belo Horizonte, Lourdes",1318761029.0,Lourdes,"Belo Horizonte, Lourdes",Lourdes,Belo Horizonte,MG
"Lourdes_Belo Horizonte, Lourdes",1318760939.0,Lourdes,"Belo Horizonte, Lourdes",Lourdes,Belo Horizonte,MG
"Lourdes_Belo Horizonte, Lourdes",1318760845.0,Lourdes,"Belo Horizonte, Lourdes",Lourdes,Belo Horizonte,MG
"Lourdes_Belo Horizonte, Lourdes",1318719200.0,Lourdes,"Belo Horizonte, Lourdes",Lourdes,Belo Horizonte,MG
"Lourdes_Belo Horizonte, Lourdes",1318719189.0,Lourdes,"Belo Horizonte, Lourdes",Lourdes,Belo Horizonte,MG
"Lourdes_Belo Horizonte, Lourdes",1318581562.0,Lourdes,"Belo Horizonte, Lourdes",Lourdes,Belo Horizonte,MG
"Lourdes_Belo Horizonte, Lourdes",1318581564.0,Lourdes,"Belo Horizonte, Lourdes",Lourdes,Belo Horizonte,MG
"Centro_Belo Horizonte, Centro",1318574138.0,Centro,"Belo Horizonte, Centro",Centro,Belo Horizonte,MG
"Centro_Belo Horizonte, Centro",1318564542.0,Centro,"Belo Horizonte, Centro",Centro,Belo Horizonte,MG
"Lourdes_Belo Horizonte, Lourdes",1318562907.0,Lourdes,"Belo Horizonte, Lourdes",Lourdes,Belo Horizonte,MG
"Lourdes_Belo Horizonte, Lourdes",1318561887.0,Lourdes,"Belo Horizonte, Lourdes",Lourdes,Belo Horizonte,MG
"Lourdes_Belo Horizonte, Lourdes",1318536370.0,Lourdes,"Belo Horizonte, Lourdes",Lourdes,Belo Horizonte,MG
"Lourdes_Belo Horizonte, Lourdes",1318530267.0,Lourdes,"Belo Horizonte, Lourdes",Lourdes,Belo Horizonte,MG
"Lourdes_Belo Horizonte, Lourdes",1318518938.0,Lourdes,"Belo Horizonte, Lourdes",Lourdes,Belo Horizonte,MG
"Lourdes_Belo Horizonte, Lourdes",1318518537.0,Lourdes,"Belo Horizonte, Lourdes",Lourdes,Belo Horizonte,MG
"Lourdes_Belo Horizonte, Lourdes",1318514911.0,Lourdes,"Belo Horizonte, Lourdes",Lourdes,Belo Horizonte,MG
"Lourdes_Belo Horizonte, Lourdes",1318513743.0,Lourdes,"Belo Horizonte, Lourdes",Lourdes,Belo Horizonte,MG
"Lourdes_Belo Horizonte, Lourdes",1318513563.0,Lourdes,"Belo Horizonte, Lourdes",Lourdes,Belo Horizonte,MG
"Lourdes_Belo Horizonte, Lourdes",1318513458.0,Lourdes,"Belo Horizonte, Lourdes",Lourdes,Belo Horizonte,MG
"Lourdes_Belo Horizonte, Lourdes",1318513370.0,Lourdes,"Belo Horizonte, Lourdes",Lourdes,Belo Horizonte,MG
"Lourdes_Belo Horizonte, Lourdes",1318513338.0,Lourdes,"Belo Horizonte, Lourdes",Lourdes,Belo Horizonte,MG
"Lourdes_Belo Horizonte, Lourdes",1318513342.0,Lourdes,"Belo Horizonte, Lourdes",Lourdes,Belo Horizonte,MG
"Lourdes_Belo Horizonte, Lourdes",1318513246.0,Lourdes,"Belo Horizonte, Lourdes",Lourdes,Belo Horizonte,MG
"Lourdes_Belo Horizonte, Lourdes",1318512878.0,Lourdes,"Belo Horizonte, Lourdes",Lourdes,Belo Horizonte,MG
"Lourdes_Belo Horizonte, Lourdes",1318480175.0,Lourdes,"Belo Horizonte, Lourdes",Lourdes,Belo Horizonte,MG
"Lourdes_Belo Horizonte, Lourdes",1318412730.0,Lourdes,"Belo Horizonte, Lourdes",Lourdes,Belo Horizonte,MG
"Lourdes_Belo Horizonte, Lourdes",1318324534.0,Lourdes,"Belo Horizonte, Lourdes",Lourdes,Belo Horizonte,MG
"Lourdes_Belo Horizonte, Lourdes",1318301832.0,Lourdes,"Belo Horizonte, Lourdes",Lourdes,Belo Horizonte,MG
"Lourdes_Belo Horizonte, Lourdes",1318292159.0,Lourdes,"Belo Horizonte, Lourdes",Lourdes,Belo Horizonte,MG
"Lourdes_Belo Horizonte, Lourdes",1318288551.0,Lourdes,"Belo Horizonte, Lourdes",Lourdes,Belo Horizonte,MG
"Lourdes_Belo Horizonte, Lourdes",1318287309.0,Lourdes,"Belo Horizonte, Lourdes",Lourdes,Belo Horizonte,MG
"Lourdes_Belo Horizonte, Lourdes",1318280093.0,Lourdes,"Belo Horizonte, Lourdes",Lourdes,Belo Horizonte,MG
"Lourdes_Belo Horizonte, Lourdes",1318233309.0,Lourdes,"Belo Horizonte, Lourdes",Lourdes,Belo Horizonte,MG
"Lourdes_Belo Horizonte, Lourdes",1318233248.0,Lourdes,"Belo Horizonte, Lourdes",Lourdes,Belo Horizonte,MG
"Lourdes_Belo Horizonte, Lourdes",1318233217.0,Lourdes,"Belo Horizonte, Lourdes",Lourdes,Belo Horizonte,MG
"Lourdes_Belo Horizonte, Lourdes",1318224587.0,Lourdes,"Belo Horizonte, Lourdes",Lourdes,Belo Horizonte,MG
"Centro_Belo Horizonte, Centro",1318037905.0,Centro,"Belo Horizonte, Centro",Centro,Belo Horizonte,MG
"Centro_Belo Horizonte, Centro",1318026458.0,Centro,"Belo Horizonte, Centro",Centro,Belo Horizonte,MG
"Lourdes_Belo Horizonte, Lourdes",1317975720.0,Lourdes,"Belo Horizonte, Lourdes",Lourdes,Belo Horizonte,MG
"Lourdes_Belo Horizonte, Lourdes",1317962455.0,Lourdes,"Belo Horizonte, Lourdes",Lourdes,Belo Horizonte,MG
"Lourdes_Belo Horizonte, Lourdes",1317941304.0,Lourdes,"Belo Horizonte, Lourdes",Lourdes,Belo Horizonte,MG
"Lourdes_Belo Horizonte, Lourdes",1317933311.0,Lourdes,"Belo Horizonte, Lourdes",Lourdes,Belo Horizonte,MG
"Lourdes_Belo Horizonte, Lourdes",1317930853.0,Lourdes,"Belo Horizonte, Lourdes",Lourdes,Belo Horizonte,MG
"Lourdes_Belo Horizonte, Lourdes",1317922607.0,Lourdes,"Belo Horizonte, Lourdes",Lourdes,Belo Horizonte,MG
"Lourdes_Belo Horizonte, Lourdes",1317748223.0,Lourdes,"Belo Horizonte, Lourdes",Lourdes,Belo Horizonte,MG
"Lourdes_Belo Horizonte, Lourdes",1317747788.0,Lourdes,"Belo Horizonte, Lourdes",Lourdes,Belo Horizonte,MG
"Lourdes_Belo Horizonte, Lourdes",1317746463.0,Lourdes,"Belo Horizonte, Lourdes",Lourdes,Belo Horizonte,MG
"Lourdes_Belo Horizonte, Lourdes",1317746452.0,Lourdes,"Belo Horizonte, Lourdes",Lourdes,Belo Horizonte,MG
"Lourdes_Belo Horizonte, Lourdes",1317746420.0,Lourdes,"Belo Horizonte, Lourdes",Lourdes,Belo Horizonte,MG
"Lourdes_Belo Horizonte, Lourdes",1317739829.0,Lourdes,"Belo Horizonte, Lourdes",Lourdes,Belo Horizonte,MG
"Lourdes_Belo Horizonte, Lourdes",1317739302.0,Lourdes,"Belo Horizonte, Lourdes",Lourdes,Belo Horizonte,MG
"Lourdes_Belo Horizonte, Lourdes",1317739086.0,Lourdes,"Belo Horizonte, Lourdes",Lourdes,Belo Horizonte,MG
"Lourdes_Belo Horizonte, Lourdes",1317726227.0,Lourdes,"Belo Horizonte, Lourdes",Lourdes,Belo Horizonte,MG
"Lourdes_Belo Horizonte, Lourdes",1317710739.0,Lourdes,"Belo Horizonte, Lourdes",Lourdes,Belo Horizonte,MG
"Lourdes_Belo Horizonte, Lourdes",1317695544.0,Lourdes,"Belo Horizonte, Lourdes",Lourdes,Belo Horizonte,MG
"Lourdes_Belo Horizonte, Lourdes",1317665043.0,Lourdes,"Belo Horizonte, Lourdes",Lourdes,Belo Horizonte,MG
"Lourdes_Belo Horizonte, Lourdes",1317660853.0,Lourdes,"Belo Horizonte, Lourdes",Lourdes,Belo Horizonte,MG
"Lourdes_Belo Horizonte, Lourdes",1317605080.0,Lourdes,"Belo Horizonte, Lourdes",Lourdes,Belo Horizonte,MG
"Lourdes_Belo Horizonte, Lourdes",1317604358.0,Lourdes,"Belo Horizonte, Lourdes",Lourdes,Belo Horizonte,MG
"Lourdes_Belo Horizonte, Lourdes",1317579650.0,Lourdes,"Belo Horizonte, Lourdes",Lourdes,Belo Horizonte,MG
"Lourdes_Belo Horizonte, Lourdes",1317567086.0,Lourdes,"Belo Horizonte, Lourdes",Lourdes,Belo Horizonte,MG
"Lourdes_Belo Horizonte, Lourdes",1317527686.0,Lourdes,"Belo Horizonte, Lourdes",Lourdes,Belo Horizonte,MG
"Centro_Belo Horizonte, Centro",1317508059.0,Centro,"Belo Horizonte, Centro",Centro,Belo Horizonte,MG
"Centro_Belo Horizonte, Centro",1317508036.0,Centro,"Belo Horizonte, Centro",Centro,Belo Horizonte,MG
"Centro_Belo Horizonte, Centro",1317507619.0,Centro,"Belo Horizonte, Centro",Centro,Belo Horizonte,MG
"Centro_Belo Horizonte, Centro",1317507604.0,Centro,"Belo Horizonte, Centro",Centro,Belo Horizonte,MG
"Centro_Belo Horizonte, Centro",1317507563.0,Centro,"Belo Horizonte, Centro",Centro,Belo Horizonte,MG
"Centro_Belo Horizonte, Centro",1317507542.0,Centro,"Belo Horizonte, Centro",Centro,Belo Horizonte,MG
"Centro_Belo Horizonte, Centro",1317507529.0,Centro,"Belo Horizonte, Centro",Centro,Belo Horizonte,MG
"Lourdes_Belo Horizonte, Lourdes",1317365409.0,Lourdes,"Belo Horizonte, Lourdes",Lourdes,Belo Horizonte,MG
"Lourdes_Belo Horizonte, Lourdes",1317362904.0,Lourdes,"Belo Horizonte, Lourdes",Lourdes,Belo Horizonte,MG
"Lourdes_Belo Horizonte, Lourdes",1317362809.0,Lourdes,"Belo Horizonte, Lourdes",Lourdes,Belo Horizonte,MG
"Lourdes_Belo Horizonte, Lourdes",1317362823.0,Lourdes,"Belo Horizonte, Lourdes",Lourdes,Belo Horizonte,MG
"Lourdes_Belo Horizonte, Lourdes",1317362704.0,Lourdes,"Belo Horizonte, Lourdes",Lourdes,Belo Horizonte,MG
"Centro_Belo Horizonte, Centro",1317362580.0,Centro,"Belo Horizonte, Centro",Centro,Belo Horizonte,MG
"Lourdes_Belo Horizonte, Lourdes",1317362518.0,Lourdes,"Belo Horizonte, Lourdes",Lourdes,Belo Horizonte,MG
"Lourdes_Belo Horizonte, Lourdes",1317362396.0,Lourdes,"Belo Horizonte, Lourdes",Lourdes,Belo Horizonte,MG
"Lourdes_Belo Horizonte, Lourdes",1317362354.0,Lourdes,"Belo Horizonte, Lourdes",Lourdes,Belo Horizonte,MG
"Lourdes_Belo Horizonte, Lourdes",1317362211.0,Lourdes,"Belo Horizonte, Lourdes",Lourdes,Belo Horizonte,MG
"Lourdes_Belo Horizonte, Lourdes",1316915205.0,Lourdes,"Belo Horizonte, Lourdes",Lourdes,Belo Horizonte,MG
"Lourdes_Belo Horizonte, Lourdes",1316914500.0,Lourdes,"Belo Horizonte, Lourdes",Lourdes,Belo Horizonte,MG
"Lourdes_Belo Horizonte, Lourdes",1316913100.0,Lourdes,"Belo Horizonte, Lourdes",Lourdes,Belo Horizonte,MG
"Lourdes_Belo Horizonte, Lourdes",1316845978.0,Lourdes,"Belo Horizonte, Lourdes",Lourdes,Belo Horizonte,MG
"Lourdes_Belo Horizonte, Lourdes",1316636801.0,Lourdes,"Belo Horizonte, Lourdes",Lourdes,Belo Horizonte,MG
"Lourdes_Belo Horizonte, Lourdes",1316576805.0,Lourdes,"Belo Horizonte, Lourdes",Lourdes,Belo Horizonte,MG
"Lourdes_Belo Horizonte, Lourdes",1316282398.0,Lourdes,"Belo Horizonte, Lourdes",Lourdes,Belo Horizonte,MG
"Lourdes_Belo Horizonte, Lourdes",1316281874.0,Lourdes,"Belo Horizonte, Lourdes",Lourdes,Belo Horizonte,MG
"Lourdes_Belo Horizonte, Lourdes",1316263266.0,Lourdes,"Belo Horizonte, Lourdes",Lourdes,Belo Horizonte,MG
"Lourdes_Belo Horizonte, Lourdes",1316238533.0,Lourdes,"Belo Horizonte, Lourdes",Lourdes,Belo Horizonte,MG
"Lourdes_Belo Horizonte, Lourdes",1316185255.0,Lourdes,"Belo Horizonte, Lourdes",Lourdes,Belo Horizonte,MG
"Lourdes_Belo Horizonte, Lourdes",1316023564.0,Lourdes,"Belo Horizonte, Lourdes",Lourdes,Belo Horizonte,MG
"Lourdes_Belo Horizonte, Lourdes",1315958742.0,Lourdes,"Belo Horizonte, Lourdes",Lourdes,Belo Horizonte,MG
"Lourdes_Belo Horizonte, Lourdes",1315939623.0,Lourdes,"Belo Horizonte, Lourdes",Lourdes,Belo Horizonte,MG
"Lourdes_Belo Horizonte, Lourdes",1315938687.0,Lourdes,"Belo Horizonte, Lourdes",Lourdes,Belo Horizonte,MG
"Lourdes_Belo Horizonte, Lourdes",1315930960.0,Lourdes,"Belo Horizonte, Lourdes",Lourdes,Belo Horizonte,MG
"Lourdes_Belo Horizonte, Lourdes",1315928394.0,Lourdes,"Belo Horizonte, Lourdes",Lourdes,Belo Horizonte,MG
"Lourdes_Belo Horizonte, Lourdes",1315871083.0,Lourdes,"Belo Horizonte, Lourdes",Lourdes,Belo Horizonte,MG
"Lourdes_Belo Horizonte, Lourdes",1315713134.0,Lourdes,"Belo Horizonte, Lourdes",Lourdes,Belo Horizonte,MG
"Lourdes_Belo Horizonte, Lourdes",1315695991.0,Lourdes,"Belo Horizonte, Lourdes",Lourdes,Belo Horizonte,MG
"Lourdes_Belo Horizonte, Lourdes",1315613961.0,Lourdes,"Belo Horizonte, Lourdes",Lourdes,Belo Horizonte,MG
"Lourdes_Belo Horizonte, Lourdes",1315559304.0,Lourdes,"Belo Horizonte, Lourdes",Lourdes,Belo Horizonte,MG
"Lourdes_Belo Horizonte, Lourdes",1315559253.0,Lourdes,"Belo Horizonte, Lourdes",Lourdes,Belo Horizonte,MG
"Lourdes_Belo Horizonte, Lourdes",1315523964.0,Lourdes,"Belo Horizonte, Lourdes",Lourdes,Belo Horizonte,MG
"Lourdes_Belo Horizonte, Lourdes",1315468075.0,Lourdes,"Belo Horizonte, Lourdes",Lourdes,Belo Horizonte,MG
"Lourdes_Belo Horizonte, Lourdes",1315093823.0,Lourdes,"Belo Horizonte, Lourdes",Lourdes,Belo Horizonte,MG
"Lourdes_Belo Horizonte, Lourdes",1315086827.0,Lourdes,"Belo Horizonte, Lourdes",Lourdes,Belo Horizonte,MG
"Lourdes_Belo Horizonte, Lourdes",1314794105.0,Lourdes,"Belo Horizonte, Lourdes",Lourdes,Belo Horizonte,MG
"Lourdes_Belo Horizonte, Lourdes",1314791559.0,Lourdes,"Belo Horizonte, Lourdes",Lourdes,Belo Horizonte,MG
"Lourdes_Belo Horizonte, Lourdes",1314730165.0,Lourdes,"Belo Horizonte, Lourdes",Lourdes,Belo Horizonte,MG
"Lourdes_Belo Horizonte, Lourdes",1314723987.0,Lourdes,"Belo Horizonte, Lourdes",Lourdes,Belo Horizonte,MG
"Lourdes_Belo Horizonte, Lourdes",1314497133.0,Lourdes,"Belo Horizonte, Lourdes",Lourdes,Belo Horizonte,MG
"Lourdes_Belo Horizonte, Lourdes",1314456692.0,Lourdes,"Belo Horizonte, Lourdes",Lourdes,Belo Horizonte,MG
"Lourdes_Belo Horizonte, Lourdes",1314453529.0,Lourdes,"Belo Horizonte, Lourdes",Lourdes,Belo Horizonte,MG
"Lourdes_Belo Horizonte, Lourdes",1314443620.0,Lourdes,"Belo Horizonte, Lourdes",Lourdes,Belo Horizonte,MG
"Lourdes_Belo Horizonte, Lourdes",1314435683.0,Lourdes,"Belo Horizonte, Lourdes",Lourdes,Belo Horizonte,MG
"Lourdes_Belo Horizonte, Lourdes",1314432925.0,Lourdes,"Belo Horizonte, Lourdes",Lourdes,Belo Horizonte,MG
"Lourdes_Belo Horizonte, Lourdes",1314374290.0,Lourdes,"Belo Horizonte, Lourdes",Lourdes,Belo Horizonte,MG
"Cidade Jardim_Belo Horizonte, Cidade Jardim",1314296882.0,Cidade Jardim,"Belo Horizonte, Cidade Jardim",Cidade Jardim,Belo Horizonte,MG
"Lourdes_Belo Horizonte, Lourdes",1314210575.0,Lourdes,"Belo Horizonte, Lourdes",Lourdes,Belo Horizonte,MG
"Lourdes_Belo Horizonte, Lourdes",1314209731.0,Lourdes,"Belo Horizonte, Lourdes",Lourdes,Belo Horizonte,MG
"Lourdes_Belo Horizonte, Lourdes",1314209077.0,Lourdes,"Belo Horizonte, Lourdes",Lourdes,Belo Horizonte,MG
"Lourdes_Belo Horizonte, Lourdes",1314206804.0,Lourdes,"Belo Horizonte, Lourdes",Lourdes,Belo Horizonte,MG
"Lourdes_Belo Horizonte, Lourdes",1314206663.0,Lourdes,"Belo Horizonte, Lourdes",Lourdes,Belo Horizonte,MG
"Lourdes_Belo Horizonte, Lourdes",1314206629.0,Lourdes,"Belo Horizonte, Lourdes",Lourdes,Belo Horizonte,MG
"Lourdes_Belo Horizonte, Lourdes",1314206408.0,Lourdes,"Belo Horizonte, Lourdes",Lourdes,Belo Horizonte,MG
"Centro_Belo Horizonte, Centro",1314203167.0,Centro,"Belo Horizonte, Centro",Centro,Belo Horizonte,MG
"Lourdes_Belo Horizonte, Lourdes",1314173648.0,Lourdes,"Belo Horizonte, Lourdes",Lourdes,Belo Horizonte,MG
"Lourdes_Belo Horizonte, Lourdes",1314169735.0,Lourdes,"Belo Horizonte, Lourdes",Lourdes,Belo Horizonte,MG
"Lourdes_Belo Horizonte, Lourdes",1314123831.0,Lourdes,"Belo Horizonte, Lourdes",Lourdes,Belo Horizonte,MG
"Lourdes_Belo Horizonte, Lourdes",1314120509.0,Lourdes,"Belo Horizonte, Lourdes",Lourdes,Belo Horizonte,MG
"Lourdes_Belo Horizonte, Lourdes",1314069708.0,Lourdes,"Belo Horizonte, Lourdes",Lourdes,Belo Horizonte,MG
"Lourdes_Belo Horizonte, Lourdes",1313816837.0,Lourdes,"Belo Horizonte, Lourdes",Lourdes,Belo Horizonte,MG
"Cidade Jardim_Belo Horizonte, Cidade Jardim",1313814990.0,Cidade Jardim,"Belo Horizonte, Cidade Jardim",Cidade Jardim,Belo Horizonte,MG
"Centro_Belo Horizonte, Centro",1313709115.0,Centro,"Belo Horizonte, Centro",Centro,Belo Horizonte,MG
"Lourdes_Belo Horizonte, Lourdes",1313699776.0,Lourdes,"Belo Horizonte, Lourdes",Lourdes,Belo Horizonte,MG
"Lourdes_Belo Horizonte, Lourdes",1313243024.0,Lourdes,"Belo Horizonte, Lourdes",Lourdes,Belo Horizonte,MG
"Lourdes_Belo Horizonte, Lourdes",1313216709.0,Lourdes,"Belo Horizonte, Lourdes",Lourdes,Belo Horizonte,MG
"Lourdes_Belo Horizonte, Lourdes",1313154735.0,Lourdes,"Belo Horizonte, Lourdes",Lourdes,Belo Horizonte,MG
"Centro_Belo Horizonte, Centro",1313130827.0,Centro,"Belo Horizonte, Centro",Centro,Belo Horizonte,MG
"Lourdes_Belo Horizonte, Lourdes",1313113601.0,Lourdes,"Belo Horizonte, Lourdes",Lourdes,Belo Horizonte,MG
"Lourdes_Belo Horizonte, Lourdes",1313113573.0,Lourdes,"Belo Horizonte, Lourdes",Lourdes,Belo Horizonte,MG
"Lourdes_Belo Horizonte, Lourdes",1313029017.0,Lourdes,"Belo Horizonte, Lourdes",Lourdes,Belo Horizonte,MG
"Lourdes_Belo Horizonte, Lourdes",1312851559.0,Lourdes,"Belo Horizonte, Lourdes",Lourdes,Belo Horizonte,MG
"Lourdes_Belo Horizonte, Lourdes",1312849439.0,Lourdes,"Belo Horizonte, Lourdes",Lourdes,Belo Horizonte,MG
"Lourdes_Belo Horizonte, Lourdes",1312835824.0,Lourdes,"Belo Horizonte, Lourdes",Lourdes,Belo Horizonte,MG
"Lourdes_Belo Horizonte, Lourdes",1312835534.0,Lourdes,"Belo Horizonte, Lourdes",Lourdes,Belo Horizonte,MG
"Lourdes_Belo Horizonte, Lourdes",1312835362.0,Lourdes,"Belo Horizonte, Lourdes",Lourdes,Belo Horizonte,MG
"Lourdes_Belo Horizonte, Lourdes",1312834824.0,Lourdes,"Belo Horizonte, Lourdes",Lourdes,Belo Horizonte,MG
"Lourdes_Belo Horizonte, Lourdes",1312832049.0,Lourdes,"Belo Horizonte, Lourdes",Lourdes,Belo Horizonte,MG
"Lourdes_Belo Horizonte, Lourdes",1312827718.0,Lourdes,"Belo Horizonte, Lourdes",Lourdes,Belo Horizonte,MG
"Lourdes_Belo Horizonte, Lourdes",1312820737.0,Lourdes,"Belo Horizonte, Lourdes",Lourdes,Belo Horizonte,MG
"Lourdes_Belo Horizonte, Lourdes",1312801280.0,Lourdes,"Belo Horizonte, Lourdes",Lourdes,Belo Horizonte,MG
"Lourdes_Belo Horizonte, Lourdes",1312740631.0,Lourdes,"Belo Horizonte, Lourdes",Lourdes,Belo Horizonte,MG
"Lourdes_Belo Horizonte, Lourdes",1312672579.0,Lourdes,"Belo Horizonte, Lourdes",Lourdes,Belo Horizonte,MG
"Lourdes_Belo Horizonte, Lourdes",1312672363.0,Lourdes,"Belo Horizonte, Lourdes",Lourdes,Belo Horizonte,MG
"Lourdes_Belo Horizonte, Lourdes",1312622123.0,Lourdes,"Belo Horizonte, Lourdes",Lourdes,Belo Horizonte,MG
"Centro_Belo Horizonte, Centro",1312577652.0,Centro,"Belo Horizonte, Centro",Centro,Belo Horizonte,MG
"Lourdes_Belo Horizonte, Lourdes",1312569366.0,Lourdes,"Belo Horizonte, Lourdes",Lourdes,Belo Horizonte,MG
"Lourdes_Belo Horizonte, Lourdes",1312567319.0,Lourdes,"Belo Horizonte, Lourdes",Lourdes,Belo Horizonte,MG
"Lourdes_Belo Horizonte, Lourdes",1312559188.0,Lourdes,"Belo Horizonte, Lourdes",Lourdes,Belo Horizonte,MG
"Lourdes_Belo Horizonte, Lourdes",1312558292.0,Lourdes,"Belo Horizonte, Lourdes",Lourdes,Belo Horizonte,MG
"Lourdes_Belo Horizonte, Lourdes",1312531416.0,Lourdes,"Belo Horizonte, Lourdes",Lourdes,Belo Horizonte,MG
"Lourdes_Belo Horizonte, Lourdes",1312454240.0,Lourdes,"Belo Horizonte, Lourdes",Lourdes,Belo Horizonte,MG
"Lourdes_Belo Horizonte, Lourdes",1312444121.0,Lourdes,"Belo Horizonte, Lourdes",Lourdes,Belo Horizonte,MG
"Lourdes_Belo Horizonte, Lourdes",1312255290.0,Lourdes,"Belo Horizonte, Lourdes",Lourdes,Belo Horizonte,MG
"Lourdes_Belo Horizonte, Lourdes",1311949656.0,Lourdes,"Belo Horizonte, Lourdes",Lourdes,Belo Horizonte,MG
"Lourdes_Belo Horizonte, Lourdes",1311933214.0,Lourdes,"Belo Horizonte, Lourdes",Lourdes,Belo Horizonte,MG
"Lourdes_Belo Horizonte, Lourdes",1311926548.0,Lourdes,"Belo Horizonte, Lourdes",Lourdes,Belo Horizonte,MG
"Lourdes_Belo Horizonte, Lourdes",1311916964.0,Lourdes,"Belo Horizonte, Lourdes",Lourdes,Belo Horizonte,MG
"Lourdes_Belo Horizonte, Lourdes",1311877303.0,Lourdes,"Belo Horizonte, Lourdes",Lourdes,Belo Horizonte,MG
"Lourdes_Belo Horizonte, Lourdes",1311410399.0,Lourdes,"Belo Horizonte, Lourdes",Lourdes,Belo Horizonte,MG
"Cidade Jardim_Belo Horizonte, Cidade Jardim",1311404518.0,Cidade Jardim,"Belo Horizonte, Cidade Jardim",Cidade Jardim,Belo Horizonte,MG
"Lourdes_Belo Horizonte, Lourdes",1311285814.0,Lourdes,"Belo Horizonte, Lourdes",Lourdes,Belo Horizonte,MG
"Centro_Belo Horizonte, Centro",1311277863.0,Centro,"Belo Horizonte, Centro",Centro,Belo Horizonte,MG
"Lourdes_Belo Horizonte, Lourdes",1311263118.0,Lourdes,"Belo Horizonte, Lourdes",Lourdes,Belo Horizonte,MG
"Centro_Belo Horizonte, Centro",1311261615.0,Centro,"Belo Horizonte, Centro",Centro,Belo Horizonte,MG
"Lourdes_Belo Horizonte, Lourdes",1311260602.0,Lourdes,"Belo Horizonte, Lourdes",Lourdes,Belo Horizonte,MG
"Lourdes_Belo Horizonte, Lourdes",1311260425.0,Lourdes,"Belo Horizonte, Lourdes",Lourdes,Belo Horizonte,MG
"Lourdes_Belo Horizonte, Lourdes",1311257546.0,Lourdes,"Belo Horizonte, Lourdes",Lourdes,Belo Horizonte,MG
"Centro_Belo Horizonte, Centro",1311257286.0,Centro,"Belo Horizonte, Centro",Centro,Belo Horizonte,MG
"Centro_Belo Horizonte, Centro",1311256928.0,Centro,"Belo Horizonte, Centro",Centro,Belo Horizonte,MG
"Centro_Belo Horizonte, Centro",1311256201.0,Centro,"Belo Horizonte, Centro",Centro,Belo Horizonte,MG
"Lourdes_Belo Horizonte, Lourdes",1311255900.0,Lourdes,"Belo Horizonte, Lourdes",Lourdes,Belo Horizonte,MG
"Lourdes_Belo Horizonte, Lourdes",1311255533.0,Lourdes,"Belo Horizonte, Lourdes",Lourdes,Belo Horizonte,MG
"Lourdes_Belo Horizonte, Lourdes",1311253458.0,Lourdes,"Belo Horizonte, Lourdes",Lourdes,Belo Horizonte,MG
"Lourdes_Belo Horizonte, Lourdes",1311251015.0,Lourdes,"Belo Horizonte, Lourdes",Lourdes,Belo Horizonte,MG
"Lourdes_Belo Horizonte, Lourdes",1311242252.0,Lourdes,"Belo Horizonte, Lourdes",Lourdes,Belo Horizonte,MG
"Lourdes_Belo Horizonte, Lourdes",1311242102.0,Lourdes,"Belo Horizonte, Lourdes",Lourdes,Belo Horizonte,MG
"Lourdes_Belo Horizonte, Lourdes",1311242002.0,Lourdes,"Belo Horizonte, Lourdes",Lourdes,Belo Horizonte,MG
"Lourdes_Belo Horizonte, Lourdes",1311204126.0,Lourdes,"Belo Horizonte, Lourdes",Lourdes,Belo Horizonte,MG
"Lourdes_Belo Horizonte, Lourdes",1311204015.0,Lourdes,"Belo Horizonte, Lourdes",Lourdes,Belo Horizonte,MG
"Lourdes_Belo Horizonte, Lourdes",1311203955.0,Lourdes,"Belo Horizonte, Lourdes",Lourdes,Belo Horizonte,MG
"Lourdes_Belo Horizonte, Lourdes",1311203196.0,Lourdes,"Belo Horizonte, Lourdes",Lourdes,Belo Horizonte,MG
"Lourdes_Belo Horizonte, Lourdes",1311202914.0,Lourdes,"Belo Horizonte, Lourdes",Lourdes,Belo Horizonte,MG
"Lourdes_Belo Horizonte, Lourdes",1311202853.0,Lourdes,"Belo Horizonte, Lourdes",Lourdes,Belo Horizonte,MG
"Lourdes_Belo Horizonte, Lourdes",1311202717.0,Lourdes,"Belo Horizonte, Lourdes",Lourdes,Belo Horizonte,MG
"Lourdes_Belo Horizonte, Lourdes",1311202515.0,Lourdes,"Belo Horizonte, Lourdes",Lourdes,Belo Horizonte,MG
"Lourdes_Belo Horizonte, Lourdes",1311202081.0,Lourdes,"Belo Horizonte, Lourdes",Lourdes,Belo Horizonte,MG
"Lourdes_Belo Horizonte, Lourdes",1311202034.0,Lourdes,"Belo Horizonte, Lourdes",Lourdes,Belo Horizonte,MG
"Lourdes_Belo Horizonte, Lourdes",1311201630.0,Lourdes,"Belo Horizonte, Lourdes",Lourdes,Belo Horizonte,MG
"Lourdes_Belo Horizonte, Lourdes",1311201594.0,Lourdes,"Belo Horizonte, Lourdes",Lourdes,Belo Horizonte,MG
"Lourdes_Belo Horizonte, Lourdes",1311201479.0,Lourdes,"Belo Horizonte, Lourdes",Lourdes,Belo Horizonte,MG
"Lourdes_Belo Horizonte, Lourdes",1311200654.0,Lourdes,"Belo Horizonte, Lourdes",Lourdes,Belo Horizonte,MG
"Lourdes_Belo Horizonte, Lourdes",1311200419.0,Lourdes,"Belo Horizonte, Lourdes",Lourdes,Belo Horizonte,MG
"Lourdes_Belo Horizonte, Lourdes",1311198386.0,Lourdes,"Belo Horizonte, Lourdes",Lourdes,Belo Horizonte,MG
"Lourdes_Belo Horizonte, Lourdes",1311197583.0,Lourdes,"Belo Horizonte, Lourdes",Lourdes,Belo Horizonte,MG
"Lourdes_Belo Horizonte, Lourdes",1311197457.0,Lourdes,"Belo Horizonte, Lourdes",Lourdes,Belo Horizonte,MG
"Lourdes_Belo Horizonte, Lourdes",1311197377.0,Lourdes,"Belo Horizonte, Lourdes",Lourdes,Belo Horizonte,MG
"Lourdes_Belo Horizonte, Lourdes",1311197210.0,Lourdes,"Belo Horizonte, Lourdes",Lourdes,Belo Horizonte,MG
"Lourdes_Belo Horizonte, Lourdes",1311196964.0,Lourdes,"Belo Horizonte, Lourdes",Lourdes,Belo Horizonte,MG
"Centro_Belo Horizonte, Centro",1311196953.0,Centro,"Belo Horizonte, Centro",Centro,Belo Horizonte,MG
"Lourdes_Belo Horizonte, Lourdes",1311196937.0,Lourdes,"Belo Horizonte, Lourdes",Lourdes,Belo Horizonte,MG
"Lourdes_Belo Horizonte, Lourdes",1311176130.0,Lourdes,"Belo Horizonte, Lourdes",Lourdes,Belo Horizonte,MG
"Lourdes_Belo Horizonte, Lourdes",1311170642.0,Lourdes,"Belo Horizonte, Lourdes",Lourdes,Belo Horizonte,MG
"Lourdes_Belo Horizonte, Lourdes",1311154335.0,Lourdes,"Belo Horizonte, Lourdes",Lourdes,Belo Horizonte,MG
"Lourdes_Belo Horizonte, Lourdes",1310992557.0,Lourdes,"Belo Horizonte, Lourdes",Lourdes,Belo Horizonte,MG
"Centro_Belo Horizonte, Centro",1310988605.0,Centro,"Belo Horizonte, Centro",Centro,Belo Horizonte,MG
"Centro_Belo Horizonte, Centro",1310857585.0,Centro,"Belo Horizonte, Centro",Centro,Belo Horizonte,MG
"Centro_Belo Horizonte, Centro",1310727800.0,Centro,"Belo Horizonte, Centro",Centro,Belo Horizonte,MG
"Lourdes_Belo Horizonte, Lourdes",1310716725.0,Lourdes,"Belo Horizonte, Lourdes",Lourdes,Belo Horizonte,MG
"Lourdes_Belo Horizonte, Lourdes",1310709013.0,Lourdes,"Belo Horizonte, Lourdes",Lourdes,Belo Horizonte,MG
"Lourdes_Belo Horizonte, Lourdes",1310704451.0,Lourdes,"Belo Horizonte, Lourdes",Lourdes,Belo Horizonte,MG
"Lourdes_Belo Horizonte, Lourdes",1310700004.0,Lourdes,"Belo Horizonte, Lourdes",Lourdes,Belo Horizonte,MG
"Lourdes_Belo Horizonte, Lourdes",1310699829.0,Lourdes,"Belo Horizonte, Lourdes",Lourdes,Belo Horizonte,MG
"Lourdes_Belo Horizonte, Lourdes",1310698800.0,Lourdes,"Belo Horizonte, Lourdes",Lourdes,Belo Horizonte,MG
"Lourdes_Belo Horizonte, Lourdes",1310697414.0,Lourdes,"Belo Horizonte, Lourdes",Lourdes,Belo Horizonte,MG
"Lourdes_Belo Horizonte, Lourdes",1310697249.0,Lourdes,"Belo Horizonte, Lourdes",Lourdes,Belo Horizonte,MG
"Lourdes_Belo Horizonte, Lourdes",1310671301.0,Lourdes,"Belo Horizonte, Lourdes",Lourdes,Belo Horizonte,MG
"Lourdes_Belo Horizonte, Lourdes",1310653529.0,Lourdes,"Belo Horizonte, Lourdes",Lourdes,Belo Horizonte,MG
"Lourdes_Belo Horizonte, Lourdes",1310637389.0,Lourdes,"Belo Horizonte, Lourdes",Lourdes,Belo Horizonte,MG
"Lourdes_Belo Horizonte, Lourdes",1310549971.0,Lourdes,"Belo Horizonte, Lourdes",Lourdes,Belo Horizonte,MG
"Lourdes_Belo Horizonte, Lourdes",1310549635.0,Lourdes,"Belo Horizonte, Lourdes",Lourdes,Belo Horizonte,MG
"Lourdes_Belo Horizonte, Lourdes",1310514060.0,Lourdes,"Belo Horizonte, Lourdes",Lourdes,Belo Horizonte,MG
"Lourdes_Belo Horizonte, Lourdes",1310391544.0,Lourdes,"Belo Horizonte, Lourdes",Lourdes,Belo Horizonte,MG
"Lourdes_Belo Horizonte, Lourdes",1310388515.0,Lourdes,"Belo Horizonte, Lourdes",Lourdes,Belo Horizonte,MG
"Lourdes_Belo Horizonte, Lourdes",1310369070.0,Lourdes,"Belo Horizonte, Lourdes",Lourdes,Belo Horizonte,MG
"Lourdes_Belo Horizonte, Lourdes",1310344476.0,Lourdes,"Belo Horizonte, Lourdes",Lourdes,Belo Horizonte,MG
"Centro_Belo Horizonte, Centro",1310340835.0,Centro,"Belo Horizonte, Centro",Centro,Belo Horizonte,MG
"Lourdes_Belo Horizonte, Lourdes",1310336794.0,Lourdes,"Belo Horizonte, Lourdes",Lourdes,Belo Horizonte,MG
"Lourdes_Belo Horizonte, Lourdes",1310336702.0,Lourdes,"Belo Horizonte, Lourdes",Lourdes,Belo Horizonte,MG
"Lourdes_Belo Horizonte, Lourdes",1310317131.0,Lourdes,"Belo Horizonte, Lourdes",Lourdes,Belo Horizonte,MG
"Lourdes_Belo Horizonte, Lourdes",1310010218.0,Lourdes,"Belo Horizonte, Lourdes",Lourdes,Belo Horizonte,MG
"Lourdes_Belo Horizonte, Lourdes",1310003941.0,Lourdes,"Belo Horizonte, Lourdes",Lourdes,Belo Horizonte,MG
"Lourdes_Belo Horizonte, Lourdes",1309989468.0,Lourdes,"Belo Horizonte, Lourdes",Lourdes,Belo Horizonte,MG
"Centro_Belo Horizonte, Centro",1309989243.0,Centro,"Belo Horizonte, Centro",Centro,Belo Horizonte,MG
"Lourdes_Belo Horizonte, Lourdes",1309830448.0,Lourdes,"Belo Horizonte, Lourdes",Lourdes,Belo Horizonte,MG
"Lourdes_Belo Horizonte, Lourdes",1309743954.0,Lourdes,"Belo Horizonte, Lourdes",Lourdes,Belo Horizonte,MG
"Lourdes_Belo Horizonte, Lourdes",1309540599.0,Lourdes,"Belo Horizonte, Lourdes",Lourdes,Belo Horizonte,MG
"Lourdes_Belo Horizonte, Lourdes",1309540515.0,Lourdes,"Belo Horizonte, Lourdes",Lourdes,Belo Horizonte,MG
"Lourdes_Belo Horizonte, Lourdes",1309398887.0,Lourdes,"Belo Horizonte, Lourdes",Lourdes,Belo Horizonte,MG
"Lourdes_Belo Horizonte, Lourdes",1309352565.0,Lourdes,"Belo Horizonte, Lourdes",Lourdes,Belo Horizonte,MG
"Lourdes_Belo Horizonte, Lourdes",1309350278.0,Lourdes,"Belo Horizonte, Lourdes",Lourdes,Belo Horizonte,MG
"Lourdes_Belo Horizonte, Lourdes",1309333313.0,Lourdes,"Belo Horizonte, Lourdes",Lourdes,Belo Horizonte,MG
"Lourdes_Belo Horizonte, Lourdes",1308873397.0,Lourdes,"Belo Horizonte, Lourdes",Lourdes,Belo Horizonte,MG
"Lourdes_Belo Horizonte, Lourdes",1308797311.0,Lourdes,"Belo Horizonte, Lourdes",Lourdes,Belo Horizonte,MG
"Lourdes_Belo Horizonte, Lourdes",1308789318.0,Lourdes,"Belo Horizonte, Lourdes",Lourdes,Belo Horizonte,MG
"Lourdes_Belo Horizonte, Lourdes",1308772825.0,Lourdes,"Belo Horizonte, Lourdes",Lourdes,Belo Horizonte,MG
"Lourdes_Belo Horizonte, Lourdes",1308761084.0,Lourdes,"Belo Horizonte, Lourdes",Lourdes,Belo Horizonte,MG
"Lourdes_Belo Horizonte, Lourdes",1308703425.0,Lourdes,"Belo Horizonte, Lourdes",Lourdes,Belo Horizonte,MG
"Lourdes_Belo Horizonte, Lourdes",1308700183.0,Lourdes,"Belo Horizonte, Lourdes",Lourdes,Belo Horizonte,MG
"Lourdes_Belo Horizonte, Lourdes",1308699718.0,Lourdes,"Belo Horizonte, Lourdes",Lourdes,Belo Horizonte,MG
"Lourdes_Belo Horizonte, Lourdes",1308682840.0,Lourdes,"Belo Horizonte, Lourdes",Lourdes,Belo Horizonte,MG
"Cidade Jardim_Belo Horizonte, Cidade Jardim",1308679524.0,Cidade Jardim,"Belo Horizonte, Cidade Jardim",Cidade Jardim,Belo Horizonte,MG
"Lourdes_Belo Horizonte, Lourdes",1308676989.0,Lourdes,"Belo Horizonte, Lourdes",Lourdes,Belo Horizonte,MG
"Centro_Belo Horizonte, Centro",1308616161.0,Centro,"Belo Horizonte, Centro",Centro,Belo Horizonte,MG
"Lourdes_Belo Horizonte, Lourdes",1308605537.0,Lourdes,"Belo Horizonte, Lourdes",Lourdes,Belo Horizonte,MG
"Lourdes_Belo Horizonte, Lourdes",1308496712.0,Lourdes,"Belo Horizonte, Lourdes",Lourdes,Belo Horizonte,MG
"Lourdes_Belo Horizonte, Lourdes",1308488895.0,Lourdes,"Belo Horizonte, Lourdes",Lourdes,Belo Horizonte,MG
"Lourdes_Belo Horizonte, Lourdes",1308419530.0,Lourdes,"Belo Horizonte, Lourdes",Lourdes,Belo Horizonte,MG
"Lourdes_Belo Horizonte, Lourdes",1308046234.0,Lourdes,"Belo Horizonte, Lourdes",Lourdes,Belo Horizonte,MG
"Lourdes_Belo Horizonte, Lourdes",1307749065.0,Lourdes,"Belo Horizonte, Lourdes",Lourdes,Belo Horizonte,MG
"Lourdes_Belo Horizonte, Lourdes",1307709617.0,Lourdes,"Belo Horizonte, Lourdes",Lourdes,Belo Horizonte,MG
"Lourdes_Belo Horizonte, Lourdes",1307709430.0,Lourdes,"Belo Horizonte, Lourdes",Lourdes,Belo Horizonte,MG
"Lourdes_Belo Horizonte, Lourdes",1307709280.0,Lourdes,"Belo Horizonte, Lourdes",Lourdes,Belo Horizonte,MG
"Lourdes_Belo Horizonte, Lourdes",1307708287.0,Lourdes,"Belo Horizonte, Lourdes",Lourdes,Belo Horizonte,MG
"Lourdes_Belo Horizonte, Lourdes",1307707332.0,Lourdes,"Belo Horizonte, Lourdes",Lourdes,Belo Horizonte,MG
"Lourdes_Belo Horizonte, Lourdes",1307493320.0,Lourdes,"Belo Horizonte, Lourdes",Lourdes,Belo Horizonte,MG
"Lourdes_Belo Horizonte, Lourdes",1307426832.0,Lourdes,"Belo Horizonte, Lourdes",Lourdes,Belo Horizonte,MG
"Lourdes_Belo Horizonte, Lourdes",1307373466.0,Lourdes,"Belo Horizonte, Lourdes",Lourdes,Belo Horizonte,MG
"Lourdes_Belo Horizonte, Lourdes",1307267659.0,Lourdes,"Belo Horizonte, Lourdes",Lourdes,Belo Horizonte,MG
"Lourdes_Belo Horizonte, Lourdes",1307246410.0,Lourdes,"Belo Horizonte, Lourdes",Lourdes,Belo Horizonte,MG
"Centro_Belo Horizonte, Centro",1307219993.0,Centro,"Belo Horizonte, Centro",Centro,Belo Horizonte,MG
"Lourdes_Belo Horizonte, Lourdes",1307096568.0,Lourdes,"Belo Horizonte, Lourdes",Lourdes,Belo Horizonte,MG
"Lourdes_Belo Horizonte, Lourdes",1307063019.0,Lourdes,"Belo Horizonte, Lourdes",Lourdes,Belo Horizonte,MG
"Centro_Belo Horizonte, Centro",1306957111.0,Centro,"Belo Horizonte, Centro",Centro,Belo Horizonte,MG
"Centro_Belo Horizonte, Centro",1306957096.0,Centro,"Belo Horizonte, Centro",Centro,Belo Horizonte,MG
"Centro_Belo Horizonte, Centro",1306957081.0,Centro,"Belo Horizonte, Centro",Centro,Belo Horizonte,MG
"Lourdes_Belo Horizonte, Lourdes",1306877619.0,Lourdes,"Belo Horizonte, Lourdes",Lourdes,Belo Horizonte,MG
"Lourdes_Belo Horizonte, Lourdes",1306830303.0,Lourdes,"Belo Horizonte, Lourdes",Lourdes,Belo Horizonte,MG
"Lourdes_Belo Horizonte, Lourdes",1306823343.0,Lourdes,"Belo Horizonte, Lourdes",Lourdes,Belo Horizonte,MG
"Lourdes_Belo Horizonte, Lourdes",1306778818.0,Lourdes,"Belo Horizonte, Lourdes",Lourdes,Belo Horizonte,MG
"Lourdes_Belo Horizonte, Lourdes",1306749371.0,Lourdes,"Belo Horizonte, Lourdes",Lourdes,Belo Horizonte,MG
"Lourdes_Belo Horizonte, Lourdes",1306701942.0,Lourdes,"Belo Horizonte, Lourdes",Lourdes,Belo Horizonte,MG
"Lourdes_Belo Horizonte, Lourdes",1306700482.0,Lourdes,"Belo Horizonte, Lourdes",Lourdes,Belo Horizonte,MG
"Centro_Belo Horizonte, Centro",1306699415.0,Centro,"Belo Horizonte, Centro",Centro,Belo Horizonte,MG
"Lourdes_Belo Horizonte, Lourdes",1308877711.0,Lourdes,"Belo Horizonte, Lourdes",Lourdes,Belo Horizonte,MG
"Lourdes_Belo Horizonte, Lourdes",1306584851.0,Lourdes,"Belo Horizonte, Lourdes",Lourdes,Belo Horizonte,MG
"Lourdes_Belo Horizonte, Lourdes",1306574864.0,Lourdes,"Belo Horizonte, Lourdes",Lourdes,Belo Horizonte,MG
"Centro_Belo Horizonte, Centro",1306574687.0,Centro,"Belo Horizonte, Centro",Centro,Belo Horizonte,MG
"Lourdes_Belo Horizonte, Lourdes",1306573910.0,Lourdes,"Belo Horizonte, Lourdes",Lourdes,Belo Horizonte,MG
"Lourdes_Belo Horizonte, Lourdes",1306552916.0,Lourdes,"Belo Horizonte, Lourdes",Lourdes,Belo Horizonte,MG
"Lourdes_Belo Horizonte, Lourdes",1306332836.0,Lourdes,"Belo Horizonte, Lourdes",Lourdes,Belo Horizonte,MG
"Lourdes_Belo Horizonte, Lourdes",1306332665.0,Lourdes,"Belo Horizonte, Lourdes",Lourdes,Belo Horizonte,MG
"Lourdes_Belo Horizonte, Lourdes",1306292048.0,Lourdes,"Belo Horizonte, Lourdes",Lourdes,Belo Horizonte,MG
"Lourdes_Belo Horizonte, Lourdes",1306256847.0,Lourdes,"Belo Horizonte, Lourdes",Lourdes,Belo Horizonte,MG
"Lourdes_Belo Horizonte, Lourdes",1306256349.0,Lourdes,"Belo Horizonte, Lourdes",Lourdes,Belo Horizonte,MG
"Lourdes_Belo Horizonte, Lourdes",1306252645.0,Lourdes,"Belo Horizonte, Lourdes",Lourdes,Belo Horizonte,MG
"Centro_Belo Horizonte, Centro",1305998088.0,Centro,"Belo Horizonte, Centro",Centro,Belo Horizonte,MG
"Lourdes_Belo Horizonte, Lourdes",1305901677.0,Lourdes,"Belo Horizonte, Lourdes",Lourdes,Belo Horizonte,MG
"Lourdes_Belo Horizonte, Lourdes",1305861925.0,Lourdes,"Belo Horizonte, Lourdes",Lourdes,Belo Horizonte,MG
"Lourdes_Belo Horizonte, Lourdes",1305784070.0,Lourdes,"Belo Horizonte, Lourdes",Lourdes,Belo Horizonte,MG
"Lourdes_Belo Horizonte, Lourdes",1305575216.0,Lourdes,"Belo Horizonte, Lourdes",Lourdes,Belo Horizonte,MG
"Centro_Belo Horizonte, Centro",1305574760.0,Centro,"Belo Horizonte, Centro",Centro,Belo Horizonte,MG
"Centro_Belo Horizonte, Centro",1305574648.0,Centro,"Belo Horizonte, Centro",Centro,Belo Horizonte,MG
"Centro_Belo Horizonte, Centro",1305574643.0,Centro,"Belo Horizonte, Centro",Centro,Belo Horizonte,MG
"Centro_Belo Horizonte, Centro",1305574638.0,Centro,"Belo Horizonte, Centro",Centro,Belo Horizonte,MG
"Centro_Belo Horizonte, Centro",1305574634.0,Centro,"Belo Horizonte, Centro",Centro,Belo Horizonte,MG
"Centro_Belo Horizonte, Centro",1305574626.0,Centro,"Belo Horizonte, Centro",Centro,Belo Horizonte,MG
"Lourdes_Belo Horizonte, Lourdes",1305506657.0,Lourdes,"Belo Horizonte, Lourdes",Lourdes,Belo Horizonte,MG
"Lourdes_Belo Horizonte, Lourdes",1305312338.0,Lourdes,"Belo Horizonte, Lourdes",Lourdes,Belo Horizonte,MG
"Centro_Belo Horizonte, Centro",1305312164.0,Centro,"Belo Horizonte, Centro",Centro,Belo Horizonte,MG
"Centro_Belo Horizonte, Centro",1305312064.0,Centro,"Belo Horizonte, Centro",Centro,Belo Horizonte,MG
"Centro_Belo Horizonte, Centro",1305311955.0,Centro,"Belo Horizonte, Centro",Centro,Belo Horizonte,MG
"Lourdes_Belo Horizonte, Lourdes",1305200065.0,Lourdes,"Belo Horizonte, Lourdes",Lourdes,Belo Horizonte,MG
"Centro_Belo Horizonte, Centro",1305152581.0,Centro,"Belo Horizonte, Centro",Centro,Belo Horizonte,MG
"Centro_Belo Horizonte, Centro",1305152561.0,Centro,"Belo Horizonte, Centro",Centro,Belo Horizonte,MG
"Lourdes_Belo Horizonte, Lourdes",1305152557.0,Lourdes,"Belo Horizonte, Lourdes",Lourdes,Belo Horizonte,MG
"Lourdes_Belo Horizonte, Lourdes",1305152552.0,Lourdes,"Belo Horizonte, Lourdes",Lourdes,Belo Horizonte,MG
"Centro_Belo Horizonte, Centro",1305152543.0,Centro,"Belo Horizonte, Centro",Centro,Belo Horizonte,MG
"Centro_Belo Horizonte, Centro",1305152548.0,Centro,"Belo Horizonte, Centro",Centro,Belo Horizonte,MG
"Centro_Belo Horizonte, Centro",1305152540.0,Centro,"Belo Horizonte, Centro",Centro,Belo Horizonte,MG
"Santo Agostinho_Belo Horizonte, Santo Agostinho",1305152490.0,Santo Agostinho,"Belo Horizonte, Santo Agostinho",Santo Agostinho,Belo Horizonte,MG
"Centro_Belo Horizonte, Centro",1305152496.0,Centro,"Belo Horizonte, Centro",Centro,Belo Horizonte,MG
"Centro_Belo Horizonte, Centro",1305152499.0,Centro,"Belo Horizonte, Centro",Centro,Belo Horizonte,MG
"Centro_Belo Horizonte, Centro",1305152469.0,Centro,"Belo Horizonte, Centro",Centro,Belo Horizonte,MG
"Centro_Belo Horizonte, Centro",1305152471.0,Centro,"Belo Horizonte, Centro",Centro,Belo Horizonte,MG
"Centro_Belo Horizonte, Centro",1305152460.0,Centro,"Belo Horizonte, Centro",Centro,Belo Horizonte,MG
"Centro_Belo Horizonte, Centro",1305152446.0,Centro,"Belo Horizonte, Centro",Centro,Belo Horizonte,MG
"Centro_Belo Horizonte, Centro",1305152451.0,Centro,"Belo Horizonte, Centro",Centro,Belo Horizonte,MG
"Centro_Belo Horizonte, Centro",1305152438.0,Centro,"Belo Horizonte, Centro",Centro,Belo Horizonte,MG
"Centro_Belo Horizonte, Centro",1305152439.0,Centro,"Belo Horizonte, Centro",Centro,Belo Horizonte,MG
"Lourdes_Belo Horizonte, Lourdes",1305152427.0,Lourdes,"Belo Horizonte, Lourdes",Lourdes,Belo Horizonte,MG
"Lourdes_Belo Horizonte, Lourdes",1305152414.0,Lourdes,"Belo Horizonte, Lourdes",Lourdes,Belo Horizonte,MG
"Centro_Belo Horizonte, Centro",1305152418.0,Centro,"Belo Horizonte, Centro",Centro,Belo Horizonte,MG
"Centro_Belo Horizonte, Centro",1305152402.0,Centro,"Belo Horizonte, Centro",Centro,Belo Horizonte,MG
"Centro_Belo Horizonte, Centro",1305152405.0,Centro,"Belo Horizonte, Centro",Centro,Belo Horizonte,MG
"Centro_Belo Horizonte, Centro",1305152393.0,Centro,"Belo Horizonte, Centro",Centro,Belo Horizonte,MG
"Lourdes_Belo Horizonte, Lourdes",1305048122.0,Lourdes,"Belo Horizonte, Lourdes",Lourdes,Belo Horizonte,MG
"Lourdes_Belo Horizonte, Lourdes",1305048026.0,Lourdes,"Belo Horizonte, Lourdes",Lourdes,Belo Horizonte,MG
"Lourdes_Belo Horizonte, Lourdes",1305047995.0,Lourdes,"Belo Horizonte, Lourdes",Lourdes,Belo Horizonte,MG
"Lourdes_Belo Horizonte, Lourdes",1305022747.0,Lourdes,"Belo Horizonte, Lourdes",Lourdes,Belo Horizonte,MG
"Lourdes_Belo Horizonte, Lourdes",1305021248.0,Lourdes,"Belo Horizonte, Lourdes",Lourdes,Belo Horizonte,MG
"Lourdes_Belo Horizonte, Lourdes",1305021225.0,Lourdes,"Belo Horizonte, Lourdes",Lourdes,Belo Horizonte,MG
"Lourdes_Belo Horizonte, Lourdes",1305006430.0,Lourdes,"Belo Horizonte, Lourdes",Lourdes,Belo Horizonte,MG
"Centro_Belo Horizonte, Centro",1304993394.0,Centro,"Belo Horizonte, Centro",Centro,Belo Horizonte,MG
"Centro_Belo Horizonte, Centro",1304993300.0,Centro,"Belo Horizonte, Centro",Centro,Belo Horizonte,MG
"Lourdes_Belo Horizonte, Lourdes",1304993255.0,Lourdes,"Belo Horizonte, Lourdes",Lourdes,Belo Horizonte,MG
"Lourdes_Belo Horizonte, Lourdes",1304993268.0,Lourdes,"Belo Horizonte, Lourdes",Lourdes,Belo Horizonte,MG
"Centro_Belo Horizonte, Centro",1304993244.0,Centro,"Belo Horizonte, Centro",Centro,Belo Horizonte,MG
"Lourdes_Belo Horizonte, Lourdes",1304993164.0,Lourdes,"Belo Horizonte, Lourdes",Lourdes,Belo Horizonte,MG
"Lourdes_Belo Horizonte, Lourdes",1304993122.0,Lourdes,"Belo Horizonte, Lourdes",Lourdes,Belo Horizonte,MG
"Centro_Belo Horizonte, Centro",1304993029.0,Centro,"Belo Horizonte, Centro",Centro,Belo Horizonte,MG
"Lourdes_Belo Horizonte, Lourdes",1304915827.0,Lourdes,"Belo Horizonte, Lourdes",Lourdes,Belo Horizonte,MG
"Lourdes_Belo Horizonte, Lourdes",1304877171.0,Lourdes,"Belo Horizonte, Lourdes",Lourdes,Belo Horizonte,MG
"Lourdes_Belo Horizonte, Lourdes",1304702570.0,Lourdes,"Belo Horizonte, Lourdes",Lourdes,Belo Horizonte,MG
"Centro_Belo Horizonte, Centro",1304696960.0,Centro,"Belo Horizonte, Centro",Centro,Belo Horizonte,MG
"Lourdes_Belo Horizonte, Lourdes",1304685935.0,Lourdes,"Belo Horizonte, Lourdes",Lourdes,Belo Horizonte,MG
"Lourdes_Belo Horizonte, Lourdes",1304647644.0,Lourdes,"Belo Horizonte, Lourdes",Lourdes,Belo Horizonte,MG
"Lourdes_Belo Horizonte, Lourdes",1304508477.0,Lourdes,"Belo Horizonte, Lourdes",Lourdes,Belo Horizonte,MG
"Lourdes_Belo Horizonte, Lourdes",1304508356.0,Lourdes,"Belo Horizonte, Lourdes",Lourdes,Belo Horizonte,MG
"Lourdes_Belo Horizonte, Lourdes",1304487854.0,Lourdes,"Belo Horizonte, Lourdes",Lourdes,Belo Horizonte,MG
"Lourdes_Belo Horizonte, Lourdes",1304431307.0,Lourdes,"Belo Horizonte, Lourdes",Lourdes,Belo Horizonte,MG
"Centro_Belo Horizonte, Centro",1304347619.0,Centro,"Belo Horizonte, Centro",Centro,Belo Horizonte,MG
"Centro_Belo Horizonte, Centro",1304343033.0,Centro,"Belo Horizonte, Centro",Centro,Belo Horizonte,MG
"Centro_Belo Horizonte, Centro",1304342808.0,Centro,"Belo Horizonte, Centro",Centro,Belo Horizonte,MG
"Centro_Belo Horizonte, Centro",1304339595.0,Centro,"Belo Horizonte, Centro",Centro,Belo Horizonte,MG
"Centro_Belo Horizonte, Centro",1304334589.0,Centro,"Belo Horizonte, Centro",Centro,Belo Horizonte,MG
"Centro_Belo Horizonte, Centro",1304324916.0,Centro,"Belo Horizonte, Centro",Centro,Belo Horizonte,MG
"Lourdes_Belo Horizonte, Lourdes",1304285551.0,Lourdes,"Belo Horizonte, Lourdes",Lourdes,Belo Horizonte,MG
"Lourdes_Belo Horizonte, Lourdes",1304276425.0,Lourdes,"Belo Horizonte, Lourdes",Lourdes,Belo Horizonte,MG
"Lourdes_Belo Horizonte, Lourdes",1304270970.0,Lourdes,"Belo Horizonte, Lourdes",Lourdes,Belo Horizonte,MG
"Lourdes_Belo Horizonte, Lourdes",1304141812.0,Lourdes,"Belo Horizonte, Lourdes",Lourdes,Belo Horizonte,MG
"Lourdes_Belo Horizonte, Lourdes",1303975962.0,Lourdes,"Belo Horizonte, Lourdes",Lourdes,Belo Horizonte,MG
"Lourdes_Belo Horizonte, Lourdes",1303959882.0,Lourdes,"Belo Horizonte, Lourdes",Lourdes,Belo Horizonte,MG
"Lourdes_Belo Horizonte, Lourdes",1303958622.0,Lourdes,"Belo Horizonte, Lourdes",Lourdes,Belo Horizonte,MG
"Lourdes_Belo Horizonte, Lourdes",1303953771.0,Lourdes,"Belo Horizonte, Lourdes",Lourdes,Belo Horizonte,MG
"Centro_Belo Horizonte, Centro",1303787511.0,Centro,"Belo Horizonte, Centro",Centro,Belo Horizonte,MG
"Lourdes_Belo Horizonte, Lourdes",1303686628.0,Lourdes,"Belo Horizonte, Lourdes",Lourdes,Belo Horizonte,MG
"Lourdes_Belo Horizonte, Lourdes",1303537683.0,Lourdes,"Belo Horizonte, Lourdes",Lourdes,Belo Horizonte,MG
"Lourdes_Belo Horizonte, Lourdes",1303421892.0,Lourdes,"Belo Horizonte, Lourdes",Lourdes,Belo Horizonte,MG
"Centro_Belo Horizonte, Centro",1303333488.0,Centro,"Belo Horizonte, Centro",Centro,Belo Horizonte,MG
"Lourdes_Belo Horizonte, Lourdes",1303269543.0,Lourdes,"Belo Horizonte, Lourdes",Lourdes,Belo Horizonte,MG
"Centro_Belo Horizonte, Centro",1303262587.0,Centro,"Belo Horizonte, Centro",Centro,Belo Horizonte,MG
"Centro_Belo Horizonte, Centro",1303262418.0,Centro,"Belo Horizonte, Centro",Centro,Belo Horizonte,MG
"Lourdes_Belo Horizonte, Lourdes",1303189516.0,Lourdes,"Belo Horizonte, Lourdes",Lourdes,Belo Horizonte,MG
"Santo Agostinho_Belo Horizonte, Santo Agostinho",1303164890.0,Santo Agostinho,"Belo Horizonte, Santo Agostinho",Santo Agostinho,Belo Horizonte,MG
"Lourdes_Belo Horizonte, Lourdes",1303108391.0,Lourdes,"Belo Horizonte, Lourdes",Lourdes,Belo Horizonte,MG
"Lourdes_Belo Horizonte, Lourdes",1302909251.0,Lourdes,"Belo Horizonte, Lourdes",Lourdes,Belo Horizonte,MG
"Lourdes_Belo Horizonte, Lourdes",1302906411.0,Lourdes,"Belo Horizonte, Lourdes",Lourdes,Belo Horizonte,MG
"Lourdes_Belo Horizonte, Lourdes",1302895299.0,Lourdes,"Belo Horizonte, Lourdes",Lourdes,Belo Horizonte,MG
"Santo Antônio_Belo Horizonte, Santo Antônio",1302885560.0,Santo Antônio,"Belo Horizonte, Santo Antônio",Santo Antônio,Belo Horizonte,MG
"Lourdes_Belo Horizonte, Lourdes",1302698698.0,Lourdes,"Belo Horizonte, Lourdes",Lourdes,Belo Horizonte,MG
"Lourdes_Belo Horizonte, Lourdes",1302672247.0,Lourdes,"Belo Horizonte, Lourdes",Lourdes,Belo Horizonte,MG
"Lourdes_Belo Horizonte, Lourdes",1302650462.0,Lourdes,"Belo Horizonte, Lourdes",Lourdes,Belo Horizonte,MG
"Lourdes_Belo Horizonte, Lourdes",1302635526.0,Lourdes,"Belo Horizonte, Lourdes",Lourdes,Belo Horizonte,MG
"Lourdes_Belo Horizonte, Lourdes",1302602298.0,Lourdes,"Belo Horizonte, Lourdes",Lourdes,Belo Horizonte,MG
"Lourdes_Belo Horizonte, Lourdes",1302597727.0,Lourdes,"Belo Horizonte, Lourdes",Lourdes,Belo Horizonte,MG
"Lourdes_Belo Horizonte, Lourdes",1302597632.0,Lourdes,"Belo Horizonte, Lourdes",Lourdes,Belo Horizonte,MG
"Lourdes_Belo Horizonte, Lourdes",1302596860.0,Lourdes,"Belo Horizonte, Lourdes",Lourdes,Belo Horizonte,MG
"Centro_Belo Horizonte, Centro",1302593464.0,Centro,"Belo Horizonte, Centro",Centro,Belo Horizonte,MG
"Lourdes_Belo Horizonte, Lourdes",1302589084.0,Lourdes,"Belo Horizonte, Lourdes",Lourdes,Belo Horizonte,MG
"Lourdes_Belo Horizonte, Lourdes",1302588431.0,Lourdes,"Belo Horizonte, Lourdes",Lourdes,Belo Horizonte,MG
"Lourdes_Belo Horizonte, Lourdes",1302587484.0,Lourdes,"Belo Horizonte, Lourdes",Lourdes,Belo Horizonte,MG
"Lourdes_Belo Horizonte, Lourdes",1302587116.0,Lourdes,"Belo Horizonte, Lourdes",Lourdes,Belo Horizonte,MG
"Lourdes_Belo Horizonte, Lourdes",1302587060.0,Lourdes,"Belo Horizonte, Lourdes",Lourdes,Belo Horizonte,MG
"Lourdes_Belo Horizonte, Lourdes",1302586817.0,Lourdes,"Belo Horizonte, Lourdes",Lourdes,Belo Horizonte,MG
"Lourdes_Belo Horizonte, Lourdes",1302586735.0,Lourdes,"Belo Horizonte, Lourdes",Lourdes,Belo Horizonte,MG
"Lourdes_Belo Horizonte, Lourdes",1302586612.0,Lourdes,"Belo Horizonte, Lourdes",Lourdes,Belo Horizonte,MG
"Lourdes_Belo Horizonte, Lourdes",1302585948.0,Lourdes,"Belo Horizonte, Lourdes",Lourdes,Belo Horizonte,MG
"Lourdes_Belo Horizonte, Lourdes",1302580149.0,Lourdes,"Belo Horizonte, Lourdes",Lourdes,Belo Horizonte,MG
"Lourdes_Belo Horizonte, Lourdes",1302347901.0,Lourdes,"Belo Horizonte, Lourdes",Lourdes,Belo Horizonte,MG
"Lourdes_Belo Horizonte, Lourdes",1302347323.0,Lourdes,"Belo Horizonte, Lourdes",Lourdes,Belo Horizonte,MG
"Lourdes_Belo Horizonte, Lourdes",1302273850.0,Lourdes,"Belo Horizonte, Lourdes",Lourdes,Belo Horizonte,MG
"Centro_Belo Horizonte, Centro",1302260621.0,Centro,"Belo Horizonte, Centro",Centro,Belo Horizonte,MG
"Lourdes_Belo Horizonte, Lourdes",1302257880.0,Lourdes,"Belo Horizonte, Lourdes",Lourdes,Belo Horizonte,MG
"Lourdes_Belo Horizonte, Lourdes",1302245307.0,Lourdes,"Belo Horizonte, Lourdes",Lourdes,Belo Horizonte,MG
"Lourdes_Belo Horizonte, Lourdes",1302245073.0,Lourdes,"Belo Horizonte, Lourdes",Lourdes,Belo Horizonte,MG
"Lourdes_Belo Horizonte, Lourdes",1302151955.0,Lourdes,"Belo Horizonte, Lourdes",Lourdes,Belo Horizonte,MG
"Lourdes_Belo Horizonte, Lourdes",1301614980.0,Lourdes,"Belo Horizonte, Lourdes",Lourdes,Belo Horizonte,MG
"Centro_Belo Horizonte, Centro",1301588977.0,Centro,"Belo Horizonte, Centro",Centro,Belo Horizonte,MG
"Centro_Belo Horizonte, Centro",1301583896.0,Centro,"Belo Horizonte, Centro",Centro,Belo Horizonte,MG
"Lourdes_Belo Horizonte, Lourdes",1301583247.0,Lourdes,"Belo Horizonte, Lourdes",Lourdes,Belo Horizonte,MG
"Lourdes_Belo Horizonte, Lourdes",1301583011.0,Lourdes,"Belo Horizonte, Lourdes",Lourdes,Belo Horizonte,MG
"Centro_Belo Horizonte, Centro",1301582029.0,Centro,"Belo Horizonte, Centro",Centro,Belo Horizonte,MG
"Lourdes_Belo Horizonte, Lourdes",1301579900.0,Lourdes,"Belo Horizonte, Lourdes",Lourdes,Belo Horizonte,MG
"Lourdes_Belo Horizonte, Lourdes",1301529756.0,Lourdes,"Belo Horizonte, Lourdes",Lourdes,Belo Horizonte,MG
"Lourdes_Belo Horizonte, Lourdes",1301373936.0,Lourdes,"Belo Horizonte, Lourdes",Lourdes,Belo Horizonte,MG
"Centro_Belo Horizonte, Centro",1301362947.0,Centro,"Belo Horizonte, Centro",Centro,Belo Horizonte,MG
"Lourdes_Belo Horizonte, Lourdes",1301362476.0,Lourdes,"Belo Horizonte, Lourdes",Lourdes,Belo Horizonte,MG
"Lourdes_Belo Horizonte, Lourdes",1301358529.0,Lourdes,"Belo Horizonte, Lourdes",Lourdes,Belo Horizonte,MG
"Centro_Belo Horizonte, Centro",1301357252.0,Centro,"Belo Horizonte, Centro",Centro,Belo Horizonte,MG
"Centro_Belo Horizonte, Centro",1301357062.0,Centro,"Belo Horizonte, Centro",Centro,Belo Horizonte,MG
"Centro_Belo Horizonte, Centro",1301357056.0,Centro,"Belo Horizonte, Centro",Centro,Belo Horizonte,MG
"Lourdes_Belo Horizonte, Lourdes",1301332654.0,Lourdes,"Belo Horizonte, Lourdes",Lourdes,Belo Horizonte,MG
"Lourdes_Belo Horizonte, Lourdes",1301325301.0,Lourdes,"Belo Horizonte, Lourdes",Lourdes,Belo Horizonte,MG
"Lourdes_Belo Horizonte, Lourdes",1301319167.0,Lourdes,"Belo Horizonte, Lourdes",Lourdes,Belo Horizonte,MG
"Centro_Belo Horizonte, Centro",1301100174.0,Centro,"Belo Horizonte, Centro",Centro,Belo Horizonte,MG
"Centro_Belo Horizonte, Centro",1301100170.0,Centro,"Belo Horizonte, Centro",Centro,Belo Horizonte,MG
"Cidade Jardim_Belo Horizonte, Cidade Jardim",1300946024.0,Cidade Jardim,"Belo Horizonte, Cidade Jardim",Cidade Jardim,Belo Horizonte,MG
"Lourdes_Belo Horizonte, Lourdes",1300872223.0,Lourdes,"Belo Horizonte, Lourdes",Lourdes,Belo Horizonte,MG
"Centro_Belo Horizonte, Centro",1300773223.0,Centro,"Belo Horizonte, Centro",Centro,Belo Horizonte,MG
"Lourdes_Belo Horizonte, Lourdes",1300742115.0,Lourdes,"Belo Horizonte, Lourdes",Lourdes,Belo Horizonte,MG
"Lourdes_Belo Horizonte, Lourdes",1300741710.0,Lourdes,"Belo Horizonte, Lourdes",Lourdes,Belo Horizonte,MG
"Lourdes_Belo Horizonte, Lourdes",1300640269.0,Lourdes,"Belo Horizonte, Lourdes",Lourdes,Belo Horizonte,MG
"Lourdes_Belo Horizonte, Lourdes",1300602267.0,Lourdes,"Belo Horizonte, Lourdes",Lourdes,Belo Horizonte,MG
"Lourdes_Belo Horizonte, Lourdes",1300579052.0,Lourdes,"Belo Horizonte, Lourdes",Lourdes,Belo Horizonte,MG
"Lourdes_Belo Horizonte, Lourdes",1300560974.0,Lourdes,"Belo Horizonte, Lourdes",Lourdes,Belo Horizonte,MG
"Centro_Belo Horizonte, Centro",1300555221.0,Centro,"Belo Horizonte, Centro",Centro,Belo Horizonte,MG
"Lourdes_Belo Horizonte, Lourdes",1300540865.0,Lourdes,"Belo Horizonte, Lourdes",Lourdes,Belo Horizonte,MG
"Lourdes_Belo Horizonte, Lourdes",1300523542.0,Lourdes,"Belo Horizonte, Lourdes",Lourdes,Belo Horizonte,MG
"Lourdes_Belo Horizonte, Lourdes",1300503272.0,Lourdes,"Belo Horizonte, Lourdes",Lourdes,Belo Horizonte,MG
"Lourdes_Belo Horizonte, Lourdes",1300498574.0,Lourdes,"Belo Horizonte, Lourdes",Lourdes,Belo Horizonte,MG
"Lourdes_Belo Horizonte, Lourdes",1300486818.0,Lourdes,"Belo Horizonte, Lourdes",Lourdes,Belo Horizonte,MG
"Lourdes_Belo Horizonte, Lourdes",1300480644.0,Lourdes,"Belo Horizonte, Lourdes",Lourdes,Belo Horizonte,MG
"Lourdes_Belo Horizonte, Lourdes",1300453505.0,Lourdes,"Belo Horizonte, Lourdes",Lourdes,Belo Horizonte,MG
"Lourdes_Belo Horizonte, Lourdes",1300453461.0,Lourdes,"Belo Horizonte, Lourdes",Lourdes,Belo Horizonte,MG
"Lourdes_Belo Horizonte, Lourdes",1300361972.0,Lourdes,"Belo Horizonte, Lourdes",Lourdes,Belo Horizonte,MG
"Lourdes_Belo Horizonte, Lourdes",1299961398.0,Lourdes,"Belo Horizonte, Lourdes",Lourdes,Belo Horizonte,MG
"Lourdes_Belo Horizonte, Lourdes",1299899065.0,Lourdes,"Belo Horizonte, Lourdes",Lourdes,Belo Horizonte,MG
"Lourdes_Belo Horizonte, Lourdes",1299756278.0,Lourdes,"Belo Horizonte, Lourdes",Lourdes,Belo Horizonte,MG
"Lourdes_Belo Horizonte, Lourdes",1299684297.0,Lourdes,"Belo Horizonte, Lourdes",Lourdes,Belo Horizonte,MG
"Lourdes_Belo Horizonte, Lourdes",1299651179.0,Lourdes,"Belo Horizonte, Lourdes",Lourdes,Belo Horizonte,MG
"Lourdes_Belo Horizonte, Lourdes",1299649247.0,Lourdes,"Belo Horizonte, Lourdes",Lourdes,Belo Horizonte,MG
"Lourdes_Belo Horizonte, Lourdes",1299649045.0,Lourdes,"Belo Horizonte, Lourdes",Lourdes,Belo Horizonte,MG
"Lourdes_Belo Horizonte, Lourdes",1299649040.0,Lourdes,"Belo Horizonte, Lourdes",Lourdes,Belo Horizonte,MG
"Lourdes_Belo Horizonte, Lourdes",1299648821.0,Lourdes,"Belo Horizonte, Lourdes",Lourdes,Belo Horizonte,MG
"Lourdes_Belo Horizonte, Lourdes",1299648737.0,Lourdes,"Belo Horizonte, Lourdes",Lourdes,Belo Horizonte,MG
"Lourdes_Belo Horizonte, Lourdes",1299648730.0,Lourdes,"Belo Horizonte, Lourdes",Lourdes,Belo Horizonte,MG
"Lourdes_Belo Horizonte, Lourdes",1299648703.0,Lourdes,"Belo Horizonte, Lourdes",Lourdes,Belo Horizonte,MG
"Lourdes_Belo Horizonte, Lourdes",1299648643.0,Lourdes,"Belo Horizonte, Lourdes",Lourdes,Belo Horizonte,MG
"Lourdes_Belo Horizonte, Lourdes",1299648478.0,Lourdes,"Belo Horizonte, Lourdes",Lourdes,Belo Horizonte,MG
"Lourdes_Belo Horizonte, Lourdes",1299648381.0,Lourdes,"Belo Horizonte, Lourdes",Lourdes,Belo Horizonte,MG
"Lourdes_Belo Horizonte, Lourdes",1299648340.0,Lourdes,"Belo Horizonte, Lourdes",Lourdes,Belo Horizonte,MG
"Lourdes_Belo Horizonte, Lourdes",1299648322.0,Lourdes,"Belo Horizonte, Lourdes",Lourdes,Belo Horizonte,MG
"Lourdes_Belo Horizonte, Lourdes",1299614788.0,Lourdes,"Belo Horizonte, Lourdes",Lourdes,Belo Horizonte,MG
"Lourdes_Belo Horizonte, Lourdes",1299606878.0,Lourdes,"Belo Horizonte, Lourdes",Lourdes,Belo Horizonte,MG
"Cidade Jardim_Belo Horizonte, Cidade Jardim",1299554463.0,Cidade Jardim,"Belo Horizonte, Cidade Jardim",Cidade Jardim,Belo Horizonte,MG
"Lourdes_Belo Horizonte, Lourdes",1299521829.0,Lourdes,"Belo Horizonte, Lourdes",Lourdes,Belo Horizonte,MG
"Lourdes_Belo Horizonte, Lourdes",1299422280.0,Lourdes,"Belo Horizonte, Lourdes",Lourdes,Belo Horizonte,MG
"Lourdes_Belo Horizonte, Lourdes",1299307963.0,Lourdes,"Belo Horizonte, Lourdes",Lourdes,Belo Horizonte,MG
"Lourdes_Belo Horizonte, Lourdes",1299307183.0,Lourdes,"Belo Horizonte, Lourdes",Lourdes,Belo Horizonte,MG
"Lourdes_Belo Horizonte, Lourdes",1299300738.0,Lourdes,"Belo Horizonte, Lourdes",Lourdes,Belo Horizonte,MG
"Lourdes_Belo Horizonte, Lourdes",1299300356.0,Lourdes,"Belo Horizonte, Lourdes",Lourdes,Belo Horizonte,MG
"Centro_Belo Horizonte, Centro",1299283385.0,Centro,"Belo Horizonte, Centro",Centro,Belo Horizonte,MG
"Centro_Belo Horizonte, Centro",1299283370.0,Centro,"Belo Horizonte, Centro",Centro,Belo Horizonte,MG
"Centro_Belo Horizonte, Centro",1299283242.0,Centro,"Belo Horizonte, Centro",Centro,Belo Horizonte,MG
"Centro_Belo Horizonte, Centro",1299283182.0,Centro,"Belo Horizonte, Centro",Centro,Belo Horizonte,MG
"Lourdes_Belo Horizonte, Lourdes",1299273865.0,Lourdes,"Belo Horizonte, Lourdes",Lourdes,Belo Horizonte,MG
"Lourdes_Belo Horizonte, Lourdes",1299272319.0,Lourdes,"Belo Horizonte, Lourdes",Lourdes,Belo Horizonte,MG
"Lourdes_Belo Horizonte, Lourdes",1299270157.0,Lourdes,"Belo Horizonte, Lourdes",Lourdes,Belo Horizonte,MG
"Lourdes_Belo Horizonte, Lourdes",1299257969.0,Lourdes,"Belo Horizonte, Lourdes",Lourdes,Belo Horizonte,MG
"Lourdes_Belo Horizonte, Lourdes",1299252646.0,Lourdes,"Belo Horizonte, Lourdes",Lourdes,Belo Horizonte,MG
"Lourdes_Belo Horizonte, Lourdes",1299209769.0,Lourdes,"Belo Horizonte, Lourdes",Lourdes,Belo Horizonte,MG
"Lourdes_Belo Horizonte, Lourdes",1299209499.0,Lourdes,"Belo Horizonte, Lourdes",Lourdes,Belo Horizonte,MG
"Lourdes_Belo Horizonte, Lourdes",1299191241.0,Lourdes,"Belo Horizonte, Lourdes",Lourdes,Belo Horizonte,MG
"Lourdes_Belo Horizonte, Lourdes",1299189204.0,Lourdes,"Belo Horizonte, Lourdes",Lourdes,Belo Horizonte,MG
"Lourdes_Belo Horizonte, Lourdes",1299169665.0,Lourdes,"Belo Horizonte, Lourdes",Lourdes,Belo Horizonte,MG
"Lourdes_Belo Horizonte, Lourdes",1299149341.0,Lourdes,"Belo Horizonte, Lourdes",Lourdes,Belo Horizonte,MG
"Lourdes_Belo Horizonte, Lourdes",1299029555.0,Lourdes,"Belo Horizonte, Lourdes",Lourdes,Belo Horizonte,MG
"Lourdes_Belo Horizonte, Lourdes",1299021749.0,Lourdes,"Belo Horizonte, Lourdes",Lourdes,Belo Horizonte,MG
"Lourdes_Belo Horizonte, Lourdes",1298959803.0,Lourdes,"Belo Horizonte, Lourdes",Lourdes,Belo Horizonte,MG
"Lourdes_Belo Horizonte, Lourdes",1298957607.0,Lourdes,"Belo Horizonte, Lourdes",Lourdes,Belo Horizonte,MG
"Centro_Belo Horizonte, Centro",1298943216.0,Centro,"Belo Horizonte, Centro",Centro,Belo Horizonte,MG
"Lourdes_Belo Horizonte, Lourdes",1298939747.0,Lourdes,"Belo Horizonte, Lourdes",Lourdes,Belo Horizonte,MG
"Lourdes_Belo Horizonte, Lourdes",1298939573.0,Lourdes,"Belo Horizonte, Lourdes",Lourdes,Belo Horizonte,MG
"Lourdes_Belo Horizonte, Lourdes",1298938759.0,Lourdes,"Belo Horizonte, Lourdes",Lourdes,Belo Horizonte,MG
"Lourdes_Belo Horizonte, Lourdes",1298938431.0,Lourdes,"Belo Horizonte, Lourdes",Lourdes,Belo Horizonte,MG
"Lourdes_Belo Horizonte, Lourdes",1298923380.0,Lourdes,"Belo Horizonte, Lourdes",Lourdes,Belo Horizonte,MG
"Lourdes_Belo Horizonte, Lourdes",1298912279.0,Lourdes,"Belo Horizonte, Lourdes",Lourdes,Belo Horizonte,MG
"Lourdes_Belo Horizonte, Lourdes",1298854545.0,Lourdes,"Belo Horizonte, Lourdes",Lourdes,Belo Horizonte,MG
"Lourdes_Belo Horizonte, Lourdes",1298849200.0,Lourdes,"Belo Horizonte, Lourdes",Lourdes,Belo Horizonte,MG
"Lourdes_Belo Horizonte, Lourdes",1298849009.0,Lourdes,"Belo Horizonte, Lourdes",Lourdes,Belo Horizonte,MG
"Lourdes_Belo Horizonte, Lourdes",1298848969.0,Lourdes,"Belo Horizonte, Lourdes",Lourdes,Belo Horizonte,MG
"Lourdes_Belo Horizonte, Lourdes",1298837481.0,Lourdes,"Belo Horizonte, Lourdes",Lourdes,Belo Horizonte,MG
"Lourdes_Belo Horizonte, Lourdes",1298834584.0,Lourdes,"Belo Horizonte, Lourdes",Lourdes,Belo Horizonte,MG
"Lourdes_Belo Horizonte, Lourdes",1298834347.0,Lourdes,"Belo Horizonte, Lourdes",Lourdes,Belo Horizonte,MG
"Lourdes_Belo Horizonte, Lourdes",1298828316.0,Lourdes,"Belo Horizonte, Lourdes",Lourdes,Belo Horizonte,MG
"Lourdes_Belo Horizonte, Lourdes",1298824946.0,Lourdes,"Belo Horizonte, Lourdes",Lourdes,Belo Horizonte,MG
"Lourdes_Belo Horizonte, Lourdes",1298812551.0,Lourdes,"Belo Horizonte, Lourdes",Lourdes,Belo Horizonte,MG
"Lourdes_Belo Horizonte, Lourdes",1298808245.0,Lourdes,"Belo Horizonte, Lourdes",Lourdes,Belo Horizonte,MG
"Lourdes_Belo Horizonte, Lourdes",1298803455.0,Lourdes,"Belo Horizonte, Lourdes",Lourdes,Belo Horizonte,MG
"Lourdes_Belo Horizonte, Lourdes",1298771569.0,Lourdes,"Belo Horizonte, Lourdes",Lourdes,Belo Horizonte,MG
"Lourdes_Belo Horizonte, Lourdes",1298770751.0,Lourdes,"Belo Horizonte, Lourdes",Lourdes,Belo Horizonte,MG
"Lourdes_Belo Horizonte, Lourdes",1298646793.0,Lourdes,"Belo Horizonte, Lourdes",Lourdes,Belo Horizonte,MG
"Lourdes_Belo Horizonte, Lourdes",1298641452.0,Lourdes,"Belo Horizonte, Lourdes",Lourdes,Belo Horizonte,MG
"Lourdes_Belo Horizonte, Lourdes",1298639774.0,Lourdes,"Belo Horizonte, Lourdes",Lourdes,Belo Horizonte,MG
"Lourdes_Belo Horizonte, Lourdes",1298639395.0,Lourdes,"Belo Horizonte, Lourdes",Lourdes,Belo Horizonte,MG
"Lourdes_Belo Horizonte, Lourdes",1298485519.0,Lourdes,"Belo Horizonte, Lourdes",Lourdes,Belo Horizonte,MG
"Centro_Belo Horizonte, Centro",1298445870.0,Centro,"Belo Horizonte, Centro",Centro,Belo Horizonte,MG
"Centro_Belo Horizonte, Centro",1298445835.0,Centro,"Belo Horizonte, Centro",Centro,Belo Horizonte,MG
"Lourdes_Belo Horizonte, Lourdes",1298050392.0,Lourdes,"Belo Horizonte, Lourdes",Lourdes,Belo Horizonte,MG
"Centro_Belo Horizonte, Centro",1297990051.0,Centro,"Belo Horizonte, Centro",Centro,Belo Horizonte,MG
"Centro_Belo Horizonte, Centro",1297990039.0,Centro,"Belo Horizonte, Centro",Centro,Belo Horizonte,MG
"Lourdes_Belo Horizonte, Lourdes",1297962135.0,Lourdes,"Belo Horizonte, Lourdes",Lourdes,Belo Horizonte,MG
"Lourdes_Belo Horizonte, Lourdes",1297951368.0,Lourdes,"Belo Horizonte, Lourdes",Lourdes,Belo Horizonte,MG
"Lourdes_Belo Horizonte, Lourdes",1297930410.0,Lourdes,"Belo Horizonte, Lourdes",Lourdes,Belo Horizonte,MG
"Lourdes_Belo Horizonte, Lourdes",1297711726.0,Lourdes,"Belo Horizonte, Lourdes",Lourdes,Belo Horizonte,MG
"Lourdes_Belo Horizonte, Lourdes",1297688761.0,Lourdes,"Belo Horizonte, Lourdes",Lourdes,Belo Horizonte,MG
"Lourdes_Belo Horizonte, Lourdes",1297677960.0,Lourdes,"Belo Horizonte, Lourdes",Lourdes,Belo Horizonte,MG
"Lourdes_Belo Horizonte, Lourdes",1297653331.0,Lourdes,"Belo Horizonte, Lourdes",Lourdes,Belo Horizonte,MG
"Lourdes_Belo Horizonte, Lourdes",1297648594.0,Lourdes,"Belo Horizonte, Lourdes",Lourdes,Belo Horizonte,MG
"Centro_Belo Horizonte, Centro",1297648304.0,Centro,"Belo Horizonte, Centro",Centro,Belo Horizonte,MG
"Cidade Jardim_Belo Horizonte, Cidade Jardim",1297584708.0,Cidade Jardim,"Belo Horizonte, Cidade Jardim",Cidade Jardim,Belo Horizonte,MG
"Lourdes_Belo Horizonte, Lourdes",1297539785.0,Lourdes,"Belo Horizonte, Lourdes",Lourdes,Belo Horizonte,MG
"Lourdes_Belo Horizonte, Lourdes",1297538188.0,Lourdes,"Belo Horizonte, Lourdes",Lourdes,Belo Horizonte,MG
"Lourdes_Belo Horizonte, Lourdes",1297532024.0,Lourdes,"Belo Horizonte, Lourdes",Lourdes,Belo Horizonte,MG
"Lourdes_Belo Horizonte, Lourdes",1297531966.0,Lourdes,"Belo Horizonte, Lourdes",Lourdes,Belo Horizonte,MG
"Lourdes_Belo Horizonte, Lourdes",1297359370.0,Lourdes,"Belo Horizonte, Lourdes",Lourdes,Belo Horizonte,MG
"Lourdes_Belo Horizonte, Lourdes",1297298587.0,Lourdes,"Belo Horizonte, Lourdes",Lourdes,Belo Horizonte,MG
"Lourdes_Belo Horizonte, Lourdes",1297216529.0,Lourdes,"Belo Horizonte, Lourdes",Lourdes,Belo Horizonte,MG
"Lourdes_Belo Horizonte, Lourdes",1297216428.0,Lourdes,"Belo Horizonte, Lourdes",Lourdes,Belo Horizonte,MG
"Lourdes_Belo Horizonte, Lourdes",1297216341.0,Lourdes,"Belo Horizonte, Lourdes",Lourdes,Belo Horizonte,MG
"Lourdes_Belo Horizonte, Lourdes",1297143536.0,Lourdes,"Belo Horizonte, Lourdes",Lourdes,Belo Horizonte,MG
"Lourdes_Belo Horizonte, Lourdes",1297078920.0,Lourdes,"Belo Horizonte, Lourdes",Lourdes,Belo Horizonte,MG
"Lourdes_Belo Horizonte, Lourdes",1296972227.0,Lourdes,"Belo Horizonte, Lourdes",Lourdes,Belo Horizonte,MG
"Lourdes_Belo Horizonte, Lourdes",1296854058.0,Lourdes,"Belo Horizonte, Lourdes",Lourdes,Belo Horizonte,MG
"Lourdes_Belo Horizonte, Lourdes",1296840537.0,Lourdes,"Belo Horizonte, Lourdes",Lourdes,Belo Horizonte,MG
"Lourdes_Belo Horizonte, Lourdes",1296668496.0,Lourdes,"Belo Horizonte, Lourdes",Lourdes,Belo Horizonte,MG
"Lourdes_Belo Horizonte, Lourdes",1296581097.0,Lourdes,"Belo Horizonte, Lourdes",Lourdes,Belo Horizonte,MG
"Lourdes_Belo Horizonte, Lourdes",1296454308.0,Lourdes,"Belo Horizonte, Lourdes",Lourdes,Belo Horizonte,MG
"Lourdes_Belo Horizonte, Lourdes",1295990378.0,Lourdes,"Belo Horizonte, Lourdes",Lourdes,Belo Horizonte,MG
"Santo Agostinho_Belo Horizonte, Santo Agostinho",1295948126.0,Santo Agostinho,"Belo Horizonte, Santo Agostinho",Santo Agostinho,Belo Horizonte,MG
"Santo Agostinho_Belo Horizonte, Santo Agostinho",1295948013.0,Santo Agostinho,"Belo Horizonte, Santo Agostinho",Santo Agostinho,Belo Horizonte,MG
"Lourdes_Belo Horizonte, Lourdes",1295929530.0,Lourdes,"Belo Horizonte, Lourdes",Lourdes,Belo Horizonte,MG
"Lourdes_Belo Horizonte, Lourdes",1295824033.0,Lourdes,"Belo Horizonte, Lourdes",Lourdes,Belo Horizonte,MG
"Lourdes_Belo Horizonte, Lourdes",1295757078.0,Lourdes,"Belo Horizonte, Lourdes",Lourdes,Belo Horizonte,MG
"Lourdes_Belo Horizonte, Lourdes",1295756391.0,Lourdes,"Belo Horizonte, Lourdes",Lourdes,Belo Horizonte,MG
"Lourdes_Belo Horizonte, Lourdes",1295747026.0,Lourdes,"Belo Horizonte, Lourdes",Lourdes,Belo Horizonte,MG
"Lourdes_Belo Horizonte, Lourdes",1295746994.0,Lourdes,"Belo Horizonte, Lourdes",Lourdes,Belo Horizonte,MG
"Lourdes_Belo Horizonte, Lourdes",1295745415.0,Lourdes,"Belo Horizonte, Lourdes",Lourdes,Belo Horizonte,MG
"Lourdes_Belo Horizonte, Lourdes",1295745403.0,Lourdes,"Belo Horizonte, Lourdes",Lourdes,Belo Horizonte,MG
"Lourdes_Belo Horizonte, Lourdes",1295745301.0,Lourdes,"Belo Horizonte, Lourdes",Lourdes,Belo Horizonte,MG
"Lourdes_Belo Horizonte, Lourdes",1295745207.0,Lourdes,"Belo Horizonte, Lourdes",Lourdes,Belo Horizonte,MG
"Lourdes_Belo Horizonte, Lourdes",1295745147.0,Lourdes,"Belo Horizonte, Lourdes",Lourdes,Belo Horizonte,MG
"Lourdes_Belo Horizonte, Lourdes",1295745056.0,Lourdes,"Belo Horizonte, Lourdes",Lourdes,Belo Horizonte,MG
"Lourdes_Belo Horizonte, Lourdes",1295744582.0,Lourdes,"Belo Horizonte, Lourdes",Lourdes,Belo Horizonte,MG
"Lourdes_Belo Horizonte, Lourdes",1295744380.0,Lourdes,"Belo Horizonte, Lourdes",Lourdes,Belo Horizonte,MG
"Lourdes_Belo Horizonte, Lourdes",1295744125.0,Lourdes,"Belo Horizonte, Lourdes",Lourdes,Belo Horizonte,MG
"Lourdes_Belo Horizonte, Lourdes",1295744056.0,Lourdes,"Belo Horizonte, Lourdes",Lourdes,Belo Horizonte,MG
"Lourdes_Belo Horizonte, Lourdes",1295744033.0,Lourdes,"Belo Horizonte, Lourdes",Lourdes,Belo Horizonte,MG
"Santo Agostinho_Belo Horizonte, Santo Agostinho",1295743733.0,Santo Agostinho,"Belo Horizonte, Santo Agostinho",Santo Agostinho,Belo Horizonte,MG
"Lourdes_Belo Horizonte, Lourdes",1295743663.0,Lourdes,"Belo Horizonte, Lourdes",Lourdes,Belo Horizonte,MG
"Lourdes_Belo Horizonte, Lourdes",1295743642.0,Lourdes,"Belo Horizonte, Lourdes",Lourdes,Belo Horizonte,MG
"Lourdes_Belo Horizonte, Lourdes",1295732950.0,Lourdes,"Belo Horizonte, Lourdes",Lourdes,Belo Horizonte,MG
"Lourdes_Belo Horizonte, Lourdes",1295732497.0,Lourdes,"Belo Horizonte, Lourdes",Lourdes,Belo Horizonte,MG
"Santo Antônio_Belo Horizonte, Santo Antônio",1295671264.0,Santo Antônio,"Belo Horizonte, Santo Antônio",Santo Antônio,Belo Horizonte,MG
"Lourdes_Belo Horizonte, Lourdes",1295652466.0,Lourdes,"Belo Horizonte, Lourdes",Lourdes,Belo Horizonte,MG
"Lourdes_Belo Horizonte, Lourdes",1295647208.0,Lourdes,"Belo Horizonte, Lourdes",Lourdes,Belo Horizonte,MG
"Lourdes_Belo Horizonte, Lourdes",1295632884.0,Lourdes,"Belo Horizonte, Lourdes",Lourdes,Belo Horizonte,MG
"Lourdes_Belo Horizonte, Lourdes",1295588355.0,Lourdes,"Belo Horizonte, Lourdes",Lourdes,Belo Horizonte,MG
"Lourdes_Belo Horizonte, Lourdes",1295371213.0,Lourdes,"Belo Horizonte, Lourdes",Lourdes,Belo Horizonte,MG
"Lourdes_Belo Horizonte, Lourdes",1295344079.0,Lourdes,"Belo Horizonte, Lourdes",Lourdes,Belo Horizonte,MG
"Lourdes_Belo Horizonte, Lourdes",1295316136.0,Lourdes,"Belo Horizonte, Lourdes",Lourdes,Belo Horizonte,MG
"Lourdes_Belo Horizonte, Lourdes",1295315553.0,Lourdes,"Belo Horizonte, Lourdes",Lourdes,Belo Horizonte,MG
"Lourdes_Belo Horizonte, Lourdes",1295240616.0,Lourdes,"Belo Horizonte, Lourdes",Lourdes,Belo Horizonte,MG
"Lourdes_Belo Horizonte, Lourdes",1295178455.0,Lourdes,"Belo Horizonte, Lourdes",Lourdes,Belo Horizonte,MG
"Lourdes_Belo Horizonte, Lourdes",1295178306.0,Lourdes,"Belo Horizonte, Lourdes",Lourdes,Belo Horizonte,MG
"Lourdes_Belo Horizonte, Lourdes",1295178254.0,Lourdes,"Belo Horizonte, Lourdes",Lourdes,Belo Horizonte,MG
"Lourdes_Belo Horizonte, Lourdes",1295177299.0,Lourdes,"Belo Horizonte, Lourdes",Lourdes,Belo Horizonte,MG
"Lourdes_Belo Horizonte, Lourdes",1295175698.0,Lourdes,"Belo Horizonte, Lourdes",Lourdes,Belo Horizonte,MG
"Lourdes_Belo Horizonte, Lourdes",1295175150.0,Lourdes,"Belo Horizonte, Lourdes",Lourdes,Belo Horizonte,MG
"Lourdes_Belo Horizonte, Lourdes",1295117720.0,Lourdes,"Belo Horizonte, Lourdes",Lourdes,Belo Horizonte,MG
"Cidade Jardim_Belo Horizonte, Cidade Jardim",1295054978.0,Cidade Jardim,"Belo Horizonte, Cidade Jardim",Cidade Jardim,Belo Horizonte,MG
"Lourdes_Belo Horizonte, Lourdes",1295019794.0,Lourdes,"Belo Horizonte, Lourdes",Lourdes,Belo Horizonte,MG
"Lourdes_Belo Horizonte, Lourdes",1294997283.0,Lourdes,"Belo Horizonte, Lourdes",Lourdes,Belo Horizonte,MG
"Lourdes_Belo Horizonte, Lourdes",1294997274.0,Lourdes,"Belo Horizonte, Lourdes",Lourdes,Belo Horizonte,MG
"Lourdes_Belo Horizonte, Lourdes",1294997090.0,Lourdes,"Belo Horizonte, Lourdes",Lourdes,Belo Horizonte,MG
"Lourdes_Belo Horizonte, Lourdes",1294990499.0,Lourdes,"Belo Horizonte, Lourdes",Lourdes,Belo Horizonte,MG
"Lourdes_Belo Horizonte, Lourdes",1294936573.0,Lourdes,"Belo Horizonte, Lourdes",Lourdes,Belo Horizonte,MG
"Centro_Belo Horizonte, Centro",1294932684.0,Centro,"Belo Horizonte, Centro",Centro,Belo Horizonte,MG
"Lourdes_Belo Horizonte, Lourdes",1294829358.0,Lourdes,"Belo Horizonte, Lourdes",Lourdes,Belo Horizonte,MG
"Centro_Belo Horizonte, Centro",1294790777.0,Centro,"Belo Horizonte, Centro",Centro,Belo Horizonte,MG
"Lourdes_Belo Horizonte, Lourdes",1294743331.0,Lourdes,"Belo Horizonte, Lourdes",Lourdes,Belo Horizonte,MG
"Lourdes_Belo Horizonte, Lourdes",1294742066.0,Lourdes,"Belo Horizonte, Lourdes",Lourdes,Belo Horizonte,MG
"Lourdes_Belo Horizonte, Lourdes",1294632313.0,Lourdes,"Belo Horizonte, Lourdes",Lourdes,Belo Horizonte,MG
"Lourdes_Belo Horizonte, Lourdes",1294433150.0,Lourdes,"Belo Horizonte, Lourdes",Lourdes,Belo Horizonte,MG
"Lourdes_Belo Horizonte, Lourdes",1294236041.0,Lourdes,"Belo Horizonte, Lourdes",Lourdes,Belo Horizonte,MG
"Lourdes_Belo Horizonte, Lourdes",1294032672.0,Lourdes,"Belo Horizonte, Lourdes",Lourdes,Belo Horizonte,MG
"Lourdes_Belo Horizonte, Lourdes",1294017482.0,Lourdes,"Belo Horizonte, Lourdes",Lourdes,Belo Horizonte,MG
"Lourdes_Belo Horizonte, Lourdes",1294012579.0,Lourdes,"Belo Horizonte, Lourdes",Lourdes,Belo Horizonte,MG
"Lourdes_Belo Horizonte, Lourdes",1294009292.0,Lourdes,"Belo Horizonte, Lourdes",Lourdes,Belo Horizonte,MG
"Lourdes_Belo Horizonte, Lourdes",1293999839.0,Lourdes,"Belo Horizonte, Lourdes",Lourdes,Belo Horizonte,MG
"Lourdes_Belo Horizonte, Lourdes",1293992115.0,Lourdes,"Belo Horizonte, Lourdes",Lourdes,Belo Horizonte,MG
"Lourdes_Belo Horizonte, Lourdes",1293985670.0,Lourdes,"Belo Horizonte, Lourdes",Lourdes,Belo Horizonte,MG
"Lourdes_Belo Horizonte, Lourdes",1293972885.0,Lourdes,"Belo Horizonte, Lourdes",Lourdes,Belo Horizonte,MG
"Lourdes_Belo Horizonte, Lourdes",1293956005.0,Lourdes,"Belo Horizonte, Lourdes",Lourdes,Belo Horizonte,MG
"Lourdes_Belo Horizonte, Lourdes",1293916216.0,Lourdes,"Belo Horizonte, Lourdes",Lourdes,Belo Horizonte,MG
"Lourdes_Belo Horizonte, Lourdes",1293913257.0,Lourdes,"Belo Horizonte, Lourdes",Lourdes,Belo Horizonte,MG
"Lourdes_Belo Horizonte, Lourdes",1293901453.0,Lourdes,"Belo Horizonte, Lourdes",Lourdes,Belo Horizonte,MG
"Centro_Belo Horizonte, Centro",1293839143.0,Centro,"Belo Horizonte, Centro",Centro,Belo Horizonte,MG
"Santo Antônio_Belo Horizonte, Santo Antônio",1293729932.0,Santo Antônio,"Belo Horizonte, Santo Antônio",Santo Antônio,Belo Horizonte,MG
"Lourdes_Belo Horizonte, Lourdes",1293723985.0,Lourdes,"Belo Horizonte, Lourdes",Lourdes,Belo Horizonte,MG
"Centro_Belo Horizonte, Centro",1293518897.0,Centro,"Belo Horizonte, Centro",Centro,Belo Horizonte,MG
"Lourdes_Belo Horizonte, Lourdes",1293501531.0,Lourdes,"Belo Horizonte, Lourdes",Lourdes,Belo Horizonte,MG
"Lourdes_Belo Horizonte, Lourdes",1293460343.0,Lourdes,"Belo Horizonte, Lourdes",Lourdes,Belo Horizonte,MG
"Lourdes_Belo Horizonte, Lourdes",1293442556.0,Lourdes,"Belo Horizonte, Lourdes",Lourdes,Belo Horizonte,MG
"Lourdes_Belo Horizonte, Lourdes",1293436944.0,Lourdes,"Belo Horizonte, Lourdes",Lourdes,Belo Horizonte,MG
"Lourdes_Belo Horizonte, Lourdes",1293395900.0,Lourdes,"Belo Horizonte, Lourdes",Lourdes,Belo Horizonte,MG
"Lourdes_Belo Horizonte, Lourdes",1293395792.0,Lourdes,"Belo Horizonte, Lourdes",Lourdes,Belo Horizonte,MG
"Lourdes_Belo Horizonte, Lourdes",1293395469.0,Lourdes,"Belo Horizonte, Lourdes",Lourdes,Belo Horizonte,MG
"Lourdes_Belo Horizonte, Lourdes",1293395415.0,Lourdes,"Belo Horizonte, Lourdes",Lourdes,Belo Horizonte,MG
"Lourdes_Belo Horizonte, Lourdes",1293319348.0,Lourdes,"Belo Horizonte, Lourdes",Lourdes,Belo Horizonte,MG
"Lourdes_Belo Horizonte, Lourdes",1293245223.0,Lourdes,"Belo Horizonte, Lourdes",Lourdes,Belo Horizonte,MG
"Lourdes_Belo Horizonte, Lourdes",1293223915.0,Lourdes,"Belo Horizonte, Lourdes",Lourdes,Belo Horizonte,MG
"Lourdes_Belo Horizonte, Lourdes",1293223808.0,Lourdes,"Belo Horizonte, Lourdes",Lourdes,Belo Horizonte,MG
"Lourdes_Belo Horizonte, Lourdes",1293223770.0,Lourdes,"Belo Horizonte, Lourdes",Lourdes,Belo Horizonte,MG
"Lourdes_Belo Horizonte, Lourdes",1293223644.0,Lourdes,"Belo Horizonte, Lourdes",Lourdes,Belo Horizonte,MG
"Lourdes_Belo Horizonte, Lourdes",1293127114.0,Lourdes,"Belo Horizonte, Lourdes",Lourdes,Belo Horizonte,MG
"Lourdes_Belo Horizonte, Lourdes",1293118757.0,Lourdes,"Belo Horizonte, Lourdes",Lourdes,Belo Horizonte,MG
"Lourdes_Belo Horizonte, Lourdes",1292922729.0,Lourdes,"Belo Horizonte, Lourdes",Lourdes,Belo Horizonte,MG
"Lourdes_Belo Horizonte, Lourdes",1292857387.0,Lourdes,"Belo Horizonte, Lourdes",Lourdes,Belo Horizonte,MG
"Lourdes_Belo Horizonte, Lourdes",1292825520.0,Lourdes,"Belo Horizonte, Lourdes",Lourdes,Belo Horizonte,MG
"Lourdes_Belo Horizonte, Lourdes",1292825452.0,Lourdes,"Belo Horizonte, Lourdes",Lourdes,Belo Horizonte,MG
"Lourdes_Belo Horizonte, Lourdes",1292821253.0,Lourdes,"Belo Horizonte, Lourdes",Lourdes,Belo Horizonte,MG
"Santo Antônio_Belo Horizonte, Santo Antônio",1292816564.0,Santo Antônio,"Belo Horizonte, Santo Antônio",Santo Antônio,Belo Horizonte,MG
"Lourdes_Belo Horizonte, Lourdes",1292806074.0,Lourdes,"Belo Horizonte, Lourdes",Lourdes,Belo Horizonte,MG
"Lourdes_Belo Horizonte, Lourdes",1292796755.0,Lourdes,"Belo Horizonte, Lourdes",Lourdes,Belo Horizonte,MG
"Lourdes_Belo Horizonte, Lourdes",1292791694.0,Lourdes,"Belo Horizonte, Lourdes",Lourdes,Belo Horizonte,MG
"Lourdes_Belo Horizonte, Lourdes",1292780006.0,Lourdes,"Belo Horizonte, Lourdes",Lourdes,Belo Horizonte,MG
"Lourdes_Belo Horizonte, Lourdes",1292779121.0,Lourdes,"Belo Horizonte, Lourdes",Lourdes,Belo Horizonte,MG
"Lourdes_Belo Horizonte, Lourdes",1292779106.0,Lourdes,"Belo Horizonte, Lourdes",Lourdes,Belo Horizonte,MG
"Lourdes_Belo Horizonte, Lourdes",1292779002.0,Lourdes,"Belo Horizonte, Lourdes",Lourdes,Belo Horizonte,MG
"Centro_Belo Horizonte, Centro",1292778988.0,Centro,"Belo Horizonte, Centro",Centro,Belo Horizonte,MG
"Lourdes_Belo Horizonte, Lourdes",1292778833.0,Lourdes,"Belo Horizonte, Lourdes",Lourdes,Belo Horizonte,MG
"Lourdes_Belo Horizonte, Lourdes",1292778680.0,Lourdes,"Belo Horizonte, Lourdes",Lourdes,Belo Horizonte,MG
"Lourdes_Belo Horizonte, Lourdes",1292778546.0,Lourdes,"Belo Horizonte, Lourdes",Lourdes,Belo Horizonte,MG
"Lourdes_Belo Horizonte, Lourdes",1292720600.0,Lourdes,"Belo Horizonte, Lourdes",Lourdes,Belo Horizonte,MG
"Lourdes_Belo Horizonte, Lourdes",1292581636.0,Lourdes,"Belo Horizonte, Lourdes",Lourdes,Belo Horizonte,MG
"Lourdes_Belo Horizonte, Lourdes",1292513977.0,Lourdes,"Belo Horizonte, Lourdes",Lourdes,Belo Horizonte,MG
"Lourdes_Belo Horizonte, Lourdes",1292513902.0,Lourdes,"Belo Horizonte, Lourdes",Lourdes,Belo Horizonte,MG
"Lourdes_Belo Horizonte, Lourdes",1292491668.0,Lourdes,"Belo Horizonte, Lourdes",Lourdes,Belo Horizonte,MG
"Lourdes_Belo Horizonte, Lourdes",1292486906.0,Lourdes,"Belo Horizonte, Lourdes",Lourdes,Belo Horizonte,MG
"Lourdes_Belo Horizonte, Lourdes",1292481860.0,Lourdes,"Belo Horizonte, Lourdes",Lourdes,Belo Horizonte,MG
"Lourdes_Belo Horizonte, Lourdes",1292474882.0,Lourdes,"Belo Horizonte, Lourdes",Lourdes,Belo Horizonte,MG
"Lourdes_Belo Horizonte, Lourdes",1291997549.0,Lourdes,"Belo Horizonte, Lourdes",Lourdes,Belo Horizonte,MG
"Lourdes_Belo Horizonte, Lourdes",1291991839.0,Lourdes,"Belo Horizonte, Lourdes",Lourdes,Belo Horizonte,MG
"Lourdes_Belo Horizonte, Lourdes",1291991832.0,Lourdes,"Belo Horizonte, Lourdes",Lourdes,Belo Horizonte,MG
"Lourdes_Belo Horizonte, Lourdes",1291991818.0,Lourdes,"Belo Horizonte, Lourdes",Lourdes,Belo Horizonte,MG
"Lourdes_Belo Horizonte, Lourdes",1291991537.0,Lourdes,"Belo Horizonte, Lourdes",Lourdes,Belo Horizonte,MG
"Lourdes_Belo Horizonte, Lourdes",1291991492.0,Lourdes,"Belo Horizonte, Lourdes",Lourdes,Belo Horizonte,MG
"Lourdes_Belo Horizonte, Lourdes",1291991402.0,Lourdes,"Belo Horizonte, Lourdes",Lourdes,Belo Horizonte,MG
"Lourdes_Belo Horizonte, Lourdes",1291991352.0,Lourdes,"Belo Horizonte, Lourdes",Lourdes,Belo Horizonte,MG
"Lourdes_Belo Horizonte, Lourdes",1291991347.0,Lourdes,"Belo Horizonte, Lourdes",Lourdes,Belo Horizonte,MG
"Lourdes_Belo Horizonte, Lourdes",1291991329.0,Lourdes,"Belo Horizonte, Lourdes",Lourdes,Belo Horizonte,MG
"Lourdes_Belo Horizonte, Lourdes",1291991309.0,Lourdes,"Belo Horizonte, Lourdes",Lourdes,Belo Horizonte,MG
"Lourdes_Belo Horizonte, Lourdes",1291991212.0,Lourdes,"Belo Horizonte, Lourdes",Lourdes,Belo Horizonte,MG
"Lourdes_Belo Horizonte, Lourdes",1291991178.0,Lourdes,"Belo Horizonte, Lourdes",Lourdes,Belo Horizonte,MG
"Lourdes_Belo Horizonte, Lourdes",1291988013.0,Lourdes,"Belo Horizonte, Lourdes",Lourdes,Belo Horizonte,MG
"Lourdes_Belo Horizonte, Lourdes",1291976146.0,Lourdes,"Belo Horizonte, Lourdes",Lourdes,Belo Horizonte,MG
"Lourdes_Belo Horizonte, Lourdes",1291976016.0,Lourdes,"Belo Horizonte, Lourdes",Lourdes,Belo Horizonte,MG
"Centro_Belo Horizonte, Centro",1291975613.0,Centro,"Belo Horizonte, Centro",Centro,Belo Horizonte,MG
"Lourdes_Belo Horizonte, Lourdes",1291931280.0,Lourdes,"Belo Horizonte, Lourdes",Lourdes,Belo Horizonte,MG
"Lourdes_Belo Horizonte, Lourdes",1291924707.0,Lourdes,"Belo Horizonte, Lourdes",Lourdes,Belo Horizonte,MG
"Lourdes_Belo Horizonte, Lourdes",1291891945.0,Lourdes,"Belo Horizonte, Lourdes",Lourdes,Belo Horizonte,MG
"Lourdes_Belo Horizonte, Lourdes",1291861728.0,Lourdes,"Belo Horizonte, Lourdes",Lourdes,Belo Horizonte,MG
"Lourdes_Belo Horizonte, Lourdes",1291858257.0,Lourdes,"Belo Horizonte, Lourdes",Lourdes,Belo Horizonte,MG
"Lourdes_Belo Horizonte, Lourdes",1291853562.0,Lourdes,"Belo Horizonte, Lourdes",Lourdes,Belo Horizonte,MG
"Lourdes_Belo Horizonte, Lourdes",1291715581.0,Lourdes,"Belo Horizonte, Lourdes",Lourdes,Belo Horizonte,MG
"Lourdes_Belo Horizonte, Lourdes",1291715481.0,Lourdes,"Belo Horizonte, Lourdes",Lourdes,Belo Horizonte,MG
"Lourdes_Belo Horizonte, Lourdes",1291684852.0,Lourdes,"Belo Horizonte, Lourdes",Lourdes,Belo Horizonte,MG
"Lourdes_Belo Horizonte, Lourdes",1291555789.0,Lourdes,"Belo Horizonte, Lourdes",Lourdes,Belo Horizonte,MG
"Lourdes_Belo Horizonte, Lourdes",1291555680.0,Lourdes,"Belo Horizonte, Lourdes",Lourdes,Belo Horizonte,MG
"Lourdes_Belo Horizonte, Lourdes",1291555676.0,Lourdes,"Belo Horizonte, Lourdes",Lourdes,Belo Horizonte,MG
"Lourdes_Belo Horizonte, Lourdes",1291555597.0,Lourdes,"Belo Horizonte, Lourdes",Lourdes,Belo Horizonte,MG
"Lourdes_Belo Horizonte, Lourdes",1291462057.0,Lourdes,"Belo Horizonte, Lourdes",Lourdes,Belo Horizonte,MG
"Lourdes_Belo Horizonte, Lourdes",1291445442.0,Lourdes,"Belo Horizonte, Lourdes",Lourdes,Belo Horizonte,MG
"Lourdes_Belo Horizonte, Lourdes",1291402249.0,Lourdes,"Belo Horizonte, Lourdes",Lourdes,Belo Horizonte,MG
"Lourdes_Belo Horizonte, Lourdes",1291399406.0,Lourdes,"Belo Horizonte, Lourdes",Lourdes,Belo Horizonte,MG
"Lourdes_Belo Horizonte, Lourdes",1291250875.0,Lourdes,"Belo Horizonte, Lourdes",Lourdes,Belo Horizonte,MG
"Lourdes_Belo Horizonte, Lourdes",1291250851.0,Lourdes,"Belo Horizonte, Lourdes",Lourdes,Belo Horizonte,MG
"Lourdes_Belo Horizonte, Lourdes",1291250832.0,Lourdes,"Belo Horizonte, Lourdes",Lourdes,Belo Horizonte,MG
"Lourdes_Belo Horizonte, Lourdes",1291250824.0,Lourdes,"Belo Horizonte, Lourdes",Lourdes,Belo Horizonte,MG
"Lourdes_Belo Horizonte, Lourdes",1291179041.0,Lourdes,"Belo Horizonte, Lourdes",Lourdes,Belo Horizonte,MG
"Lourdes_Belo Horizonte, Lourdes",1291176578.0,Lourdes,"Belo Horizonte, Lourdes",Lourdes,Belo Horizonte,MG
"Lourdes_Belo Horizonte, Lourdes",1291176566.0,Lourdes,"Belo Horizonte, Lourdes",Lourdes,Belo Horizonte,MG
"Lourdes_Belo Horizonte, Lourdes",1291176206.0,Lourdes,"Belo Horizonte, Lourdes",Lourdes,Belo Horizonte,MG
"Lourdes_Belo Horizonte, Lourdes",1291175835.0,Lourdes,"Belo Horizonte, Lourdes",Lourdes,Belo Horizonte,MG
"Lourdes_Belo Horizonte, Lourdes",1291154620.0,Lourdes,"Belo Horizonte, Lourdes",Lourdes,Belo Horizonte,MG
"Lourdes_Belo Horizonte, Lourdes",1291128663.0,Lourdes,"Belo Horizonte, Lourdes",Lourdes,Belo Horizonte,MG
"Lourdes_Belo Horizonte, Lourdes",1291122725.0,Lourdes,"Belo Horizonte, Lourdes",Lourdes,Belo Horizonte,MG
"Lourdes_Belo Horizonte, Lourdes",1291099225.0,Lourdes,"Belo Horizonte, Lourdes",Lourdes,Belo Horizonte,MG
"Lourdes_Belo Horizonte, Lourdes",1291046092.0,Lourdes,"Belo Horizonte, Lourdes",Lourdes,Belo Horizonte,MG
"Lourdes_Belo Horizonte, Lourdes",1290964142.0,Lourdes,"Belo Horizonte, Lourdes",Lourdes,Belo Horizonte,MG
"Lourdes_Belo Horizonte, Lourdes",1290964108.0,Lourdes,"Belo Horizonte, Lourdes",Lourdes,Belo Horizonte,MG
"Lourdes_Belo Horizonte, Lourdes",1290964110.0,Lourdes,"Belo Horizonte, Lourdes",Lourdes,Belo Horizonte,MG
"Lourdes_Belo Horizonte, Lourdes",1290964027.0,Lourdes,"Belo Horizonte, Lourdes",Lourdes,Belo Horizonte,MG
"Lourdes_Belo Horizonte, Lourdes",1290964019.0,Lourdes,"Belo Horizonte, Lourdes",Lourdes,Belo Horizonte,MG
"Lourdes_Belo Horizonte, Lourdes",1290964020.0,Lourdes,"Belo Horizonte, Lourdes",Lourdes,Belo Horizonte,MG
"Lourdes_Belo Horizonte, Lourdes",1290963986.0,Lourdes,"Belo Horizonte, Lourdes",Lourdes,Belo Horizonte,MG
"Santo Antônio_Belo Horizonte, Santo Antônio",1290865873.0,Santo Antônio,"Belo Horizonte, Santo Antônio",Santo Antônio,Belo Horizonte,MG
"Santo Antônio_Belo Horizonte, Santo Antônio",1290865746.0,Santo Antônio,"Belo Horizonte, Santo Antônio",Santo Antônio,Belo Horizonte,MG
"Lourdes_Belo Horizonte, Lourdes",1290856873.0,Lourdes,"Belo Horizonte, Lourdes",Lourdes,Belo Horizonte,MG
"Lourdes_Belo Horizonte, Lourdes",1290467351.0,Lourdes,"Belo Horizonte, Lourdes",Lourdes,Belo Horizonte,MG
"Lourdes_Belo Horizonte, Lourdes",1290353443.0,Lourdes,"Belo Horizonte, Lourdes",Lourdes,Belo Horizonte,MG
"Lourdes_Belo Horizonte, Lourdes",1290353334.0,Lourdes,"Belo Horizonte, Lourdes",Lourdes,Belo Horizonte,MG
"Lourdes_Belo Horizonte, Lourdes",1290353324.0,Lourdes,"Belo Horizonte, Lourdes",Lourdes,Belo Horizonte,MG
"Lourdes_Belo Horizonte, Lourdes",1290353317.0,Lourdes,"Belo Horizonte, Lourdes",Lourdes,Belo Horizonte,MG
"Lourdes_Belo Horizonte, Lourdes",1290353212.0,Lourdes,"Belo Horizonte, Lourdes",Lourdes,Belo Horizonte,MG
"Lourdes_Belo Horizonte, Lourdes",1290353162.0,Lourdes,"Belo Horizonte, Lourdes",Lourdes,Belo Horizonte,MG
"Lourdes_Belo Horizonte, Lourdes",1290353140.0,Lourdes,"Belo Horizonte, Lourdes",Lourdes,Belo Horizonte,MG
"Lourdes_Belo Horizonte, Lourdes",1290353014.0,Lourdes,"Belo Horizonte, Lourdes",Lourdes,Belo Horizonte,MG
"Santo Antônio_Belo Horizonte, Santo Antônio",1290352758.0,Santo Antônio,"Belo Horizonte, Santo Antônio",Santo Antônio,Belo Horizonte,MG
"Lourdes_Belo Horizonte, Lourdes",1290352498.0,Lourdes,"Belo Horizonte, Lourdes",Lourdes,Belo Horizonte,MG
"Lourdes_Belo Horizonte, Lourdes",1290352308.0,Lourdes,"Belo Horizonte, Lourdes",Lourdes,Belo Horizonte,MG
"Lourdes_Belo Horizonte, Lourdes",1290352233.0,Lourdes,"Belo Horizonte, Lourdes",Lourdes,Belo Horizonte,MG
"Cidade Jardim_Belo Horizonte, Cidade Jardim",1290352172.0,Cidade Jardim,"Belo Horizonte, Cidade Jardim",Cidade Jardim,Belo Horizonte,MG
"Lourdes_Belo Horizonte, Lourdes",1290352129.0,Lourdes,"Belo Horizonte, Lourdes",Lourdes,Belo Horizonte,MG
"Lourdes_Belo Horizonte, Lourdes",1290352113.0,Lourdes,"Belo Horizonte, Lourdes",Lourdes,Belo Horizonte,MG
"Lourdes_Belo Horizonte, Lourdes",1290352074.0,Lourdes,"Belo Horizonte, Lourdes",Lourdes,Belo Horizonte,MG
"Lourdes_Belo Horizonte, Lourdes",1290352050.0,Lourdes,"Belo Horizonte, Lourdes",Lourdes,Belo Horizonte,MG
"Lourdes_Belo Horizonte, Lourdes",1290352009.0,Lourdes,"Belo Horizonte, Lourdes",Lourdes,Belo Horizonte,MG
"Lourdes_Belo Horizonte, Lourdes",1290330372.0,Lourdes,"Belo Horizonte, Lourdes",Lourdes,Belo Horizonte,MG
"Lourdes_Belo Horizonte, Lourdes",1290290973.0,Lourdes,"Belo Horizonte, Lourdes",Lourdes,Belo Horizonte,MG
"Lourdes_Belo Horizonte, Lourdes",1290238403.0,Lourdes,"Belo Horizonte, Lourdes",Lourdes,Belo Horizonte,MG
"Lourdes_Belo Horizonte, Lourdes",1290100283.0,Lourdes,"Belo Horizonte, Lourdes",Lourdes,Belo Horizonte,MG
"Lourdes_Belo Horizonte, Lourdes",1290072978.0,Lourdes,"Belo Horizonte, Lourdes",Lourdes,Belo Horizonte,MG
"Lourdes_Belo Horizonte, Lourdes",1290065288.0,Lourdes,"Belo Horizonte, Lourdes",Lourdes,Belo Horizonte,MG
"Lourdes_Belo Horizonte, Lourdes",1290064883.0,Lourdes,"Belo Horizonte, Lourdes",Lourdes,Belo Horizonte,MG
"Lourdes_Belo Horizonte, Lourdes",1290057992.0,Lourdes,"Belo Horizonte, Lourdes",Lourdes,Belo Horizonte,MG
"Lourdes_Belo Horizonte, Lourdes",1289762832.0,Lourdes,"Belo Horizonte, Lourdes",Lourdes,Belo Horizonte,MG
"Lourdes_Belo Horizonte, Lourdes",1289762647.0,Lourdes,"Belo Horizonte, Lourdes",Lourdes,Belo Horizonte,MG
"Cidade Jardim_Belo Horizonte, Cidade Jardim",1289466059.0,Cidade Jardim,"Belo Horizonte, Cidade Jardim",Cidade Jardim,Belo Horizonte,MG
"Lourdes_Belo Horizonte, Lourdes",1289372619.0,Lourdes,"Belo Horizonte, Lourdes",Lourdes,Belo Horizonte,MG
"Lourdes_Belo Horizonte, Lourdes",1289369507.0,Lourdes,"Belo Horizonte, Lourdes",Lourdes,Belo Horizonte,MG
"Lourdes_Belo Horizonte, Lourdes",1289104904.0,Lourdes,"Belo Horizonte, Lourdes",Lourdes,Belo Horizonte,MG
"Lourdes_Belo Horizonte, Lourdes",1289104724.0,Lourdes,"Belo Horizonte, Lourdes",Lourdes,Belo Horizonte,MG
"Lourdes_Belo Horizonte, Lourdes",1289104160.0,Lourdes,"Belo Horizonte, Lourdes",Lourdes,Belo Horizonte,MG
"Lourdes_Belo Horizonte, Lourdes",1289103036.0,Lourdes,"Belo Horizonte, Lourdes",Lourdes,Belo Horizonte,MG
"Lourdes_Belo Horizonte, Lourdes",1289103029.0,Lourdes,"Belo Horizonte, Lourdes",Lourdes,Belo Horizonte,MG
"Lourdes_Belo Horizonte, Lourdes",1289100849.0,Lourdes,"Belo Horizonte, Lourdes",Lourdes,Belo Horizonte,MG
"Lourdes_Belo Horizonte, Lourdes",1289052774.0,Lourdes,"Belo Horizonte, Lourdes",Lourdes,Belo Horizonte,MG
"Lourdes_Belo Horizonte, Lourdes",1289028732.0,Lourdes,"Belo Horizonte, Lourdes",Lourdes,Belo Horizonte,MG
"Lourdes_Belo Horizonte, Lourdes",1288998182.0,Lourdes,"Belo Horizonte, Lourdes",Lourdes,Belo Horizonte,MG
"Lourdes_Belo Horizonte, Lourdes",1288955355.0,Lourdes,"Belo Horizonte, Lourdes",Lourdes,Belo Horizonte,MG
"Lourdes_Belo Horizonte, Lourdes",1288955345.0,Lourdes,"Belo Horizonte, Lourdes",Lourdes,Belo Horizonte,MG
"Lourdes_Belo Horizonte, Lourdes",1288953818.0,Lourdes,"Belo Horizonte, Lourdes",Lourdes,Belo Horizonte,MG
"Lourdes_Belo Horizonte, Lourdes",1288953413.0,Lourdes,"Belo Horizonte, Lourdes",Lourdes,Belo Horizonte,MG
"Lourdes_Belo Horizonte, Lourdes",1288953056.0,Lourdes,"Belo Horizonte, Lourdes",Lourdes,Belo Horizonte,MG
"Lourdes_Belo Horizonte, Lourdes",1288952997.0,Lourdes,"Belo Horizonte, Lourdes",Lourdes,Belo Horizonte,MG
"Lourdes_Belo Horizonte, Lourdes",1288952869.0,Lourdes,"Belo Horizonte, Lourdes",Lourdes,Belo Horizonte,MG
"Santo Antônio_Belo Horizonte, Santo Antônio",1288952420.0,Santo Antônio,"Belo Horizonte, Santo Antônio",Santo Antônio,Belo Horizonte,MG
"Lourdes_Belo Horizonte, Lourdes",1288952293.0,Lourdes,"Belo Horizonte, Lourdes",Lourdes,Belo Horizonte,MG
"Lourdes_Belo Horizonte, Lourdes",1288952181.0,Lourdes,"Belo Horizonte, Lourdes",Lourdes,Belo Horizonte,MG
"Lourdes_Belo Horizonte, Lourdes",1288952030.0,Lourdes,"Belo Horizonte, Lourdes",Lourdes,Belo Horizonte,MG
"Lourdes_Belo Horizonte, Lourdes",1288951009.0,Lourdes,"Belo Horizonte, Lourdes",Lourdes,Belo Horizonte,MG
"Lourdes_Belo Horizonte, Lourdes",1288950709.0,Lourdes,"Belo Horizonte, Lourdes",Lourdes,Belo Horizonte,MG
"Lourdes_Belo Horizonte, Lourdes",1288950185.0,Lourdes,"Belo Horizonte, Lourdes",Lourdes,Belo Horizonte,MG
"Lourdes_Belo Horizonte, Lourdes",1288949895.0,Lourdes,"Belo Horizonte, Lourdes",Lourdes,Belo Horizonte,MG
"Lourdes_Belo Horizonte, Lourdes",1288949636.0,Lourdes,"Belo Horizonte, Lourdes",Lourdes,Belo Horizonte,MG
"Lourdes_Belo Horizonte, Lourdes",1288949348.0,Lourdes,"Belo Horizonte, Lourdes",Lourdes,Belo Horizonte,MG
"Lourdes_Belo Horizonte, Lourdes",1288949307.0,Lourdes,"Belo Horizonte, Lourdes",Lourdes,Belo Horizonte,MG
"Lourdes_Belo Horizonte, Lourdes",1288949256.0,Lourdes,"Belo Horizonte, Lourdes",Lourdes,Belo Horizonte,MG
"Lourdes_Belo Horizonte, Lourdes",1288949221.0,Lourdes,"Belo Horizonte, Lourdes",Lourdes,Belo Horizonte,MG
"Lourdes_Belo Horizonte, Lourdes",1288948941.0,Lourdes,"Belo Horizonte, Lourdes",Lourdes,Belo Horizonte,MG
"Lourdes_Belo Horizonte, Lourdes",1288948926.0,Lourdes,"Belo Horizonte, Lourdes",Lourdes,Belo Horizonte,MG
"Centro_Belo Horizonte, Centro",1288869062.0,Centro,"Belo Horizonte, Centro",Centro,Belo Horizonte,MG
"Lourdes_Belo Horizonte, Lourdes",1288514088.0,Lourdes,"Belo Horizonte, Lourdes",Lourdes,Belo Horizonte,MG
"Lourdes_Belo Horizonte, Lourdes",1288309498.0,Lourdes,"Belo Horizonte, Lourdes",Lourdes,Belo Horizonte,MG
"Lourdes_Belo Horizonte, Lourdes",1288309497.0,Lourdes,"Belo Horizonte, Lourdes",Lourdes,Belo Horizonte,MG
"Lourdes_Belo Horizonte, Lourdes",1288309480.0,Lourdes,"Belo Horizonte, Lourdes",Lourdes,Belo Horizonte,MG
"Lourdes_Belo Horizonte, Lourdes",1288282925.0,Lourdes,"Belo Horizonte, Lourdes",Lourdes,Belo Horizonte,MG
"Lourdes_Belo Horizonte, Lourdes",1288273106.0,Lourdes,"Belo Horizonte, Lourdes",Lourdes,Belo Horizonte,MG
"Lourdes_Belo Horizonte, Lourdes",1288212672.0,Lourdes,"Belo Horizonte, Lourdes",Lourdes,Belo Horizonte,MG
"Centro_Belo Horizonte, Centro",1288191923.0,Centro,"Belo Horizonte, Centro",Centro,Belo Horizonte,MG
"Centro_Belo Horizonte, Centro",1288176308.0,Centro,"Belo Horizonte, Centro",Centro,Belo Horizonte,MG
"Lourdes_Belo Horizonte, Lourdes",1288094162.0,Lourdes,"Belo Horizonte, Lourdes",Lourdes,Belo Horizonte,MG
"Lourdes_Belo Horizonte, Lourdes",1288091496.0,Lourdes,"Belo Horizonte, Lourdes",Lourdes,Belo Horizonte,MG
"Lourdes_Belo Horizonte, Lourdes",1288037973.0,Lourdes,"Belo Horizonte, Lourdes",Lourdes,Belo Horizonte,MG
"Lourdes_Belo Horizonte, Lourdes",1287979655.0,Lourdes,"Belo Horizonte, Lourdes",Lourdes,Belo Horizonte,MG
"Lourdes_Belo Horizonte, Lourdes",1287979506.0,Lourdes,"Belo Horizonte, Lourdes",Lourdes,Belo Horizonte,MG
"Centro_Belo Horizonte, Centro",1287972263.0,Centro,"Belo Horizonte, Centro",Centro,Belo Horizonte,MG
"Lourdes_Belo Horizonte, Lourdes",1287960488.0,Lourdes,"Belo Horizonte, Lourdes",Lourdes,Belo Horizonte,MG
"Lourdes_Belo Horizonte, Lourdes",1287951977.0,Lourdes,"Belo Horizonte, Lourdes",Lourdes,Belo Horizonte,MG
"Lourdes_Belo Horizonte, Lourdes",1287889303.0,Lourdes,"Belo Horizonte, Lourdes",Lourdes,Belo Horizonte,MG
"Lourdes_Belo Horizonte, Lourdes",1287865586.0,Lourdes,"Belo Horizonte, Lourdes",Lourdes,Belo Horizonte,MG
"Lourdes_Belo Horizonte, Lourdes",1287786259.0,Lourdes,"Belo Horizonte, Lourdes",Lourdes,Belo Horizonte,MG
"Lourdes_Belo Horizonte, Lourdes",1287759965.0,Lourdes,"Belo Horizonte, Lourdes",Lourdes,Belo Horizonte,MG
"Lourdes_Belo Horizonte, Lourdes",1287756176.0,Lourdes,"Belo Horizonte, Lourdes",Lourdes,Belo Horizonte,MG
"Lourdes_Belo Horizonte, Lourdes",1287755778.0,Lourdes,"Belo Horizonte, Lourdes",Lourdes,Belo Horizonte,MG
"Lourdes_Belo Horizonte, Lourdes",1287703342.0,Lourdes,"Belo Horizonte, Lourdes",Lourdes,Belo Horizonte,MG
"Lourdes_Belo Horizonte, Lourdes",1287680480.0,Lourdes,"Belo Horizonte, Lourdes",Lourdes,Belo Horizonte,MG
"Lourdes_Belo Horizonte, Lourdes",1287629254.0,Lourdes,"Belo Horizonte, Lourdes",Lourdes,Belo Horizonte,MG
"Lourdes_Belo Horizonte, Lourdes",1287568109.0,Lourdes,"Belo Horizonte, Lourdes",Lourdes,Belo Horizonte,MG
"Lourdes_Belo Horizonte, Lourdes",1287457724.0,Lourdes,"Belo Horizonte, Lourdes",Lourdes,Belo Horizonte,MG
"Lourdes_Belo Horizonte, Lourdes",1287391059.0,Lourdes,"Belo Horizonte, Lourdes",Lourdes,Belo Horizonte,MG
"Lourdes_Belo Horizonte, Lourdes",1287351592.0,Lourdes,"Belo Horizonte, Lourdes",Lourdes,Belo Horizonte,MG
"Lourdes_Belo Horizonte, Lourdes",1287350944.0,Lourdes,"Belo Horizonte, Lourdes",Lourdes,Belo Horizonte,MG
"Lourdes_Belo Horizonte, Lourdes",1287350859.0,Lourdes,"Belo Horizonte, Lourdes",Lourdes,Belo Horizonte,MG
"Lourdes_Belo Horizonte, Lourdes",1287350798.0,Lourdes,"Belo Horizonte, Lourdes",Lourdes,Belo Horizonte,MG
"Lourdes_Belo Horizonte, Lourdes",1287350696.0,Lourdes,"Belo Horizonte, Lourdes",Lourdes,Belo Horizonte,MG
"Lourdes_Belo Horizonte, Lourdes",1287350498.0,Lourdes,"Belo Horizonte, Lourdes",Lourdes,Belo Horizonte,MG
"Lourdes_Belo Horizonte, Lourdes",1287350297.0,Lourdes,"Belo Horizonte, Lourdes",Lourdes,Belo Horizonte,MG
"Centro_Belo Horizonte, Centro",1287328149.0,Centro,"Belo Horizonte, Centro",Centro,Belo Horizonte,MG
"Lourdes_Belo Horizonte, Lourdes",1287254388.0,Lourdes,"Belo Horizonte, Lourdes",Lourdes,Belo Horizonte,MG
"Lourdes_Belo Horizonte, Lourdes",1287253963.0,Lourdes,"Belo Horizonte, Lourdes",Lourdes,Belo Horizonte,MG
"Lourdes_Belo Horizonte, Lourdes",1287253941.0,Lourdes,"Belo Horizonte, Lourdes",Lourdes,Belo Horizonte,MG
"Lourdes_Belo Horizonte, Lourdes",1287176424.0,Lourdes,"Belo Horizonte, Lourdes",Lourdes,Belo Horizonte,MG
"Lourdes_Belo Horizonte, Lourdes",1287134977.0,Lourdes,"Belo Horizonte, Lourdes",Lourdes,Belo Horizonte,MG
"Lourdes_Belo Horizonte, Lourdes",1287073768.0,Lourdes,"Belo Horizonte, Lourdes",Lourdes,Belo Horizonte,MG
"Lourdes_Belo Horizonte, Lourdes",1286706867.0,Lourdes,"Belo Horizonte, Lourdes",Lourdes,Belo Horizonte,MG
"Lourdes_Belo Horizonte, Lourdes",1286259245.0,Lourdes,"Belo Horizonte, Lourdes",Lourdes,Belo Horizonte,MG
"Lourdes_Belo Horizonte, Lourdes",1286259203.0,Lourdes,"Belo Horizonte, Lourdes",Lourdes,Belo Horizonte,MG
"Lourdes_Belo Horizonte, Lourdes",1286151296.0,Lourdes,"Belo Horizonte, Lourdes",Lourdes,Belo Horizonte,MG
"Lourdes_Belo Horizonte, Lourdes",1286028812.0,Lourdes,"Belo Horizonte, Lourdes",Lourdes,Belo Horizonte,MG
"Lourdes_Belo Horizonte, Lourdes",1285967045.0,Lourdes,"Belo Horizonte, Lourdes",Lourdes,Belo Horizonte,MG
"Lourdes_Belo Horizonte, Lourdes",1285966994.0,Lourdes,"Belo Horizonte, Lourdes",Lourdes,Belo Horizonte,MG
"Lourdes_Belo Horizonte, Lourdes",1285956858.0,Lourdes,"Belo Horizonte, Lourdes",Lourdes,Belo Horizonte,MG
"Lourdes_Belo Horizonte, Lourdes",1285938749.0,Lourdes,"Belo Horizonte, Lourdes",Lourdes,Belo Horizonte,MG
"Lourdes_Belo Horizonte, Lourdes",1285786435.0,Lourdes,"Belo Horizonte, Lourdes",Lourdes,Belo Horizonte,MG
"Lourdes_Belo Horizonte, Lourdes",1285591076.0,Lourdes,"Belo Horizonte, Lourdes",Lourdes,Belo Horizonte,MG
"Lourdes_Belo Horizonte, Lourdes",1285487940.0,Lourdes,"Belo Horizonte, Lourdes",Lourdes,Belo Horizonte,MG
"Lourdes_Belo Horizonte, Lourdes",1285481844.0,Lourdes,"Belo Horizonte, Lourdes",Lourdes,Belo Horizonte,MG
"Lourdes_Belo Horizonte, Lourdes",1285419460.0,Lourdes,"Belo Horizonte, Lourdes",Lourdes,Belo Horizonte,MG
"Lourdes_Belo Horizonte, Lourdes",1285419272.0,Lourdes,"Belo Horizonte, Lourdes",Lourdes,Belo Horizonte,MG
"Lourdes_Belo Horizonte, Lourdes",1285362306.0,Lourdes,"Belo Horizonte, Lourdes",Lourdes,Belo Horizonte,MG
"Lourdes_Belo Horizonte, Lourdes",1285344576.0,Lourdes,"Belo Horizonte, Lourdes",Lourdes,Belo Horizonte,MG
"Lourdes_Belo Horizonte, Lourdes",1285339439.0,Lourdes,"Belo Horizonte, Lourdes",Lourdes,Belo Horizonte,MG
"Lourdes_Belo Horizonte, Lourdes",1285334050.0,Lourdes,"Belo Horizonte, Lourdes",Lourdes,Belo Horizonte,MG
"Lourdes_Belo Horizonte, Lourdes",1285300539.0,Lourdes,"Belo Horizonte, Lourdes",Lourdes,Belo Horizonte,MG
"Lourdes_Belo Horizonte, Lourdes",1285195534.0,Lourdes,"Belo Horizonte, Lourdes",Lourdes,Belo Horizonte,MG
"Lourdes_Belo Horizonte, Lourdes",1285189211.0,Lourdes,"Belo Horizonte, Lourdes",Lourdes,Belo Horizonte,MG
"Lourdes_Belo Horizonte, Lourdes",1285188897.0,Lourdes,"Belo Horizonte, Lourdes",Lourdes,Belo Horizonte,MG
"Lourdes_Belo Horizonte, Lourdes",1285188836.0,Lourdes,"Belo Horizonte, Lourdes",Lourdes,Belo Horizonte,MG
"Lourdes_Belo Horizonte, Lourdes",1285188823.0,Lourdes,"Belo Horizonte, Lourdes",Lourdes,Belo Horizonte,MG
"Lourdes_Belo Horizonte, Lourdes",1285188636.0,Lourdes,"Belo Horizonte, Lourdes",Lourdes,Belo Horizonte,MG
"Cidade Jardim_Belo Horizonte, Cidade Jardim",1285187753.0,Cidade Jardim,"Belo Horizonte, Cidade Jardim",Cidade Jardim,Belo Horizonte,MG
"Santo Agostinho_Belo Horizonte, Santo Agostinho",1285002048.0,Santo Agostinho,"Belo Horizonte, Santo Agostinho",Santo Agostinho,Belo Horizonte,MG
"Lourdes_Belo Horizonte, Lourdes",1284988050.0,Lourdes,"Belo Horizonte, Lourdes",Lourdes,Belo Horizonte,MG
"Lourdes_Belo Horizonte, Lourdes",1284791905.0,Lourdes,"Belo Horizonte, Lourdes",Lourdes,Belo Horizonte,MG
"Lourdes_Belo Horizonte, Lourdes",1284606797.0,Lourdes,"Belo Horizonte, Lourdes",Lourdes,Belo Horizonte,MG
"Lourdes_Belo Horizonte, Lourdes",1284210331.0,Lourdes,"Belo Horizonte, Lourdes",Lourdes,Belo Horizonte,MG
"Lourdes_Belo Horizonte, Lourdes",1284114798.0,Lourdes,"Belo Horizonte, Lourdes",Lourdes,Belo Horizonte,MG
"Lourdes_Belo Horizonte, Lourdes",1283913091.0,Lourdes,"Belo Horizonte, Lourdes",Lourdes,Belo Horizonte,MG
"Lourdes_Belo Horizonte, Lourdes",1283905574.0,Lourdes,"Belo Horizonte, Lourdes",Lourdes,Belo Horizonte,MG
"Lourdes_Belo Horizonte, Lourdes",1283802980.0,Lourdes,"Belo Horizonte, Lourdes",Lourdes,Belo Horizonte,MG
"Centro_Belo Horizonte, Centro",1283785741.0,Centro,"Belo Horizonte, Centro",Centro,Belo Horizonte,MG
"Lourdes_Belo Horizonte, Lourdes",1283761063.0,Lourdes,"Belo Horizonte, Lourdes",Lourdes,Belo Horizonte,MG
"Lourdes_Belo Horizonte, Lourdes",1283627206.0,Lourdes,"Belo Horizonte, Lourdes",Lourdes,Belo Horizonte,MG
"Lourdes_Belo Horizonte, Lourdes",1283572683.0,Lourdes,"Belo Horizonte, Lourdes",Lourdes,Belo Horizonte,MG
"Lourdes_Belo Horizonte, Lourdes",1283532983.0,Lourdes,"Belo Horizonte, Lourdes",Lourdes,Belo Horizonte,MG
"Centro_Belo Horizonte, Centro",1283429111.0,Centro,"Belo Horizonte, Centro",Centro,Belo Horizonte,MG
"Lourdes_Belo Horizonte, Lourdes",1283415358.0,Lourdes,"Belo Horizonte, Lourdes",Lourdes,Belo Horizonte,MG
"Lourdes_Belo Horizonte, Lourdes",1283403676.0,Lourdes,"Belo Horizonte, Lourdes",Lourdes,Belo Horizonte,MG
"Lourdes_Belo Horizonte, Lourdes",1283201001.0,Lourdes,"Belo Horizonte, Lourdes",Lourdes,Belo Horizonte,MG
"Lourdes_Belo Horizonte, Lourdes",1283182660.0,Lourdes,"Belo Horizonte, Lourdes",Lourdes,Belo Horizonte,MG
"Lourdes_Belo Horizonte, Lourdes",1283099481.0,Lourdes,"Belo Horizonte, Lourdes",Lourdes,Belo Horizonte,MG
"Lourdes_Belo Horizonte, Lourdes",1282857873.0,Lourdes,"Belo Horizonte, Lourdes",Lourdes,Belo Horizonte,MG
"Lourdes_Belo Horizonte, Lourdes",1282807869.0,Lourdes,"Belo Horizonte, Lourdes",Lourdes,Belo Horizonte,MG
"Santo Agostinho_Belo Horizonte, Santo Agostinho",1282658629.0,Santo Agostinho,"Belo Horizonte, Santo Agostinho",Santo Agostinho,Belo Horizonte,MG
"Lourdes_Belo Horizonte, Lourdes",1282413681.0,Lourdes,"Belo Horizonte, Lourdes",Lourdes,Belo Horizonte,MG
"Lourdes_Belo Horizonte, Lourdes",1282347974.0,Lourdes,"Belo Horizonte, Lourdes",Lourdes,Belo Horizonte,MG
"Lourdes_Belo Horizonte, Lourdes",1281969569.0,Lourdes,"Belo Horizonte, Lourdes",Lourdes,Belo Horizonte,MG
"Lourdes_Belo Horizonte, Lourdes",1281846936.0,Lourdes,"Belo Horizonte, Lourdes",Lourdes,Belo Horizonte,MG
"Centro_Belo Horizonte, Centro",1281777828.0,Centro,"Belo Horizonte, Centro",Centro,Belo Horizonte,MG
"Lourdes_Belo Horizonte, Lourdes",1281750300.0,Lourdes,"Belo Horizonte, Lourdes",Lourdes,Belo Horizonte,MG
"Lourdes_Belo Horizonte, Lourdes",1284026038.0,Lourdes,"Belo Horizonte, Lourdes",Lourdes,Belo Horizonte,MG
"Lourdes_Belo Horizonte, Lourdes",1281659030.0,Lourdes,"Belo Horizonte, Lourdes",Lourdes,Belo Horizonte,MG
"Lourdes_Belo Horizonte, Lourdes",1281649184.0,Lourdes,"Belo Horizonte, Lourdes",Lourdes,Belo Horizonte,MG
"Lourdes_Belo Horizonte, Lourdes",1281649089.0,Lourdes,"Belo Horizonte, Lourdes",Lourdes,Belo Horizonte,MG
"Lourdes_Belo Horizonte, Lourdes",1281592519.0,Lourdes,"Belo Horizonte, Lourdes",Lourdes,Belo Horizonte,MG
"Lourdes_Belo Horizonte, Lourdes",1281498501.0,Lourdes,"Belo Horizonte, Lourdes",Lourdes,Belo Horizonte,MG
"Lourdes_Belo Horizonte, Lourdes",1281451283.0,Lourdes,"Belo Horizonte, Lourdes",Lourdes,Belo Horizonte,MG
"Lourdes_Belo Horizonte, Lourdes",1281423523.0,Lourdes,"Belo Horizonte, Lourdes",Lourdes,Belo Horizonte,MG
"Lourdes_Belo Horizonte, Lourdes",1281068497.0,Lourdes,"Belo Horizonte, Lourdes",Lourdes,Belo Horizonte,MG
"Lourdes_Belo Horizonte, Lourdes",1281058784.0,Lourdes,"Belo Horizonte, Lourdes",Lourdes,Belo Horizonte,MG
"Centro_Belo Horizonte, Centro",1281057100.0,Centro,"Belo Horizonte, Centro",Centro,Belo Horizonte,MG
"Lourdes_Belo Horizonte, Lourdes",1281033395.0,Lourdes,"Belo Horizonte, Lourdes",Lourdes,Belo Horizonte,MG
"Lourdes_Belo Horizonte, Lourdes",1280672996.0,Lourdes,"Belo Horizonte, Lourdes",Lourdes,Belo Horizonte,MG
"Lourdes_Belo Horizonte, Lourdes",1280238697.0,Lourdes,"Belo Horizonte, Lourdes",Lourdes,Belo Horizonte,MG
"Lourdes_Belo Horizonte, Lourdes",1280137734.0,Lourdes,"Belo Horizonte, Lourdes",Lourdes,Belo Horizonte,MG
"Lourdes_Belo Horizonte, Lourdes",1279993788.0,Lourdes,"Belo Horizonte, Lourdes",Lourdes,Belo Horizonte,MG
"Lourdes_Belo Horizonte, Lourdes",1279795749.0,Lourdes,"Belo Horizonte, Lourdes",Lourdes,Belo Horizonte,MG
"Lourdes_Belo Horizonte, Lourdes",1279792569.0,Lourdes,"Belo Horizonte, Lourdes",Lourdes,Belo Horizonte,MG
"Lourdes_Belo Horizonte, Lourdes",1279664657.0,Lourdes,"Belo Horizonte, Lourdes",Lourdes,Belo Horizonte,MG
"Lourdes_Belo Horizonte, Lourdes",1279664523.0,Lourdes,"Belo Horizonte, Lourdes",Lourdes,Belo Horizonte,MG
"Lourdes_Belo Horizonte, Lourdes",1279664412.0,Lourdes,"Belo Horizonte, Lourdes",Lourdes,Belo Horizonte,MG
"Lourdes_Belo Horizonte, Lourdes",1279663994.0,Lourdes,"Belo Horizonte, Lourdes",Lourdes,Belo Horizonte,MG
"Lourdes_Belo Horizonte, Lourdes",1279663185.0,Lourdes,"Belo Horizonte, Lourdes",Lourdes,Belo Horizonte,MG
"Lourdes_Belo Horizonte, Lourdes",1279661766.0,Lourdes,"Belo Horizonte, Lourdes",Lourdes,Belo Horizonte,MG
"Lourdes_Belo Horizonte, Lourdes",1279661663.0,Lourdes,"Belo Horizonte, Lourdes",Lourdes,Belo Horizonte,MG
"Lourdes_Belo Horizonte, Lourdes",1279661148.0,Lourdes,"Belo Horizonte, Lourdes",Lourdes,Belo Horizonte,MG
"Lourdes_Belo Horizonte, Lourdes",1279613718.0,Lourdes,"Belo Horizonte, Lourdes",Lourdes,Belo Horizonte,MG
"Lourdes_Belo Horizonte, Lourdes",1279461674.0,Lourdes,"Belo Horizonte, Lourdes",Lourdes,Belo Horizonte,MG
"Lourdes_Belo Horizonte, Lourdes",1278598886.0,Lourdes,"Belo Horizonte, Lourdes",Lourdes,Belo Horizonte,MG
"Lourdes_Belo Horizonte, Lourdes",1278598868.0,Lourdes,"Belo Horizonte, Lourdes",Lourdes,Belo Horizonte,MG
"Lourdes_Belo Horizonte, Lourdes",1278598840.0,Lourdes,"Belo Horizonte, Lourdes",Lourdes,Belo Horizonte,MG
"Lourdes_Belo Horizonte, Lourdes",1278598759.0,Lourdes,"Belo Horizonte, Lourdes",Lourdes,Belo Horizonte,MG
"Lourdes_Belo Horizonte, Lourdes",1278374079.0,Lourdes,"Belo Horizonte, Lourdes",Lourdes,Belo Horizonte,MG
"Lourdes_Belo Horizonte, Lourdes",1278367703.0,Lourdes,"Belo Horizonte, Lourdes",Lourdes,Belo Horizonte,MG
"Lourdes_Belo Horizonte, Lourdes",1278366890.0,Lourdes,"Belo Horizonte, Lourdes",Lourdes,Belo Horizonte,MG
"Centro_Belo Horizonte, Centro",1278366884.0,Centro,"Belo Horizonte, Centro",Centro,Belo Horizonte,MG
"Lourdes_Belo Horizonte, Lourdes",1278366771.0,Lourdes,"Belo Horizonte, Lourdes",Lourdes,Belo Horizonte,MG
"Lourdes_Belo Horizonte, Lourdes",1278366732.0,Lourdes,"Belo Horizonte, Lourdes",Lourdes,Belo Horizonte,MG
"Lourdes_Belo Horizonte, Lourdes",1278366298.0,Lourdes,"Belo Horizonte, Lourdes",Lourdes,Belo Horizonte,MG
"Lourdes_Belo Horizonte, Lourdes",1278364950.0,Lourdes,"Belo Horizonte, Lourdes",Lourdes,Belo Horizonte,MG
"Lourdes_Belo Horizonte, Lourdes",1278356556.0,Lourdes,"Belo Horizonte, Lourdes",Lourdes,Belo Horizonte,MG
"Lourdes_Belo Horizonte, Lourdes",1278330348.0,Lourdes,"Belo Horizonte, Lourdes",Lourdes,Belo Horizonte,MG
"Lourdes_Belo Horizonte, Lourdes",1278329407.0,Lourdes,"Belo Horizonte, Lourdes",Lourdes,Belo Horizonte,MG
"Lourdes_Belo Horizonte, Lourdes",1278329207.0,Lourdes,"Belo Horizonte, Lourdes",Lourdes,Belo Horizonte,MG
"Lourdes_Belo Horizonte, Lourdes",1278329126.0,Lourdes,"Belo Horizonte, Lourdes",Lourdes,Belo Horizonte,MG
"Lourdes_Belo Horizonte, Lourdes",1278329058.0,Lourdes,"Belo Horizonte, Lourdes",Lourdes,Belo Horizonte,MG
"Lourdes_Belo Horizonte, Lourdes",1278328980.0,Lourdes,"Belo Horizonte, Lourdes",Lourdes,Belo Horizonte,MG
"Lourdes_Belo Horizonte, Lourdes",1278328749.0,Lourdes,"Belo Horizonte, Lourdes",Lourdes,Belo Horizonte,MG
"Lourdes_Belo Horizonte, Lourdes",1278328736.0,Lourdes,"Belo Horizonte, Lourdes",Lourdes,Belo Horizonte,MG
"Lourdes_Belo Horizonte, Lourdes",1278244051.0,Lourdes,"Belo Horizonte, Lourdes",Lourdes,Belo Horizonte,MG
"Lourdes_Belo Horizonte, Lourdes",1278242956.0,Lourdes,"Belo Horizonte, Lourdes",Lourdes,Belo Horizonte,MG
"Lourdes_Belo Horizonte, Lourdes",1278227737.0,Lourdes,"Belo Horizonte, Lourdes",Lourdes,Belo Horizonte,MG
"Lourdes_Belo Horizonte, Lourdes",1278223470.0,Lourdes,"Belo Horizonte, Lourdes",Lourdes,Belo Horizonte,MG
"Lourdes_Belo Horizonte, Lourdes",1278222685.0,Lourdes,"Belo Horizonte, Lourdes",Lourdes,Belo Horizonte,MG
"Lourdes_Belo Horizonte, Lourdes",1278222635.0,Lourdes,"Belo Horizonte, Lourdes",Lourdes,Belo Horizonte,MG
"Centro_Belo Horizonte, Centro",1278221511.0,Centro,"Belo Horizonte, Centro",Centro,Belo Horizonte,MG
"Lourdes_Belo Horizonte, Lourdes",1278218613.0,Lourdes,"Belo Horizonte, Lourdes",Lourdes,Belo Horizonte,MG
"Lourdes_Belo Horizonte, Lourdes",1278108110.0,Lourdes,"Belo Horizonte, Lourdes",Lourdes,Belo Horizonte,MG
"Lourdes_Belo Horizonte, Lourdes",1278072796.0,Lourdes,"Belo Horizonte, Lourdes",Lourdes,Belo Horizonte,MG
"Lourdes_Belo Horizonte, Lourdes",1278072660.0,Lourdes,"Belo Horizonte, Lourdes",Lourdes,Belo Horizonte,MG
"Lourdes_Belo Horizonte, Lourdes",1278064638.0,Lourdes,"Belo Horizonte, Lourdes",Lourdes,Belo Horizonte,MG
"Lourdes_Belo Horizonte, Lourdes",1278064214.0,Lourdes,"Belo Horizonte, Lourdes",Lourdes,Belo Horizonte,MG
"Lourdes_Belo Horizonte, Lourdes",1278064196.0,Lourdes,"Belo Horizonte, Lourdes",Lourdes,Belo Horizonte,MG
"Lourdes_Belo Horizonte, Lourdes",1278064178.0,Lourdes,"Belo Horizonte, Lourdes",Lourdes,Belo Horizonte,MG
"Lourdes_Belo Horizonte, Lourdes",1278064078.0,Lourdes,"Belo Horizonte, Lourdes",Lourdes,Belo Horizonte,MG
"Lourdes_Belo Horizonte, Lourdes",1278064040.0,Lourdes,"Belo Horizonte, Lourdes",Lourdes,Belo Horizonte,MG
"Lourdes_Belo Horizonte, Lourdes",1278063962.0,Lourdes,"Belo Horizonte, Lourdes",Lourdes,Belo Horizonte,MG
"Lourdes_Belo Horizonte, Lourdes",1278063947.0,Lourdes,"Belo Horizonte, Lourdes",Lourdes,Belo Horizonte,MG
"Lourdes_Belo Horizonte, Lourdes",1278063892.0,Lourdes,"Belo Horizonte, Lourdes",Lourdes,Belo Horizonte,MG
"Lourdes_Belo Horizonte, Lourdes",1278063841.0,Lourdes,"Belo Horizonte, Lourdes",Lourdes,Belo Horizonte,MG
"Lourdes_Belo Horizonte, Lourdes",1278063794.0,Lourdes,"Belo Horizonte, Lourdes",Lourdes,Belo Horizonte,MG
"Lourdes_Belo Horizonte, Lourdes",1278063780.0,Lourdes,"Belo Horizonte, Lourdes",Lourdes,Belo Horizonte,MG
"Lourdes_Belo Horizonte, Lourdes",1278063722.0,Lourdes,"Belo Horizonte, Lourdes",Lourdes,Belo Horizonte,MG
"Lourdes_Belo Horizonte, Lourdes",1278063673.0,Lourdes,"Belo Horizonte, Lourdes",Lourdes,Belo Horizonte,MG
"Lourdes_Belo Horizonte, Lourdes",1278063672.0,Lourdes,"Belo Horizonte, Lourdes",Lourdes,Belo Horizonte,MG
"Lourdes_Belo Horizonte, Lourdes",1278063605.0,Lourdes,"Belo Horizonte, Lourdes",Lourdes,Belo Horizonte,MG
"Lourdes_Belo Horizonte, Lourdes",1278063525.0,Lourdes,"Belo Horizonte, Lourdes",Lourdes,Belo Horizonte,MG
"Lourdes_Belo Horizonte, Lourdes",1278063516.0,Lourdes,"Belo Horizonte, Lourdes",Lourdes,Belo Horizonte,MG
"Lourdes_Belo Horizonte, Lourdes",1278063477.0,Lourdes,"Belo Horizonte, Lourdes",Lourdes,Belo Horizonte,MG
"Lourdes_Belo Horizonte, Lourdes",1278063418.0,Lourdes,"Belo Horizonte, Lourdes",Lourdes,Belo Horizonte,MG
"Lourdes_Belo Horizonte, Lourdes",1278063423.0,Lourdes,"Belo Horizonte, Lourdes",Lourdes,Belo Horizonte,MG
"Lourdes_Belo Horizonte, Lourdes",1278063386.0,Lourdes,"Belo Horizonte, Lourdes",Lourdes,Belo Horizonte,MG
"Lourdes_Belo Horizonte, Lourdes",1278063404.0,Lourdes,"Belo Horizonte, Lourdes",Lourdes,Belo Horizonte,MG
"Lourdes_Belo Horizonte, Lourdes",1278063308.0,Lourdes,"Belo Horizonte, Lourdes",Lourdes,Belo Horizonte,MG
"Lourdes_Belo Horizonte, Lourdes",1278063293.0,Lourdes,"Belo Horizonte, Lourdes",Lourdes,Belo Horizonte,MG
"Lourdes_Belo Horizonte, Lourdes",1278063303.0,Lourdes,"Belo Horizonte, Lourdes",Lourdes,Belo Horizonte,MG
"Lourdes_Belo Horizonte, Lourdes",1278063177.0,Lourdes,"Belo Horizonte, Lourdes",Lourdes,Belo Horizonte,MG
"Lourdes_Belo Horizonte, Lourdes",1278063153.0,Lourdes,"Belo Horizonte, Lourdes",Lourdes,Belo Horizonte,MG
"Lourdes_Belo Horizonte, Lourdes",1278063132.0,Lourdes,"Belo Horizonte, Lourdes",Lourdes,Belo Horizonte,MG
"Lourdes_Belo Horizonte, Lourdes",1278062977.0,Lourdes,"Belo Horizonte, Lourdes",Lourdes,Belo Horizonte,MG
"Lourdes_Belo Horizonte, Lourdes",1278062947.0,Lourdes,"Belo Horizonte, Lourdes",Lourdes,Belo Horizonte,MG
"Lourdes_Belo Horizonte, Lourdes",1278062936.0,Lourdes,"Belo Horizonte, Lourdes",Lourdes,Belo Horizonte,MG
"Lourdes_Belo Horizonte, Lourdes",1278062843.0,Lourdes,"Belo Horizonte, Lourdes",Lourdes,Belo Horizonte,MG
"Lourdes_Belo Horizonte, Lourdes",1278062815.0,Lourdes,"Belo Horizonte, Lourdes",Lourdes,Belo Horizonte,MG
"Lourdes_Belo Horizonte, Lourdes",1278062772.0,Lourdes,"Belo Horizonte, Lourdes",Lourdes,Belo Horizonte,MG
"Lourdes_Belo Horizonte, Lourdes",1278062737.0,Lourdes,"Belo Horizonte, Lourdes",Lourdes,Belo Horizonte,MG
"Lourdes_Belo Horizonte, Lourdes",1278062676.0,Lourdes,"Belo Horizonte, Lourdes",Lourdes,Belo Horizonte,MG
"Lourdes_Belo Horizonte, Lourdes",1278062678.0,Lourdes,"Belo Horizonte, Lourdes",Lourdes,Belo Horizonte,MG
"Lourdes_Belo Horizonte, Lourdes",1278062669.0,Lourdes,"Belo Horizonte, Lourdes",Lourdes,Belo Horizonte,MG
"Lourdes_Belo Horizonte, Lourdes",1278062632.0,Lourdes,"Belo Horizonte, Lourdes",Lourdes,Belo Horizonte,MG
"Lourdes_Belo Horizonte, Lourdes",1278062505.0,Lourdes,"Belo Horizonte, Lourdes",Lourdes,Belo Horizonte,MG
"Lourdes_Belo Horizonte, Lourdes",1278062486.0,Lourdes,"Belo Horizonte, Lourdes",Lourdes,Belo Horizonte,MG
"Lourdes_Belo Horizonte, Lourdes",1278062347.0,Lourdes,"Belo Horizonte, Lourdes",Lourdes,Belo Horizonte,MG
"Lourdes_Belo Horizonte, Lourdes",1278062325.0,Lourdes,"Belo Horizonte, Lourdes",Lourdes,Belo Horizonte,MG
"Lourdes_Belo Horizonte, Lourdes",1278062284.0,Lourdes,"Belo Horizonte, Lourdes",Lourdes,Belo Horizonte,MG
"Lourdes_Belo Horizonte, Lourdes",1278062214.0,Lourdes,"Belo Horizonte, Lourdes",Lourdes,Belo Horizonte,MG
"Lourdes_Belo Horizonte, Lourdes",1278062203.0,Lourdes,"Belo Horizonte, Lourdes",Lourdes,Belo Horizonte,MG
"Lourdes_Belo Horizonte, Lourdes",1278062170.0,Lourdes,"Belo Horizonte, Lourdes",Lourdes,Belo Horizonte,MG
"Lourdes_Belo Horizonte, Lourdes",1278062137.0,Lourdes,"Belo Horizonte, Lourdes",Lourdes,Belo Horizonte,MG
"Lourdes_Belo Horizonte, Lourdes",1278062141.0,Lourdes,"Belo Horizonte, Lourdes",Lourdes,Belo Horizonte,MG
"Lourdes_Belo Horizonte, Lourdes",1278062142.0,Lourdes,"Belo Horizonte, Lourdes",Lourdes,Belo Horizonte,MG
"Lourdes_Belo Horizonte, Lourdes",1278062095.0,Lourdes,"Belo Horizonte, Lourdes",Lourdes,Belo Horizonte,MG
"Lourdes_Belo Horizonte, Lourdes",1278062090.0,Lourdes,"Belo Horizonte, Lourdes",Lourdes,Belo Horizonte,MG
"Lourdes_Belo Horizonte, Lourdes",1278062049.0,Lourdes,"Belo Horizonte, Lourdes",Lourdes,Belo Horizonte,MG
"Lourdes_Belo Horizonte, Lourdes",1278061950.0,Lourdes,"Belo Horizonte, Lourdes",Lourdes,Belo Horizonte,MG
"Lourdes_Belo Horizonte, Lourdes",1278061919.0,Lourdes,"Belo Horizonte, Lourdes",Lourdes,Belo Horizonte,MG
"Lourdes_Belo Horizonte, Lourdes",1278061796.0,Lourdes,"Belo Horizonte, Lourdes",Lourdes,Belo Horizonte,MG
"Lourdes_Belo Horizonte, Lourdes",1278061745.0,Lourdes,"Belo Horizonte, Lourdes",Lourdes,Belo Horizonte,MG
"Lourdes_Belo Horizonte, Lourdes",1278061685.0,Lourdes,"Belo Horizonte, Lourdes",Lourdes,Belo Horizonte,MG
"Lourdes_Belo Horizonte, Lourdes",1278061638.0,Lourdes,"Belo Horizonte, Lourdes",Lourdes,Belo Horizonte,MG
"Lourdes_Belo Horizonte, Lourdes",1278061484.0,Lourdes,"Belo Horizonte, Lourdes",Lourdes,Belo Horizonte,MG
"Lourdes_Belo Horizonte, Lourdes",1278061461.0,Lourdes,"Belo Horizonte, Lourdes",Lourdes,Belo Horizonte,MG
"Lourdes_Belo Horizonte, Lourdes",1278061455.0,Lourdes,"Belo Horizonte, Lourdes",Lourdes,Belo Horizonte,MG
"Lourdes_Belo Horizonte, Lourdes",1278061375.0,Lourdes,"Belo Horizonte, Lourdes",Lourdes,Belo Horizonte,MG
"Lourdes_Belo Horizonte, Lourdes",1278061344.0,Lourdes,"Belo Horizonte, Lourdes",Lourdes,Belo Horizonte,MG
"Lourdes_Belo Horizonte, Lourdes",1278061341.0,Lourdes,"Belo Horizonte, Lourdes",Lourdes,Belo Horizonte,MG
"Lourdes_Belo Horizonte, Lourdes",1278061307.0,Lourdes,"Belo Horizonte, Lourdes",Lourdes,Belo Horizonte,MG
"Lourdes_Belo Horizonte, Lourdes",1278061275.0,Lourdes,"Belo Horizonte, Lourdes",Lourdes,Belo Horizonte,MG
"Lourdes_Belo Horizonte, Lourdes",1278061259.0,Lourdes,"Belo Horizonte, Lourdes",Lourdes,Belo Horizonte,MG
"Lourdes_Belo Horizonte, Lourdes",1278061229.0,Lourdes,"Belo Horizonte, Lourdes",Lourdes,Belo Horizonte,MG
"Lourdes_Belo Horizonte, Lourdes",1278061199.0,Lourdes,"Belo Horizonte, Lourdes",Lourdes,Belo Horizonte,MG
"Lourdes_Belo Horizonte, Lourdes",1278061076.0,Lourdes,"Belo Horizonte, Lourdes",Lourdes,Belo Horizonte,MG
"Lourdes_Belo Horizonte, Lourdes",1278061056.0,Lourdes,"Belo Horizonte, Lourdes",Lourdes,Belo Horizonte,MG
"Lourdes_Belo Horizonte, Lourdes",1278060954.0,Lourdes,"Belo Horizonte, Lourdes",Lourdes,Belo Horizonte,MG
"Lourdes_Belo Horizonte, Lourdes",1278060914.0,Lourdes,"Belo Horizonte, Lourdes",Lourdes,Belo Horizonte,MG
"Lourdes_Belo Horizonte, Lourdes",1278060872.0,Lourdes,"Belo Horizonte, Lourdes",Lourdes,Belo Horizonte,MG
"Lourdes_Belo Horizonte, Lourdes",1277875683.0,Lourdes,"Belo Horizonte, Lourdes",Lourdes,Belo Horizonte,MG
"Lourdes_Belo Horizonte, Lourdes",1277847743.0,Lourdes,"Belo Horizonte, Lourdes",Lourdes,Belo Horizonte,MG
"Lourdes_Belo Horizonte, Lourdes",1277811002.0,Lourdes,"Belo Horizonte, Lourdes",Lourdes,Belo Horizonte,MG
"Lourdes_Belo Horizonte, Lourdes",1277468732.0,Lourdes,"Belo Horizonte, Lourdes",Lourdes,Belo Horizonte,MG
"Lourdes_Belo Horizonte, Lourdes",1277468548.0,Lourdes,"Belo Horizonte, Lourdes",Lourdes,Belo Horizonte,MG
"Lourdes_Belo Horizonte, Lourdes",1277429691.0,Lourdes,"Belo Horizonte, Lourdes",Lourdes,Belo Horizonte,MG
"Lourdes_Belo Horizonte, Lourdes",1277428843.0,Lourdes,"Belo Horizonte, Lourdes",Lourdes,Belo Horizonte,MG
"Lourdes_Belo Horizonte, Lourdes",1277428746.0,Lourdes,"Belo Horizonte, Lourdes",Lourdes,Belo Horizonte,MG
"Lourdes_Belo Horizonte, Lourdes",1277428579.0,Lourdes,"Belo Horizonte, Lourdes",Lourdes,Belo Horizonte,MG
"Lourdes_Belo Horizonte, Lourdes",1277428278.0,Lourdes,"Belo Horizonte, Lourdes",Lourdes,Belo Horizonte,MG
"Lourdes_Belo Horizonte, Lourdes",1277420843.0,Lourdes,"Belo Horizonte, Lourdes",Lourdes,Belo Horizonte,MG
"Lourdes_Belo Horizonte, Lourdes",1277420733.0,Lourdes,"Belo Horizonte, Lourdes",Lourdes,Belo Horizonte,MG
"Lourdes_Belo Horizonte, Lourdes",1277420662.0,Lourdes,"Belo Horizonte, Lourdes",Lourdes,Belo Horizonte,MG
"Lourdes_Belo Horizonte, Lourdes",1277420573.0,Lourdes,"Belo Horizonte, Lourdes",Lourdes,Belo Horizonte,MG
"Lourdes_Belo Horizonte, Lourdes",1277420533.0,Lourdes,"Belo Horizonte, Lourdes",Lourdes,Belo Horizonte,MG
"Lourdes_Belo Horizonte, Lourdes",1277414082.0,Lourdes,"Belo Horizonte, Lourdes",Lourdes,Belo Horizonte,MG
"Lourdes_Belo Horizonte, Lourdes",1277297599.0,Lourdes,"Belo Horizonte, Lourdes",Lourdes,Belo Horizonte,MG
"Lourdes_Belo Horizonte, Lourdes",1277096875.0,Lourdes,"Belo Horizonte, Lourdes",Lourdes,Belo Horizonte,MG
"Santo Antônio_Belo Horizonte, Santo Antônio",1277027427.0,Santo Antônio,"Belo Horizonte, Santo Antônio",Santo Antônio,Belo Horizonte,MG
"Lourdes_Belo Horizonte, Lourdes",1277027236.0,Lourdes,"Belo Horizonte, Lourdes",Lourdes,Belo Horizonte,MG
"Lourdes_Belo Horizonte, Lourdes",1277026966.0,Lourdes,"Belo Horizonte, Lourdes",Lourdes,Belo Horizonte,MG
"Lourdes_Belo Horizonte, Lourdes",1277026953.0,Lourdes,"Belo Horizonte, Lourdes",Lourdes,Belo Horizonte,MG
"Lourdes_Belo Horizonte, Lourdes",1276963412.0,Lourdes,"Belo Horizonte, Lourdes",Lourdes,Belo Horizonte,MG
"Lourdes_Belo Horizonte, Lourdes",1276948914.0,Lourdes,"Belo Horizonte, Lourdes",Lourdes,Belo Horizonte,MG
"Cidade Jardim_Belo Horizonte, Cidade Jardim",1276485258.0,Cidade Jardim,"Belo Horizonte, Cidade Jardim",Cidade Jardim,Belo Horizonte,MG
"Lourdes_Belo Horizonte, Lourdes",1276327719.0,Lourdes,"Belo Horizonte, Lourdes",Lourdes,Belo Horizonte,MG
"Lourdes_Belo Horizonte, Lourdes",1276252864.0,Lourdes,"Belo Horizonte, Lourdes",Lourdes,Belo Horizonte,MG
"Lourdes_Belo Horizonte, Lourdes",1276183215.0,Lourdes,"Belo Horizonte, Lourdes",Lourdes,Belo Horizonte,MG
"Lourdes_Belo Horizonte, Lourdes",1275998425.0,Lourdes,"Belo Horizonte, Lourdes",Lourdes,Belo Horizonte,MG
"Lourdes_Belo Horizonte, Lourdes",1275974239.0,Lourdes,"Belo Horizonte, Lourdes",Lourdes,Belo Horizonte,MG
"Lourdes_Belo Horizonte, Lourdes",1275930743.0,Lourdes,"Belo Horizonte, Lourdes",Lourdes,Belo Horizonte,MG
"Lourdes_Belo Horizonte, Lourdes",1275703161.0,Lourdes,"Belo Horizonte, Lourdes",Lourdes,Belo Horizonte,MG
"Lourdes_Belo Horizonte, Lourdes",1275384622.0,Lourdes,"Belo Horizonte, Lourdes",Lourdes,Belo Horizonte,MG
"Lourdes_Belo Horizonte, Lourdes",1275320154.0,Lourdes,"Belo Horizonte, Lourdes",Lourdes,Belo Horizonte,MG
"Lourdes_Belo Horizonte, Lourdes",1275309522.0,Lourdes,"Belo Horizonte, Lourdes",Lourdes,Belo Horizonte,MG
"Lourdes_Belo Horizonte, Lourdes",1275302407.0,Lourdes,"Belo Horizonte, Lourdes",Lourdes,Belo Horizonte,MG
"Lourdes_Belo Horizonte, Lourdes",1274971949.0,Lourdes,"Belo Horizonte, Lourdes",Lourdes,Belo Horizonte,MG
"Lourdes_Belo Horizonte, Lourdes",1274953473.0,Lourdes,"Belo Horizonte, Lourdes",Lourdes,Belo Horizonte,MG
"Lourdes_Belo Horizonte, Lourdes",1274945394.0,Lourdes,"Belo Horizonte, Lourdes",Lourdes,Belo Horizonte,MG
"Lourdes_Belo Horizonte, Lourdes",1274935483.0,Lourdes,"Belo Horizonte, Lourdes",Lourdes,Belo Horizonte,MG
"Lourdes_Belo Horizonte, Lourdes",1274302986.0,Lourdes,"Belo Horizonte, Lourdes",Lourdes,Belo Horizonte,MG
"Lourdes_Belo Horizonte, Lourdes",1274277849.0,Lourdes,"Belo Horizonte, Lourdes",Lourdes,Belo Horizonte,MG
"Lourdes_Belo Horizonte, Lourdes",1274232882.0,Lourdes,"Belo Horizonte, Lourdes",Lourdes,Belo Horizonte,MG
"Lourdes_Belo Horizonte, Lourdes",1274182936.0,Lourdes,"Belo Horizonte, Lourdes",Lourdes,Belo Horizonte,MG
"Lourdes_Belo Horizonte, Lourdes",1274143538.0,Lourdes,"Belo Horizonte, Lourdes",Lourdes,Belo Horizonte,MG
"Lourdes_Belo Horizonte, Lourdes",1274096399.0,Lourdes,"Belo Horizonte, Lourdes",Lourdes,Belo Horizonte,MG
"Lourdes_Belo Horizonte, Lourdes",1273977006.0,Lourdes,"Belo Horizonte, Lourdes",Lourdes,Belo Horizonte,MG
"Lourdes_Belo Horizonte, Lourdes",1273929801.0,Lourdes,"Belo Horizonte, Lourdes",Lourdes,Belo Horizonte,MG
"Lourdes_Belo Horizonte, Lourdes",1273835607.0,Lourdes,"Belo Horizonte, Lourdes",Lourdes,Belo Horizonte,MG
"Lourdes_Belo Horizonte, Lourdes",1273829772.0,Lourdes,"Belo Horizonte, Lourdes",Lourdes,Belo Horizonte,MG
"Lourdes_Belo Horizonte, Lourdes",1273819218.0,Lourdes,"Belo Horizonte, Lourdes",Lourdes,Belo Horizonte,MG
"Lourdes_Belo Horizonte, Lourdes",1273806968.0,Lourdes,"Belo Horizonte, Lourdes",Lourdes,Belo Horizonte,MG
"Lourdes_Belo Horizonte, Lourdes",1273724226.0,Lourdes,"Belo Horizonte, Lourdes",Lourdes,Belo Horizonte,MG
"Lourdes_Belo Horizonte, Lourdes",1273657373.0,Lourdes,"Belo Horizonte, Lourdes",Lourdes,Belo Horizonte,MG
"Lourdes_Belo Horizonte, Lourdes",1273524549.0,Lourdes,"Belo Horizonte, Lourdes",Lourdes,Belo Horizonte,MG
"Lourdes_Belo Horizonte, Lourdes",1273493715.0,Lourdes,"Belo Horizonte, Lourdes",Lourdes,Belo Horizonte,MG
"Lourdes_Belo Horizonte, Lourdes",1273493713.0,Lourdes,"Belo Horizonte, Lourdes",Lourdes,Belo Horizonte,MG
"Lourdes_Belo Horizonte, Lourdes",1273493668.0,Lourdes,"Belo Horizonte, Lourdes",Lourdes,Belo Horizonte,MG
"Lourdes_Belo Horizonte, Lourdes",1273493539.0,Lourdes,"Belo Horizonte, Lourdes",Lourdes,Belo Horizonte,MG
"Lourdes_Belo Horizonte, Lourdes",1273252050.0,Lourdes,"Belo Horizonte, Lourdes",Lourdes,Belo Horizonte,MG
"Lourdes_Belo Horizonte, Lourdes",1273240273.0,Lourdes,"Belo Horizonte, Lourdes",Lourdes,Belo Horizonte,MG
"Lourdes_Belo Horizonte, Lourdes",1273180157.0,Lourdes,"Belo Horizonte, Lourdes",Lourdes,Belo Horizonte,MG
"Lourdes_Belo Horizonte, Lourdes",1273179883.0,Lourdes,"Belo Horizonte, Lourdes",Lourdes,Belo Horizonte,MG
"Lourdes_Belo Horizonte, Lourdes",1273179707.0,Lourdes,"Belo Horizonte, Lourdes",Lourdes,Belo Horizonte,MG
"Centro_Belo Horizonte, Centro",1273172308.0,Centro,"Belo Horizonte, Centro",Centro,Belo Horizonte,MG
"Santo Agostinho_Belo Horizonte, Santo Agostinho",1273171806.0,Santo Agostinho,"Belo Horizonte, Santo Agostinho",Santo Agostinho,Belo Horizonte,MG
"Lourdes_Belo Horizonte, Lourdes",1273084243.0,Lourdes,"Belo Horizonte, Lourdes",Lourdes,Belo Horizonte,MG
"Lourdes_Belo Horizonte, Lourdes",1273084038.0,Lourdes,"Belo Horizonte, Lourdes",Lourdes,Belo Horizonte,MG
"Lourdes_Belo Horizonte, Lourdes",1272985367.0,Lourdes,"Belo Horizonte, Lourdes",Lourdes,Belo Horizonte,MG
"Lourdes_Belo Horizonte, Lourdes",1272976812.0,Lourdes,"Belo Horizonte, Lourdes",Lourdes,Belo Horizonte,MG
"Lourdes_Belo Horizonte, Lourdes",1272298572.0,Lourdes,"Belo Horizonte, Lourdes",Lourdes,Belo Horizonte,MG
"Lourdes_Belo Horizonte, Lourdes",1272139978.0,Lourdes,"Belo Horizonte, Lourdes",Lourdes,Belo Horizonte,MG
"Lourdes_Belo Horizonte, Lourdes",1272020886.0,Lourdes,"Belo Horizonte, Lourdes",Lourdes,Belo Horizonte,MG
"Lourdes_Belo Horizonte, Lourdes",1271989346.0,Lourdes,"Belo Horizonte, Lourdes",Lourdes,Belo Horizonte,MG
"Lourdes_Belo Horizonte, Lourdes",1271988134.0,Lourdes,"Belo Horizonte, Lourdes",Lourdes,Belo Horizonte,MG
"Lourdes_Belo Horizonte, Lourdes",1271981745.0,Lourdes,"Belo Horizonte, Lourdes",Lourdes,Belo Horizonte,MG
"Lourdes_Belo Horizonte, Lourdes",1271973445.0,Lourdes,"Belo Horizonte, Lourdes",Lourdes,Belo Horizonte,MG
"Lourdes_Belo Horizonte, Lourdes",1271973208.0,Lourdes,"Belo Horizonte, Lourdes",Lourdes,Belo Horizonte,MG
"Lourdes_Belo Horizonte, Lourdes",1271972865.0,Lourdes,"Belo Horizonte, Lourdes",Lourdes,Belo Horizonte,MG
"Lourdes_Belo Horizonte, Lourdes",1271708932.0,Lourdes,"Belo Horizonte, Lourdes",Lourdes,Belo Horizonte,MG
"Lourdes_Belo Horizonte, Lourdes",1271708491.0,Lourdes,"Belo Horizonte, Lourdes",Lourdes,Belo Horizonte,MG
"Lourdes_Belo Horizonte, Lourdes",1271693973.0,Lourdes,"Belo Horizonte, Lourdes",Lourdes,Belo Horizonte,MG
"Lourdes_Belo Horizonte, Lourdes",1271646292.0,Lourdes,"Belo Horizonte, Lourdes",Lourdes,Belo Horizonte,MG
"Lourdes_Belo Horizonte, Lourdes",1271432310.0,Lourdes,"Belo Horizonte, Lourdes",Lourdes,Belo Horizonte,MG
"Lourdes_Belo Horizonte, Lourdes",1271362617.0,Lourdes,"Belo Horizonte, Lourdes",Lourdes,Belo Horizonte,MG
"Centro_Belo Horizonte, Centro",1271336930.0,Centro,"Belo Horizonte, Centro",Centro,Belo Horizonte,MG
"Lourdes_Belo Horizonte, Lourdes",1271330348.0,Lourdes,"Belo Horizonte, Lourdes",Lourdes,Belo Horizonte,MG
"Lourdes_Belo Horizonte, Lourdes",1270799167.0,Lourdes,"Belo Horizonte, Lourdes",Lourdes,Belo Horizonte,MG
"Lourdes_Belo Horizonte, Lourdes",1270635780.0,Lourdes,"Belo Horizonte, Lourdes",Lourdes,Belo Horizonte,MG
"Lourdes_Belo Horizonte, Lourdes",1270476006.0,Lourdes,"Belo Horizonte, Lourdes",Lourdes,Belo Horizonte,MG
"Lourdes_Belo Horizonte, Lourdes",1270338500.0,Lourdes,"Belo Horizonte, Lourdes",Lourdes,Belo Horizonte,MG
"Lourdes_Belo Horizonte, Lourdes",1269807317.0,Lourdes,"Belo Horizonte, Lourdes",Lourdes,Belo Horizonte,MG
"Lourdes_Belo Horizonte, Lourdes",1269804202.0,Lourdes,"Belo Horizonte, Lourdes",Lourdes,Belo Horizonte,MG
"Santo Agostinho_Belo Horizonte, Santo Agostinho",1269513911.0,Santo Agostinho,"Belo Horizonte, Santo Agostinho",Santo Agostinho,Belo Horizonte,MG
"Santo Agostinho_Belo Horizonte, Santo Agostinho",1269513850.0,Santo Agostinho,"Belo Horizonte, Santo Agostinho",Santo Agostinho,Belo Horizonte,MG
"Santo Agostinho_Belo Horizonte, Santo Agostinho",1269513854.0,Santo Agostinho,"Belo Horizonte, Santo Agostinho",Santo Agostinho,Belo Horizonte,MG
"Lourdes_Belo Horizonte, Lourdes",1269489608.0,Lourdes,"Belo Horizonte, Lourdes",Lourdes,Belo Horizonte,MG
"Centro_Belo Horizonte, Centro",1269488528.0,Centro,"Belo Horizonte, Centro",Centro,Belo Horizonte,MG
"Centro_Belo Horizonte, Centro",1269488522.0,Centro,"Belo Horizonte, Centro",Centro,Belo Horizonte,MG
"Lourdes_Belo Horizonte, Lourdes",1269166893.0,Lourdes,"Belo Horizonte, Lourdes",Lourdes,Belo Horizonte,MG
"Lourdes_Belo Horizonte, Lourdes",1269121653.0,Lourdes,"Belo Horizonte, Lourdes",Lourdes,Belo Horizonte,MG
"Lourdes_Belo Horizonte, Lourdes",1269119699.0,Lourdes,"Belo Horizonte, Lourdes",Lourdes,Belo Horizonte,MG
"Lourdes_Belo Horizonte, Lourdes",1268891326.0,Lourdes,"Belo Horizonte, Lourdes",Lourdes,Belo Horizonte,MG
"Lourdes_Belo Horizonte, Lourdes",1268808730.0,Lourdes,"Belo Horizonte, Lourdes",Lourdes,Belo Horizonte,MG
"Lourdes_Belo Horizonte, Lourdes",1268622296.0,Lourdes,"Belo Horizonte, Lourdes",Lourdes,Belo Horizonte,MG
"Lourdes_Belo Horizonte, Lourdes",1268622286.0,Lourdes,"Belo Horizonte, Lourdes",Lourdes,Belo Horizonte,MG
"Lourdes_Belo Horizonte, Lourdes",1268444715.0,Lourdes,"Belo Horizonte, Lourdes",Lourdes,Belo Horizonte,MG
"Lourdes_Belo Horizonte, Lourdes",1268434954.0,Lourdes,"Belo Horizonte, Lourdes",Lourdes,Belo Horizonte,MG
"Lourdes_Belo Horizonte, Lourdes",1268332813.0,Lourdes,"Belo Horizonte, Lourdes",Lourdes,Belo Horizonte,MG
"Cidade Jardim_Belo Horizonte, Cidade Jardim",1268272316.0,Cidade Jardim,"Belo Horizonte, Cidade Jardim",Cidade Jardim,Belo Horizonte,MG
"Centro_Belo Horizonte, Centro",1267794927.0,Centro,"Belo Horizonte, Centro",Centro,Belo Horizonte,MG
"Lourdes_Belo Horizonte, Lourdes",1267679244.0,Lourdes,"Belo Horizonte, Lourdes",Lourdes,Belo Horizonte,MG
"Lourdes_Belo Horizonte, Lourdes",1267673891.0,Lourdes,"Belo Horizonte, Lourdes",Lourdes,Belo Horizonte,MG
"Lourdes_Belo Horizonte, Lourdes",1267670185.0,Lourdes,"Belo Horizonte, Lourdes",Lourdes,Belo Horizonte,MG
"Lourdes_Belo Horizonte, Lourdes",1267418142.0,Lourdes,"Belo Horizonte, Lourdes",Lourdes,Belo Horizonte,MG
"Lourdes_Belo Horizonte, Lourdes",1267376803.0,Lourdes,"Belo Horizonte, Lourdes",Lourdes,Belo Horizonte,MG
"Lourdes_Belo Horizonte, Lourdes",1267283565.0,Lourdes,"Belo Horizonte, Lourdes",Lourdes,Belo Horizonte,MG
"Lourdes_Belo Horizonte, Lourdes",1267123088.0,Lourdes,"Belo Horizonte, Lourdes",Lourdes,Belo Horizonte,MG
"Lourdes_Belo Horizonte, Lourdes",1267056067.0,Lourdes,"Belo Horizonte, Lourdes",Lourdes,Belo Horizonte,MG
"Lourdes_Belo Horizonte, Lourdes",1267033008.0,Lourdes,"Belo Horizonte, Lourdes",Lourdes,Belo Horizonte,MG
"Lourdes_Belo Horizonte, Lourdes",1267024382.0,Lourdes,"Belo Horizonte, Lourdes",Lourdes,Belo Horizonte,MG
"Lourdes_Belo Horizonte, Lourdes",1267024220.0,Lourdes,"Belo Horizonte, Lourdes",Lourdes,Belo Horizonte,MG
"Lourdes_Belo Horizonte, Lourdes",1266804028.0,Lourdes,"Belo Horizonte, Lourdes",Lourdes,Belo Horizonte,MG
"Lourdes_Belo Horizonte, Lourdes",1266716893.0,Lourdes,"Belo Horizonte, Lourdes",Lourdes,Belo Horizonte,MG
"Lourdes_Belo Horizonte, Lourdes",1266698953.0,Lourdes,"Belo Horizonte, Lourdes",Lourdes,Belo Horizonte,MG
"Lourdes_Belo Horizonte, Lourdes",1265776604.0,Lourdes,"Belo Horizonte, Lourdes",Lourdes,Belo Horizonte,MG
"Lourdes_Belo Horizonte, Lourdes",1265742945.0,Lourdes,"Belo Horizonte, Lourdes",Lourdes,Belo Horizonte,MG
"Lourdes_Belo Horizonte, Lourdes",1265661344.0,Lourdes,"Belo Horizonte, Lourdes",Lourdes,Belo Horizonte,MG
"Lourdes_Belo Horizonte, Lourdes",1265661332.0,Lourdes,"Belo Horizonte, Lourdes",Lourdes,Belo Horizonte,MG
"Lourdes_Belo Horizonte, Lourdes",1265443034.0,Lourdes,"Belo Horizonte, Lourdes",Lourdes,Belo Horizonte,MG
"Lourdes_Belo Horizonte, Lourdes",1265282789.0,Lourdes,"Belo Horizonte, Lourdes",Lourdes,Belo Horizonte,MG
"Centro_Belo Horizonte, Centro",1265282738.0,Centro,"Belo Horizonte, Centro",Centro,Belo Horizonte,MG
"Lourdes_Belo Horizonte, Lourdes",1265282425.0,Lourdes,"Belo Horizonte, Lourdes",Lourdes,Belo Horizonte,MG
"Lourdes_Belo Horizonte, Lourdes",1265282272.0,Lourdes,"Belo Horizonte, Lourdes",Lourdes,Belo Horizonte,MG
"Cidade Jardim_Belo Horizonte, Cidade Jardim",1265282214.0,Cidade Jardim,"Belo Horizonte, Cidade Jardim",Cidade Jardim,Belo Horizonte,MG
"Lourdes_Belo Horizonte, Lourdes",1265282170.0,Lourdes,"Belo Horizonte, Lourdes",Lourdes,Belo Horizonte,MG
"Lourdes_Belo Horizonte, Lourdes",1265281842.0,Lourdes,"Belo Horizonte, Lourdes",Lourdes,Belo Horizonte,MG
"Lourdes_Belo Horizonte, Lourdes",1265281481.0,Lourdes,"Belo Horizonte, Lourdes",Lourdes,Belo Horizonte,MG
"Centro_Belo Horizonte, Centro",1265281003.0,Centro,"Belo Horizonte, Centro",Centro,Belo Horizonte,MG
"Lourdes_Belo Horizonte, Lourdes",1265279003.0,Lourdes,"Belo Horizonte, Lourdes",Lourdes,Belo Horizonte,MG
"Lourdes_Belo Horizonte, Lourdes",1265278829.0,Lourdes,"Belo Horizonte, Lourdes",Lourdes,Belo Horizonte,MG
"Centro_Belo Horizonte, Centro",1265156556.0,Centro,"Belo Horizonte, Centro",Centro,Belo Horizonte,MG
"Lourdes_Belo Horizonte, Lourdes",1264690893.0,Lourdes,"Belo Horizonte, Lourdes",Lourdes,Belo Horizonte,MG
"Lourdes_Belo Horizonte, Lourdes",1264486980.0,Lourdes,"Belo Horizonte, Lourdes",Lourdes,Belo Horizonte,MG
"Lourdes_Belo Horizonte, Lourdes",1264287390.0,Lourdes,"Belo Horizonte, Lourdes",Lourdes,Belo Horizonte,MG
"Lourdes_Belo Horizonte, Lourdes",1264018944.0,Lourdes,"Belo Horizonte, Lourdes",Lourdes,Belo Horizonte,MG
"Lourdes_Belo Horizonte, Lourdes",1263952886.0,Lourdes,"Belo Horizonte, Lourdes",Lourdes,Belo Horizonte,MG
"Lourdes_Belo Horizonte, Lourdes",1263922790.0,Lourdes,"Belo Horizonte, Lourdes",Lourdes,Belo Horizonte,MG
"Lourdes_Belo Horizonte, Lourdes",1263452267.0,Lourdes,"Belo Horizonte, Lourdes",Lourdes,Belo Horizonte,MG
"Lourdes_Belo Horizonte, Lourdes",1263377958.0,Lourdes,"Belo Horizonte, Lourdes",Lourdes,Belo Horizonte,MG
"Lourdes_Belo Horizonte, Lourdes",1263363427.0,Lourdes,"Belo Horizonte, Lourdes",Lourdes,Belo Horizonte,MG
"Lourdes_Belo Horizonte, Lourdes",1263362857.0,Lourdes,"Belo Horizonte, Lourdes",Lourdes,Belo Horizonte,MG
"Lourdes_Belo Horizonte, Lourdes",1262688556.0,Lourdes,"Belo Horizonte, Lourdes",Lourdes,Belo Horizonte,MG
"Lourdes_Belo Horizonte, Lourdes",1262687734.0,Lourdes,"Belo Horizonte, Lourdes",Lourdes,Belo Horizonte,MG
"Lourdes_Belo Horizonte, Lourdes",1262686952.0,Lourdes,"Belo Horizonte, Lourdes",Lourdes,Belo Horizonte,MG
"Lourdes_Belo Horizonte, Lourdes",1262686859.0,Lourdes,"Belo Horizonte, Lourdes",Lourdes,Belo Horizonte,MG
"Lourdes_Belo Horizonte, Lourdes",1262609485.0,Lourdes,"Belo Horizonte, Lourdes",Lourdes,Belo Horizonte,MG
"Lourdes_Belo Horizonte, Lourdes",1262609480.0,Lourdes,"Belo Horizonte, Lourdes",Lourdes,Belo Horizonte,MG
"Lourdes_Belo Horizonte, Lourdes",1262608392.0,Lourdes,"Belo Horizonte, Lourdes",Lourdes,Belo Horizonte,MG
"Lourdes_Belo Horizonte, Lourdes",1262603462.0,Lourdes,"Belo Horizonte, Lourdes",Lourdes,Belo Horizonte,MG
"Lourdes_Belo Horizonte, Lourdes",1262585775.0,Lourdes,"Belo Horizonte, Lourdes",Lourdes,Belo Horizonte,MG
"Lourdes_Belo Horizonte, Lourdes",1262414180.0,Lourdes,"Belo Horizonte, Lourdes",Lourdes,Belo Horizonte,MG
"Centro_Belo Horizonte, Centro",1262262908.0,Centro,"Belo Horizonte, Centro",Centro,Belo Horizonte,MG
"Lourdes_Belo Horizonte, Lourdes",1262261484.0,Lourdes,"Belo Horizonte, Lourdes",Lourdes,Belo Horizonte,MG
"Lourdes_Belo Horizonte, Lourdes",1262099938.0,Lourdes,"Belo Horizonte, Lourdes",Lourdes,Belo Horizonte,MG
"Lourdes_Belo Horizonte, Lourdes",1261908018.0,Lourdes,"Belo Horizonte, Lourdes",Lourdes,Belo Horizonte,MG
"Lourdes_Belo Horizonte, Lourdes",1261907726.0,Lourdes,"Belo Horizonte, Lourdes",Lourdes,Belo Horizonte,MG
"Lourdes_Belo Horizonte, Lourdes",1261907656.0,Lourdes,"Belo Horizonte, Lourdes",Lourdes,Belo Horizonte,MG
"Lourdes_Belo Horizonte, Lourdes",1261907659.0,Lourdes,"Belo Horizonte, Lourdes",Lourdes,Belo Horizonte,MG
"Lourdes_Belo Horizonte, Lourdes",1261907547.0,Lourdes,"Belo Horizonte, Lourdes",Lourdes,Belo Horizonte,MG
"Lourdes_Belo Horizonte, Lourdes",1261907557.0,Lourdes,"Belo Horizonte, Lourdes",Lourdes,Belo Horizonte,MG
"Lourdes_Belo Horizonte, Lourdes",1261907573.0,Lourdes,"Belo Horizonte, Lourdes",Lourdes,Belo Horizonte,MG
"Lourdes_Belo Horizonte, Lourdes",1261907512.0,Lourdes,"Belo Horizonte, Lourdes",Lourdes,Belo Horizonte,MG
"Lourdes_Belo Horizonte, Lourdes",1261907515.0,Lourdes,"Belo Horizonte, Lourdes",Lourdes,Belo Horizonte,MG
"Lourdes_Belo Horizonte, Lourdes",1261907494.0,Lourdes,"Belo Horizonte, Lourdes",Lourdes,Belo Horizonte,MG
"Lourdes_Belo Horizonte, Lourdes",1261907334.0,Lourdes,"Belo Horizonte, Lourdes",Lourdes,Belo Horizonte,MG
"Lourdes_Belo Horizonte, Lourdes",1261907093.0,Lourdes,"Belo Horizonte, Lourdes",Lourdes,Belo Horizonte,MG
"Lourdes_Belo Horizonte, Lourdes",1261906992.0,Lourdes,"Belo Horizonte, Lourdes",Lourdes,Belo Horizonte,MG
"Lourdes_Belo Horizonte, Lourdes",1261906934.0,Lourdes,"Belo Horizonte, Lourdes",Lourdes,Belo Horizonte,MG
"Lourdes_Belo Horizonte, Lourdes",1261906946.0,Lourdes,"Belo Horizonte, Lourdes",Lourdes,Belo Horizonte,MG
"Lourdes_Belo Horizonte, Lourdes",1261906910.0,Lourdes,"Belo Horizonte, Lourdes",Lourdes,Belo Horizonte,MG
"Centro_Belo Horizonte, Centro",1261906928.0,Centro,"Belo Horizonte, Centro",Centro,Belo Horizonte,MG
"Centro_Belo Horizonte, Centro",1261906820.0,Centro,"Belo Horizonte, Centro",Centro,Belo Horizonte,MG
"Lourdes_Belo Horizonte, Lourdes",1261730964.0,Lourdes,"Belo Horizonte, Lourdes",Lourdes,Belo Horizonte,MG
"Lourdes_Belo Horizonte, Lourdes",1261532686.0,Lourdes,"Belo Horizonte, Lourdes",Lourdes,Belo Horizonte,MG
"Lourdes_Belo Horizonte, Lourdes",1261265645.0,Lourdes,"Belo Horizonte, Lourdes",Lourdes,Belo Horizonte,MG
"Lourdes_Belo Horizonte, Lourdes",1261203379.0,Lourdes,"Belo Horizonte, Lourdes",Lourdes,Belo Horizonte,MG
"Lourdes_Belo Horizonte, Lourdes",1260519569.0,Lourdes,"Belo Horizonte, Lourdes",Lourdes,Belo Horizonte,MG
"Lourdes_Belo Horizonte, Lourdes",1260425436.0,Lourdes,"Belo Horizonte, Lourdes",Lourdes,Belo Horizonte,MG
"Lourdes_Belo Horizonte, Lourdes",1260424662.0,Lourdes,"Belo Horizonte, Lourdes",Lourdes,Belo Horizonte,MG
"Lourdes_Belo Horizonte, Lourdes",1260424636.0,Lourdes,"Belo Horizonte, Lourdes",Lourdes,Belo Horizonte,MG
"Lourdes_Belo Horizonte, Lourdes",1260407222.0,Lourdes,"Belo Horizonte, Lourdes",Lourdes,Belo Horizonte,MG
"Lourdes_Belo Horizonte, Lourdes",1260407207.0,Lourdes,"Belo Horizonte, Lourdes",Lourdes,Belo Horizonte,MG
"Lourdes_Belo Horizonte, Lourdes",1260407193.0,Lourdes,"Belo Horizonte, Lourdes",Lourdes,Belo Horizonte,MG
"Lourdes_Belo Horizonte, Lourdes",1260407184.0,Lourdes,"Belo Horizonte, Lourdes",Lourdes,Belo Horizonte,MG
"Lourdes_Belo Horizonte, Lourdes",1260407165.0,Lourdes,"Belo Horizonte, Lourdes",Lourdes,Belo Horizonte,MG
"Lourdes_Belo Horizonte, Lourdes",1260407147.0,Lourdes,"Belo Horizonte, Lourdes",Lourdes,Belo Horizonte,MG
"Lourdes_Belo Horizonte, Lourdes",1260407136.0,Lourdes,"Belo Horizonte, Lourdes",Lourdes,Belo Horizonte,MG
"Lourdes_Belo Horizonte, Lourdes",1260407113.0,Lourdes,"Belo Horizonte, Lourdes",Lourdes,Belo Horizonte,MG
"Lourdes_Belo Horizonte, Lourdes",1260405617.0,Lourdes,"Belo Horizonte, Lourdes",Lourdes,Belo Horizonte,MG
"Lourdes_Belo Horizonte, Lourdes",1260405620.0,Lourdes,"Belo Horizonte, Lourdes",Lourdes,Belo Horizonte,MG
"Lourdes_Belo Horizonte, Lourdes",1260405622.0,Lourdes,"Belo Horizonte, Lourdes",Lourdes,Belo Horizonte,MG
"Lourdes_Belo Horizonte, Lourdes",1260405625.0,Lourdes,"Belo Horizonte, Lourdes",Lourdes,Belo Horizonte,MG
"Lourdes_Belo Horizonte, Lourdes",1260405609.0,Lourdes,"Belo Horizonte, Lourdes",Lourdes,Belo Horizonte,MG
"Lourdes_Belo Horizonte, Lourdes",1260405577.0,Lourdes,"Belo Horizonte, Lourdes",Lourdes,Belo Horizonte,MG
"Lourdes_Belo Horizonte, Lourdes",1260405521.0,Lourdes,"Belo Horizonte, Lourdes",Lourdes,Belo Horizonte,MG
"Lourdes_Belo Horizonte, Lourdes",1260405514.0,Lourdes,"Belo Horizonte, Lourdes",Lourdes,Belo Horizonte,MG
"Lourdes_Belo Horizonte, Lourdes",1260405513.0,Lourdes,"Belo Horizonte, Lourdes",Lourdes,Belo Horizonte,MG
"Lourdes_Belo Horizonte, Lourdes",1260405502.0,Lourdes,"Belo Horizonte, Lourdes",Lourdes,Belo Horizonte,MG
"Lourdes_Belo Horizonte, Lourdes",1260405482.0,Lourdes,"Belo Horizonte, Lourdes",Lourdes,Belo Horizonte,MG
"Lourdes_Belo Horizonte, Lourdes",1260405483.0,Lourdes,"Belo Horizonte, Lourdes",Lourdes,Belo Horizonte,MG
"Lourdes_Belo Horizonte, Lourdes",1260405467.0,Lourdes,"Belo Horizonte, Lourdes",Lourdes,Belo Horizonte,MG
"Lourdes_Belo Horizonte, Lourdes",1260405435.0,Lourdes,"Belo Horizonte, Lourdes",Lourdes,Belo Horizonte,MG
"Lourdes_Belo Horizonte, Lourdes",1260405440.0,Lourdes,"Belo Horizonte, Lourdes",Lourdes,Belo Horizonte,MG
"Lourdes_Belo Horizonte, Lourdes",1260405428.0,Lourdes,"Belo Horizonte, Lourdes",Lourdes,Belo Horizonte,MG
"Lourdes_Belo Horizonte, Lourdes",1260405321.0,Lourdes,"Belo Horizonte, Lourdes",Lourdes,Belo Horizonte,MG
"Lourdes_Belo Horizonte, Lourdes",1260405295.0,Lourdes,"Belo Horizonte, Lourdes",Lourdes,Belo Horizonte,MG
"Lourdes_Belo Horizonte, Lourdes",1260405231.0,Lourdes,"Belo Horizonte, Lourdes",Lourdes,Belo Horizonte,MG
"Lourdes_Belo Horizonte, Lourdes",1260405066.0,Lourdes,"Belo Horizonte, Lourdes",Lourdes,Belo Horizonte,MG
"Lourdes_Belo Horizonte, Lourdes",1260405064.0,Lourdes,"Belo Horizonte, Lourdes",Lourdes,Belo Horizonte,MG
"Lourdes_Belo Horizonte, Lourdes",1260405021.0,Lourdes,"Belo Horizonte, Lourdes",Lourdes,Belo Horizonte,MG
"Lourdes_Belo Horizonte, Lourdes",1260405027.0,Lourdes,"Belo Horizonte, Lourdes",Lourdes,Belo Horizonte,MG
"Lourdes_Belo Horizonte, Lourdes",1260405006.0,Lourdes,"Belo Horizonte, Lourdes",Lourdes,Belo Horizonte,MG
"Lourdes_Belo Horizonte, Lourdes",1260404976.0,Lourdes,"Belo Horizonte, Lourdes",Lourdes,Belo Horizonte,MG
"Lourdes_Belo Horizonte, Lourdes",1260404979.0,Lourdes,"Belo Horizonte, Lourdes",Lourdes,Belo Horizonte,MG
"Lourdes_Belo Horizonte, Lourdes",1260404981.0,Lourdes,"Belo Horizonte, Lourdes",Lourdes,Belo Horizonte,MG
"Lourdes_Belo Horizonte, Lourdes",1260404984.0,Lourdes,"Belo Horizonte, Lourdes",Lourdes,Belo Horizonte,MG
"Lourdes_Belo Horizonte, Lourdes",1260404960.0,Lourdes,"Belo Horizonte, Lourdes",Lourdes,Belo Horizonte,MG
"Lourdes_Belo Horizonte, Lourdes",1260404968.0,Lourdes,"Belo Horizonte, Lourdes",Lourdes,Belo Horizonte,MG
"Lourdes_Belo Horizonte, Lourdes",1260404944.0,Lourdes,"Belo Horizonte, Lourdes",Lourdes,Belo Horizonte,MG
"Lourdes_Belo Horizonte, Lourdes",1260404949.0,Lourdes,"Belo Horizonte, Lourdes",Lourdes,Belo Horizonte,MG
"Lourdes_Belo Horizonte, Lourdes",1260404951.0,Lourdes,"Belo Horizonte, Lourdes",Lourdes,Belo Horizonte,MG
"Lourdes_Belo Horizonte, Lourdes",1260404954.0,Lourdes,"Belo Horizonte, Lourdes",Lourdes,Belo Horizonte,MG
"Lourdes_Belo Horizonte, Lourdes",1260404929.0,Lourdes,"Belo Horizonte, Lourdes",Lourdes,Belo Horizonte,MG
"Lourdes_Belo Horizonte, Lourdes",1260404934.0,Lourdes,"Belo Horizonte, Lourdes",Lourdes,Belo Horizonte,MG
"Lourdes_Belo Horizonte, Lourdes",1260404901.0,Lourdes,"Belo Horizonte, Lourdes",Lourdes,Belo Horizonte,MG
"Lourdes_Belo Horizonte, Lourdes",1260404905.0,Lourdes,"Belo Horizonte, Lourdes",Lourdes,Belo Horizonte,MG
"Lourdes_Belo Horizonte, Lourdes",1260404910.0,Lourdes,"Belo Horizonte, Lourdes",Lourdes,Belo Horizonte,MG
"Lourdes_Belo Horizonte, Lourdes",1260404887.0,Lourdes,"Belo Horizonte, Lourdes",Lourdes,Belo Horizonte,MG
"Lourdes_Belo Horizonte, Lourdes",1260404888.0,Lourdes,"Belo Horizonte, Lourdes",Lourdes,Belo Horizonte,MG
"Lourdes_Belo Horizonte, Lourdes",1260404861.0,Lourdes,"Belo Horizonte, Lourdes",Lourdes,Belo Horizonte,MG
"Centro_Belo Horizonte, Centro",1260377399.0,Centro,"Belo Horizonte, Centro",Centro,Belo Horizonte,MG
"Lourdes_Belo Horizonte, Lourdes",1260113525.0,Lourdes,"Belo Horizonte, Lourdes",Lourdes,Belo Horizonte,MG
"Lourdes_Belo Horizonte, Lourdes",1260104507.0,Lourdes,"Belo Horizonte, Lourdes",Lourdes,Belo Horizonte,MG
"Lourdes_Belo Horizonte, Lourdes",1259795539.0,Lourdes,"Belo Horizonte, Lourdes",Lourdes,Belo Horizonte,MG
"Lourdes_Belo Horizonte, Lourdes",1259521382.0,Lourdes,"Belo Horizonte, Lourdes",Lourdes,Belo Horizonte,MG
"Centro_Belo Horizonte, Centro",1259429848.0,Centro,"Belo Horizonte, Centro",Centro,Belo Horizonte,MG
"Lourdes_Belo Horizonte, Lourdes",1259414245.0,Lourdes,"Belo Horizonte, Lourdes",Lourdes,Belo Horizonte,MG
"Lourdes_Belo Horizonte, Lourdes",1259403577.0,Lourdes,"Belo Horizonte, Lourdes",Lourdes,Belo Horizonte,MG
"Lourdes_Belo Horizonte, Lourdes",1258967011.0,Lourdes,"Belo Horizonte, Lourdes",Lourdes,Belo Horizonte,MG
"Lourdes_Belo Horizonte, Lourdes",1258962354.0,Lourdes,"Belo Horizonte, Lourdes",Lourdes,Belo Horizonte,MG
"Lourdes_Belo Horizonte, Lourdes",1258960975.0,Lourdes,"Belo Horizonte, Lourdes",Lourdes,Belo Horizonte,MG
"Lourdes_Belo Horizonte, Lourdes",1258142788.0,Lourdes,"Belo Horizonte, Lourdes",Lourdes,Belo Horizonte,MG
"Lourdes_Belo Horizonte, Lourdes",1258099589.0,Lourdes,"Belo Horizonte, Lourdes",Lourdes,Belo Horizonte,MG
"Lourdes_Belo Horizonte, Lourdes",1258090051.0,Lourdes,"Belo Horizonte, Lourdes",Lourdes,Belo Horizonte,MG
"Lourdes_Belo Horizonte, Lourdes",1257979593.0,Lourdes,"Belo Horizonte, Lourdes",Lourdes,Belo Horizonte,MG
"Lourdes_Belo Horizonte, Lourdes",1257945533.0,Lourdes,"Belo Horizonte, Lourdes",Lourdes,Belo Horizonte,MG
"Lourdes_Belo Horizonte, Lourdes",1257936883.0,Lourdes,"Belo Horizonte, Lourdes",Lourdes,Belo Horizonte,MG
"Lourdes_Belo Horizonte, Lourdes",1257924892.0,Lourdes,"Belo Horizonte, Lourdes",Lourdes,Belo Horizonte,MG
"Lourdes_Belo Horizonte, Lourdes",1257444258.0,Lourdes,"Belo Horizonte, Lourdes",Lourdes,Belo Horizonte,MG
"Lourdes_Belo Horizonte, Lourdes",1257233485.0,Lourdes,"Belo Horizonte, Lourdes",Lourdes,Belo Horizonte,MG
"Lourdes_Belo Horizonte, Lourdes",1257226492.0,Lourdes,"Belo Horizonte, Lourdes",Lourdes,Belo Horizonte,MG
"Lourdes_Belo Horizonte, Lourdes",1257213294.0,Lourdes,"Belo Horizonte, Lourdes",Lourdes,Belo Horizonte,MG
"Lourdes_Belo Horizonte, Lourdes",1257152893.0,Lourdes,"Belo Horizonte, Lourdes",Lourdes,Belo Horizonte,MG
"Lourdes_Belo Horizonte, Lourdes",1256945796.0,Lourdes,"Belo Horizonte, Lourdes",Lourdes,Belo Horizonte,MG
"Lourdes_Belo Horizonte, Lourdes",1256943070.0,Lourdes,"Belo Horizonte, Lourdes",Lourdes,Belo Horizonte,MG
"Lourdes_Belo Horizonte, Lourdes",1256853552.0,Lourdes,"Belo Horizonte, Lourdes",Lourdes,Belo Horizonte,MG
"Lourdes_Belo Horizonte, Lourdes",1256762875.0,Lourdes,"Belo Horizonte, Lourdes",Lourdes,Belo Horizonte,MG
"Santo Agostinho_Belo Horizonte, Santo Agostinho",1256020404.0,Santo Agostinho,"Belo Horizonte, Santo Agostinho",Santo Agostinho,Belo Horizonte,MG
"Lourdes_Belo Horizonte, Lourdes",1256019549.0,Lourdes,"Belo Horizonte, Lourdes",Lourdes,Belo Horizonte,MG
"Lourdes_Belo Horizonte, Lourdes",1256019482.0,Lourdes,"Belo Horizonte, Lourdes",Lourdes,Belo Horizonte,MG
"Lourdes_Belo Horizonte, Lourdes",1255996390.0,Lourdes,"Belo Horizonte, Lourdes",Lourdes,Belo Horizonte,MG
"Lourdes_Belo Horizonte, Lourdes",1255996285.0,Lourdes,"Belo Horizonte, Lourdes",Lourdes,Belo Horizonte,MG
"Lourdes_Belo Horizonte, Lourdes",1255996228.0,Lourdes,"Belo Horizonte, Lourdes",Lourdes,Belo Horizonte,MG
"Lourdes_Belo Horizonte, Lourdes",1255996073.0,Lourdes,"Belo Horizonte, Lourdes",Lourdes,Belo Horizonte,MG
"Lourdes_Belo Horizonte, Lourdes",1255995757.0,Lourdes,"Belo Horizonte, Lourdes",Lourdes,Belo Horizonte,MG
"Lourdes_Belo Horizonte, Lourdes",1255995643.0,Lourdes,"Belo Horizonte, Lourdes",Lourdes,Belo Horizonte,MG
"Lourdes_Belo Horizonte, Lourdes",1255995602.0,Lourdes,"Belo Horizonte, Lourdes",Lourdes,Belo Horizonte,MG
"Lourdes_Belo Horizonte, Lourdes",1255995501.0,Lourdes,"Belo Horizonte, Lourdes",Lourdes,Belo Horizonte,MG
"Lourdes_Belo Horizonte, Lourdes",1255995362.0,Lourdes,"Belo Horizonte, Lourdes",Lourdes,Belo Horizonte,MG
"Lourdes_Belo Horizonte, Lourdes",1255995153.0,Lourdes,"Belo Horizonte, Lourdes",Lourdes,Belo Horizonte,MG
"Lourdes_Belo Horizonte, Lourdes",1255995146.0,Lourdes,"Belo Horizonte, Lourdes",Lourdes,Belo Horizonte,MG
"Lourdes_Belo Horizonte, Lourdes",1255994742.0,Lourdes,"Belo Horizonte, Lourdes",Lourdes,Belo Horizonte,MG
"Lourdes_Belo Horizonte, Lourdes",1255919886.0,Lourdes,"Belo Horizonte, Lourdes",Lourdes,Belo Horizonte,MG
"Lourdes_Belo Horizonte, Lourdes",1255869012.0,Lourdes,"Belo Horizonte, Lourdes",Lourdes,Belo Horizonte,MG
"Lourdes_Belo Horizonte, Lourdes",1255837052.0,Lourdes,"Belo Horizonte, Lourdes",Lourdes,Belo Horizonte,MG
"Lourdes_Belo Horizonte, Lourdes",1255836466.0,Lourdes,"Belo Horizonte, Lourdes",Lourdes,Belo Horizonte,MG
"Lourdes_Belo Horizonte, Lourdes",1255834881.0,Lourdes,"Belo Horizonte, Lourdes",Lourdes,Belo Horizonte,MG
"Lourdes_Belo Horizonte, Lourdes",1255687466.0,Lourdes,"Belo Horizonte, Lourdes",Lourdes,Belo Horizonte,MG
"Lourdes_Belo Horizonte, Lourdes",1255687443.0,Lourdes,"Belo Horizonte, Lourdes",Lourdes,Belo Horizonte,MG
"Lourdes_Belo Horizonte, Lourdes",1255687304.0,Lourdes,"Belo Horizonte, Lourdes",Lourdes,Belo Horizonte,MG
"Lourdes_Belo Horizonte, Lourdes",1255687279.0,Lourdes,"Belo Horizonte, Lourdes",Lourdes,Belo Horizonte,MG
"Lourdes_Belo Horizonte, Lourdes",1255686654.0,Lourdes,"Belo Horizonte, Lourdes",Lourdes,Belo Horizonte,MG
"Lourdes_Belo Horizonte, Lourdes",1255609406.0,Lourdes,"Belo Horizonte, Lourdes",Lourdes,Belo Horizonte,MG
"Lourdes_Belo Horizonte, Lourdes",1255609352.0,Lourdes,"Belo Horizonte, Lourdes",Lourdes,Belo Horizonte,MG
"Lourdes_Belo Horizonte, Lourdes",1255401817.0,Lourdes,"Belo Horizonte, Lourdes",Lourdes,Belo Horizonte,MG
"Lourdes_Belo Horizonte, Lourdes",1254984303.0,Lourdes,"Belo Horizonte, Lourdes",Lourdes,Belo Horizonte,MG
"Lourdes_Belo Horizonte, Lourdes",1254979156.0,Lourdes,"Belo Horizonte, Lourdes",Lourdes,Belo Horizonte,MG
"Lourdes_Belo Horizonte, Lourdes",1254973125.0,Lourdes,"Belo Horizonte, Lourdes",Lourdes,Belo Horizonte,MG
"Lourdes_Belo Horizonte, Lourdes",1254951346.0,Lourdes,"Belo Horizonte, Lourdes",Lourdes,Belo Horizonte,MG
"Lourdes_Belo Horizonte, Lourdes",1254939745.0,Lourdes,"Belo Horizonte, Lourdes",Lourdes,Belo Horizonte,MG
"Lourdes_Belo Horizonte, Lourdes",1254855088.0,Lourdes,"Belo Horizonte, Lourdes",Lourdes,Belo Horizonte,MG
"Lourdes_Belo Horizonte, Lourdes",1254657127.0,Lourdes,"Belo Horizonte, Lourdes",Lourdes,Belo Horizonte,MG
"Lourdes_Belo Horizonte, Lourdes",1253906289.0,Lourdes,"Belo Horizonte, Lourdes",Lourdes,Belo Horizonte,MG
"Lourdes_Belo Horizonte, Lourdes",1253906085.0,Lourdes,"Belo Horizonte, Lourdes",Lourdes,Belo Horizonte,MG
"Lourdes_Belo Horizonte, Lourdes",1253875610.0,Lourdes,"Belo Horizonte, Lourdes",Lourdes,Belo Horizonte,MG
"Lourdes_Belo Horizonte, Lourdes",1253611166.0,Lourdes,"Belo Horizonte, Lourdes",Lourdes,Belo Horizonte,MG
"Centro_Belo Horizonte, Centro",1253592085.0,Centro,"Belo Horizonte, Centro",Centro,Belo Horizonte,MG
"Lourdes_Belo Horizonte, Lourdes",1253569098.0,Lourdes,"Belo Horizonte, Lourdes",Lourdes,Belo Horizonte,MG
"Lourdes_Belo Horizonte, Lourdes",1253554443.0,Lourdes,"Belo Horizonte, Lourdes",Lourdes,Belo Horizonte,MG
"Lourdes_Belo Horizonte, Lourdes",1253015752.0,Lourdes,"Belo Horizonte, Lourdes",Lourdes,Belo Horizonte,MG
"Lourdes_Belo Horizonte, Lourdes",1253002363.0,Lourdes,"Belo Horizonte, Lourdes",Lourdes,Belo Horizonte,MG
"Lourdes_Belo Horizonte, Lourdes",1252688904.0,Lourdes,"Belo Horizonte, Lourdes",Lourdes,Belo Horizonte,MG
"Lourdes_Belo Horizonte, Lourdes",1252683668.0,Lourdes,"Belo Horizonte, Lourdes",Lourdes,Belo Horizonte,MG
"Lourdes_Belo Horizonte, Lourdes",1252682959.0,Lourdes,"Belo Horizonte, Lourdes",Lourdes,Belo Horizonte,MG
"Lourdes_Belo Horizonte, Lourdes",1252169275.0,Lourdes,"Belo Horizonte, Lourdes",Lourdes,Belo Horizonte,MG
"Lourdes_Belo Horizonte, Lourdes",1251960173.0,Lourdes,"Belo Horizonte, Lourdes",Lourdes,Belo Horizonte,MG
"Lourdes_Belo Horizonte, Lourdes",1251920604.0,Lourdes,"Belo Horizonte, Lourdes",Lourdes,Belo Horizonte,MG
"Lourdes_Belo Horizonte, Lourdes",1251918683.0,Lourdes,"Belo Horizonte, Lourdes",Lourdes,Belo Horizonte,MG
"Lourdes_Belo Horizonte, Lourdes",1251916818.0,Lourdes,"Belo Horizonte, Lourdes",Lourdes,Belo Horizonte,MG
"Lourdes_Belo Horizonte, Lourdes",1251609289.0,Lourdes,"Belo Horizonte, Lourdes",Lourdes,Belo Horizonte,MG
"Lourdes_Belo Horizonte, Lourdes",1251565500.0,Lourdes,"Belo Horizonte, Lourdes",Lourdes,Belo Horizonte,MG
"Lourdes_Belo Horizonte, Lourdes",1251418484.0,Lourdes,"Belo Horizonte, Lourdes",Lourdes,Belo Horizonte,MG
"Lourdes_Belo Horizonte, Lourdes",1251416026.0,Lourdes,"Belo Horizonte, Lourdes",Lourdes,Belo Horizonte,MG
"Lourdes_Belo Horizonte, Lourdes",1251238979.0,Lourdes,"Belo Horizonte, Lourdes",Lourdes,Belo Horizonte,MG
"Lourdes_Belo Horizonte, Lourdes",1251209937.0,Lourdes,"Belo Horizonte, Lourdes",Lourdes,Belo Horizonte,MG
"Lourdes_Belo Horizonte, Lourdes",1250928562.0,Lourdes,"Belo Horizonte, Lourdes",Lourdes,Belo Horizonte,MG
"Lourdes_Belo Horizonte, Lourdes",1250927631.0,Lourdes,"Belo Horizonte, Lourdes",Lourdes,Belo Horizonte,MG
"Lourdes_Belo Horizonte, Lourdes",1250925450.0,Lourdes,"Belo Horizonte, Lourdes",Lourdes,Belo Horizonte,MG
"Lourdes_Belo Horizonte, Lourdes",1250923606.0,Lourdes,"Belo Horizonte, Lourdes",Lourdes,Belo Horizonte,MG
"Lourdes_Belo Horizonte, Lourdes",1250922589.0,Lourdes,"Belo Horizonte, Lourdes",Lourdes,Belo Horizonte,MG
"Lourdes_Belo Horizonte, Lourdes",1250921601.0,Lourdes,"Belo Horizonte, Lourdes",Lourdes,Belo Horizonte,MG
"Lourdes_Belo Horizonte, Lourdes",1250921303.0,Lourdes,"Belo Horizonte, Lourdes",Lourdes,Belo Horizonte,MG
"Lourdes_Belo Horizonte, Lourdes",1250919666.0,Lourdes,"Belo Horizonte, Lourdes",Lourdes,Belo Horizonte,MG
"Lourdes_Belo Horizonte, Lourdes",1250919049.0,Lourdes,"Belo Horizonte, Lourdes",Lourdes,Belo Horizonte,MG
"Lourdes_Belo Horizonte, Lourdes",1250918473.0,Lourdes,"Belo Horizonte, Lourdes",Lourdes,Belo Horizonte,MG
"Lourdes_Belo Horizonte, Lourdes",1250902603.0,Lourdes,"Belo Horizonte, Lourdes",Lourdes,Belo Horizonte,MG
"Lourdes_Belo Horizonte, Lourdes",1250900613.0,Lourdes,"Belo Horizonte, Lourdes",Lourdes,Belo Horizonte,MG
"Lourdes_Belo Horizonte, Lourdes",1250868170.0,Lourdes,"Belo Horizonte, Lourdes",Lourdes,Belo Horizonte,MG
"Lourdes_Belo Horizonte, Lourdes",1250560298.0,Lourdes,"Belo Horizonte, Lourdes",Lourdes,Belo Horizonte,MG
"Lourdes_Belo Horizonte, Lourdes",1250547091.0,Lourdes,"Belo Horizonte, Lourdes",Lourdes,Belo Horizonte,MG
"Lourdes_Belo Horizonte, Lourdes",1250544461.0,Lourdes,"Belo Horizonte, Lourdes",Lourdes,Belo Horizonte,MG
"Lourdes_Belo Horizonte, Lourdes",1249786454.0,Lourdes,"Belo Horizonte, Lourdes",Lourdes,Belo Horizonte,MG
"Lourdes_Belo Horizonte, Lourdes",1249785859.0,Lourdes,"Belo Horizonte, Lourdes",Lourdes,Belo Horizonte,MG
"Lourdes_Belo Horizonte, Lourdes",1249785502.0,Lourdes,"Belo Horizonte, Lourdes",Lourdes,Belo Horizonte,MG
"Centro_Belo Horizonte, Centro",1249743826.0,Centro,"Belo Horizonte, Centro",Centro,Belo Horizonte,MG
"Centro_Belo Horizonte, Centro",1249743803.0,Centro,"Belo Horizonte, Centro",Centro,Belo Horizonte,MG
"Lourdes_Belo Horizonte, Lourdes",1249413110.0,Lourdes,"Belo Horizonte, Lourdes",Lourdes,Belo Horizonte,MG
"Lourdes_Belo Horizonte, Lourdes",1249308932.0,Lourdes,"Belo Horizonte, Lourdes",Lourdes,Belo Horizonte,MG
"Lourdes_Belo Horizonte, Lourdes",1249285348.0,Lourdes,"Belo Horizonte, Lourdes",Lourdes,Belo Horizonte,MG
"Lourdes_Belo Horizonte, Lourdes",1249109414.0,Lourdes,"Belo Horizonte, Lourdes",Lourdes,Belo Horizonte,MG
"Lourdes_Belo Horizonte, Lourdes",1248954618.0,Lourdes,"Belo Horizonte, Lourdes",Lourdes,Belo Horizonte,MG
"Lourdes_Belo Horizonte, Lourdes",1248895975.0,Lourdes,"Belo Horizonte, Lourdes",Lourdes,Belo Horizonte,MG
"Lourdes_Belo Horizonte, Lourdes",1248880433.0,Lourdes,"Belo Horizonte, Lourdes",Lourdes,Belo Horizonte,MG
"Lourdes_Belo Horizonte, Lourdes",1248820714.0,Lourdes,"Belo Horizonte, Lourdes",Lourdes,Belo Horizonte,MG
"Lourdes_Belo Horizonte, Lourdes",1248817565.0,Lourdes,"Belo Horizonte, Lourdes",Lourdes,Belo Horizonte,MG
"Lourdes_Belo Horizonte, Lourdes",1248641532.0,Lourdes,"Belo Horizonte, Lourdes",Lourdes,Belo Horizonte,MG
"Lourdes_Belo Horizonte, Lourdes",1248595336.0,Lourdes,"Belo Horizonte, Lourdes",Lourdes,Belo Horizonte,MG
"Lourdes_Belo Horizonte, Lourdes",1247732933.0,Lourdes,"Belo Horizonte, Lourdes",Lourdes,Belo Horizonte,MG
"Lourdes_Belo Horizonte, Lourdes",1247439402.0,Lourdes,"Belo Horizonte, Lourdes",Lourdes,Belo Horizonte,MG
"Lourdes_Belo Horizonte, Lourdes",1247439140.0,Lourdes,"Belo Horizonte, Lourdes",Lourdes,Belo Horizonte,MG
"Lourdes_Belo Horizonte, Lourdes",1247438406.0,Lourdes,"Belo Horizonte, Lourdes",Lourdes,Belo Horizonte,MG
"Lourdes_Belo Horizonte, Lourdes",1247438022.0,Lourdes,"Belo Horizonte, Lourdes",Lourdes,Belo Horizonte,MG
"Lourdes_Belo Horizonte, Lourdes",1247436839.0,Lourdes,"Belo Horizonte, Lourdes",Lourdes,Belo Horizonte,MG
"Lourdes_Belo Horizonte, Lourdes",1247436640.0,Lourdes,"Belo Horizonte, Lourdes",Lourdes,Belo Horizonte,MG
"Lourdes_Belo Horizonte, Lourdes",1247436222.0,Lourdes,"Belo Horizonte, Lourdes",Lourdes,Belo Horizonte,MG
"Lourdes_Belo Horizonte, Lourdes",1247436086.0,Lourdes,"Belo Horizonte, Lourdes",Lourdes,Belo Horizonte,MG
"Lourdes_Belo Horizonte, Lourdes",1247436056.0,Lourdes,"Belo Horizonte, Lourdes",Lourdes,Belo Horizonte,MG
"Lourdes_Belo Horizonte, Lourdes",1247435952.0,Lourdes,"Belo Horizonte, Lourdes",Lourdes,Belo Horizonte,MG
"Lourdes_Belo Horizonte, Lourdes",1247435543.0,Lourdes,"Belo Horizonte, Lourdes",Lourdes,Belo Horizonte,MG
"Lourdes_Belo Horizonte, Lourdes",1247434860.0,Lourdes,"Belo Horizonte, Lourdes",Lourdes,Belo Horizonte,MG
"Lourdes_Belo Horizonte, Lourdes",1247434723.0,Lourdes,"Belo Horizonte, Lourdes",Lourdes,Belo Horizonte,MG
"Lourdes_Belo Horizonte, Lourdes",1247434439.0,Lourdes,"Belo Horizonte, Lourdes",Lourdes,Belo Horizonte,MG
"Lourdes_Belo Horizonte, Lourdes",1247434233.0,Lourdes,"Belo Horizonte, Lourdes",Lourdes,Belo Horizonte,MG
"Centro_Belo Horizonte, Centro",1247434080.0,Centro,"Belo Horizonte, Centro",Centro,Belo Horizonte,MG
"Lourdes_Belo Horizonte, Lourdes",1247434103.0,Lourdes,"Belo Horizonte, Lourdes",Lourdes,Belo Horizonte,MG
"Cidade Jardim_Belo Horizonte, Cidade Jardim",1247433929.0,Cidade Jardim,"Belo Horizonte, Cidade Jardim",Cidade Jardim,Belo Horizonte,MG
"Lourdes_Belo Horizonte, Lourdes",1247433862.0,Lourdes,"Belo Horizonte, Lourdes",Lourdes,Belo Horizonte,MG
"Lourdes_Belo Horizonte, Lourdes",1247433749.0,Lourdes,"Belo Horizonte, Lourdes",Lourdes,Belo Horizonte,MG
"Lourdes_Belo Horizonte, Lourdes",1247433385.0,Lourdes,"Belo Horizonte, Lourdes",Lourdes,Belo Horizonte,MG
"Lourdes_Belo Horizonte, Lourdes",1247433389.0,Lourdes,"Belo Horizonte, Lourdes",Lourdes,Belo Horizonte,MG
"Lourdes_Belo Horizonte, Lourdes",1247433339.0,Lourdes,"Belo Horizonte, Lourdes",Lourdes,Belo Horizonte,MG
"Lourdes_Belo Horizonte, Lourdes",1247433195.0,Lourdes,"Belo Horizonte, Lourdes",Lourdes,Belo Horizonte,MG
"Lourdes_Belo Horizonte, Lourdes",1247433132.0,Lourdes,"Belo Horizonte, Lourdes",Lourdes,Belo Horizonte,MG
"Lourdes_Belo Horizonte, Lourdes",1247433049.0,Lourdes,"Belo Horizonte, Lourdes",Lourdes,Belo Horizonte,MG
"Lourdes_Belo Horizonte, Lourdes",1247432941.0,Lourdes,"Belo Horizonte, Lourdes",Lourdes,Belo Horizonte,MG
"Lourdes_Belo Horizonte, Lourdes",1247432950.0,Lourdes,"Belo Horizonte, Lourdes",Lourdes,Belo Horizonte,MG
"Lourdes_Belo Horizonte, Lourdes",1247432923.0,Lourdes,"Belo Horizonte, Lourdes",Lourdes,Belo Horizonte,MG
"Lourdes_Belo Horizonte, Lourdes",1247432766.0,Lourdes,"Belo Horizonte, Lourdes",Lourdes,Belo Horizonte,MG
"Lourdes_Belo Horizonte, Lourdes",1247432687.0,Lourdes,"Belo Horizonte, Lourdes",Lourdes,Belo Horizonte,MG
"Lourdes_Belo Horizonte, Lourdes",1247432625.0,Lourdes,"Belo Horizonte, Lourdes",Lourdes,Belo Horizonte,MG
"Centro_Belo Horizonte, Centro",1247432591.0,Centro,"Belo Horizonte, Centro",Centro,Belo Horizonte,MG
"Lourdes_Belo Horizonte, Lourdes",1247432498.0,Lourdes,"Belo Horizonte, Lourdes",Lourdes,Belo Horizonte,MG
"Lourdes_Belo Horizonte, Lourdes",1247432449.0,Lourdes,"Belo Horizonte, Lourdes",Lourdes,Belo Horizonte,MG
"Lourdes_Belo Horizonte, Lourdes",1247432249.0,Lourdes,"Belo Horizonte, Lourdes",Lourdes,Belo Horizonte,MG
"Lourdes_Belo Horizonte, Lourdes",1247432251.0,Lourdes,"Belo Horizonte, Lourdes",Lourdes,Belo Horizonte,MG
"Lourdes_Belo Horizonte, Lourdes",1247432217.0,Lourdes,"Belo Horizonte, Lourdes",Lourdes,Belo Horizonte,MG
"Lourdes_Belo Horizonte, Lourdes",1247432086.0,Lourdes,"Belo Horizonte, Lourdes",Lourdes,Belo Horizonte,MG
"Lourdes_Belo Horizonte, Lourdes",1247432039.0,Lourdes,"Belo Horizonte, Lourdes",Lourdes,Belo Horizonte,MG
"Centro_Belo Horizonte, Centro",1247431941.0,Centro,"Belo Horizonte, Centro",Centro,Belo Horizonte,MG
"Lourdes_Belo Horizonte, Lourdes",1247431868.0,Lourdes,"Belo Horizonte, Lourdes",Lourdes,Belo Horizonte,MG
"Lourdes_Belo Horizonte, Lourdes",1247431841.0,Lourdes,"Belo Horizonte, Lourdes",Lourdes,Belo Horizonte,MG
"Lourdes_Belo Horizonte, Lourdes",1247431491.0,Lourdes,"Belo Horizonte, Lourdes",Lourdes,Belo Horizonte,MG
"Lourdes_Belo Horizonte, Lourdes",1247402019.0,Lourdes,"Belo Horizonte, Lourdes",Lourdes,Belo Horizonte,MG
"Lourdes_Belo Horizonte, Lourdes",1247380576.0,Lourdes,"Belo Horizonte, Lourdes",Lourdes,Belo Horizonte,MG
"Lourdes_Belo Horizonte, Lourdes",1247374611.0,Lourdes,"Belo Horizonte, Lourdes",Lourdes,Belo Horizonte,MG
"Lourdes_Belo Horizonte, Lourdes",1247232611.0,Lourdes,"Belo Horizonte, Lourdes",Lourdes,Belo Horizonte,MG
"Lourdes_Belo Horizonte, Lourdes",1247027080.0,Lourdes,"Belo Horizonte, Lourdes",Lourdes,Belo Horizonte,MG
"Lourdes_Belo Horizonte, Lourdes",1246579605.0,Lourdes,"Belo Horizonte, Lourdes",Lourdes,Belo Horizonte,MG
"Centro_Belo Horizonte, Centro",1246308819.0,Centro,"Belo Horizonte, Centro",Centro,Belo Horizonte,MG
"Lourdes_Belo Horizonte, Lourdes",1246298503.0,Lourdes,"Belo Horizonte, Lourdes",Lourdes,Belo Horizonte,MG
"Lourdes_Belo Horizonte, Lourdes",1246260989.0,Lourdes,"Belo Horizonte, Lourdes",Lourdes,Belo Horizonte,MG
"Lourdes_Belo Horizonte, Lourdes",1245520366.0,Lourdes,"Belo Horizonte, Lourdes",Lourdes,Belo Horizonte,MG
"Lourdes_Belo Horizonte, Lourdes",1245520176.0,Lourdes,"Belo Horizonte, Lourdes",Lourdes,Belo Horizonte,MG
"Lourdes_Belo Horizonte, Lourdes",1245516941.0,Lourdes,"Belo Horizonte, Lourdes",Lourdes,Belo Horizonte,MG
"Lourdes_Belo Horizonte, Lourdes",1245229786.0,Lourdes,"Belo Horizonte, Lourdes",Lourdes,Belo Horizonte,MG
"Lourdes_Belo Horizonte, Lourdes",1244887347.0,Lourdes,"Belo Horizonte, Lourdes",Lourdes,Belo Horizonte,MG
"Lourdes_Belo Horizonte, Lourdes",1244862795.0,Lourdes,"Belo Horizonte, Lourdes",Lourdes,Belo Horizonte,MG
"Lourdes_Belo Horizonte, Lourdes",1244724899.0,Lourdes,"Belo Horizonte, Lourdes",Lourdes,Belo Horizonte,MG
"Lourdes_Belo Horizonte, Lourdes",1244678287.0,Lourdes,"Belo Horizonte, Lourdes",Lourdes,Belo Horizonte,MG
"Centro_Belo Horizonte, Centro",1244585632.0,Centro,"Belo Horizonte, Centro",Centro,Belo Horizonte,MG
"Lourdes_Belo Horizonte, Lourdes",1244231085.0,Lourdes,"Belo Horizonte, Lourdes",Lourdes,Belo Horizonte,MG
"Lourdes_Belo Horizonte, Lourdes",1244224952.0,Lourdes,"Belo Horizonte, Lourdes",Lourdes,Belo Horizonte,MG
"Lourdes_Belo Horizonte, Lourdes",1244143606.0,Lourdes,"Belo Horizonte, Lourdes",Lourdes,Belo Horizonte,MG
"Centro_Belo Horizonte, Centro",1242857773.0,Centro,"Belo Horizonte, Centro",Centro,Belo Horizonte,MG
"Santo Agostinho_Belo Horizonte, Santo Agostinho",1242848241.0,Santo Agostinho,"Belo Horizonte, Santo Agostinho",Santo Agostinho,Belo Horizonte,MG
"Santo Agostinho_Belo Horizonte, Santo Agostinho",1242847960.0,Santo Agostinho,"Belo Horizonte, Santo Agostinho",Santo Agostinho,Belo Horizonte,MG
"Lourdes_Belo Horizonte, Lourdes",1242840302.0,Lourdes,"Belo Horizonte, Lourdes",Lourdes,Belo Horizonte,MG
"Lourdes_Belo Horizonte, Lourdes",1242612650.0,Lourdes,"Belo Horizonte, Lourdes",Lourdes,Belo Horizonte,MG
"Lourdes_Belo Horizonte, Lourdes",1242554164.0,Lourdes,"Belo Horizonte, Lourdes",Lourdes,Belo Horizonte,MG
"Lourdes_Belo Horizonte, Lourdes",1242287146.0,Lourdes,"Belo Horizonte, Lourdes",Lourdes,Belo Horizonte,MG
"Lourdes_Belo Horizonte, Lourdes",1242255704.0,Lourdes,"Belo Horizonte, Lourdes",Lourdes,Belo Horizonte,MG
"Lourdes_Belo Horizonte, Lourdes",1241486440.0,Lourdes,"Belo Horizonte, Lourdes",Lourdes,Belo Horizonte,MG
"Lourdes_Belo Horizonte, Lourdes",1241168498.0,Lourdes,"Belo Horizonte, Lourdes",Lourdes,Belo Horizonte,MG
"Lourdes_Belo Horizonte, Lourdes",1240686257.0,Lourdes,"Belo Horizonte, Lourdes",Lourdes,Belo Horizonte,MG
"Lourdes_Belo Horizonte, Lourdes",1240686244.0,Lourdes,"Belo Horizonte, Lourdes",Lourdes,Belo Horizonte,MG
"Lourdes_Belo Horizonte, Lourdes",1240685980.0,Lourdes,"Belo Horizonte, Lourdes",Lourdes,Belo Horizonte,MG
"Lourdes_Belo Horizonte, Lourdes",1240546764.0,Lourdes,"Belo Horizonte, Lourdes",Lourdes,Belo Horizonte,MG
"Lourdes_Belo Horizonte, Lourdes",1240314055.0,Lourdes,"Belo Horizonte, Lourdes",Lourdes,Belo Horizonte,MG
"Lourdes_Belo Horizonte, Lourdes",1240057282.0,Lourdes,"Belo Horizonte, Lourdes",Lourdes,Belo Horizonte,MG
"Lourdes_Belo Horizonte, Lourdes",1240003597.0,Lourdes,"Belo Horizonte, Lourdes",Lourdes,Belo Horizonte,MG
"Lourdes_Belo Horizonte, Lourdes",1239962474.0,Lourdes,"Belo Horizonte, Lourdes",Lourdes,Belo Horizonte,MG
"Lourdes_Belo Horizonte, Lourdes",1239931319.0,Lourdes,"Belo Horizonte, Lourdes",Lourdes,Belo Horizonte,MG
"Centro_Belo Horizonte, Centro",1239891219.0,Centro,"Belo Horizonte, Centro",Centro,Belo Horizonte,MG
"Lourdes_Belo Horizonte, Lourdes",1239851595.0,Lourdes,"Belo Horizonte, Lourdes",Lourdes,Belo Horizonte,MG
"Centro_Belo Horizonte, Centro",1239849575.0,Centro,"Belo Horizonte, Centro",Centro,Belo Horizonte,MG
"Lourdes_Belo Horizonte, Lourdes",1239835913.0,Lourdes,"Belo Horizonte, Lourdes",Lourdes,Belo Horizonte,MG
"Lourdes_Belo Horizonte, Lourdes",1239019387.0,Lourdes,"Belo Horizonte, Lourdes",Lourdes,Belo Horizonte,MG
"Lourdes_Belo Horizonte, Lourdes",1239007581.0,Lourdes,"Belo Horizonte, Lourdes",Lourdes,Belo Horizonte,MG
"Lourdes_Belo Horizonte, Lourdes",1239006889.0,Lourdes,"Belo Horizonte, Lourdes",Lourdes,Belo Horizonte,MG
"Lourdes_Belo Horizonte, Lourdes",1238987998.0,Lourdes,"Belo Horizonte, Lourdes",Lourdes,Belo Horizonte,MG
"Lourdes_Belo Horizonte, Lourdes",1238957186.0,Lourdes,"Belo Horizonte, Lourdes",Lourdes,Belo Horizonte,MG
"Centro_Belo Horizonte, Centro",1238923584.0,Centro,"Belo Horizonte, Centro",Centro,Belo Horizonte,MG
"Lourdes_Belo Horizonte, Lourdes",1238655999.0,Lourdes,"Belo Horizonte, Lourdes",Lourdes,Belo Horizonte,MG
"Lourdes_Belo Horizonte, Lourdes",1238620865.0,Lourdes,"Belo Horizonte, Lourdes",Lourdes,Belo Horizonte,MG
"Lourdes_Belo Horizonte, Lourdes",1238611668.0,Lourdes,"Belo Horizonte, Lourdes",Lourdes,Belo Horizonte,MG
"Lourdes_Belo Horizonte, Lourdes",1238582330.0,Lourdes,"Belo Horizonte, Lourdes",Lourdes,Belo Horizonte,MG
"Centro_Belo Horizonte, Centro",1238575104.0,Centro,"Belo Horizonte, Centro",Centro,Belo Horizonte,MG
"Lourdes_Belo Horizonte, Lourdes",1238561344.0,Lourdes,"Belo Horizonte, Lourdes",Lourdes,Belo Horizonte,MG
"Lourdes_Belo Horizonte, Lourdes",1238554278.0,Lourdes,"Belo Horizonte, Lourdes",Lourdes,Belo Horizonte,MG
"Lourdes_Belo Horizonte, Lourdes",1238553496.0,Lourdes,"Belo Horizonte, Lourdes",Lourdes,Belo Horizonte,MG
"Lourdes_Belo Horizonte, Lourdes",1238550041.0,Lourdes,"Belo Horizonte, Lourdes",Lourdes,Belo Horizonte,MG
"Lourdes_Belo Horizonte, Lourdes",1238402166.0,Lourdes,"Belo Horizonte, Lourdes",Lourdes,Belo Horizonte,MG
"Lourdes_Belo Horizonte, Lourdes",1238296039.0,Lourdes,"Belo Horizonte, Lourdes",Lourdes,Belo Horizonte,MG
"Lourdes_Belo Horizonte, Lourdes",1238288027.0,Lourdes,"Belo Horizonte, Lourdes",Lourdes,Belo Horizonte,MG
"Lourdes_Belo Horizonte, Lourdes",1238251704.0,Lourdes,"Belo Horizonte, Lourdes",Lourdes,Belo Horizonte,MG
"Lourdes_Belo Horizonte, Lourdes",1238026125.0,Lourdes,"Belo Horizonte, Lourdes",Lourdes,Belo Horizonte,MG
"Lourdes_Belo Horizonte, Lourdes",1237921098.0,Lourdes,"Belo Horizonte, Lourdes",Lourdes,Belo Horizonte,MG
"Lourdes_Belo Horizonte, Lourdes",1237887893.0,Lourdes,"Belo Horizonte, Lourdes",Lourdes,Belo Horizonte,MG
"Lourdes_Belo Horizonte, Lourdes",1237554889.0,Lourdes,"Belo Horizonte, Lourdes",Lourdes,Belo Horizonte,MG
"Santo Agostinho_Belo Horizonte, Santo Agostinho",1237467153.0,Santo Agostinho,"Belo Horizonte, Santo Agostinho",Santo Agostinho,Belo Horizonte,MG
"Lourdes_Belo Horizonte, Lourdes",1237463999.0,Lourdes,"Belo Horizonte, Lourdes",Lourdes,Belo Horizonte,MG
"Lourdes_Belo Horizonte, Lourdes",1237258001.0,Lourdes,"Belo Horizonte, Lourdes",Lourdes,Belo Horizonte,MG
"Lourdes_Belo Horizonte, Lourdes",1236824873.0,Lourdes,"Belo Horizonte, Lourdes",Lourdes,Belo Horizonte,MG
"Lourdes_Belo Horizonte, Lourdes",1236821985.0,Lourdes,"Belo Horizonte, Lourdes",Lourdes,Belo Horizonte,MG
"Lourdes_Belo Horizonte, Lourdes",1236631339.0,Lourdes,"Belo Horizonte, Lourdes",Lourdes,Belo Horizonte,MG
"Lourdes_Belo Horizonte, Lourdes",1236574482.0,Lourdes,"Belo Horizonte, Lourdes",Lourdes,Belo Horizonte,MG
"Lourdes_Belo Horizonte, Lourdes",1236447438.0,Lourdes,"Belo Horizonte, Lourdes",Lourdes,Belo Horizonte,MG
"Lourdes_Belo Horizonte, Lourdes",1236434559.0,Lourdes,"Belo Horizonte, Lourdes",Lourdes,Belo Horizonte,MG
"Cidade Jardim_Belo Horizonte, Cidade Jardim",1236424622.0,Cidade Jardim,"Belo Horizonte, Cidade Jardim",Cidade Jardim,Belo Horizonte,MG
"Santo Antônio_Belo Horizonte, Santo Antônio",1236375252.0,Santo Antônio,"Belo Horizonte, Santo Antônio",Santo Antônio,Belo Horizonte,MG
"Lourdes_Belo Horizonte, Lourdes",1236328829.0,Lourdes,"Belo Horizonte, Lourdes",Lourdes,Belo Horizonte,MG
"Lourdes_Belo Horizonte, Lourdes",1236305662.0,Lourdes,"Belo Horizonte, Lourdes",Lourdes,Belo Horizonte,MG
"Lourdes_Belo Horizonte, Lourdes",1236152343.0,Lourdes,"Belo Horizonte, Lourdes",Lourdes,Belo Horizonte,MG
"Lourdes_Belo Horizonte, Lourdes",1235985495.0,Lourdes,"Belo Horizonte, Lourdes",Lourdes,Belo Horizonte,MG
"Lourdes_Belo Horizonte, Lourdes",1235859045.0,Lourdes,"Belo Horizonte, Lourdes",Lourdes,Belo Horizonte,MG
"Lourdes_Belo Horizonte, Lourdes",1235692546.0,Lourdes,"Belo Horizonte, Lourdes",Lourdes,Belo Horizonte,MG
"Lourdes_Belo Horizonte, Lourdes",1235689439.0,Lourdes,"Belo Horizonte, Lourdes",Lourdes,Belo Horizonte,MG
"Lourdes_Belo Horizonte, Lourdes",1235687466.0,Lourdes,"Belo Horizonte, Lourdes",Lourdes,Belo Horizonte,MG
"Lourdes_Belo Horizonte, Lourdes",1235637252.0,Lourdes,"Belo Horizonte, Lourdes",Lourdes,Belo Horizonte,MG
"Centro_Belo Horizonte, Centro",1235560940.0,Centro,"Belo Horizonte, Centro",Centro,Belo Horizonte,MG
"Lourdes_Belo Horizonte, Lourdes",1235508982.0,Lourdes,"Belo Horizonte, Lourdes",Lourdes,Belo Horizonte,MG
"Centro_Belo Horizonte, Centro",1235302655.0,Centro,"Belo Horizonte, Centro",Centro,Belo Horizonte,MG
"Lourdes_Belo Horizonte, Lourdes",1235103807.0,Lourdes,"Belo Horizonte, Lourdes",Lourdes,Belo Horizonte,MG
"Lourdes_Belo Horizonte, Lourdes",1234039364.0,Lourdes,"Belo Horizonte, Lourdes",Lourdes,Belo Horizonte,MG
"Lourdes_Belo Horizonte, Lourdes",1233982131.0,Lourdes,"Belo Horizonte, Lourdes",Lourdes,Belo Horizonte,MG
"Lourdes_Belo Horizonte, Lourdes",1233951965.0,Lourdes,"Belo Horizonte, Lourdes",Lourdes,Belo Horizonte,MG
"Lourdes_Belo Horizonte, Lourdes",1233942000.0,Lourdes,"Belo Horizonte, Lourdes",Lourdes,Belo Horizonte,MG
"Lourdes_Belo Horizonte, Lourdes",1233935649.0,Lourdes,"Belo Horizonte, Lourdes",Lourdes,Belo Horizonte,MG
"Lourdes_Belo Horizonte, Lourdes",1233922734.0,Lourdes,"Belo Horizonte, Lourdes",Lourdes,Belo Horizonte,MG
"Lourdes_Belo Horizonte, Lourdes",1233918970.0,Lourdes,"Belo Horizonte, Lourdes",Lourdes,Belo Horizonte,MG
"Lourdes_Belo Horizonte, Lourdes",1233890304.0,Lourdes,"Belo Horizonte, Lourdes",Lourdes,Belo Horizonte,MG
"Lourdes_Belo Horizonte, Lourdes",1233884209.0,Lourdes,"Belo Horizonte, Lourdes",Lourdes,Belo Horizonte,MG
"Centro_Belo Horizonte, Centro",1233694972.0,Centro,"Belo Horizonte, Centro",Centro,Belo Horizonte,MG
"Lourdes_Belo Horizonte, Lourdes",1233581766.0,Lourdes,"Belo Horizonte, Lourdes",Lourdes,Belo Horizonte,MG
"Lourdes_Belo Horizonte, Lourdes",1233096335.0,Lourdes,"Belo Horizonte, Lourdes",Lourdes,Belo Horizonte,MG
"Lourdes_Belo Horizonte, Lourdes",1232677933.0,Lourdes,"Belo Horizonte, Lourdes",Lourdes,Belo Horizonte,MG
"Lourdes_Belo Horizonte, Lourdes",1231786215.0,Lourdes,"Belo Horizonte, Lourdes",Lourdes,Belo Horizonte,MG
"Lourdes_Belo Horizonte, Lourdes",1231786218.0,Lourdes,"Belo Horizonte, Lourdes",Lourdes,Belo Horizonte,MG
"Lourdes_Belo Horizonte, Lourdes",1231786209.0,Lourdes,"Belo Horizonte, Lourdes",Lourdes,Belo Horizonte,MG
"Lourdes_Belo Horizonte, Lourdes",1231786208.0,Lourdes,"Belo Horizonte, Lourdes",Lourdes,Belo Horizonte,MG
"Lourdes_Belo Horizonte, Lourdes",1231580992.0,Lourdes,"Belo Horizonte, Lourdes",Lourdes,Belo Horizonte,MG
"Lourdes_Belo Horizonte, Lourdes",1231455174.0,Lourdes,"Belo Horizonte, Lourdes",Lourdes,Belo Horizonte,MG
"Lourdes_Belo Horizonte, Lourdes",1231455175.0,Lourdes,"Belo Horizonte, Lourdes",Lourdes,Belo Horizonte,MG
"Lourdes_Belo Horizonte, Lourdes",1231435828.0,Lourdes,"Belo Horizonte, Lourdes",Lourdes,Belo Horizonte,MG
"Lourdes_Belo Horizonte, Lourdes",1231435762.0,Lourdes,"Belo Horizonte, Lourdes",Lourdes,Belo Horizonte,MG
"Lourdes_Belo Horizonte, Lourdes",1231082869.0,Lourdes,"Belo Horizonte, Lourdes",Lourdes,Belo Horizonte,MG
"Lourdes_Belo Horizonte, Lourdes",1231010579.0,Lourdes,"Belo Horizonte, Lourdes",Lourdes,Belo Horizonte,MG
"Lourdes_Belo Horizonte, Lourdes",1230933136.0,Lourdes,"Belo Horizonte, Lourdes",Lourdes,Belo Horizonte,MG
"Lourdes_Belo Horizonte, Lourdes",1230678686.0,Lourdes,"Belo Horizonte, Lourdes",Lourdes,Belo Horizonte,MG
"Lourdes_Belo Horizonte, Lourdes",1230321616.0,Lourdes,"Belo Horizonte, Lourdes",Lourdes,Belo Horizonte,MG
"Lourdes_Belo Horizonte, Lourdes",1229414480.0,Lourdes,"Belo Horizonte, Lourdes",Lourdes,Belo Horizonte,MG
"Lourdes_Belo Horizonte, Lourdes",1229338648.0,Lourdes,"Belo Horizonte, Lourdes",Lourdes,Belo Horizonte,MG
"Lourdes_Belo Horizonte, Lourdes",1229216604.0,Lourdes,"Belo Horizonte, Lourdes",Lourdes,Belo Horizonte,MG
"Lourdes_Belo Horizonte, Lourdes",1229142116.0,Lourdes,"Belo Horizonte, Lourdes",Lourdes,Belo Horizonte,MG
"Lourdes_Belo Horizonte, Lourdes",1229136910.0,Lourdes,"Belo Horizonte, Lourdes",Lourdes,Belo Horizonte,MG
"Lourdes_Belo Horizonte, Lourdes",1228958146.0,Lourdes,"Belo Horizonte, Lourdes",Lourdes,Belo Horizonte,MG
"Lourdes_Belo Horizonte, Lourdes",1228864509.0,Lourdes,"Belo Horizonte, Lourdes",Lourdes,Belo Horizonte,MG
"Lourdes_Belo Horizonte, Lourdes",1228600830.0,Lourdes,"Belo Horizonte, Lourdes",Lourdes,Belo Horizonte,MG
"Lourdes_Belo Horizonte, Lourdes",1228458919.0,Lourdes,"Belo Horizonte, Lourdes",Lourdes,Belo Horizonte,MG
"Lourdes_Belo Horizonte, Lourdes",1228012792.0,Lourdes,"Belo Horizonte, Lourdes",Lourdes,Belo Horizonte,MG
"Lourdes_Belo Horizonte, Lourdes",1228012366.0,Lourdes,"Belo Horizonte, Lourdes",Lourdes,Belo Horizonte,MG
"Lourdes_Belo Horizonte, Lourdes",1228011659.0,Lourdes,"Belo Horizonte, Lourdes",Lourdes,Belo Horizonte,MG
"Lourdes_Belo Horizonte, Lourdes",1228011341.0,Lourdes,"Belo Horizonte, Lourdes",Lourdes,Belo Horizonte,MG
"Lourdes_Belo Horizonte, Lourdes",1228000229.0,Lourdes,"Belo Horizonte, Lourdes",Lourdes,Belo Horizonte,MG
"Lourdes_Belo Horizonte, Lourdes",1227828781.0,Lourdes,"Belo Horizonte, Lourdes",Lourdes,Belo Horizonte,MG
"Lourdes_Belo Horizonte, Lourdes",1227826894.0,Lourdes,"Belo Horizonte, Lourdes",Lourdes,Belo Horizonte,MG
"Lourdes_Belo Horizonte, Lourdes",1227826859.0,Lourdes,"Belo Horizonte, Lourdes",Lourdes,Belo Horizonte,MG
"Lourdes_Belo Horizonte, Lourdes",1227825549.0,Lourdes,"Belo Horizonte, Lourdes",Lourdes,Belo Horizonte,MG
"Lourdes_Belo Horizonte, Lourdes",1227824978.0,Lourdes,"Belo Horizonte, Lourdes",Lourdes,Belo Horizonte,MG
"Lourdes_Belo Horizonte, Lourdes",1227819584.0,Lourdes,"Belo Horizonte, Lourdes",Lourdes,Belo Horizonte,MG
"Lourdes_Belo Horizonte, Lourdes",1227616073.0,Lourdes,"Belo Horizonte, Lourdes",Lourdes,Belo Horizonte,MG
"Lourdes_Belo Horizonte, Lourdes",1227599249.0,Lourdes,"Belo Horizonte, Lourdes",Lourdes,Belo Horizonte,MG
"Lourdes_Belo Horizonte, Lourdes",1227578953.0,Lourdes,"Belo Horizonte, Lourdes",Lourdes,Belo Horizonte,MG
"Lourdes_Belo Horizonte, Lourdes",1227574782.0,Lourdes,"Belo Horizonte, Lourdes",Lourdes,Belo Horizonte,MG
"Lourdes_Belo Horizonte, Lourdes",1226701624.0,Lourdes,"Belo Horizonte, Lourdes",Lourdes,Belo Horizonte,MG
"Lourdes_Belo Horizonte, Lourdes",1226699245.0,Lourdes,"Belo Horizonte, Lourdes",Lourdes,Belo Horizonte,MG
"Lourdes_Belo Horizonte, Lourdes",1226302239.0,Lourdes,"Belo Horizonte, Lourdes",Lourdes,Belo Horizonte,MG
"Lourdes_Belo Horizonte, Lourdes",1226251032.0,Lourdes,"Belo Horizonte, Lourdes",Lourdes,Belo Horizonte,MG
"Lourdes_Belo Horizonte, Lourdes",1226157174.0,Lourdes,"Belo Horizonte, Lourdes",Lourdes,Belo Horizonte,MG
"Lourdes_Belo Horizonte, Lourdes",1226052591.0,Lourdes,"Belo Horizonte, Lourdes",Lourdes,Belo Horizonte,MG
"Lourdes_Belo Horizonte, Lourdes",1226002191.0,Lourdes,"Belo Horizonte, Lourdes",Lourdes,Belo Horizonte,MG
"Lourdes_Belo Horizonte, Lourdes",1225878030.0,Lourdes,"Belo Horizonte, Lourdes",Lourdes,Belo Horizonte,MG
"Lourdes_Belo Horizonte, Lourdes",1225585677.0,Lourdes,"Belo Horizonte, Lourdes",Lourdes,Belo Horizonte,MG
"Lourdes_Belo Horizonte, Lourdes",1225428715.0,Lourdes,"Belo Horizonte, Lourdes",Lourdes,Belo Horizonte,MG
"Lourdes_Belo Horizonte, Lourdes",1225382289.0,Lourdes,"Belo Horizonte, Lourdes",Lourdes,Belo Horizonte,MG
"Lourdes_Belo Horizonte, Lourdes",1225219199.0,Lourdes,"Belo Horizonte, Lourdes",Lourdes,Belo Horizonte,MG
"Lourdes_Belo Horizonte, Lourdes",1225157286.0,Lourdes,"Belo Horizonte, Lourdes",Lourdes,Belo Horizonte,MG
"Lourdes_Belo Horizonte, Lourdes",1224826233.0,Lourdes,"Belo Horizonte, Lourdes",Lourdes,Belo Horizonte,MG
"Centro_Belo Horizonte, Centro",1224281281.0,Centro,"Belo Horizonte, Centro",Centro,Belo Horizonte,MG
"Centro_Belo Horizonte, Centro",1223984533.0,Centro,"Belo Horizonte, Centro",Centro,Belo Horizonte,MG
"Lourdes_Belo Horizonte, Lourdes",1223979282.0,Lourdes,"Belo Horizonte, Lourdes",Lourdes,Belo Horizonte,MG
"Lourdes_Belo Horizonte, Lourdes",1223979280.0,Lourdes,"Belo Horizonte, Lourdes",Lourdes,Belo Horizonte,MG
"Lourdes_Belo Horizonte, Lourdes",1223563405.0,Lourdes,"Belo Horizonte, Lourdes",Lourdes,Belo Horizonte,MG
"Lourdes_Belo Horizonte, Lourdes",1223559891.0,Lourdes,"Belo Horizonte, Lourdes",Lourdes,Belo Horizonte,MG
"Lourdes_Belo Horizonte, Lourdes",1223124400.0,Lourdes,"Belo Horizonte, Lourdes",Lourdes,Belo Horizonte,MG
"Lourdes_Belo Horizonte, Lourdes",1221727477.0,Lourdes,"Belo Horizonte, Lourdes",Lourdes,Belo Horizonte,MG
"Lourdes_Belo Horizonte, Lourdes",1221703455.0,Lourdes,"Belo Horizonte, Lourdes",Lourdes,Belo Horizonte,MG
"Lourdes_Belo Horizonte, Lourdes",1221416141.0,Lourdes,"Belo Horizonte, Lourdes",Lourdes,Belo Horizonte,MG
"Lourdes_Belo Horizonte, Lourdes",1221392898.0,Lourdes,"Belo Horizonte, Lourdes",Lourdes,Belo Horizonte,MG
"Lourdes_Belo Horizonte, Lourdes",1221392738.0,Lourdes,"Belo Horizonte, Lourdes",Lourdes,Belo Horizonte,MG
"Lourdes_Belo Horizonte, Lourdes",1221392718.0,Lourdes,"Belo Horizonte, Lourdes",Lourdes,Belo Horizonte,MG
"Lourdes_Belo Horizonte, Lourdes",1221392612.0,Lourdes,"Belo Horizonte, Lourdes",Lourdes,Belo Horizonte,MG
"Lourdes_Belo Horizonte, Lourdes",1221392590.0,Lourdes,"Belo Horizonte, Lourdes",Lourdes,Belo Horizonte,MG
"Lourdes_Belo Horizonte, Lourdes",1221392512.0,Lourdes,"Belo Horizonte, Lourdes",Lourdes,Belo Horizonte,MG
"Lourdes_Belo Horizonte, Lourdes",1221392452.0,Lourdes,"Belo Horizonte, Lourdes",Lourdes,Belo Horizonte,MG
"Lourdes_Belo Horizonte, Lourdes",1221392390.0,Lourdes,"Belo Horizonte, Lourdes",Lourdes,Belo Horizonte,MG
"Lourdes_Belo Horizonte, Lourdes",1221392374.0,Lourdes,"Belo Horizonte, Lourdes",Lourdes,Belo Horizonte,MG
"Lourdes_Belo Horizonte, Lourdes",1221191749.0,Lourdes,"Belo Horizonte, Lourdes",Lourdes,Belo Horizonte,MG
"Lourdes_Belo Horizonte, Lourdes",1221035673.0,Lourdes,"Belo Horizonte, Lourdes",Lourdes,Belo Horizonte,MG
"Lourdes_Belo Horizonte, Lourdes",1221034410.0,Lourdes,"Belo Horizonte, Lourdes",Lourdes,Belo Horizonte,MG
"Lourdes_Belo Horizonte, Lourdes",1221033225.0,Lourdes,"Belo Horizonte, Lourdes",Lourdes,Belo Horizonte,MG
"Lourdes_Belo Horizonte, Lourdes",1221031592.0,Lourdes,"Belo Horizonte, Lourdes",Lourdes,Belo Horizonte,MG
"Lourdes_Belo Horizonte, Lourdes",1221022727.0,Lourdes,"Belo Horizonte, Lourdes",Lourdes,Belo Horizonte,MG
"Lourdes_Belo Horizonte, Lourdes",1220338834.0,Lourdes,"Belo Horizonte, Lourdes",Lourdes,Belo Horizonte,MG
"Lourdes_Belo Horizonte, Lourdes",1220149697.0,Lourdes,"Belo Horizonte, Lourdes",Lourdes,Belo Horizonte,MG
"Lourdes_Belo Horizonte, Lourdes",1219824069.0,Lourdes,"Belo Horizonte, Lourdes",Lourdes,Belo Horizonte,MG
"Centro_Belo Horizonte, Centro",1219708036.0,Centro,"Belo Horizonte, Centro",Centro,Belo Horizonte,MG
"Lourdes_Belo Horizonte, Lourdes",1219517911.0,Lourdes,"Belo Horizonte, Lourdes",Lourdes,Belo Horizonte,MG
"Lourdes_Belo Horizonte, Lourdes",1219045367.0,Lourdes,"Belo Horizonte, Lourdes",Lourdes,Belo Horizonte,MG
"Lourdes_Belo Horizonte, Lourdes",1219045362.0,Lourdes,"Belo Horizonte, Lourdes",Lourdes,Belo Horizonte,MG
"Lourdes_Belo Horizonte, Lourdes",1219045356.0,Lourdes,"Belo Horizonte, Lourdes",Lourdes,Belo Horizonte,MG
"Lourdes_Belo Horizonte, Lourdes",1218780163.0,Lourdes,"Belo Horizonte, Lourdes",Lourdes,Belo Horizonte,MG
"Lourdes_Belo Horizonte, Lourdes",1218750032.0,Lourdes,"Belo Horizonte, Lourdes",Lourdes,Belo Horizonte,MG
"Centro_Belo Horizonte, Centro",1218727105.0,Centro,"Belo Horizonte, Centro",Centro,Belo Horizonte,MG
"Santo Antônio_Belo Horizonte, Santo Antônio",1218314856.0,Santo Antônio,"Belo Horizonte, Santo Antônio",Santo Antônio,Belo Horizonte,MG
"Lourdes_Belo Horizonte, Lourdes",1218303660.0,Lourdes,"Belo Horizonte, Lourdes",Lourdes,Belo Horizonte,MG
"Lourdes_Belo Horizonte, Lourdes",1218077671.0,Lourdes,"Belo Horizonte, Lourdes",Lourdes,Belo Horizonte,MG
"Lourdes_Belo Horizonte, Lourdes",1217961465.0,Lourdes,"Belo Horizonte, Lourdes",Lourdes,Belo Horizonte,MG
"Lourdes_Belo Horizonte, Lourdes",1217430013.0,Lourdes,"Belo Horizonte, Lourdes",Lourdes,Belo Horizonte,MG
"Lourdes_Belo Horizonte, Lourdes",1217284519.0,Lourdes,"Belo Horizonte, Lourdes",Lourdes,Belo Horizonte,MG
"Lourdes_Belo Horizonte, Lourdes",1217120341.0,Lourdes,"Belo Horizonte, Lourdes",Lourdes,Belo Horizonte,MG
"Lourdes_Belo Horizonte, Lourdes",1217013896.0,Lourdes,"Belo Horizonte, Lourdes",Lourdes,Belo Horizonte,MG
"Lourdes_Belo Horizonte, Lourdes",1216980665.0,Lourdes,"Belo Horizonte, Lourdes",Lourdes,Belo Horizonte,MG
"Lourdes_Belo Horizonte, Lourdes",1216542331.0,Lourdes,"Belo Horizonte, Lourdes",Lourdes,Belo Horizonte,MG
"Lourdes_Belo Horizonte, Lourdes",1216540128.0,Lourdes,"Belo Horizonte, Lourdes",Lourdes,Belo Horizonte,MG
"Lourdes_Belo Horizonte, Lourdes",1216354760.0,Lourdes,"Belo Horizonte, Lourdes",Lourdes,Belo Horizonte,MG
"Lourdes_Belo Horizonte, Lourdes",1216054363.0,Lourdes,"Belo Horizonte, Lourdes",Lourdes,Belo Horizonte,MG
"Lourdes_Belo Horizonte, Lourdes",1216041862.0,Lourdes,"Belo Horizonte, Lourdes",Lourdes,Belo Horizonte,MG
"Lourdes_Belo Horizonte, Lourdes",1215511106.0,Lourdes,"Belo Horizonte, Lourdes",Lourdes,Belo Horizonte,MG
"Lourdes_Belo Horizonte, Lourdes",1215454595.0,Lourdes,"Belo Horizonte, Lourdes",Lourdes,Belo Horizonte,MG
"Lourdes_Belo Horizonte, Lourdes",1215382866.0,Lourdes,"Belo Horizonte, Lourdes",Lourdes,Belo Horizonte,MG
"Lourdes_Belo Horizonte, Lourdes",1215336119.0,Lourdes,"Belo Horizonte, Lourdes",Lourdes,Belo Horizonte,MG
"Lourdes_Belo Horizonte, Lourdes",1215256719.0,Lourdes,"Belo Horizonte, Lourdes",Lourdes,Belo Horizonte,MG
"Lourdes_Belo Horizonte, Lourdes",1215247532.0,Lourdes,"Belo Horizonte, Lourdes",Lourdes,Belo Horizonte,MG
"Lourdes_Belo Horizonte, Lourdes",1215207861.0,Lourdes,"Belo Horizonte, Lourdes",Lourdes,Belo Horizonte,MG
"Lourdes_Belo Horizonte, Lourdes",1215095685.0,Lourdes,"Belo Horizonte, Lourdes",Lourdes,Belo Horizonte,MG
"Lourdes_Belo Horizonte, Lourdes",1214705253.0,Lourdes,"Belo Horizonte, Lourdes",Lourdes,Belo Horizonte,MG
"Lourdes_Belo Horizonte, Lourdes",1214544528.0,Lourdes,"Belo Horizonte, Lourdes",Lourdes,Belo Horizonte,MG
"Lourdes_Belo Horizonte, Lourdes",1214498851.0,Lourdes,"Belo Horizonte, Lourdes",Lourdes,Belo Horizonte,MG
"Lourdes_Belo Horizonte, Lourdes",1214030048.0,Lourdes,"Belo Horizonte, Lourdes",Lourdes,Belo Horizonte,MG
"Lourdes_Belo Horizonte, Lourdes",1213882038.0,Lourdes,"Belo Horizonte, Lourdes",Lourdes,Belo Horizonte,MG
"Lourdes_Belo Horizonte, Lourdes",1213701333.0,Lourdes,"Belo Horizonte, Lourdes",Lourdes,Belo Horizonte,MG
"Lourdes_Belo Horizonte, Lourdes",1213342906.0,Lourdes,"Belo Horizonte, Lourdes",Lourdes,Belo Horizonte,MG
"Lourdes_Belo Horizonte, Lourdes",1213331962.0,Lourdes,"Belo Horizonte, Lourdes",Lourdes,Belo Horizonte,MG
"Lourdes_Belo Horizonte, Lourdes",1213311140.0,Lourdes,"Belo Horizonte, Lourdes",Lourdes,Belo Horizonte,MG
"Lourdes_Belo Horizonte, Lourdes",1213288666.0,Lourdes,"Belo Horizonte, Lourdes",Lourdes,Belo Horizonte,MG
"Lourdes_Belo Horizonte, Lourdes",1213206835.0,Lourdes,"Belo Horizonte, Lourdes",Lourdes,Belo Horizonte,MG
"Lourdes_Belo Horizonte, Lourdes",1213003209.0,Lourdes,"Belo Horizonte, Lourdes",Lourdes,Belo Horizonte,MG
"Lourdes_Belo Horizonte, Lourdes",1212939429.0,Lourdes,"Belo Horizonte, Lourdes",Lourdes,Belo Horizonte,MG
"Lourdes_Belo Horizonte, Lourdes",1212924921.0,Lourdes,"Belo Horizonte, Lourdes",Lourdes,Belo Horizonte,MG
"Lourdes_Belo Horizonte, Lourdes",1212839442.0,Lourdes,"Belo Horizonte, Lourdes",Lourdes,Belo Horizonte,MG
"Lourdes_Belo Horizonte, Lourdes",1212831945.0,Lourdes,"Belo Horizonte, Lourdes",Lourdes,Belo Horizonte,MG
"Lourdes_Belo Horizonte, Lourdes",1212824859.0,Lourdes,"Belo Horizonte, Lourdes",Lourdes,Belo Horizonte,MG
"Lourdes_Belo Horizonte, Lourdes",1212810987.0,Lourdes,"Belo Horizonte, Lourdes",Lourdes,Belo Horizonte,MG
"Lourdes_Belo Horizonte, Lourdes",1212798617.0,Lourdes,"Belo Horizonte, Lourdes",Lourdes,Belo Horizonte,MG
"Lourdes_Belo Horizonte, Lourdes",1212778849.0,Lourdes,"Belo Horizonte, Lourdes",Lourdes,Belo Horizonte,MG
"Lourdes_Belo Horizonte, Lourdes",1212778804.0,Lourdes,"Belo Horizonte, Lourdes",Lourdes,Belo Horizonte,MG
"Lourdes_Belo Horizonte, Lourdes",1212763084.0,Lourdes,"Belo Horizonte, Lourdes",Lourdes,Belo Horizonte,MG
"Lourdes_Belo Horizonte, Lourdes",1212763062.0,Lourdes,"Belo Horizonte, Lourdes",Lourdes,Belo Horizonte,MG
"Lourdes_Belo Horizonte, Lourdes",1212762789.0,Lourdes,"Belo Horizonte, Lourdes",Lourdes,Belo Horizonte,MG
"Lourdes_Belo Horizonte, Lourdes",1212762743.0,Lourdes,"Belo Horizonte, Lourdes",Lourdes,Belo Horizonte,MG
"Lourdes_Belo Horizonte, Lourdes",1212762456.0,Lourdes,"Belo Horizonte, Lourdes",Lourdes,Belo Horizonte,MG
"Lourdes_Belo Horizonte, Lourdes",1212762443.0,Lourdes,"Belo Horizonte, Lourdes",Lourdes,Belo Horizonte,MG
"Lourdes_Belo Horizonte, Lourdes",1212611045.0,Lourdes,"Belo Horizonte, Lourdes",Lourdes,Belo Horizonte,MG
"Lourdes_Belo Horizonte, Lourdes",1212610958.0,Lourdes,"Belo Horizonte, Lourdes",Lourdes,Belo Horizonte,MG
"Lourdes_Belo Horizonte, Lourdes",1212577119.0,Lourdes,"Belo Horizonte, Lourdes",Lourdes,Belo Horizonte,MG
"Lourdes_Belo Horizonte, Lourdes",1211993709.0,Lourdes,"Belo Horizonte, Lourdes",Lourdes,Belo Horizonte,MG
"Centro_Belo Horizonte, Centro",1211966236.0,Centro,"Belo Horizonte, Centro",Centro,Belo Horizonte,MG
"Lourdes_Belo Horizonte, Lourdes",1211959372.0,Lourdes,"Belo Horizonte, Lourdes",Lourdes,Belo Horizonte,MG
"Lourdes_Belo Horizonte, Lourdes",1210495386.0,Lourdes,"Belo Horizonte, Lourdes",Lourdes,Belo Horizonte,MG
"Lourdes_Belo Horizonte, Lourdes",1210442072.0,Lourdes,"Belo Horizonte, Lourdes",Lourdes,Belo Horizonte,MG
"Lourdes_Belo Horizonte, Lourdes",1210088335.0,Lourdes,"Belo Horizonte, Lourdes",Lourdes,Belo Horizonte,MG
"Lourdes_Belo Horizonte, Lourdes",1210030195.0,Lourdes,"Belo Horizonte, Lourdes",Lourdes,Belo Horizonte,MG
"Lourdes_Belo Horizonte, Lourdes",1209256924.0,Lourdes,"Belo Horizonte, Lourdes",Lourdes,Belo Horizonte,MG
"Lourdes_Belo Horizonte, Lourdes",1209223715.0,Lourdes,"Belo Horizonte, Lourdes",Lourdes,Belo Horizonte,MG
"Lourdes_Belo Horizonte, Lourdes",1209158004.0,Lourdes,"Belo Horizonte, Lourdes",Lourdes,Belo Horizonte,MG
"Lourdes_Belo Horizonte, Lourdes",1208665145.0,Lourdes,"Belo Horizonte, Lourdes",Lourdes,Belo Horizonte,MG
"Lourdes_Belo Horizonte, Lourdes",1208661895.0,Lourdes,"Belo Horizonte, Lourdes",Lourdes,Belo Horizonte,MG
"Lourdes_Belo Horizonte, Lourdes",1208561092.0,Lourdes,"Belo Horizonte, Lourdes",Lourdes,Belo Horizonte,MG
"Lourdes_Belo Horizonte, Lourdes",1208026316.0,Lourdes,"Belo Horizonte, Lourdes",Lourdes,Belo Horizonte,MG
"Lourdes_Belo Horizonte, Lourdes",1207708199.0,Lourdes,"Belo Horizonte, Lourdes",Lourdes,Belo Horizonte,MG
"Lourdes_Belo Horizonte, Lourdes",1207708146.0,Lourdes,"Belo Horizonte, Lourdes",Lourdes,Belo Horizonte,MG
"Lourdes_Belo Horizonte, Lourdes",1207672847.0,Lourdes,"Belo Horizonte, Lourdes",Lourdes,Belo Horizonte,MG
"Lourdes_Belo Horizonte, Lourdes",1207294979.0,Lourdes,"Belo Horizonte, Lourdes",Lourdes,Belo Horizonte,MG
"Lourdes_Belo Horizonte, Lourdes",1207290978.0,Lourdes,"Belo Horizonte, Lourdes",Lourdes,Belo Horizonte,MG
"Lourdes_Belo Horizonte, Lourdes",1207269216.0,Lourdes,"Belo Horizonte, Lourdes",Lourdes,Belo Horizonte,MG
"Lourdes_Belo Horizonte, Lourdes",1206932510.0,Lourdes,"Belo Horizonte, Lourdes",Lourdes,Belo Horizonte,MG
"Lourdes_Belo Horizonte, Lourdes",1206932480.0,Lourdes,"Belo Horizonte, Lourdes",Lourdes,Belo Horizonte,MG
"Lourdes_Belo Horizonte, Lourdes",1206828350.0,Lourdes,"Belo Horizonte, Lourdes",Lourdes,Belo Horizonte,MG
"Lourdes_Belo Horizonte, Lourdes",1206767717.0,Lourdes,"Belo Horizonte, Lourdes",Lourdes,Belo Horizonte,MG
"Lourdes_Belo Horizonte, Lourdes",1205971022.0,Lourdes,"Belo Horizonte, Lourdes",Lourdes,Belo Horizonte,MG
"Lourdes_Belo Horizonte, Lourdes",1205938307.0,Lourdes,"Belo Horizonte, Lourdes",Lourdes,Belo Horizonte,MG
"Lourdes_Belo Horizonte, Lourdes",1205877303.0,Lourdes,"Belo Horizonte, Lourdes",Lourdes,Belo Horizonte,MG
"Lourdes_Belo Horizonte, Lourdes",1205872975.0,Lourdes,"Belo Horizonte, Lourdes",Lourdes,Belo Horizonte,MG
"Lourdes_Belo Horizonte, Lourdes",1205468298.0,Lourdes,"Belo Horizonte, Lourdes",Lourdes,Belo Horizonte,MG
"Lourdes_Belo Horizonte, Lourdes",1205465285.0,Lourdes,"Belo Horizonte, Lourdes",Lourdes,Belo Horizonte,MG
"Santo Antônio_Belo Horizonte, Santo Antônio",1205462366.0,Santo Antônio,"Belo Horizonte, Santo Antônio",Santo Antônio,Belo Horizonte,MG
"Lourdes_Belo Horizonte, Lourdes",1205462304.0,Lourdes,"Belo Horizonte, Lourdes",Lourdes,Belo Horizonte,MG
"Lourdes_Belo Horizonte, Lourdes",1204999758.0,Lourdes,"Belo Horizonte, Lourdes",Lourdes,Belo Horizonte,MG
"Lourdes_Belo Horizonte, Lourdes",1204956341.0,Lourdes,"Belo Horizonte, Lourdes",Lourdes,Belo Horizonte,MG
"Lourdes_Belo Horizonte, Lourdes",1204926593.0,Lourdes,"Belo Horizonte, Lourdes",Lourdes,Belo Horizonte,MG
"Lourdes_Belo Horizonte, Lourdes",1204926037.0,Lourdes,"Belo Horizonte, Lourdes",Lourdes,Belo Horizonte,MG
"Lourdes_Belo Horizonte, Lourdes",1204920080.0,Lourdes,"Belo Horizonte, Lourdes",Lourdes,Belo Horizonte,MG
"Lourdes_Belo Horizonte, Lourdes",1204919300.0,Lourdes,"Belo Horizonte, Lourdes",Lourdes,Belo Horizonte,MG
"Lourdes_Belo Horizonte, Lourdes",1204918537.0,Lourdes,"Belo Horizonte, Lourdes",Lourdes,Belo Horizonte,MG
"Santo Agostinho_Belo Horizonte, Santo Agostinho",1204859801.0,Santo Agostinho,"Belo Horizonte, Santo Agostinho",Santo Agostinho,Belo Horizonte,MG
"Lourdes_Belo Horizonte, Lourdes",1204835167.0,Lourdes,"Belo Horizonte, Lourdes",Lourdes,Belo Horizonte,MG
"Santo Agostinho_Belo Horizonte, Santo Agostinho",1204834568.0,Santo Agostinho,"Belo Horizonte, Santo Agostinho",Santo Agostinho,Belo Horizonte,MG
"Lourdes_Belo Horizonte, Lourdes",1204788318.0,Lourdes,"Belo Horizonte, Lourdes",Lourdes,Belo Horizonte,MG
"Lourdes_Belo Horizonte, Lourdes",1204784710.0,Lourdes,"Belo Horizonte, Lourdes",Lourdes,Belo Horizonte,MG
"Lourdes_Belo Horizonte, Lourdes",1204617217.0,Lourdes,"Belo Horizonte, Lourdes",Lourdes,Belo Horizonte,MG
"Lourdes_Belo Horizonte, Lourdes",1204391902.0,Lourdes,"Belo Horizonte, Lourdes",Lourdes,Belo Horizonte,MG
"Lourdes_Belo Horizonte, Lourdes",1204368036.0,Lourdes,"Belo Horizonte, Lourdes",Lourdes,Belo Horizonte,MG
"Cidade Jardim_Belo Horizonte, Cidade Jardim",1203919658.0,Cidade Jardim,"Belo Horizonte, Cidade Jardim",Cidade Jardim,Belo Horizonte,MG
"Cidade Jardim_Belo Horizonte, Cidade Jardim",1203919596.0,Cidade Jardim,"Belo Horizonte, Cidade Jardim",Cidade Jardim,Belo Horizonte,MG
"Lourdes_Belo Horizonte, Lourdes",1203911780.0,Lourdes,"Belo Horizonte, Lourdes",Lourdes,Belo Horizonte,MG
"Lourdes_Belo Horizonte, Lourdes",1203500906.0,Lourdes,"Belo Horizonte, Lourdes",Lourdes,Belo Horizonte,MG
"Lourdes_Belo Horizonte, Lourdes",1203096077.0,Lourdes,"Belo Horizonte, Lourdes",Lourdes,Belo Horizonte,MG
"Lourdes_Belo Horizonte, Lourdes",1202948930.0,Lourdes,"Belo Horizonte, Lourdes",Lourdes,Belo Horizonte,MG
"Lourdes_Belo Horizonte, Lourdes",1202923058.0,Lourdes,"Belo Horizonte, Lourdes",Lourdes,Belo Horizonte,MG
"Lourdes_Belo Horizonte, Lourdes",1202908243.0,Lourdes,"Belo Horizonte, Lourdes",Lourdes,Belo Horizonte,MG
"Lourdes_Belo Horizonte, Lourdes",1201912366.0,Lourdes,"Belo Horizonte, Lourdes",Lourdes,Belo Horizonte,MG
"Lourdes_Belo Horizonte, Lourdes",1201894666.0,Lourdes,"Belo Horizonte, Lourdes",Lourdes,Belo Horizonte,MG
"Lourdes_Belo Horizonte, Lourdes",1201877520.0,Lourdes,"Belo Horizonte, Lourdes",Lourdes,Belo Horizonte,MG
"Lourdes_Belo Horizonte, Lourdes",1201867954.0,Lourdes,"Belo Horizonte, Lourdes",Lourdes,Belo Horizonte,MG
"Santo Antônio_Belo Horizonte, Santo Antônio",1201427210.0,Santo Antônio,"Belo Horizonte, Santo Antônio",Santo Antônio,Belo Horizonte,MG
"Lourdes_Belo Horizonte, Lourdes",1200792187.0,Lourdes,"Belo Horizonte, Lourdes",Lourdes,Belo Horizonte,MG
"Lourdes_Belo Horizonte, Lourdes",1200591578.0,Lourdes,"Belo Horizonte, Lourdes",Lourdes,Belo Horizonte,MG
"Lourdes_Belo Horizonte, Lourdes",1200348720.0,Lourdes,"Belo Horizonte, Lourdes",Lourdes,Belo Horizonte,MG
"Lourdes_Belo Horizonte, Lourdes",1200305197.0,Lourdes,"Belo Horizonte, Lourdes",Lourdes,Belo Horizonte,MG
"Lourdes_Belo Horizonte, Lourdes",1200103546.0,Lourdes,"Belo Horizonte, Lourdes",Lourdes,Belo Horizonte,MG
"Lourdes_Belo Horizonte, Lourdes",1200044330.0,Lourdes,"Belo Horizonte, Lourdes",Lourdes,Belo Horizonte,MG
"Lourdes_Belo Horizonte, Lourdes",1199991084.0,Lourdes,"Belo Horizonte, Lourdes",Lourdes,Belo Horizonte,MG
"Lourdes_Belo Horizonte, Lourdes",1198654043.0,Lourdes,"Belo Horizonte, Lourdes",Lourdes,Belo Horizonte,MG
"Lourdes_Belo Horizonte, Lourdes",1198618108.0,Lourdes,"Belo Horizonte, Lourdes",Lourdes,Belo Horizonte,MG
"Lourdes_Belo Horizonte, Lourdes",1198354232.0,Lourdes,"Belo Horizonte, Lourdes",Lourdes,Belo Horizonte,MG
"Santo Agostinho_Belo Horizonte, Santo Agostinho",1198179652.0,Santo Agostinho,"Belo Horizonte, Santo Agostinho",Santo Agostinho,Belo Horizonte,MG
"Lourdes_Belo Horizonte, Lourdes",1197709837.0,Lourdes,"Belo Horizonte, Lourdes",Lourdes,Belo Horizonte,MG
"Lourdes_Belo Horizonte, Lourdes",1197691333.0,Lourdes,"Belo Horizonte, Lourdes",Lourdes,Belo Horizonte,MG
"Lourdes_Belo Horizonte, Lourdes",1197248352.0,Lourdes,"Belo Horizonte, Lourdes",Lourdes,Belo Horizonte,MG
"Lourdes_Belo Horizonte, Lourdes",1197185005.0,Lourdes,"Belo Horizonte, Lourdes",Lourdes,Belo Horizonte,MG
"Lourdes_Belo Horizonte, Lourdes",1197101436.0,Lourdes,"Belo Horizonte, Lourdes",Lourdes,Belo Horizonte,MG
"Lourdes_Belo Horizonte, Lourdes",1197075412.0,Lourdes,"Belo Horizonte, Lourdes",Lourdes,Belo Horizonte,MG
"Lourdes_Belo Horizonte, Lourdes",1196283627.0,Lourdes,"Belo Horizonte, Lourdes",Lourdes,Belo Horizonte,MG
"Lourdes_Belo Horizonte, Lourdes",1196283473.0,Lourdes,"Belo Horizonte, Lourdes",Lourdes,Belo Horizonte,MG
"Lourdes_Belo Horizonte, Lourdes",1196192099.0,Lourdes,"Belo Horizonte, Lourdes",Lourdes,Belo Horizonte,MG
"Lourdes_Belo Horizonte, Lourdes",1195497711.0,Lourdes,"Belo Horizonte, Lourdes",Lourdes,Belo Horizonte,MG
"Lourdes_Belo Horizonte, Lourdes",1195103455.0,Lourdes,"Belo Horizonte, Lourdes",Lourdes,Belo Horizonte,MG
"Cidade Jardim_Belo Horizonte, Cidade Jardim",1195086370.0,Cidade Jardim,"Belo Horizonte, Cidade Jardim",Cidade Jardim,Belo Horizonte,MG
"Lourdes_Belo Horizonte, Lourdes",1195060690.0,Lourdes,"Belo Horizonte, Lourdes",Lourdes,Belo Horizonte,MG
"Centro_Belo Horizonte, Centro",1194606369.0,Centro,"Belo Horizonte, Centro",Centro,Belo Horizonte,MG
"Centro_Belo Horizonte, Centro",1194603996.0,Centro,"Belo Horizonte, Centro",Centro,Belo Horizonte,MG
"Lourdes_Belo Horizonte, Lourdes",1194467186.0,Lourdes,"Belo Horizonte, Lourdes",Lourdes,Belo Horizonte,MG
"Lourdes_Belo Horizonte, Lourdes",1194387387.0,Lourdes,"Belo Horizonte, Lourdes",Lourdes,Belo Horizonte,MG
"Lourdes_Belo Horizonte, Lourdes",1194343511.0,Lourdes,"Belo Horizonte, Lourdes",Lourdes,Belo Horizonte,MG
"Lourdes_Belo Horizonte, Lourdes",1193748633.0,Lourdes,"Belo Horizonte, Lourdes",Lourdes,Belo Horizonte,MG
"Lourdes_Belo Horizonte, Lourdes",1193580663.0,Lourdes,"Belo Horizonte, Lourdes",Lourdes,Belo Horizonte,MG
"Lourdes_Belo Horizonte, Lourdes",1193441699.0,Lourdes,"Belo Horizonte, Lourdes",Lourdes,Belo Horizonte,MG
"Lourdes_Belo Horizonte, Lourdes",1193436358.0,Lourdes,"Belo Horizonte, Lourdes",Lourdes,Belo Horizonte,MG
"Lourdes_Belo Horizonte, Lourdes",1192995819.0,Lourdes,"Belo Horizonte, Lourdes",Lourdes,Belo Horizonte,MG
"Lourdes_Belo Horizonte, Lourdes",1191840642.0,Lourdes,"Belo Horizonte, Lourdes",Lourdes,Belo Horizonte,MG
"Lourdes_Belo Horizonte, Lourdes",1191810404.0,Lourdes,"Belo Horizonte, Lourdes",Lourdes,Belo Horizonte,MG
"Lourdes_Belo Horizonte, Lourdes",1191474576.0,Lourdes,"Belo Horizonte, Lourdes",Lourdes,Belo Horizonte,MG
"Santo Agostinho_Belo Horizonte, Santo Agostinho",1191119892.0,Santo Agostinho,"Belo Horizonte, Santo Agostinho",Santo Agostinho,Belo Horizonte,MG
"Lourdes_Belo Horizonte, Lourdes",1190413486.0,Lourdes,"Belo Horizonte, Lourdes",Lourdes,Belo Horizonte,MG
"Lourdes_Belo Horizonte, Lourdes",1190124075.0,Lourdes,"Belo Horizonte, Lourdes",Lourdes,Belo Horizonte,MG
"Lourdes_Belo Horizonte, Lourdes",1189889528.0,Lourdes,"Belo Horizonte, Lourdes",Lourdes,Belo Horizonte,MG
"Lourdes_Belo Horizonte, Lourdes",1189590306.0,Lourdes,"Belo Horizonte, Lourdes",Lourdes,Belo Horizonte,MG
"Lourdes_Belo Horizonte, Lourdes",1189313812.0,Lourdes,"Belo Horizonte, Lourdes",Lourdes,Belo Horizonte,MG
"Lourdes_Belo Horizonte, Lourdes",1189311252.0,Lourdes,"Belo Horizonte, Lourdes",Lourdes,Belo Horizonte,MG
"Lourdes_Belo Horizonte, Lourdes",1188911219.0,Lourdes,"Belo Horizonte, Lourdes",Lourdes,Belo Horizonte,MG
"Lourdes_Belo Horizonte, Lourdes",1188850035.0,Lourdes,"Belo Horizonte, Lourdes",Lourdes,Belo Horizonte,MG
"Lourdes_Belo Horizonte, Lourdes",1188420674.0,Lourdes,"Belo Horizonte, Lourdes",Lourdes,Belo Horizonte,MG
"Lourdes_Belo Horizonte, Lourdes",1188407930.0,Lourdes,"Belo Horizonte, Lourdes",Lourdes,Belo Horizonte,MG
"Santo Antônio_Belo Horizonte, Santo Antônio",1187696798.0,Santo Antônio,"Belo Horizonte, Santo Antônio",Santo Antônio,Belo Horizonte,MG
"Lourdes_Belo Horizonte, Lourdes",1187692051.0,Lourdes,"Belo Horizonte, Lourdes",Lourdes,Belo Horizonte,MG
"Lourdes_Belo Horizonte, Lourdes",1187653801.0,Lourdes,"Belo Horizonte, Lourdes",Lourdes,Belo Horizonte,MG
"Lourdes_Belo Horizonte, Lourdes",1187643767.0,Lourdes,"Belo Horizonte, Lourdes",Lourdes,Belo Horizonte,MG
"Lourdes_Belo Horizonte, Lourdes",1187516626.0,Lourdes,"Belo Horizonte, Lourdes",Lourdes,Belo Horizonte,MG
"Lourdes_Belo Horizonte, Lourdes",1187498202.0,Lourdes,"Belo Horizonte, Lourdes",Lourdes,Belo Horizonte,MG
"Lourdes_Belo Horizonte, Lourdes",1186814133.0,Lourdes,"Belo Horizonte, Lourdes",Lourdes,Belo Horizonte,MG
"Lourdes_Belo Horizonte, Lourdes",1186608162.0,Lourdes,"Belo Horizonte, Lourdes",Lourdes,Belo Horizonte,MG
"Centro_Belo Horizonte, Centro",1186232401.0,Centro,"Belo Horizonte, Centro",Centro,Belo Horizonte,MG
"Lourdes_Belo Horizonte, Lourdes",1185978924.0,Lourdes,"Belo Horizonte, Lourdes",Lourdes,Belo Horizonte,MG
"Lourdes_Belo Horizonte, Lourdes",1185673904.0,Lourdes,"Belo Horizonte, Lourdes",Lourdes,Belo Horizonte,MG
"Lourdes_Belo Horizonte, Lourdes",1185346270.0,Lourdes,"Belo Horizonte, Lourdes",Lourdes,Belo Horizonte,MG
"Lourdes_Belo Horizonte, Lourdes",1185346273.0,Lourdes,"Belo Horizonte, Lourdes",Lourdes,Belo Horizonte,MG
"Lourdes_Belo Horizonte, Lourdes",1184904724.0,Lourdes,"Belo Horizonte, Lourdes",Lourdes,Belo Horizonte,MG
"Lourdes_Belo Horizonte, Lourdes",1184901439.0,Lourdes,"Belo Horizonte, Lourdes",Lourdes,Belo Horizonte,MG
"Lourdes_Belo Horizonte, Lourdes",1184832374.0,Lourdes,"Belo Horizonte, Lourdes",Lourdes,Belo Horizonte,MG
"Lourdes_Belo Horizonte, Lourdes",1184822313.0,Lourdes,"Belo Horizonte, Lourdes",Lourdes,Belo Horizonte,MG
"Lourdes_Belo Horizonte, Lourdes",1184784635.0,Lourdes,"Belo Horizonte, Lourdes",Lourdes,Belo Horizonte,MG
"Lourdes_Belo Horizonte, Lourdes",1184752652.0,Lourdes,"Belo Horizonte, Lourdes",Lourdes,Belo Horizonte,MG
"Centro_Belo Horizonte, Centro",1184740142.0,Centro,"Belo Horizonte, Centro",Centro,Belo Horizonte,MG
"Centro_Belo Horizonte, Centro",1184740133.0,Centro,"Belo Horizonte, Centro",Centro,Belo Horizonte,MG
"Lourdes_Belo Horizonte, Lourdes",1184724897.0,Lourdes,"Belo Horizonte, Lourdes",Lourdes,Belo Horizonte,MG
"Lourdes_Belo Horizonte, Lourdes",1184723215.0,Lourdes,"Belo Horizonte, Lourdes",Lourdes,Belo Horizonte,MG
"Lourdes_Belo Horizonte, Lourdes",1184664537.0,Lourdes,"Belo Horizonte, Lourdes",Lourdes,Belo Horizonte,MG
"Lourdes_Belo Horizonte, Lourdes",1184659883.0,Lourdes,"Belo Horizonte, Lourdes",Lourdes,Belo Horizonte,MG
"Lourdes_Belo Horizonte, Lourdes",1184303519.0,Lourdes,"Belo Horizonte, Lourdes",Lourdes,Belo Horizonte,MG
"Lourdes_Belo Horizonte, Lourdes",1184134999.0,Lourdes,"Belo Horizonte, Lourdes",Lourdes,Belo Horizonte,MG
"Lourdes_Belo Horizonte, Lourdes",1184132782.0,Lourdes,"Belo Horizonte, Lourdes",Lourdes,Belo Horizonte,MG
"Lourdes_Belo Horizonte, Lourdes",1183850974.0,Lourdes,"Belo Horizonte, Lourdes",Lourdes,Belo Horizonte,MG
"Lourdes_Belo Horizonte, Lourdes",1183848618.0,Lourdes,"Belo Horizonte, Lourdes",Lourdes,Belo Horizonte,MG
"Lourdes_Belo Horizonte, Lourdes",1183839499.0,Lourdes,"Belo Horizonte, Lourdes",Lourdes,Belo Horizonte,MG
"Lourdes_Belo Horizonte, Lourdes",1183709271.0,Lourdes,"Belo Horizonte, Lourdes",Lourdes,Belo Horizonte,MG
"Lourdes_Belo Horizonte, Lourdes",1183368426.0,Lourdes,"Belo Horizonte, Lourdes",Lourdes,Belo Horizonte,MG
"Lourdes_Belo Horizonte, Lourdes",1183359956.0,Lourdes,"Belo Horizonte, Lourdes",Lourdes,Belo Horizonte,MG
"Lourdes_Belo Horizonte, Lourdes",1183359874.0,Lourdes,"Belo Horizonte, Lourdes",Lourdes,Belo Horizonte,MG
"Lourdes_Belo Horizonte, Lourdes",1183355549.0,Lourdes,"Belo Horizonte, Lourdes",Lourdes,Belo Horizonte,MG
"Lourdes_Belo Horizonte, Lourdes",1183192846.0,Lourdes,"Belo Horizonte, Lourdes",Lourdes,Belo Horizonte,MG
"Lourdes_Belo Horizonte, Lourdes",1182850607.0,Lourdes,"Belo Horizonte, Lourdes",Lourdes,Belo Horizonte,MG
"Lourdes_Belo Horizonte, Lourdes",1182842746.0,Lourdes,"Belo Horizonte, Lourdes",Lourdes,Belo Horizonte,MG
"Lourdes_Belo Horizonte, Lourdes",1182842646.0,Lourdes,"Belo Horizonte, Lourdes",Lourdes,Belo Horizonte,MG
"Lourdes_Belo Horizonte, Lourdes",1182842480.0,Lourdes,"Belo Horizonte, Lourdes",Lourdes,Belo Horizonte,MG
"Lourdes_Belo Horizonte, Lourdes",1182842265.0,Lourdes,"Belo Horizonte, Lourdes",Lourdes,Belo Horizonte,MG
"Lourdes_Belo Horizonte, Lourdes",1182842191.0,Lourdes,"Belo Horizonte, Lourdes",Lourdes,Belo Horizonte,MG
"Lourdes_Belo Horizonte, Lourdes",1182841443.0,Lourdes,"Belo Horizonte, Lourdes",Lourdes,Belo Horizonte,MG
"Lourdes_Belo Horizonte, Lourdes",1182841179.0,Lourdes,"Belo Horizonte, Lourdes",Lourdes,Belo Horizonte,MG
"Lourdes_Belo Horizonte, Lourdes",1182841155.0,Lourdes,"Belo Horizonte, Lourdes",Lourdes,Belo Horizonte,MG
"Lourdes_Belo Horizonte, Lourdes",1182841141.0,Lourdes,"Belo Horizonte, Lourdes",Lourdes,Belo Horizonte,MG
"Lourdes_Belo Horizonte, Lourdes",1182841001.0,Lourdes,"Belo Horizonte, Lourdes",Lourdes,Belo Horizonte,MG
"Lourdes_Belo Horizonte, Lourdes",1182840995.0,Lourdes,"Belo Horizonte, Lourdes",Lourdes,Belo Horizonte,MG
"Lourdes_Belo Horizonte, Lourdes",1182840918.0,Lourdes,"Belo Horizonte, Lourdes",Lourdes,Belo Horizonte,MG
"Lourdes_Belo Horizonte, Lourdes",1182840495.0,Lourdes,"Belo Horizonte, Lourdes",Lourdes,Belo Horizonte,MG
"Lourdes_Belo Horizonte, Lourdes",1182840437.0,Lourdes,"Belo Horizonte, Lourdes",Lourdes,Belo Horizonte,MG
"Lourdes_Belo Horizonte, Lourdes",1182840051.0,Lourdes,"Belo Horizonte, Lourdes",Lourdes,Belo Horizonte,MG
"Lourdes_Belo Horizonte, Lourdes",1182840023.0,Lourdes,"Belo Horizonte, Lourdes",Lourdes,Belo Horizonte,MG
"Lourdes_Belo Horizonte, Lourdes",1182839897.0,Lourdes,"Belo Horizonte, Lourdes",Lourdes,Belo Horizonte,MG
"Lourdes_Belo Horizonte, Lourdes",1182839826.0,Lourdes,"Belo Horizonte, Lourdes",Lourdes,Belo Horizonte,MG
"Lourdes_Belo Horizonte, Lourdes",1182839747.0,Lourdes,"Belo Horizonte, Lourdes",Lourdes,Belo Horizonte,MG
"Lourdes_Belo Horizonte, Lourdes",1182839706.0,Lourdes,"Belo Horizonte, Lourdes",Lourdes,Belo Horizonte,MG
"Lourdes_Belo Horizonte, Lourdes",1182839399.0,Lourdes,"Belo Horizonte, Lourdes",Lourdes,Belo Horizonte,MG
"Lourdes_Belo Horizonte, Lourdes",1182838999.0,Lourdes,"Belo Horizonte, Lourdes",Lourdes,Belo Horizonte,MG
"Lourdes_Belo Horizonte, Lourdes",1182069778.0,Lourdes,"Belo Horizonte, Lourdes",Lourdes,Belo Horizonte,MG
"Lourdes_Belo Horizonte, Lourdes",1181534013.0,Lourdes,"Belo Horizonte, Lourdes",Lourdes,Belo Horizonte,MG
"Lourdes_Belo Horizonte, Lourdes",1180321834.0,Lourdes,"Belo Horizonte, Lourdes",Lourdes,Belo Horizonte,MG
"Lourdes_Belo Horizonte, Lourdes",1178888888.0,Lourdes,"Belo Horizonte, Lourdes",Lourdes,Belo Horizonte,MG
"Lourdes_Belo Horizonte, Lourdes",1178476291.0,Lourdes,"Belo Horizonte, Lourdes",Lourdes,Belo Horizonte,MG
"Lourdes_Belo Horizonte, Lourdes",1177709782.0,Lourdes,"Belo Horizonte, Lourdes",Lourdes,Belo Horizonte,MG
"Lourdes_Belo Horizonte, Lourdes",1177364070.0,Lourdes,"Belo Horizonte, Lourdes",Lourdes,Belo Horizonte,MG
"Lourdes_Belo Horizonte, Lourdes",1175761396.0,Lourdes,"Belo Horizonte, Lourdes",Lourdes,Belo Horizonte,MG
"Lourdes_Belo Horizonte, Lourdes",1175708561.0,Lourdes,"Belo Horizonte, Lourdes",Lourdes,Belo Horizonte,MG
"Lourdes_Belo Horizonte, Lourdes",1175015471.0,Lourdes,"Belo Horizonte, Lourdes",Lourdes,Belo Horizonte,MG
"Lourdes_Belo Horizonte, Lourdes",1174839042.0,Lourdes,"Belo Horizonte, Lourdes",Lourdes,Belo Horizonte,MG
"Lourdes_Belo Horizonte, Lourdes",1174830730.0,Lourdes,"Belo Horizonte, Lourdes",Lourdes,Belo Horizonte,MG
"Lourdes_Belo Horizonte, Lourdes",1174830718.0,Lourdes,"Belo Horizonte, Lourdes",Lourdes,Belo Horizonte,MG
"Lourdes_Belo Horizonte, Lourdes",1174830307.0,Lourdes,"Belo Horizonte, Lourdes",Lourdes,Belo Horizonte,MG
"Lourdes_Belo Horizonte, Lourdes",1174412527.0,Lourdes,"Belo Horizonte, Lourdes",Lourdes,Belo Horizonte,MG
"Lourdes_Belo Horizonte, Lourdes",1174012212.0,Lourdes,"Belo Horizonte, Lourdes",Lourdes,Belo Horizonte,MG
"Lourdes_Belo Horizonte, Lourdes",1174012215.0,Lourdes,"Belo Horizonte, Lourdes",Lourdes,Belo Horizonte,MG
"Lourdes_Belo Horizonte, Lourdes",994412004.0,Lourdes,"Belo Horizonte, Lourdes",Lourdes,Belo Horizonte,MG
"Lourdes_Belo Horizonte, Lourdes",992511046.0,Lourdes,"Belo Horizonte, Lourdes",Lourdes,Belo Horizonte,MG
"Lourdes_Belo Horizonte, Lourdes",995797812.0,Lourdes,"Belo Horizonte, Lourdes",Lourdes,Belo Horizonte,MG
"Lourdes_Belo Horizonte, Lourdes",1061845688.0,Lourdes,"Belo Horizonte, Lourdes",Lourdes,Belo Horizonte,MG
"Lourdes_Belo Horizonte, Lourdes",1143575622.0,Lourdes,"Belo Horizonte, Lourdes",Lourdes,Belo Horizonte,MG
"Lourdes_Belo Horizonte, Lourdes",1008792862.0,Lourdes,"Belo Horizonte, Lourdes",Lourdes,Belo Horizonte,MG
"Lourdes_Belo Horizonte, Lourdes",1157530689.0,Lourdes,"Belo Horizonte, Lourdes",Lourdes,Belo Horizonte,MG
"Lourdes_Belo Horizonte, Lourdes",999762356.0,Lourdes,"Belo Horizonte, Lourdes",Lourdes,Belo Horizonte,MG
"Lourdes_Belo Horizonte, Lourdes",985957816.0,Lourdes,"Belo Horizonte, Lourdes",Lourdes,Belo Horizonte,MG
"Lourdes_Belo Horizonte, Lourdes",931273185.0,Lourdes,"Belo Horizonte, Lourdes",Lourdes,Belo Horizonte,MG
"Lourdes_Belo Horizonte, Lourdes",1080595551.0,Lourdes,"Belo Horizonte, Lourdes",Lourdes,Belo Horizonte,MG
"Centro_Belo Horizonte, Centro",1127231752.0,Centro,"Belo Horizonte, Centro",Centro,Belo Horizonte,MG
"Lourdes_Belo Horizonte, Lourdes",992973102.0,Lourdes,"Belo Horizonte, Lourdes",Lourdes,Belo Horizonte,MG
"Lourdes_Belo Horizonte, Lourdes",1052279958.0,Lourdes,"Belo Horizonte, Lourdes",Lourdes,Belo Horizonte,MG
"Lourdes_Belo Horizonte, Lourdes",1038336951.0,Lourdes,"Belo Horizonte, Lourdes",Lourdes,Belo Horizonte,MG
"Lourdes_Belo Horizonte, Lourdes",996799367.0,Lourdes,"Belo Horizonte, Lourdes",Lourdes,Belo Horizonte,MG
"Lourdes_Belo Horizonte, Lourdes",1141940675.0,Lourdes,"Belo Horizonte, Lourdes",Lourdes,Belo Horizonte,MG
"Lourdes_Belo Horizonte, Lourdes",1049570573.0,Lourdes,"Belo Horizonte, Lourdes",Lourdes,Belo Horizonte,MG
"Lourdes_Belo Horizonte, Lourdes",1095219927.0,Lourdes,"Belo Horizonte, Lourdes",Lourdes,Belo Horizonte,MG
"Lourdes_Belo Horizonte, Lourdes",1080513264.0,Lourdes,"Belo Horizonte, Lourdes",Lourdes,Belo Horizonte,MG
"Lourdes_Belo Horizonte, Lourdes",1080922898.0,Lourdes,"Belo Horizonte, Lourdes",Lourdes,Belo Horizonte,MG
"Lourdes_Belo Horizonte, Lourdes",996632311.0,Lourdes,"Belo Horizonte, Lourdes",Lourdes,Belo Horizonte,MG
"Lourdes_Belo Horizonte, Lourdes",1112730827.0,Lourdes,"Belo Horizonte, Lourdes",Lourdes,Belo Horizonte,MG
"Lourdes_Belo Horizonte, Lourdes",1026738425.0,Lourdes,"Belo Horizonte, Lourdes",Lourdes,Belo Horizonte,MG
"Lourdes_Belo Horizonte, Lourdes",1123924894.0,Lourdes,"Belo Horizonte, Lourdes",Lourdes,Belo Horizonte,MG
"Lourdes_Belo Horizonte, Lourdes",1145735679.0,Lourdes,"Belo Horizonte, Lourdes",Lourdes,Belo Horizonte,MG
"Lourdes_Belo Horizonte, Lourdes",945619100.0,Lourdes,"Belo Horizonte, Lourdes",Lourdes,Belo Horizonte,MG
"Lourdes_Belo Horizonte, Lourdes",945619140.0,Lourdes,"Belo Horizonte, Lourdes",Lourdes,Belo Horizonte,MG
"Lourdes_Belo Horizonte, Lourdes",991886919.0,Lourdes,"Belo Horizonte, Lourdes",Lourdes,Belo Horizonte,MG
"Lourdes_Belo Horizonte, Lourdes",991921212.0,Lourdes,"Belo Horizonte, Lourdes",Lourdes,Belo Horizonte,MG
"Lourdes_Belo Horizonte, Lourdes",1060773239.0,Lourdes,"Belo Horizonte, Lourdes",Lourdes,Belo Horizonte,MG
"Lourdes_Belo Horizonte, Lourdes",1004900142.0,Lourdes,"Belo Horizonte, Lourdes",Lourdes,Belo Horizonte,MG
"Lourdes_Belo Horizonte, Lourdes",1157002812.0,Lourdes,"Belo Horizonte, Lourdes",Lourdes,Belo Horizonte,MG
"Lourdes_Belo Horizonte, Lourdes",1160272957.0,Lourdes,"Belo Horizonte, Lourdes",Lourdes,Belo Horizonte,MG
"Lourdes_Belo Horizonte, Lourdes",1008790123.0,Lourdes,"Belo Horizonte, Lourdes",Lourdes,Belo Horizonte,MG
"Lourdes_Belo Horizonte, Lourdes",1124925764.0,Lourdes,"Belo Horizonte, Lourdes",Lourdes,Belo Horizonte,MG
"Lourdes_Belo Horizonte, Lourdes",1008790368.0,Lourdes,"Belo Horizonte, Lourdes",Lourdes,Belo Horizonte,MG
"Cidade Jardim_Belo Horizonte, Cidade Jardim",1099876630.0,Cidade Jardim,"Belo Horizonte, Cidade Jardim",Cidade Jardim,Belo Horizonte,MG
"Lourdes_Belo Horizonte, Lourdes",990611837.0,Lourdes,"Belo Horizonte, Lourdes",Lourdes,Belo Horizonte,MG
"Lourdes_Belo Horizonte, Lourdes",1080922889.0,Lourdes,"Belo Horizonte, Lourdes",Lourdes,Belo Horizonte,MG
"Centro_Belo Horizonte, Centro",1169231014.0,Centro,"Belo Horizonte, Centro",Centro,Belo Horizonte,MG
"Lourdes_Belo Horizonte, Lourdes",1014389207.0,Lourdes,"Belo Horizonte, Lourdes",Lourdes,Belo Horizonte,MG
"Lourdes_Belo Horizonte, Lourdes",1096260878.0,Lourdes,"Belo Horizonte, Lourdes",Lourdes,Belo Horizonte,MG
"Lourdes_Belo Horizonte, Lourdes",1055684344.0,Lourdes,"Belo Horizonte, Lourdes",Lourdes,Belo Horizonte,MG
"Lourdes_Belo Horizonte, Lourdes",981394543.0,Lourdes,"Belo Horizonte, Lourdes",Lourdes,Belo Horizonte,MG
"Lourdes_Belo Horizonte, Lourdes",1102252443.0,Lourdes,"Belo Horizonte, Lourdes",Lourdes,Belo Horizonte,MG
"Lourdes_Belo Horizonte, Lourdes",1119046270.0,Lourdes,"Belo Horizonte, Lourdes",Lourdes,Belo Horizonte,MG
"Santo Agostinho_Belo Horizonte, Santo Agostinho",909643252.0,Santo Agostinho,"Belo Horizonte, Santo Agostinho",Santo Agostinho,Belo Horizonte,MG
"Lourdes_Belo Horizonte, Lourdes",975323146.0,Lourdes,"Belo Horizonte, Lourdes",Lourdes,Belo Horizonte,MG
"Lourdes_Belo Horizonte, Lourdes",1142156609.0,Lourdes,"Belo Horizonte, Lourdes",Lourdes,Belo Horizonte,MG
"Centro_Belo Horizonte, Centro",1069864026.0,Centro,"Belo Horizonte, Centro",Centro,Belo Horizonte,MG
"Centro_Belo Horizonte, Centro",1148122491.0,Centro,"Belo Horizonte, Centro",Centro,Belo Horizonte,MG
"Lourdes_Belo Horizonte, Lourdes",985810322.0,Lourdes,"Belo Horizonte, Lourdes",Lourdes,Belo Horizonte,MG
"Lourdes_Belo Horizonte, Lourdes",1162668674.0,Lourdes,"Belo Horizonte, Lourdes",Lourdes,Belo Horizonte,MG
"Lourdes_Belo Horizonte, Lourdes",950459278.0,Lourdes,"Belo Horizonte, Lourdes",Lourdes,Belo Horizonte,MG
"Lourdes_Belo Horizonte, Lourdes",1014240490.0,Lourdes,"Belo Horizonte, Lourdes",Lourdes,Belo Horizonte,MG
"Lourdes_Belo Horizonte, Lourdes",1029585817.0,Lourdes,"Belo Horizonte, Lourdes",Lourdes,Belo Horizonte,MG
"Lourdes_Belo Horizonte, Lourdes",1173165498.0,Lourdes,"Belo Horizonte, Lourdes",Lourdes,Belo Horizonte,MG
"Lourdes_Belo Horizonte, Lourdes",1173130653.0,Lourdes,"Belo Horizonte, Lourdes",Lourdes,Belo Horizonte,MG
"Lourdes_Belo Horizonte, Lourdes",1173127490.0,Lourdes,"Belo Horizonte, Lourdes",Lourdes,Belo Horizonte,MG
"Lourdes_Belo Horizonte, Lourdes",995070829.0,Lourdes,"Belo Horizonte, Lourdes",Lourdes,Belo Horizonte,MG
"Lourdes_Belo Horizonte, Lourdes",1089265290.0,Lourdes,"Belo Horizonte, Lourdes",Lourdes,Belo Horizonte,MG
"Lourdes_Belo Horizonte, Lourdes",1029666942.0,Lourdes,"Belo Horizonte, Lourdes",Lourdes,Belo Horizonte,MG
"Lourdes_Belo Horizonte, Lourdes",1060384275.0,Lourdes,"Belo Horizonte, Lourdes",Lourdes,Belo Horizonte,MG
"Lourdes_Belo Horizonte, Lourdes",1092183993.0,Lourdes,"Belo Horizonte, Lourdes",Lourdes,Belo Horizonte,MG
"Centro_Belo Horizonte, Centro",1069864027.0,Centro,"Belo Horizonte, Centro",Centro,Belo Horizonte,MG
"Lourdes_Belo Horizonte, Lourdes",1079749471.0,Lourdes,"Belo Horizonte, Lourdes",Lourdes,Belo Horizonte,MG
"Lourdes_Belo Horizonte, Lourdes",979637949.0,Lourdes,"Belo Horizonte, Lourdes",Lourdes,Belo Horizonte,MG
"Lourdes_Belo Horizonte, Lourdes",991216080.0,Lourdes,"Belo Horizonte, Lourdes",Lourdes,Belo Horizonte,MG
"Lourdes_Belo Horizonte, Lourdes",1155654621.0,Lourdes,"Belo Horizonte, Lourdes",Lourdes,Belo Horizonte,MG
"Lourdes_Belo Horizonte, Lourdes",1166901575.0,Lourdes,"Belo Horizonte, Lourdes",Lourdes,Belo Horizonte,MG
"Centro_Belo Horizonte, Centro",996719145.0,Centro,"Belo Horizonte, Centro",Centro,Belo Horizonte,MG
"Lourdes_Belo Horizonte, Lourdes",925364538.0,Lourdes,"Belo Horizonte, Lourdes",Lourdes,Belo Horizonte,MG
"Lourdes_Belo Horizonte, Lourdes",1173053310.0,Lourdes,"Belo Horizonte, Lourdes",Lourdes,Belo Horizonte,MG
"Lourdes_Belo Horizonte, Lourdes",1055471514.0,Lourdes,"Belo Horizonte, Lourdes",Lourdes,Belo Horizonte,MG
"Lourdes_Belo Horizonte, Lourdes",1169238836.0,Lourdes,"Belo Horizonte, Lourdes",Lourdes,Belo Horizonte,MG
"Lourdes_Belo Horizonte, Lourdes",1173001313.0,Lourdes,"Belo Horizonte, Lourdes",Lourdes,Belo Horizonte,MG
"Lourdes_Belo Horizonte, Lourdes",1103588598.0,Lourdes,"Belo Horizonte, Lourdes",Lourdes,Belo Horizonte,MG
"Lourdes_Belo Horizonte, Lourdes",1150450293.0,Lourdes,"Belo Horizonte, Lourdes",Lourdes,Belo Horizonte,MG
"Lourdes_Belo Horizonte, Lourdes",1105218635.0,Lourdes,"Belo Horizonte, Lourdes",Lourdes,Belo Horizonte,MG
"Lourdes_Belo Horizonte, Lourdes",992576878.0,Lourdes,"Belo Horizonte, Lourdes",Lourdes,Belo Horizonte,MG
"Lourdes_Belo Horizonte, Lourdes",1058984372.0,Lourdes,"Belo Horizonte, Lourdes",Lourdes,Belo Horizonte,MG
"Lourdes_Belo Horizonte, Lourdes",996783490.0,Lourdes,"Belo Horizonte, Lourdes",Lourdes,Belo Horizonte,MG
"Lourdes_Belo Horizonte, Lourdes",1103931851.0,Lourdes,"Belo Horizonte, Lourdes",Lourdes,Belo Horizonte,MG
"Lourdes_Belo Horizonte, Lourdes",976891550.0,Lourdes,"Belo Horizonte, Lourdes",Lourdes,Belo Horizonte,MG
"Lourdes_Belo Horizonte, Lourdes",950459247.0,Lourdes,"Belo Horizonte, Lourdes",Lourdes,Belo Horizonte,MG
"Lourdes_Belo Horizonte, Lourdes",1157335687.0,Lourdes,"Belo Horizonte, Lourdes",Lourdes,Belo Horizonte,MG
"Lourdes_Belo Horizonte, Lourdes",996777365.0,Lourdes,"Belo Horizonte, Lourdes",Lourdes,Belo Horizonte,MG
"Lourdes_Belo Horizonte, Lourdes",1052910241.0,Lourdes,"Belo Horizonte, Lourdes",Lourdes,Belo Horizonte,MG
"Lourdes_Belo Horizonte, Lourdes",1155656077.0,Lourdes,"Belo Horizonte, Lourdes",Lourdes,Belo Horizonte,MG
"Santo Agostinho_Belo Horizonte, Santo Agostinho",909643202.0,Santo Agostinho,"Belo Horizonte, Santo Agostinho",Santo Agostinho,Belo Horizonte,MG
"Lourdes_Belo Horizonte, Lourdes",1106006856.0,Lourdes,"Belo Horizonte, Lourdes",Lourdes,Belo Horizonte,MG
"Lourdes_Belo Horizonte, Lourdes",1005448009.0,Lourdes,"Belo Horizonte, Lourdes",Lourdes,Belo Horizonte,MG
"Lourdes_Belo Horizonte, Lourdes",979877441.0,Lourdes,"Belo Horizonte, Lourdes",Lourdes,Belo Horizonte,MG
"Lourdes_Belo Horizonte, Lourdes",1015151770.0,Lourdes,"Belo Horizonte, Lourdes",Lourdes,Belo Horizonte,MG
"Lourdes_Belo Horizonte, Lourdes",1102252278.0,Lourdes,"Belo Horizonte, Lourdes",Lourdes,Belo Horizonte,MG
"Lourdes_Belo Horizonte, Lourdes",962088242.0,Lourdes,"Belo Horizonte, Lourdes",Lourdes,Belo Horizonte,MG
"Santo Antônio_Belo Horizonte, Santo Antônio",1099264852.0,Santo Antônio,"Belo Horizonte, Santo Antônio",Santo Antônio,Belo Horizonte,MG
"Lourdes_Belo Horizonte, Lourdes",1084380897.0,Lourdes,"Belo Horizonte, Lourdes",Lourdes,Belo Horizonte,MG
"Lourdes_Belo Horizonte, Lourdes",950459225.0,Lourdes,"Belo Horizonte, Lourdes",Lourdes,Belo Horizonte,MG
"Lourdes_Belo Horizonte, Lourdes",1155672734.0,Lourdes,"Belo Horizonte, Lourdes",Lourdes,Belo Horizonte,MG
"Lourdes_Belo Horizonte, Lourdes",1007356035.0,Lourdes,"Belo Horizonte, Lourdes",Lourdes,Belo Horizonte,MG
"Centro_Belo Horizonte, Centro",979659954.0,Centro,"Belo Horizonte, Centro",Centro,Belo Horizonte,MG
"Lourdes_Belo Horizonte, Lourdes",1136212600.0,Lourdes,"Belo Horizonte, Lourdes",Lourdes,Belo Horizonte,MG
"Lourdes_Belo Horizonte, Lourdes",1010166337.0,Lourdes,"Belo Horizonte, Lourdes",Lourdes,Belo Horizonte,MG
"Lourdes_Belo Horizonte, Lourdes",996699858.0,Lourdes,"Belo Horizonte, Lourdes",Lourdes,Belo Horizonte,MG
"Lourdes_Belo Horizonte, Lourdes",1054968133.0,Lourdes,"Belo Horizonte, Lourdes",Lourdes,Belo Horizonte,MG
"Lourdes_Belo Horizonte, Lourdes",1162184089.0,Lourdes,"Belo Horizonte, Lourdes",Lourdes,Belo Horizonte,MG
"Lourdes_Belo Horizonte, Lourdes",1137878885.0,Lourdes,"Belo Horizonte, Lourdes",Lourdes,Belo Horizonte,MG
"Lourdes_Belo Horizonte, Lourdes",1172373547.0,Lourdes,"Belo Horizonte, Lourdes",Lourdes,Belo Horizonte,MG
"Lourdes_Belo Horizonte, Lourdes",1058038908.0,Lourdes,"Belo Horizonte, Lourdes",Lourdes,Belo Horizonte,MG
"Lourdes_Belo Horizonte, Lourdes",1172301903.0,Lourdes,"Belo Horizonte, Lourdes",Lourdes,Belo Horizonte,MG
"Lourdes_Belo Horizonte, Lourdes",992973590.0,Lourdes,"Belo Horizonte, Lourdes",Lourdes,Belo Horizonte,MG
"Lourdes_Belo Horizonte, Lourdes",1172291264.0,Lourdes,"Belo Horizonte, Lourdes",Lourdes,Belo Horizonte,MG
"Lourdes_Belo Horizonte, Lourdes",994018916.0,Lourdes,"Belo Horizonte, Lourdes",Lourdes,Belo Horizonte,MG
"Lourdes_Belo Horizonte, Lourdes",990812576.0,Lourdes,"Belo Horizonte, Lourdes",Lourdes,Belo Horizonte,MG
"Lourdes_Belo Horizonte, Lourdes",1026751794.0,Lourdes,"Belo Horizonte, Lourdes",Lourdes,Belo Horizonte,MG
"Lourdes_Belo Horizonte, Lourdes",1172275041.0,Lourdes,"Belo Horizonte, Lourdes",Lourdes,Belo Horizonte,MG
"Lourdes_Belo Horizonte, Lourdes",1128440094.0,Lourdes,"Belo Horizonte, Lourdes",Lourdes,Belo Horizonte,MG
"Lourdes_Belo Horizonte, Lourdes",1172266777.0,Lourdes,"Belo Horizonte, Lourdes",Lourdes,Belo Horizonte,MG
"Lourdes_Belo Horizonte, Lourdes",945619577.0,Lourdes,"Belo Horizonte, Lourdes",Lourdes,Belo Horizonte,MG
"Lourdes_Belo Horizonte, Lourdes",950468558.0,Lourdes,"Belo Horizonte, Lourdes",Lourdes,Belo Horizonte,MG
"Centro_Belo Horizonte, Centro",1133578493.0,Centro,"Belo Horizonte, Centro",Centro,Belo Horizonte,MG
"Lourdes_Belo Horizonte, Lourdes",988796808.0,Lourdes,"Belo Horizonte, Lourdes",Lourdes,Belo Horizonte,MG
"Lourdes_Belo Horizonte, Lourdes",999762197.0,Lourdes,"Belo Horizonte, Lourdes",Lourdes,Belo Horizonte,MG
"Lourdes_Belo Horizonte, Lourdes",1168518065.0,Lourdes,"Belo Horizonte, Lourdes",Lourdes,Belo Horizonte,MG
"Lourdes_Belo Horizonte, Lourdes",1169884509.0,Lourdes,"Belo Horizonte, Lourdes",Lourdes,Belo Horizonte,MG
"Lourdes_Belo Horizonte, Lourdes",1135018652.0,Lourdes,"Belo Horizonte, Lourdes",Lourdes,Belo Horizonte,MG
"Lourdes_Belo Horizonte, Lourdes",995797614.0,Lourdes,"Belo Horizonte, Lourdes",Lourdes,Belo Horizonte,MG
"Lourdes_Belo Horizonte, Lourdes",1164786111.0,Lourdes,"Belo Horizonte, Lourdes",Lourdes,Belo Horizonte,MG
"Lourdes_Belo Horizonte, Lourdes",1010752413.0,Lourdes,"Belo Horizonte, Lourdes",Lourdes,Belo Horizonte,MG
"Lourdes_Belo Horizonte, Lourdes",1010712615.0,Lourdes,"Belo Horizonte, Lourdes",Lourdes,Belo Horizonte,MG
"Lourdes_Belo Horizonte, Lourdes",1157064955.0,Lourdes,"Belo Horizonte, Lourdes",Lourdes,Belo Horizonte,MG
"Lourdes_Belo Horizonte, Lourdes",1031477196.0,Lourdes,"Belo Horizonte, Lourdes",Lourdes,Belo Horizonte,MG
"Lourdes_Belo Horizonte, Lourdes",1013439005.0,Lourdes,"Belo Horizonte, Lourdes",Lourdes,Belo Horizonte,MG
"Lourdes_Belo Horizonte, Lourdes",981297796.0,Lourdes,"Belo Horizonte, Lourdes",Lourdes,Belo Horizonte,MG
"Centro_Belo Horizonte, Centro",1161963150.0,Centro,"Belo Horizonte, Centro",Centro,Belo Horizonte,MG
"Lourdes_Belo Horizonte, Lourdes",1171959586.0,Lourdes,"Belo Horizonte, Lourdes",Lourdes,Belo Horizonte,MG
"Lourdes_Belo Horizonte, Lourdes",1169327489.0,Lourdes,"Belo Horizonte, Lourdes",Lourdes,Belo Horizonte,MG
"Lourdes_Belo Horizonte, Lourdes",1171959144.0,Lourdes,"Belo Horizonte, Lourdes",Lourdes,Belo Horizonte,MG
"Lourdes_Belo Horizonte, Lourdes",1171959049.0,Lourdes,"Belo Horizonte, Lourdes",Lourdes,Belo Horizonte,MG
"Santo Antônio_Belo Horizonte, Santo Antônio",1099268904.0,Santo Antônio,"Belo Horizonte, Santo Antônio",Santo Antônio,Belo Horizonte,MG
"Lourdes_Belo Horizonte, Lourdes",995579746.0,Lourdes,"Belo Horizonte, Lourdes",Lourdes,Belo Horizonte,MG
"Lourdes_Belo Horizonte, Lourdes",941130563.0,Lourdes,"Belo Horizonte, Lourdes",Lourdes,Belo Horizonte,MG
"Lourdes_Belo Horizonte, Lourdes",991921206.0,Lourdes,"Belo Horizonte, Lourdes",Lourdes,Belo Horizonte,MG
"Lourdes_Belo Horizonte, Lourdes",1156204133.0,Lourdes,"Belo Horizonte, Lourdes",Lourdes,Belo Horizonte,MG
"Lourdes_Belo Horizonte, Lourdes",991902549.0,Lourdes,"Belo Horizonte, Lourdes",Lourdes,Belo Horizonte,MG
"Lourdes_Belo Horizonte, Lourdes",1010440042.0,Lourdes,"Belo Horizonte, Lourdes",Lourdes,Belo Horizonte,MG
"Lourdes_Belo Horizonte, Lourdes",1124926151.0,Lourdes,"Belo Horizonte, Lourdes",Lourdes,Belo Horizonte,MG
"Lourdes_Belo Horizonte, Lourdes",1164969904.0,Lourdes,"Belo Horizonte, Lourdes",Lourdes,Belo Horizonte,MG
"Lourdes_Belo Horizonte, Lourdes",1034212896.0,Lourdes,"Belo Horizonte, Lourdes",Lourdes,Belo Horizonte,MG
"Lourdes_Belo Horizonte, Lourdes",1158873065.0,Lourdes,"Belo Horizonte, Lourdes",Lourdes,Belo Horizonte,MG
"Centro_Belo Horizonte, Centro",1043255011.0,Centro,"Belo Horizonte, Centro",Centro,Belo Horizonte,MG
"Lourdes_Belo Horizonte, Lourdes",995797827.0,Lourdes,"Belo Horizonte, Lourdes",Lourdes,Belo Horizonte,MG
"Lourdes_Belo Horizonte, Lourdes",984497075.0,Lourdes,"Belo Horizonte, Lourdes",Lourdes,Belo Horizonte,MG
"Lourdes_Belo Horizonte, Lourdes",1171732018.0,Lourdes,"Belo Horizonte, Lourdes",Lourdes,Belo Horizonte,MG
"Lourdes_Belo Horizonte, Lourdes",1171727767.0,Lourdes,"Belo Horizonte, Lourdes",Lourdes,Belo Horizonte,MG
"Lourdes_Belo Horizonte, Lourdes",1171720318.0,Lourdes,"Belo Horizonte, Lourdes",Lourdes,Belo Horizonte,MG
"Lourdes_Belo Horizonte, Lourdes",974362674.0,Lourdes,"Belo Horizonte, Lourdes",Lourdes,Belo Horizonte,MG
"Lourdes_Belo Horizonte, Lourdes",946967502.0,Lourdes,"Belo Horizonte, Lourdes",Lourdes,Belo Horizonte,MG
"Centro_Belo Horizonte, Centro",990623898.0,Centro,"Belo Horizonte, Centro",Centro,Belo Horizonte,MG
"Lourdes_Belo Horizonte, Lourdes",995264473.0,Lourdes,"Belo Horizonte, Lourdes",Lourdes,Belo Horizonte,MG
"Lourdes_Belo Horizonte, Lourdes",1035335988.0,Lourdes,"Belo Horizonte, Lourdes",Lourdes,Belo Horizonte,MG
"Lourdes_Belo Horizonte, Lourdes",1121675587.0,Lourdes,"Belo Horizonte, Lourdes",Lourdes,Belo Horizonte,MG
"Lourdes_Belo Horizonte, Lourdes",937396237.0,Lourdes,"Belo Horizonte, Lourdes",Lourdes,Belo Horizonte,MG
"Centro_Belo Horizonte, Centro",1171602785.0,Centro,"Belo Horizonte, Centro",Centro,Belo Horizonte,MG
"Centro_Belo Horizonte, Centro",1171601505.0,Centro,"Belo Horizonte, Centro",Centro,Belo Horizonte,MG
"Lourdes_Belo Horizonte, Lourdes",1047861794.0,Lourdes,"Belo Horizonte, Lourdes",Lourdes,Belo Horizonte,MG
"Lourdes_Belo Horizonte, Lourdes",948716554.0,Lourdes,"Belo Horizonte, Lourdes",Lourdes,Belo Horizonte,MG
"Lourdes_Belo Horizonte, Lourdes",1130334116.0,Lourdes,"Belo Horizonte, Lourdes",Lourdes,Belo Horizonte,MG
"Lourdes_Belo Horizonte, Lourdes",993113613.0,Lourdes,"Belo Horizonte, Lourdes",Lourdes,Belo Horizonte,MG
"Lourdes_Belo Horizonte, Lourdes",1124024536.0,Lourdes,"Belo Horizonte, Lourdes",Lourdes,Belo Horizonte,MG
"Lourdes_Belo Horizonte, Lourdes",978824552.0,Lourdes,"Belo Horizonte, Lourdes",Lourdes,Belo Horizonte,MG
