Tipologia,ID do Anúncio,Empreendimento,Número de Quartos,Número de Banheiros,Área Útil,Vagas na Garagem,Preço Médio
"Lourdes_Belo Horizonte, Lourdes_Q2_B2",1372309389.0,"Lourdes_Belo Horizonte, Lourdes",2,2,64m²,2,R$ 1.250.000
"Lourdes_Belo Horizonte, Lourdes_Q5 ou mais_BNone",1365815975.0,"Lourdes_Belo Horizonte, Lourdes",5 ou mais,,,0,R$ 21.000
"Lourdes_Belo Horizonte, Lourdes_Q4_B4",1371951175.0,"Lourdes_Belo Horizonte, Lourdes",4,4,250m²,4,R$ 2.749.000
"Lourdes_Belo Horizonte, Lourdes_Q2_B3",1373554001.0,"Lourdes_Belo Horizonte, Lourdes",2,3,140m²,2,R$ 5.500
"Lourdes_Belo Horizonte, Lourdes_Q3_B2",1296146645.0,"Lourdes_Belo Horizonte, Lourdes",3,2,287m²,3,R$ 3.819.792
None_None_QNone_BNone,,None_None,,,,,
"Lourdes_Belo Horizonte, Lourdes_Q3_B2",1296146710.0,"Lourdes_Belo Horizonte, Lourdes",3,2,89m²,2,R$ 1.383.375
"Lourdes_Belo Horizonte, Lourdes_QNone_BNone",1374410393.0,"Lourdes_Belo Horizonte, Lourdes",,,75m²,,R$ 4.499.680
"Lourdes_Belo Horizonte, Lourdes_Q3_B2",1374382293.0,"Lourdes_Belo Horizonte, Lourdes",3,2,110m²,2,R$ 1.300.000
"Lourdes_Belo Horizonte, Lourdes_Q2_B3",1374359348.0,"Lourdes_Belo Horizonte, Lourdes",2,3,27m²,2,R$ 1.000.000
"Centro_Belo Horizonte, Centro_Q3_B2",1374359367.0,"Centro_Belo Horizonte, Centro",3,2,112m²,0,R$ 530.000
"Centro_Belo Horizonte, Centro_Q3_B2",1374271345.0,"Centro_Belo Horizonte, Centro",3,2,130m²,0,R$ 3.000
"Lourdes_Belo Horizonte, Lourdes_QNone_BNone",1374218830.0,"Lourdes_Belo Horizonte, Lourdes",,,58m²,1,R$ 400.000
"Lourdes_Belo Horizonte, Lourdes_QNone_BNone",1374210424.0,"Lourdes_Belo Horizonte, Lourdes",,,350m²,2,R$ 35.000
"Lourdes_Belo Horizonte, Lourdes_Q3_B2",1374207820.0,"Lourdes_Belo Horizonte, Lourdes",3,2,100m²,3,R$ 1.400.000
"Lourdes_Belo Horizonte, Lourdes_Q3_B3",1374201235.0,"Lourdes_Belo Horizonte, Lourdes",3,3,97m²,3,R$ 6.000
"Lourdes_Belo Horizonte, Lourdes_Q3_B2",1374200829.0,"Lourdes_Belo Horizonte, Lourdes",3,2,95m²,2,R$ 1.300.000
"Lourdes_Belo Horizonte, Lourdes_Q1_B1",1374197924.0,"Lourdes_Belo Horizonte, Lourdes",1,1,40m²,1,R$ 3.800
"Lourdes_Belo Horizonte, Lourdes_Q2_B3",1374186126.0,"Lourdes_Belo Horizonte, Lourdes",2,3,75m²,2,R$ 4.600
"Lourdes_Belo Horizonte, Lourdes_Q3_B2",1374184105.0,"Lourdes_Belo Horizonte, Lourdes",3,2,100m²,0,R$ 2.500
"Lourdes_Belo Horizonte, Lourdes_Q4_B3",1374177604.0,"Lourdes_Belo Horizonte, Lourdes",4,3,300m²,4,R$ 10.000
"Centro_Belo Horizonte, Centro_Q2_B1",1374159188.0,"Centro_Belo Horizonte, Centro",2,1,46m²,1,R$ 4.500
"Lourdes_Belo Horizonte, Lourdes_Q3_B3",1374155507.0,"Lourdes_Belo Horizonte, Lourdes",3,3,130m²,1,R$ 3.900
"Lourdes_Belo Horizonte, Lourdes_Q2_B1",1374146068.0,"Lourdes_Belo Horizonte, Lourdes",2,1,144m²,2,R$ 8.500
"Lourdes_Belo Horizonte, Lourdes_Q4_B5 ou mais",1374096963.0,"Lourdes_Belo Horizonte, Lourdes",4,5 ou mais,191m²,3,R$ 4.518.000
"Lourdes_Belo Horizonte, Lourdes_Q4_B2",1374087390.0,"Lourdes_Belo Horizonte, Lourdes",4,2,260m²,3,R$ 2.900.000
"Lourdes_Belo Horizonte, Lourdes_QNone_BNone",1374051302.0,"Lourdes_Belo Horizonte, Lourdes",,,415m²,5 ou mais,R$ 24.000
"Lourdes_Belo Horizonte, Lourdes_Q1_B1",1374032204.0,"Lourdes_Belo Horizonte, Lourdes",1,1,56m²,1,R$ 650.000
"Lourdes_Belo Horizonte, Lourdes_Q1_B1",1374016476.0,"Lourdes_Belo Horizonte, Lourdes",1,1,45m²,1,R$ 3.100
"Centro_Belo Horizonte, Centro_Q1_B1",1374016463.0,"Centro_Belo Horizonte, Centro",1,1,45m²,1,R$ 3.200
"Centro_Belo Horizonte, Centro_Q1_B1",1374009376.0,"Centro_Belo Horizonte, Centro",1,1,50m²,,R$ 275.000
"Lourdes_Belo Horizonte, Lourdes_Q2_B3",1374007700.0,"Lourdes_Belo Horizonte, Lourdes",2,3,73m²,2,R$ 1.480.000
"Lourdes_Belo Horizonte, Lourdes_Q4_B3",1373997864.0,"Lourdes_Belo Horizonte, Lourdes",4,3,300m²,4,R$ 10.000
"Lourdes_Belo Horizonte, Lourdes_QNone_BNone",1373994097.0,"Lourdes_Belo Horizonte, Lourdes",,,24m²,0,R$ 180.000
"Lourdes_Belo Horizonte, Lourdes_Q2_B2",1373992032.0,"Lourdes_Belo Horizonte, Lourdes",2,2,70m²,2,R$ 1.300.000
"Centro_Belo Horizonte, Centro_Q2_B1",1373989200.0,"Centro_Belo Horizonte, Centro",2,1,50m²,,R$ 350.000
"Lourdes_Belo Horizonte, Lourdes_Q4_B5 ou mais",1373922980.0,"Lourdes_Belo Horizonte, Lourdes",4,5 ou mais,373m²,4,R$ 2.900.000
"Lourdes_Belo Horizonte, Lourdes_Q2_B2",1373921520.0,"Lourdes_Belo Horizonte, Lourdes",2,2,75m²,2,R$ 1.200.000
"Lourdes_Belo Horizonte, Lourdes_Q4_B2",1373920140.0,"Lourdes_Belo Horizonte, Lourdes",4,2,154m²,1,R$ 1.100.000
"Lourdes_Belo Horizonte, Lourdes_Q4_B4",1373920053.0,"Lourdes_Belo Horizonte, Lourdes",4,4,188m²,3,R$ 3.290.000
"Lourdes_Belo Horizonte, Lourdes_Q3_B2",1373920048.0,"Lourdes_Belo Horizonte, Lourdes",3,2,118m²,1,R$ 1.190.000
"Lourdes_Belo Horizonte, Lourdes_Q4_B2",1373920044.0,"Lourdes_Belo Horizonte, Lourdes",4,2,300m²,2,R$ 2.380.000
"Lourdes_Belo Horizonte, Lourdes_Q2_B3",1373920034.0,"Lourdes_Belo Horizonte, Lourdes",2,3,65m²,2,R$ 1.050.000
"Lourdes_Belo Horizonte, Lourdes_Q3_B3",1373919883.0,"Lourdes_Belo Horizonte, Lourdes",3,3,100m²,2,R$ 1.290.000
"Lourdes_Belo Horizonte, Lourdes_Q1_B1",1373919880.0,"Lourdes_Belo Horizonte, Lourdes",1,1,35m²,1,R$ 450.000
"Lourdes_Belo Horizonte, Lourdes_Q3_B2",1373919870.0,"Lourdes_Belo Horizonte, Lourdes",3,2,112m²,2,R$ 1.550.000
"Lourdes_Belo Horizonte, Lourdes_Q2_B3",1373919856.0,"Lourdes_Belo Horizonte, Lourdes",2,3,71m²,2,R$ 980.000
"Lourdes_Belo Horizonte, Lourdes_Q4_B2",1373919863.0,"Lourdes_Belo Horizonte, Lourdes",4,2,190m²,2,R$ 1.750.000
"Lourdes_Belo Horizonte, Lourdes_Q3_B2",1373919864.0,"Lourdes_Belo Horizonte, Lourdes",3,2,85m²,2,R$ 1.510.000
"Lourdes_Belo Horizonte, Lourdes_Q3_B3",1373919849.0,"Lourdes_Belo Horizonte, Lourdes",3,3,100m²,2,R$ 1.050.000
"Lourdes_Belo Horizonte, Lourdes_Q4_B3",1373919731.0,"Lourdes_Belo Horizonte, Lourdes",4,3,300m²,2,R$ 1.490.000
"Lourdes_Belo Horizonte, Lourdes_Q3_B2",1373919711.0,"Lourdes_Belo Horizonte, Lourdes",3,2,91m²,2,R$ 2.020.000
"Lourdes_Belo Horizonte, Lourdes_Q4_B2",1373919688.0,"Lourdes_Belo Horizonte, Lourdes",4,2,160m²,2,R$ 1.750.000
"Lourdes_Belo Horizonte, Lourdes_Q2_B3",1373919691.0,"Lourdes_Belo Horizonte, Lourdes",2,3,65m²,2,R$ 1.050.000
"Lourdes_Belo Horizonte, Lourdes_Q1_B1",1373919695.0,"Lourdes_Belo Horizonte, Lourdes",1,1,55m²,1,R$ 580.000
"Lourdes_Belo Horizonte, Lourdes_Q3_B3",1373919680.0,"Lourdes_Belo Horizonte, Lourdes",3,3,185m²,2,R$ 800.000
"Lourdes_Belo Horizonte, Lourdes_Q1_B1",1373919671.0,"Lourdes_Belo Horizonte, Lourdes",1,1,38m²,1,R$ 420.000
"Lourdes_Belo Horizonte, Lourdes_Q4_B3",1373909902.0,"Lourdes_Belo Horizonte, Lourdes",4,3,152m²,2,R$ 1.600.000
"Lourdes_Belo Horizonte, Lourdes_Q4_B2",1373909888.0,"Lourdes_Belo Horizonte, Lourdes",4,2,120m²,1,R$ 950.000
"Lourdes_Belo Horizonte, Lourdes_QNone_BNone",1373908539.0,"Lourdes_Belo Horizonte, Lourdes",,,,,R$ 1.000
"Lourdes_Belo Horizonte, Lourdes_Q4_B4",1373899847.0,"Lourdes_Belo Horizonte, Lourdes",4,4,191m²,3,R$ 3.290.000
"Lourdes_Belo Horizonte, Lourdes_Q4_B5 ou mais",1373893190.0,"Lourdes_Belo Horizonte, Lourdes",4,5 ou mais,151m²,3,R$ 2.220.000
"Lourdes_Belo Horizonte, Lourdes_Q4_B3",1373877429.0,"Lourdes_Belo Horizonte, Lourdes",4,3,198m²,2,R$ 3.900
"Lourdes_Belo Horizonte, Lourdes_QNone_BNone",1373876617.0,"Lourdes_Belo Horizonte, Lourdes",,,577m²,5 ou mais,R$ 24.343
"Lourdes_Belo Horizonte, Lourdes_QNone_BNone",1373876616.0,"Lourdes_Belo Horizonte, Lourdes",,,322m²,5 ou mais,R$ 27.093
"Lourdes_Belo Horizonte, Lourdes_QNone_BNone",1373876534.0,"Lourdes_Belo Horizonte, Lourdes",,,59m²,2,R$ 6.521
"Centro_Belo Horizonte, Centro_Q1_B1",1373876529.0,"Centro_Belo Horizonte, Centro",1,1,45m²,1,R$ 3.200
"Centro_Belo Horizonte, Centro_Q1_B1",1373873388.0,"Centro_Belo Horizonte, Centro",1,1,45m²,1,R$ 3.200
"Lourdes_Belo Horizonte, Lourdes_Q1_B1",1373867781.0,"Lourdes_Belo Horizonte, Lourdes",1,1,56m²,1,R$ 884.968
"Lourdes_Belo Horizonte, Lourdes_Q1_B1",1373867760.0,"Lourdes_Belo Horizonte, Lourdes",1,1,57m²,1,R$ 890.050
"Lourdes_Belo Horizonte, Lourdes_Q1_B1",1373867743.0,"Lourdes_Belo Horizonte, Lourdes",1,1,57m²,1,R$ 878.950
"Lourdes_Belo Horizonte, Lourdes_Q4_B3",1373862909.0,"Lourdes_Belo Horizonte, Lourdes",4,3,140m²,2,R$ 1.100.000
"Centro_Belo Horizonte, Centro_Q1_B1",1373821278.0,"Centro_Belo Horizonte, Centro",1,1,50m²,1,R$ 3.200
"Centro_Belo Horizonte, Centro_Q1_B1",1373794214.0,"Centro_Belo Horizonte, Centro",1,1,36m²,1,R$ 3.200
"Lourdes_Belo Horizonte, Lourdes_Q2_B3",1373757189.0,"Lourdes_Belo Horizonte, Lourdes",2,3,90m²,2,R$ 6.500
"Centro_Belo Horizonte, Centro_Q2_B2",1373727057.0,"Centro_Belo Horizonte, Centro",2,2,60m²,,R$ 2.000
"Lourdes_Belo Horizonte, Lourdes_Q4_B5 ou mais",1292182627.0,"Lourdes_Belo Horizonte, Lourdes",4,5 ou mais,430m²,5 ou mais,R$ 25.000
"Lourdes_Belo Horizonte, Lourdes_Q2_B2",1253725547.0,"Lourdes_Belo Horizonte, Lourdes",2,2,68m²,2,R$ 1.100.000
"Lourdes_Belo Horizonte, Lourdes_Q3_B4",1373701384.0,"Lourdes_Belo Horizonte, Lourdes",3,4,198m²,4,R$ 3.470.425
"Lourdes_Belo Horizonte, Lourdes_Q1_B1",1373699472.0,"Lourdes_Belo Horizonte, Lourdes",1,1,37m²,1,R$ 599.659
"Centro_Belo Horizonte, Centro_Q2_B2",1373699027.0,"Centro_Belo Horizonte, Centro",2,2,74m²,0,R$ 309.610
"Lourdes_Belo Horizonte, Lourdes_Q1_B2",1373652736.0,"Lourdes_Belo Horizonte, Lourdes",1,2,117m²,2,R$ 990.000
"Lourdes_Belo Horizonte, Lourdes_Q1_B1",1373630764.0,"Lourdes_Belo Horizonte, Lourdes",1,1,50m²,0,R$ 2.000
"Lourdes_Belo Horizonte, Lourdes_Q3_B2",1373613410.0,"Lourdes_Belo Horizonte, Lourdes",3,2,73m²,2,R$ 5.490
"Lourdes_Belo Horizonte, Lourdes_Q3_B3",1373613167.0,"Lourdes_Belo Horizonte, Lourdes",3,3,110m²,1,R$ 2.900
"Centro_Belo Horizonte, Centro_QNone_BNone",1373607689.0,"Centro_Belo Horizonte, Centro",,,,,R$ 800
"Lourdes_Belo Horizonte, Lourdes_Q4_B5 ou mais",1373522714.0,"Lourdes_Belo Horizonte, Lourdes",4,5 ou mais,390m²,4,R$ 5.299.290
"Lourdes_Belo Horizonte, Lourdes_Q1_B4",1373522326.0,"Lourdes_Belo Horizonte, Lourdes",1,4,199m²,0,R$ 4.199.880
"Lourdes_Belo Horizonte, Lourdes_Q4_B3",1373519480.0,"Lourdes_Belo Horizonte, Lourdes",4,3,160m²,2,R$ 1.799.170
"Centro_Belo Horizonte, Centro_QNone_BNone",1373514222.0,"Centro_Belo Horizonte, Centro",,,40m²,0,R$ 139.790
"Lourdes_Belo Horizonte, Lourdes_Q3_B2",1373512066.0,"Lourdes_Belo Horizonte, Lourdes",3,2,140m²,1,R$ 439.490
"Centro_Belo Horizonte, Centro_QNone_BNone",1373470155.0,"Centro_Belo Horizonte, Centro",,,,,R$ 1.900
"Lourdes_Belo Horizonte, Lourdes_Q2_B2",1373463692.0,"Lourdes_Belo Horizonte, Lourdes",2,2,67m²,2,R$ 1.079.100
"Lourdes_Belo Horizonte, Lourdes_Q1_B1",1373461503.0,"Lourdes_Belo Horizonte, Lourdes",1,1,33m²,1,R$ 449.210
"Lourdes_Belo Horizonte, Lourdes_Q2_B2",1373460811.0,"Lourdes_Belo Horizonte, Lourdes",2,2,103m²,2,R$ 1.099.630
"Lourdes_Belo Horizonte, Lourdes_Q2_B3",1373459062.0,"Lourdes_Belo Horizonte, Lourdes",2,3,85m²,1,R$ 869.510
"Lourdes_Belo Horizonte, Lourdes_Q2_B1",1373458704.0,"Lourdes_Belo Horizonte, Lourdes",2,1,65m²,1,R$ 874.310
"Lourdes_Belo Horizonte, Lourdes_Q2_B3",1373457647.0,"Lourdes_Belo Horizonte, Lourdes",2,3,54m²,0,R$ 819.770
"Lourdes_Belo Horizonte, Lourdes_Q2_B2",1373378927.0,"Lourdes_Belo Horizonte, Lourdes",2,2,82m²,2,R$ 1.150.000
"Lourdes_Belo Horizonte, Lourdes_Q2_B3",1373374566.0,"Lourdes_Belo Horizonte, Lourdes",2,3,113m²,2,R$ 1.550.000
"Lourdes_Belo Horizonte, Lourdes_Q4_B3",1373374561.0,"Lourdes_Belo Horizonte, Lourdes",4,3,152m²,2,R$ 1.600.000
"Lourdes_Belo Horizonte, Lourdes_Q4_B4",1373368084.0,"Lourdes_Belo Horizonte, Lourdes",4,4,181m²,2,R$ 1.880.000
"Lourdes_Belo Horizonte, Lourdes_Q4_B4",1373368073.0,"Lourdes_Belo Horizonte, Lourdes",4,4,164m²,2,R$ 1.940.000
"Lourdes_Belo Horizonte, Lourdes_Q3_B1",1373364970.0,"Lourdes_Belo Horizonte, Lourdes",3,1,102m²,2,R$ 2.321.218
"Lourdes_Belo Horizonte, Lourdes_Q3_B1",1373364875.0,"Lourdes_Belo Horizonte, Lourdes",3,1,102m²,2,R$ 2.321.218
"Lourdes_Belo Horizonte, Lourdes_Q4_B4",1373284911.0,"Lourdes_Belo Horizonte, Lourdes",4,4,143m²,3,R$ 2.998.388
"Lourdes_Belo Horizonte, Lourdes_Q4_B3",1373283939.0,"Lourdes_Belo Horizonte, Lourdes",4,3,172m²,2,R$ 1.299.110
"Lourdes_Belo Horizonte, Lourdes_Q1_B1",1373283867.0,"Lourdes_Belo Horizonte, Lourdes",1,1,30m²,,R$ 507.360
"Lourdes_Belo Horizonte, Lourdes_Q4_B5 ou mais",1373282579.0,"Lourdes_Belo Horizonte, Lourdes",4,5 ou mais,205m²,4,R$ 2.879.820
"Lourdes_Belo Horizonte, Lourdes_QNone_BNone",1373282204.0,"Lourdes_Belo Horizonte, Lourdes",,,45m²,,R$ 1.700
"Centro_Belo Horizonte, Centro_QNone_BNone",1373281388.0,"Centro_Belo Horizonte, Centro",,,78m²,0,R$ 299.690
"Lourdes_Belo Horizonte, Lourdes_Q3_B3",1373253566.0,"Lourdes_Belo Horizonte, Lourdes",3,3,101m²,3,R$ 1.400.000
"Lourdes_Belo Horizonte, Lourdes_Q4_B4",1373249933.0,"Lourdes_Belo Horizonte, Lourdes",4,4,131m²,4,R$ 2.800.000
"Lourdes_Belo Horizonte, Lourdes_Q4_B5 ou mais",1373245699.0,"Lourdes_Belo Horizonte, Lourdes",4,5 ou mais,207m²,4,R$ 5.100.000
"Centro_Belo Horizonte, Centro_Q2_B2",1373203861.0,"Centro_Belo Horizonte, Centro",2,2,90m²,,R$ 395.000
"Lourdes_Belo Horizonte, Lourdes_QNone_BNone",1373194903.0,"Lourdes_Belo Horizonte, Lourdes",,,330m²,5 ou mais,R$ 25.000
"Lourdes_Belo Horizonte, Lourdes_Q4_B3",1373179845.0,"Lourdes_Belo Horizonte, Lourdes",4,3,168m²,3,R$ 1.800.000
"Lourdes_Belo Horizonte, Lourdes_Q4_B3",1373175534.0,"Lourdes_Belo Horizonte, Lourdes",4,3,298m²,3,R$ 2.800.000
"Lourdes_Belo Horizonte, Lourdes_Q4_B5 ou mais",1373164452.0,"Lourdes_Belo Horizonte, Lourdes",4,5 ou mais,207m²,4,R$ 5.100.000
"Lourdes_Belo Horizonte, Lourdes_QNone_BNone",1373164268.0,"Lourdes_Belo Horizonte, Lourdes",,,24m²,0,R$ 200.000
"Lourdes_Belo Horizonte, Lourdes_Q1_B1",1373163331.0,"Lourdes_Belo Horizonte, Lourdes",1,1,48m²,1,R$ 2.700
"Lourdes_Belo Horizonte, Lourdes_Q1_B1",1373161398.0,"Lourdes_Belo Horizonte, Lourdes",1,1,36m²,0,R$ 665.575
"Lourdes_Belo Horizonte, Lourdes_QNone_BNone",1373160806.0,"Lourdes_Belo Horizonte, Lourdes",,,35m²,1,R$ 240.000
"Lourdes_Belo Horizonte, Lourdes_Q4_B3",1373159655.0,"Lourdes_Belo Horizonte, Lourdes",4,3,300m²,4,R$ 10.000
"Lourdes_Belo Horizonte, Lourdes_Q2_B1",1373148348.0,"Lourdes_Belo Horizonte, Lourdes",2,1,67m²,2,R$ 1.114.730
"Lourdes_Belo Horizonte, Lourdes_Q3_B3",1373147642.0,"Lourdes_Belo Horizonte, Lourdes",3,3,83m²,2,R$ 1.269.880
"Lourdes_Belo Horizonte, Lourdes_Q3_B3",1373147233.0,"Lourdes_Belo Horizonte, Lourdes",3,3,102m²,2,R$ 1.749.120
"Lourdes_Belo Horizonte, Lourdes_Q1_B1",1373146966.0,"Lourdes_Belo Horizonte, Lourdes",1,1,33m²,1,R$ 449.510
"Lourdes_Belo Horizonte, Lourdes_Q4_B5 ou mais",1373144198.0,"Lourdes_Belo Horizonte, Lourdes",4,5 ou mais,205m²,4,R$ 2.899.840
"Lourdes_Belo Horizonte, Lourdes_Q3_B3",1373141886.0,"Lourdes_Belo Horizonte, Lourdes",3,3,100m²,2,R$ 1.350.000
"Lourdes_Belo Horizonte, Lourdes_Q4_B5 ou mais",1373140346.0,"Lourdes_Belo Horizonte, Lourdes",4,5 ou mais,300m²,4,R$ 10.000
"Lourdes_Belo Horizonte, Lourdes_Q4_B5 ou mais",1373140247.0,"Lourdes_Belo Horizonte, Lourdes",4,5 ou mais,269m²,3,R$ 2.900.000
"Lourdes_Belo Horizonte, Lourdes_Q3_B3",1373131567.0,"Lourdes_Belo Horizonte, Lourdes",3,3,110m²,2,R$ 1.350.000
"Lourdes_Belo Horizonte, Lourdes_Q1_B1",1373128436.0,"Lourdes_Belo Horizonte, Lourdes",1,1,24m²,1,R$ 390.000
"Lourdes_Belo Horizonte, Lourdes_Q1_B1",1373128190.0,"Lourdes_Belo Horizonte, Lourdes",1,1,42m²,1,R$ 4.700
"Lourdes_Belo Horizonte, Lourdes_Q1_B1",1373127360.0,"Lourdes_Belo Horizonte, Lourdes",1,1,36m²,0,R$ 665.575
"Lourdes_Belo Horizonte, Lourdes_Q2_B2",1373123520.0,"Lourdes_Belo Horizonte, Lourdes",2,2,68m²,2,R$ 1.450.000
"Lourdes_Belo Horizonte, Lourdes_QNone_BNone",1373123516.0,"Lourdes_Belo Horizonte, Lourdes",,,35m²,1,R$ 240.000
"Lourdes_Belo Horizonte, Lourdes_Q4_B2",1373099124.0,"Lourdes_Belo Horizonte, Lourdes",4,2,204m²,2,R$ 1.980.000
"Lourdes_Belo Horizonte, Lourdes_QNone_BNone",1373076245.0,"Lourdes_Belo Horizonte, Lourdes",,,830m²,5 ou mais,R$ 80.000
"Lourdes_Belo Horizonte, Lourdes_Q2_B2",1373075962.0,"Lourdes_Belo Horizonte, Lourdes",2,2,70m²,1,R$ 5.600
"Lourdes_Belo Horizonte, Lourdes_Q2_B2",1373074649.0,"Lourdes_Belo Horizonte, Lourdes",2,2,120m²,2,R$ 2.800
"Lourdes_Belo Horizonte, Lourdes_Q2_B3",1373058566.0,"Lourdes_Belo Horizonte, Lourdes",2,3,70m²,1,R$ 2.560
"Lourdes_Belo Horizonte, Lourdes_Q3_B2",1373048887.0,"Lourdes_Belo Horizonte, Lourdes",3,2,91m²,2,R$ 2.020.000
"Lourdes_Belo Horizonte, Lourdes_Q1_B1",1373027268.0,"Lourdes_Belo Horizonte, Lourdes",1,1,28m²,,R$ 2.550
"Lourdes_Belo Horizonte, Lourdes_Q2_B3",1372986431.0,"Lourdes_Belo Horizonte, Lourdes",2,3,55m²,1,R$ 4.700
"Lourdes_Belo Horizonte, Lourdes_QNone_BNone",1372984495.0,"Lourdes_Belo Horizonte, Lourdes",,,96m²,2,R$ 6.500
"Lourdes_Belo Horizonte, Lourdes_Q1_B1",1372981208.0,"Lourdes_Belo Horizonte, Lourdes",1,1,36m²,0,R$ 665.575
"Centro_Belo Horizonte, Centro_Q2_B1",1372973932.0,"Centro_Belo Horizonte, Centro",2,1,55m²,2,R$ 650.000
"Lourdes_Belo Horizonte, Lourdes_Q1_B1",1372917638.0,"Lourdes_Belo Horizonte, Lourdes",1,1,77m²,1,R$ 2.400
"Lourdes_Belo Horizonte, Lourdes_QNone_BNone",1372870586.0,"Lourdes_Belo Horizonte, Lourdes",,,200m²,0,R$ 4.500
"Lourdes_Belo Horizonte, Lourdes_Q3_B4",1372870055.0,"Lourdes_Belo Horizonte, Lourdes",3,4,131m²,4,R$ 2.500.000
"Lourdes_Belo Horizonte, Lourdes_Q4_B4",1372870051.0,"Lourdes_Belo Horizonte, Lourdes",4,4,131m²,4,R$ 2.800.000
"Lourdes_Belo Horizonte, Lourdes_Q3_B3",1372864989.0,"Lourdes_Belo Horizonte, Lourdes",3,3,100m²,3,R$ 1.400.000
"Lourdes_Belo Horizonte, Lourdes_Q4_B5 ou mais",1372864256.0,"Lourdes_Belo Horizonte, Lourdes",4,5 ou mais,290m²,4,R$ 2.900.000
"Centro_Belo Horizonte, Centro_Q2_B1",1372864221.0,"Centro_Belo Horizonte, Centro",2,1,45m²,1,R$ 610.000
"Lourdes_Belo Horizonte, Lourdes_Q4_B2",1372864149.0,"Lourdes_Belo Horizonte, Lourdes",4,2,175m²,1,R$ 950.000
"Lourdes_Belo Horizonte, Lourdes_Q4_B5 ou mais",1372864106.0,"Lourdes_Belo Horizonte, Lourdes",4,5 ou mais,240m²,3,R$ 2.640.000
"Lourdes_Belo Horizonte, Lourdes_Q4_B4",1372864066.0,"Lourdes_Belo Horizonte, Lourdes",4,4,260m²,3,R$ 2.830.000
"Lourdes_Belo Horizonte, Lourdes_Q2_B2",1372860914.0,"Lourdes_Belo Horizonte, Lourdes",2,2,107m²,3,R$ 1.895.663
"Lourdes_Belo Horizonte, Lourdes_Q3_B1",1372860863.0,"Lourdes_Belo Horizonte, Lourdes",3,1,102m²,2,R$ 2.321.218
"Lourdes_Belo Horizonte, Lourdes_Q3_B1",1372860835.0,"Lourdes_Belo Horizonte, Lourdes",3,1,102m²,2,R$ 2.321.218
"Centro_Belo Horizonte, Centro_QNone_BNone",1372855524.0,"Centro_Belo Horizonte, Centro",,,50m²,0,R$ 160.000
"Lourdes_Belo Horizonte, Lourdes_QNone_BNone",1372791216.0,"Lourdes_Belo Horizonte, Lourdes",,,140m²,0,R$ 870.000
"Lourdes_Belo Horizonte, Lourdes_Q3_B3",1372775502.0,"Lourdes_Belo Horizonte, Lourdes",3,3,109m²,2,R$ 1.938.540
"Lourdes_Belo Horizonte, Lourdes_QNone_BNone",1372692733.0,"Lourdes_Belo Horizonte, Lourdes",,,47m²,,R$ 330.000
"Centro_Belo Horizonte, Centro_Q1_B1",1372643581.0,"Centro_Belo Horizonte, Centro",1,1,45m²,1,R$ 3.200
"Lourdes_Belo Horizonte, Lourdes_Q3_B3",1372636180.0,"Lourdes_Belo Horizonte, Lourdes",3,3,112m²,2,R$ 2.453.041
"Lourdes_Belo Horizonte, Lourdes_Q2_B3",1372621542.0,"Lourdes_Belo Horizonte, Lourdes",2,3,71m²,2,R$ 1.326.935
"Lourdes_Belo Horizonte, Lourdes_Q1_B1",1372621538.0,"Lourdes_Belo Horizonte, Lourdes",1,1,90m²,1,R$ 1.550.000
"Centro_Belo Horizonte, Centro_Q3_B3",1372621539.0,"Centro_Belo Horizonte, Centro",3,3,120m²,,R$ 595.000
"Lourdes_Belo Horizonte, Lourdes_Q3_B4",1372621479.0,"Lourdes_Belo Horizonte, Lourdes",3,4,197m²,4,R$ 3.470.926
"Lourdes_Belo Horizonte, Lourdes_Q2_B3",1372621436.0,"Lourdes_Belo Horizonte, Lourdes",2,3,69m²,2,R$ 1.128.997
"Lourdes_Belo Horizonte, Lourdes_Q2_B1",1372621449.0,"Lourdes_Belo Horizonte, Lourdes",2,1,121m²,2,R$ 1.700.000
"Lourdes_Belo Horizonte, Lourdes_Q2_B3",1372621407.0,"Lourdes_Belo Horizonte, Lourdes",2,3,71m²,2,R$ 1.235.649
"Lourdes_Belo Horizonte, Lourdes_Q3_B2",1372621412.0,"Lourdes_Belo Horizonte, Lourdes",3,2,93m²,2,R$ 1.784.404
"Lourdes_Belo Horizonte, Lourdes_Q2_B2",1372621376.0,"Lourdes_Belo Horizonte, Lourdes",2,2,63m²,2,R$ 1.077.419
"Centro_Belo Horizonte, Centro_QNone_BNone",1372621343.0,"Centro_Belo Horizonte, Centro",,,30m²,,R$ 80.000
"Lourdes_Belo Horizonte, Lourdes_Q4_B2",1372621319.0,"Lourdes_Belo Horizonte, Lourdes",4,2,176m²,2,R$ 1.750.000
"Lourdes_Belo Horizonte, Lourdes_Q1_B1",1372621325.0,"Lourdes_Belo Horizonte, Lourdes",1,1,50m²,,R$ 380.000
"Lourdes_Belo Horizonte, Lourdes_Q3_B3",1372621330.0,"Lourdes_Belo Horizonte, Lourdes",3,3,153m²,2,R$ 1.950.000
"Lourdes_Belo Horizonte, Lourdes_Q3_B4",1372621332.0,"Lourdes_Belo Horizonte, Lourdes",3,4,143m²,3,R$ 2.853.490
"Lourdes_Belo Horizonte, Lourdes_Q2_B1",1372621336.0,"Lourdes_Belo Horizonte, Lourdes",2,1,71m²,2,R$ 1.153.272
"Lourdes_Belo Horizonte, Lourdes_Q3_B2",1372621303.0,"Lourdes_Belo Horizonte, Lourdes",3,2,93m²,2,R$ 1.895.775
"Lourdes_Belo Horizonte, Lourdes_Q3_B2",1372621306.0,"Lourdes_Belo Horizonte, Lourdes",3,2,100m²,2,R$ 1.600.000
"Lourdes_Belo Horizonte, Lourdes_Q3_B2",1372621287.0,"Lourdes_Belo Horizonte, Lourdes",3,2,287m²,3,R$ 3.011.000
"Lourdes_Belo Horizonte, Lourdes_Q2_B1",1372621291.0,"Lourdes_Belo Horizonte, Lourdes",2,1,67m²,2,R$ 1.090.066
"Lourdes_Belo Horizonte, Lourdes_Q2_B3",1372621249.0,"Lourdes_Belo Horizonte, Lourdes",2,3,69m²,2,R$ 1.157.532
"Santo Agostinho_Belo Horizonte, Santo Agostinho_QNone_BNone",1372621257.0,"Santo Agostinho_Belo Horizonte, Santo Agostinho",,,372m²,,R$ 4.440.700
"Lourdes_Belo Horizonte, Lourdes_Q2_B2",1372621262.0,"Lourdes_Belo Horizonte, Lourdes",2,2,76m²,1,R$ 1.511.883
"Lourdes_Belo Horizonte, Lourdes_Q2_B1",1372621231.0,"Lourdes_Belo Horizonte, Lourdes",2,1,107m²,2,R$ 1.895.663
"Lourdes_Belo Horizonte, Lourdes_Q3_B3",1372621232.0,"Lourdes_Belo Horizonte, Lourdes",3,3,77m²,2,R$ 1.452.000
"Lourdes_Belo Horizonte, Lourdes_Q1_B2",1372621211.0,"Lourdes_Belo Horizonte, Lourdes",1,2,41m²,1,R$ 548.000
"Lourdes_Belo Horizonte, Lourdes_Q2_B3",1372621182.0,"Lourdes_Belo Horizonte, Lourdes",2,3,67m²,2,R$ 1.377.912
"Lourdes_Belo Horizonte, Lourdes_Q3_B2",1372621157.0,"Lourdes_Belo Horizonte, Lourdes",3,2,99m²,1,R$ 2.038.600
"Lourdes_Belo Horizonte, Lourdes_Q2_B1",1372621118.0,"Lourdes_Belo Horizonte, Lourdes",2,1,67m²,2,R$ 1.167.928
"Lourdes_Belo Horizonte, Lourdes_Q2_B4",1372621101.0,"Lourdes_Belo Horizonte, Lourdes",2,4,163m²,1,R$ 1.250.000
"Lourdes_Belo Horizonte, Lourdes_Q4_B5 ou mais",1372621032.0,"Lourdes_Belo Horizonte, Lourdes",4,5 ou mais,205m²,4,R$ 2.780.000
"Lourdes_Belo Horizonte, Lourdes_Q3_B3",1372621013.0,"Lourdes_Belo Horizonte, Lourdes",3,3,76m²,2,R$ 1.280.000
"Centro_Belo Horizonte, Centro_QNone_BNone",1372620983.0,"Centro_Belo Horizonte, Centro",,,41m²,,R$ 200.000
"Lourdes_Belo Horizonte, Lourdes_Q4_B4",1372620929.0,"Lourdes_Belo Horizonte, Lourdes",4,4,131m²,4,R$ 2.550.000
"Lourdes_Belo Horizonte, Lourdes_Q3_B3",1372620933.0,"Lourdes_Belo Horizonte, Lourdes",3,3,91m²,2,R$ 1.482.000
"Lourdes_Belo Horizonte, Lourdes_Q3_B3",1372620934.0,"Lourdes_Belo Horizonte, Lourdes",3,3,82m²,2,R$ 1.239.731
"Lourdes_Belo Horizonte, Lourdes_Q2_B3",1372620942.0,"Lourdes_Belo Horizonte, Lourdes",2,3,67m²,2,R$ 1.128.997
"Lourdes_Belo Horizonte, Lourdes_Q2_B1",1372620945.0,"Lourdes_Belo Horizonte, Lourdes",2,1,69m²,2,R$ 1.117.617
"Lourdes_Belo Horizonte, Lourdes_Q2_B3",1372620946.0,"Lourdes_Belo Horizonte, Lourdes",2,3,69m²,2,R$ 1.117.617
"Lourdes_Belo Horizonte, Lourdes_Q2_B2",1372620962.0,"Lourdes_Belo Horizonte, Lourdes",2,2,316m²,4,R$ 2.995.102
"Lourdes_Belo Horizonte, Lourdes_Q2_B3",1372620877.0,"Lourdes_Belo Horizonte, Lourdes",2,3,67m²,2,R$ 1.377.912
"Lourdes_Belo Horizonte, Lourdes_Q4_B5 ou mais",1372620826.0,"Lourdes_Belo Horizonte, Lourdes",4,5 ou mais,401m²,5 ou mais,R$ 4.950.000
"Lourdes_Belo Horizonte, Lourdes_Q2_B2",1372620833.0,"Lourdes_Belo Horizonte, Lourdes",2,2,64m²,1,R$ 900.000
"Lourdes_Belo Horizonte, Lourdes_Q4_B4",1372620812.0,"Lourdes_Belo Horizonte, Lourdes",4,4,300m²,2,R$ 3.900.000
"Lourdes_Belo Horizonte, Lourdes_Q4_B4",1372620750.0,"Lourdes_Belo Horizonte, Lourdes",4,4,130m²,4,R$ 2.550.000
"Lourdes_Belo Horizonte, Lourdes_Q2_B3",1372620751.0,"Lourdes_Belo Horizonte, Lourdes",2,3,69m²,2,R$ 1.295.126
"Lourdes_Belo Horizonte, Lourdes_Q1_B1",1372620705.0,"Lourdes_Belo Horizonte, Lourdes",1,1,36m²,,R$ 665.575
"Centro_Belo Horizonte, Centro_Q3_B2",1372620714.0,"Centro_Belo Horizonte, Centro",3,2,75m²,,R$ 445.000
"Lourdes_Belo Horizonte, Lourdes_Q4_B5 ou mais",1372620728.0,"Lourdes_Belo Horizonte, Lourdes",4,5 ou mais,205m²,4,R$ 3.930.000
"Lourdes_Belo Horizonte, Lourdes_Q2_B2",1372620673.0,"Lourdes_Belo Horizonte, Lourdes",2,2,123m²,3,R$ 1.800.000
"Lourdes_Belo Horizonte, Lourdes_Q1_B1",1372620675.0,"Lourdes_Belo Horizonte, Lourdes",1,1,33m²,1,R$ 450.000
"Lourdes_Belo Horizonte, Lourdes_Q2_B3",1372620677.0,"Lourdes_Belo Horizonte, Lourdes",2,3,71m²,2,R$ 1.476.419
"Lourdes_Belo Horizonte, Lourdes_Q2_B3",1372620678.0,"Lourdes_Belo Horizonte, Lourdes",2,3,71m²,2,R$ 1.194.461
"Centro_Belo Horizonte, Centro_Q1_B1",1372620681.0,"Centro_Belo Horizonte, Centro",1,1,33m²,,R$ 390.000
"Lourdes_Belo Horizonte, Lourdes_QNone_BNone",1372620687.0,"Lourdes_Belo Horizonte, Lourdes",,,21m²,,R$ 150.000
"Lourdes_Belo Horizonte, Lourdes_Q3_B3",1372620624.0,"Lourdes_Belo Horizonte, Lourdes",3,3,76m²,2,R$ 1.240.000
"Lourdes_Belo Horizonte, Lourdes_Q2_B1",1372620633.0,"Lourdes_Belo Horizonte, Lourdes",2,1,67m²,2,R$ 1.187.393
"Lourdes_Belo Horizonte, Lourdes_Q3_B3",1372620644.0,"Lourdes_Belo Horizonte, Lourdes",3,3,82m²,2,R$ 1.215.303
"Lourdes_Belo Horizonte, Lourdes_Q4_B4",1372620650.0,"Lourdes_Belo Horizonte, Lourdes",4,4,135m²,3,R$ 2.800.000
"Centro_Belo Horizonte, Centro_QNone_BNone",1372620601.0,"Centro_Belo Horizonte, Centro",,,2206m²,5 ou mais,R$ 5.000.000
"Lourdes_Belo Horizonte, Lourdes_Q2_B1",1372620619.0,"Lourdes_Belo Horizonte, Lourdes",2,1,61m²,2,R$ 1.090.587
"Lourdes_Belo Horizonte, Lourdes_Q2_B1",1372620580.0,"Lourdes_Belo Horizonte, Lourdes",2,1,67m²,2,R$ 1.090.066
"Lourdes_Belo Horizonte, Lourdes_Q2_B1",1372620546.0,"Lourdes_Belo Horizonte, Lourdes",2,1,67m²,2,R$ 1.167.928
"Lourdes_Belo Horizonte, Lourdes_Q2_B1",1372620552.0,"Lourdes_Belo Horizonte, Lourdes",2,1,67m²,2,R$ 1.206.859
"Lourdes_Belo Horizonte, Lourdes_Q2_B1",1372620553.0,"Lourdes_Belo Horizonte, Lourdes",2,1,61m²,2,R$ 1.090.587
"Lourdes_Belo Horizonte, Lourdes_Q2_B2",1372620557.0,"Lourdes_Belo Horizonte, Lourdes",2,2,101m²,2,R$ 1.100.000
"Lourdes_Belo Horizonte, Lourdes_Q3_B3",1372620497.0,"Lourdes_Belo Horizonte, Lourdes",3,3,76m²,2,R$ 1.300.000
"Lourdes_Belo Horizonte, Lourdes_Q1_B1",1372620443.0,"Lourdes_Belo Horizonte, Lourdes",1,1,33m²,1,R$ 450.000
"Lourdes_Belo Horizonte, Lourdes_Q2_B3",1372620429.0,"Lourdes_Belo Horizonte, Lourdes",2,3,70m²,2,R$ 1.382.976
"Lourdes_Belo Horizonte, Lourdes_Q3_B4",1372620035.0,"Lourdes_Belo Horizonte, Lourdes",3,4,108m²,2,R$ 2.590.000
"Lourdes_Belo Horizonte, Lourdes_Q3_B2",1372620030.0,"Lourdes_Belo Horizonte, Lourdes",3,2,77m²,1,R$ 1.046.742
"Lourdes_Belo Horizonte, Lourdes_Q2_B2",1372619990.0,"Lourdes_Belo Horizonte, Lourdes",2,2,63m²,1,R$ 991.565
"Lourdes_Belo Horizonte, Lourdes_Q2_B1",1372619967.0,"Lourdes_Belo Horizonte, Lourdes",2,1,107m²,2,R$ 1.895.663
"Lourdes_Belo Horizonte, Lourdes_Q2_B1",1372619953.0,"Lourdes_Belo Horizonte, Lourdes",2,1,67m²,2,R$ 1.187.393
"Lourdes_Belo Horizonte, Lourdes_Q2_B1",1372619939.0,"Lourdes_Belo Horizonte, Lourdes",2,1,67m²,2,R$ 1.197.447
"Lourdes_Belo Horizonte, Lourdes_Q3_B3",1372619945.0,"Lourdes_Belo Horizonte, Lourdes",3,3,82m²,2,R$ 1.268.912
"Cidade Jardim_Belo Horizonte, Cidade Jardim_QNone_BNone",1372619920.0,"Cidade Jardim_Belo Horizonte, Cidade Jardim",,,196m²,,R$ 2.000.000
"Lourdes_Belo Horizonte, Lourdes_Q2_B2",1372619886.0,"Lourdes_Belo Horizonte, Lourdes",2,2,63m²,2,R$ 1.012.066
"Lourdes_Belo Horizonte, Lourdes_Q1_B1",1372619881.0,"Lourdes_Belo Horizonte, Lourdes",1,1,64m²,,R$ 906.796
"Lourdes_Belo Horizonte, Lourdes_Q2_B2",1372619883.0,"Lourdes_Belo Horizonte, Lourdes",2,2,62m²,2,R$ 1.157.397
"Lourdes_Belo Horizonte, Lourdes_Q2_B3",1372619861.0,"Lourdes_Belo Horizonte, Lourdes",2,3,92m²,2,R$ 1.654.520
"Centro_Belo Horizonte, Centro_Q2_B1",1372619862.0,"Centro_Belo Horizonte, Centro",2,1,84m²,,R$ 350.000
"Lourdes_Belo Horizonte, Lourdes_Q2_B2",1372619865.0,"Lourdes_Belo Horizonte, Lourdes",2,2,63m²,2,R$ 1.041.832
"Lourdes_Belo Horizonte, Lourdes_Q2_B2",1372619854.0,"Lourdes_Belo Horizonte, Lourdes",2,2,63m²,2,R$ 1.056.715
"Lourdes_Belo Horizonte, Lourdes_Q3_B2",1372619857.0,"Lourdes_Belo Horizonte, Lourdes",3,2,93m²,2,R$ 1.884.618
"Lourdes_Belo Horizonte, Lourdes_Q2_B2",1372619844.0,"Lourdes_Belo Horizonte, Lourdes",2,2,63m²,2,R$ 1.062.455
"Centro_Belo Horizonte, Centro_Q1_B1",1372619819.0,"Centro_Belo Horizonte, Centro",1,1,25m²,,R$ 384.000
"Lourdes_Belo Horizonte, Lourdes_Q3_B3",1372619821.0,"Lourdes_Belo Horizonte, Lourdes",3,3,110m²,2,R$ 1.938.540
"Lourdes_Belo Horizonte, Lourdes_Q3_B3",1372619822.0,"Lourdes_Belo Horizonte, Lourdes",3,3,76m²,2,R$ 1.270.000
"Lourdes_Belo Horizonte, Lourdes_Q3_B3",1372619810.0,"Lourdes_Belo Horizonte, Lourdes",3,3,137m²,2,R$ 2.357.940
"Lourdes_Belo Horizonte, Lourdes_Q2_B3",1372619789.0,"Lourdes_Belo Horizonte, Lourdes",2,3,95m²,2,R$ 1.699.960
"Centro_Belo Horizonte, Centro_Q3_B2",1372619792.0,"Centro_Belo Horizonte, Centro",3,2,90m²,,R$ 510.000
"Lourdes_Belo Horizonte, Lourdes_Q1_B1",1372619763.0,"Lourdes_Belo Horizonte, Lourdes",1,1,44m²,,R$ 829.212
"Lourdes_Belo Horizonte, Lourdes_Q2_B2",1372619746.0,"Lourdes_Belo Horizonte, Lourdes",2,2,76m²,1,R$ 1.444.194
"Centro_Belo Horizonte, Centro_Q2_B1",1372619740.0,"Centro_Belo Horizonte, Centro",2,1,62m²,,R$ 550.000
"Lourdes_Belo Horizonte, Lourdes_Q3_B3",1372619733.0,"Lourdes_Belo Horizonte, Lourdes",3,3,76m²,2,R$ 1.290.000
"Lourdes_Belo Horizonte, Lourdes_Q2_B2",1372619705.0,"Lourdes_Belo Horizonte, Lourdes",2,2,63m²,2,R$ 1.050.654
"Lourdes_Belo Horizonte, Lourdes_Q3_B2",1372619695.0,"Lourdes_Belo Horizonte, Lourdes",3,2,93m²,2,R$ 1.834.700
"Lourdes_Belo Horizonte, Lourdes_Q3_B3",1372619690.0,"Lourdes_Belo Horizonte, Lourdes",3,3,135m²,2,R$ 2.329.300
"Lourdes_Belo Horizonte, Lourdes_Q2_B3",1372619675.0,"Lourdes_Belo Horizonte, Lourdes",2,3,104m²,2,R$ 1.856.780
"Lourdes_Belo Horizonte, Lourdes_Q2_B2",1372619676.0,"Lourdes_Belo Horizonte, Lourdes",2,2,63m²,2,R$ 1.071.599
"Lourdes_Belo Horizonte, Lourdes_Q3_B3",1372619680.0,"Lourdes_Belo Horizonte, Lourdes",3,3,129m²,2,R$ 2.249.240
"Lourdes_Belo Horizonte, Lourdes_QNone_BNone",1372619663.0,"Lourdes_Belo Horizonte, Lourdes",,,27m²,,R$ 130.000
"Lourdes_Belo Horizonte, Lourdes_Q3_B2",1372619647.0,"Lourdes_Belo Horizonte, Lourdes",3,2,85m²,1,R$ 1.191.623
"Lourdes_Belo Horizonte, Lourdes_Q2_B3",1372619640.0,"Lourdes_Belo Horizonte, Lourdes",2,3,82m²,2,R$ 1.466.590
"Centro_Belo Horizonte, Centro_QNone_BNone",1372582309.0,"Centro_Belo Horizonte, Centro",,,622m²,0,R$ 35.000
"Lourdes_Belo Horizonte, Lourdes_Q4_B4",1372572236.0,"Lourdes_Belo Horizonte, Lourdes",4,4,285m²,3,R$ 2.749.000
"Lourdes_Belo Horizonte, Lourdes_Q1_B1",1319786420.0,"Lourdes_Belo Horizonte, Lourdes",1,1,40m²,1,R$ 2.400
"Lourdes_Belo Horizonte, Lourdes_Q2_B2",1261737904.0,"Lourdes_Belo Horizonte, Lourdes",2,2,75m²,2,R$ 830.000
"Lourdes_Belo Horizonte, Lourdes_QNone_BNone",1053467419.0,"Lourdes_Belo Horizonte, Lourdes",,,23m²,,R$ 780
"Lourdes_Belo Horizonte, Lourdes_Q1_B1",1304936487.0,"Lourdes_Belo Horizonte, Lourdes",1,1,42m²,1,R$ 470.000
"Lourdes_Belo Horizonte, Lourdes_Q2_B2",1372570491.0,"Lourdes_Belo Horizonte, Lourdes",2,2,100m²,2,R$ 1.000.000
"Lourdes_Belo Horizonte, Lourdes_Q2_B2",1372570378.0,"Lourdes_Belo Horizonte, Lourdes",2,2,92m²,2,R$ 1.654.520
"Lourdes_Belo Horizonte, Lourdes_Q2_B2",1372570370.0,"Lourdes_Belo Horizonte, Lourdes",2,2,137m²,2,R$ 1.941.197
"Lourdes_Belo Horizonte, Lourdes_Q3_B1",1372570369.0,"Lourdes_Belo Horizonte, Lourdes",3,1,100m²,2,R$ 1.800.000
"Lourdes_Belo Horizonte, Lourdes_Q3_B3",1372570353.0,"Lourdes_Belo Horizonte, Lourdes",3,3,76m²,2,R$ 1.340.000
"Lourdes_Belo Horizonte, Lourdes_Q3_B4",1372570336.0,"Lourdes_Belo Horizonte, Lourdes",3,4,153m²,2,R$ 2.050.000
"Lourdes_Belo Horizonte, Lourdes_Q4_B5 ou mais",1372570322.0,"Lourdes_Belo Horizonte, Lourdes",4,5 ou mais,300m²,4,R$ 6.682.645
"Lourdes_Belo Horizonte, Lourdes_Q2_B2",1372570280.0,"Lourdes_Belo Horizonte, Lourdes",2,2,67m²,2,R$ 1.180.000
"Lourdes_Belo Horizonte, Lourdes_Q2_B2",1372570255.0,"Lourdes_Belo Horizonte, Lourdes",2,2,85m²,2,R$ 870.000
"Lourdes_Belo Horizonte, Lourdes_Q2_B2",1372570266.0,"Lourdes_Belo Horizonte, Lourdes",2,2,150m²,2,R$ 2.359.000
"Lourdes_Belo Horizonte, Lourdes_Q1_B1",1372570230.0,"Lourdes_Belo Horizonte, Lourdes",1,1,36m²,0,R$ 665.575
"Lourdes_Belo Horizonte, Lourdes_Q3_B3",1372570174.0,"Lourdes_Belo Horizonte, Lourdes",3,3,110m²,2,R$ 1.938.540
"Lourdes_Belo Horizonte, Lourdes_Q2_B2",1372570124.0,"Lourdes_Belo Horizonte, Lourdes",2,2,54m²,1,R$ 820.000
"Lourdes_Belo Horizonte, Lourdes_Q3_B3",1372570095.0,"Lourdes_Belo Horizonte, Lourdes",3,3,174m²,2,R$ 2.500.000
"Lourdes_Belo Horizonte, Lourdes_Q2_B2",1372570080.0,"Lourdes_Belo Horizonte, Lourdes",2,2,101m²,2,R$ 1.300.000
"Cidade Jardim_Belo Horizonte, Cidade Jardim_Q4_B5 ou mais",1372570046.0,"Cidade Jardim_Belo Horizonte, Cidade Jardim",4,5 ou mais,205m²,4,R$ 3.980.000
"Centro_Belo Horizonte, Centro_Q2_B3",1372570019.0,"Centro_Belo Horizonte, Centro",2,3,71m²,2,R$ 2.918.969
"Lourdes_Belo Horizonte, Lourdes_Q2_B3",1372570004.0,"Lourdes_Belo Horizonte, Lourdes",2,3,110m²,2,R$ 1.100.000
"Lourdes_Belo Horizonte, Lourdes_Q3_B2",1372570002.0,"Lourdes_Belo Horizonte, Lourdes",3,2,89m²,2,R$ 1.383.375
"Lourdes_Belo Horizonte, Lourdes_Q3_B2",1372569999.0,"Lourdes_Belo Horizonte, Lourdes",3,2,90m²,2,R$ 1.359.000
"Lourdes_Belo Horizonte, Lourdes_Q2_B2",1372569962.0,"Lourdes_Belo Horizonte, Lourdes",2,2,75m²,2,R$ 1.556.576
"Lourdes_Belo Horizonte, Lourdes_Q2_B2",1372569878.0,"Lourdes_Belo Horizonte, Lourdes",2,2,127m²,2,R$ 1.644.290
"Lourdes_Belo Horizonte, Lourdes_Q2_B2",1372569857.0,"Lourdes_Belo Horizonte, Lourdes",2,2,63m²,1,R$ 991.565
"Lourdes_Belo Horizonte, Lourdes_Q3_B2",1372569705.0,"Lourdes_Belo Horizonte, Lourdes",3,2,77m²,1,R$ 1.046.742
"Centro_Belo Horizonte, Centro_Q2_B2",1372569662.0,"Centro_Belo Horizonte, Centro",2,2,71m²,2,R$ 1.059.403
"Lourdes_Belo Horizonte, Lourdes_Q4_B5 ou mais",1372569606.0,"Lourdes_Belo Horizonte, Lourdes",4,5 ou mais,315m²,4,R$ 8.487.698
"Lourdes_Belo Horizonte, Lourdes_Q4_B3",1372569591.0,"Lourdes_Belo Horizonte, Lourdes",4,3,143m²,1,R$ 850.000
"Lourdes_Belo Horizonte, Lourdes_Q2_B2",1372569587.0,"Lourdes_Belo Horizonte, Lourdes",2,2,63m²,2,R$ 1.185.397
"Centro_Belo Horizonte, Centro_QNone_BNone",1372569515.0,"Centro_Belo Horizonte, Centro",,,540m²,5 ou mais,R$ 9.480.000
"Lourdes_Belo Horizonte, Lourdes_QNone_BNone",1372569503.0,"Lourdes_Belo Horizonte, Lourdes",,,276m²,5 ou mais,R$ 4.042.865
"Lourdes_Belo Horizonte, Lourdes_QNone_BNone",1372567170.0,"Lourdes_Belo Horizonte, Lourdes",,,35m²,0,R$ 1.600
"Lourdes_Belo Horizonte, Lourdes_Q4_B3",1372563311.0,"Lourdes_Belo Horizonte, Lourdes",4,3,289m²,3,R$ 14.000
"Lourdes_Belo Horizonte, Lourdes_Q4_B3",1372563308.0,"Lourdes_Belo Horizonte, Lourdes",4,3,289m²,3,R$ 4.000.000
"Lourdes_Belo Horizonte, Lourdes_Q4_B2",1372556823.0,"Lourdes_Belo Horizonte, Lourdes",4,2,175m²,1,R$ 950.000
"Lourdes_Belo Horizonte, Lourdes_Q2_B2",1372556313.0,"Lourdes_Belo Horizonte, Lourdes",2,2,63m²,2,R$ 5.500
"Lourdes_Belo Horizonte, Lourdes_QNone_BNone",1372554604.0,"Lourdes_Belo Horizonte, Lourdes",,,170m²,5 ou mais,R$ 1.200.000
"Centro_Belo Horizonte, Centro_Q1_B1",1372554471.0,"Centro_Belo Horizonte, Centro",1,1,45m²,1,R$ 3.100
"Lourdes_Belo Horizonte, Lourdes_Q3_B4",1372552488.0,"Lourdes_Belo Horizonte, Lourdes",3,4,245m²,2,R$ 1.600.000
"Lourdes_Belo Horizonte, Lourdes_QNone_BNone",1372552472.0,"Lourdes_Belo Horizonte, Lourdes",,,58m²,1,R$ 250.000
"Lourdes_Belo Horizonte, Lourdes_Q4_B4",1372552440.0,"Lourdes_Belo Horizonte, Lourdes",4,4,273m²,3,R$ 2.500.000
"Centro_Belo Horizonte, Centro_Q1_B1",1372551810.0,"Centro_Belo Horizonte, Centro",1,1,45m²,1,R$ 3.100
"Lourdes_Belo Horizonte, Lourdes_Q3_B3",1372546558.0,"Lourdes_Belo Horizonte, Lourdes",3,3,110m²,2,R$ 1.185.000
"Lourdes_Belo Horizonte, Lourdes_Q2_B2",1372542493.0,"Lourdes_Belo Horizonte, Lourdes",2,2,107m²,3,R$ 1.895.663
"Lourdes_Belo Horizonte, Lourdes_Q3_B1",1372542338.0,"Lourdes_Belo Horizonte, Lourdes",3,1,102m²,2,R$ 2.321.218
"Lourdes_Belo Horizonte, Lourdes_Q3_B1",1372542249.0,"Lourdes_Belo Horizonte, Lourdes",3,1,102m²,2,R$ 2.321.218
"Centro_Belo Horizonte, Centro_Q1_B1",1372538781.0,"Centro_Belo Horizonte, Centro",1,1,50m²,1,R$ 3.200
"Lourdes_Belo Horizonte, Lourdes_Q4_B5 ou mais",1372531365.0,"Lourdes_Belo Horizonte, Lourdes",4,5 ou mais,137m²,3,R$ 2.100.000
"Lourdes_Belo Horizonte, Lourdes_Q4_B4",1372531359.0,"Lourdes_Belo Horizonte, Lourdes",4,4,257m²,0,R$ 2.850.000
"Centro_Belo Horizonte, Centro_Q1_B1",1372527808.0,"Centro_Belo Horizonte, Centro",1,1,50m²,1,R$ 2.800
"Lourdes_Belo Horizonte, Lourdes_Q1_B1",1372522705.0,"Lourdes_Belo Horizonte, Lourdes",1,1,40m²,1,R$ 3.100
"Centro_Belo Horizonte, Centro_QNone_BNone",1372490041.0,"Centro_Belo Horizonte, Centro",,,100m²,0,R$ 380.000
"Centro_Belo Horizonte, Centro_Q3_B4",1372470034.0,"Centro_Belo Horizonte, Centro",3,4,88m²,2,R$ 1.300.000
"Lourdes_Belo Horizonte, Lourdes_QNone_BNone",1372439283.0,"Lourdes_Belo Horizonte, Lourdes",,,120m²,0,R$ 3.200
"Lourdes_Belo Horizonte, Lourdes_QNone_BNone",1372379119.0,"Lourdes_Belo Horizonte, Lourdes",,,42m²,,R$ 400.000
"Lourdes_Belo Horizonte, Lourdes_Q3_B2",1372378875.0,"Lourdes_Belo Horizonte, Lourdes",3,2,95m²,2,R$ 1.555.000
"Lourdes_Belo Horizonte, Lourdes_QNone_BNone",1372378051.0,"Lourdes_Belo Horizonte, Lourdes",,,47m²,,R$ 350.000
"Lourdes_Belo Horizonte, Lourdes_Q3_B3",1372358740.0,"Lourdes_Belo Horizonte, Lourdes",3,3,100m²,3,R$ 1.400.000
"Centro_Belo Horizonte, Centro_QNone_BNone",1372308391.0,"Centro_Belo Horizonte, Centro",,,,0,R$ 72.000
"Lourdes_Belo Horizonte, Lourdes_Q1_B1",1372289879.0,"Lourdes_Belo Horizonte, Lourdes",1,1,40m²,0,R$ 2.200
"Lourdes_Belo Horizonte, Lourdes_Q4_B3",1372288303.0,"Lourdes_Belo Horizonte, Lourdes",4,3,250m²,4,R$ 2.749.000
"Lourdes_Belo Horizonte, Lourdes_Q2_B2",1372277227.0,"Lourdes_Belo Horizonte, Lourdes",2,2,71m²,2,R$ 1.476.419
"Lourdes_Belo Horizonte, Lourdes_Q4_B4",1372277195.0,"Lourdes_Belo Horizonte, Lourdes",4,4,256m²,3,R$ 2.850.000
"Lourdes_Belo Horizonte, Lourdes_Q3_B2",1372276844.0,"Lourdes_Belo Horizonte, Lourdes",3,2,87m²,1,R$ 990.000
"Centro_Belo Horizonte, Centro_Q1_B1",1372243437.0,"Centro_Belo Horizonte, Centro",1,1,43m²,1,R$ 3.590
"Lourdes_Belo Horizonte, Lourdes_Q2_B2",1372243435.0,"Lourdes_Belo Horizonte, Lourdes",2,2,75m²,2,R$ 970.000
"Lourdes_Belo Horizonte, Lourdes_Q4_B3",1372236415.0,"Lourdes_Belo Horizonte, Lourdes",4,3,151m²,3,R$ 1.750.000
"Lourdes_Belo Horizonte, Lourdes_Q2_B3",1372236417.0,"Lourdes_Belo Horizonte, Lourdes",2,3,91m²,2,R$ 2.100.000
"Lourdes_Belo Horizonte, Lourdes_QNone_BNone",1372234336.0,"Lourdes_Belo Horizonte, Lourdes",,,42m²,1,R$ 400.000
"Lourdes_Belo Horizonte, Lourdes_Q3_B3",1372228736.0,"Lourdes_Belo Horizonte, Lourdes",3,3,95m²,2,R$ 5.100
"Lourdes_Belo Horizonte, Lourdes_Q1_B3",1372212301.0,"Lourdes_Belo Horizonte, Lourdes",1,3,57m²,1,R$ 959.674
"Lourdes_Belo Horizonte, Lourdes_Q1_B3",1372212281.0,"Lourdes_Belo Horizonte, Lourdes",1,3,56m²,1,R$ 873.850
"Lourdes_Belo Horizonte, Lourdes_Q2_B1",1372212182.0,"Lourdes_Belo Horizonte, Lourdes",2,1,164m²,2,R$ 3.500.000
"Lourdes_Belo Horizonte, Lourdes_Q3_B3",1372212168.0,"Lourdes_Belo Horizonte, Lourdes",3,3,108m²,2,R$ 2.647.000
"Lourdes_Belo Horizonte, Lourdes_Q2_B1",1372212175.0,"Lourdes_Belo Horizonte, Lourdes",2,1,150m²,2,R$ 3.100.000
"Lourdes_Belo Horizonte, Lourdes_Q3_B3",1372212138.0,"Lourdes_Belo Horizonte, Lourdes",3,3,109m²,2,R$ 2.647.000
"Lourdes_Belo Horizonte, Lourdes_Q1_B3",1372212049.0,"Lourdes_Belo Horizonte, Lourdes",1,3,57m²,1,R$ 884.383
"Lourdes_Belo Horizonte, Lourdes_Q3_B2",1372203550.0,"Lourdes_Belo Horizonte, Lourdes",3,2,100m²,2,R$ 1.300.000
"Lourdes_Belo Horizonte, Lourdes_Q3_B4",1372196897.0,"Lourdes_Belo Horizonte, Lourdes",3,4,198m²,4,R$ 3.470.365
"Lourdes_Belo Horizonte, Lourdes_Q1_B1",1372196899.0,"Lourdes_Belo Horizonte, Lourdes",1,1,37m²,1,R$ 599.279
"Lourdes_Belo Horizonte, Lourdes_Q2_B2",1372165425.0,"Lourdes_Belo Horizonte, Lourdes",2,2,70m²,2,R$ 5.500
"Lourdes_Belo Horizonte, Lourdes_Q4_B4",1372165418.0,"Lourdes_Belo Horizonte, Lourdes",4,4,285m²,4,R$ 9.000
"Lourdes_Belo Horizonte, Lourdes_Q3_B3",1372145656.0,"Lourdes_Belo Horizonte, Lourdes",3,3,110m²,2,R$ 1.938.550
"Lourdes_Belo Horizonte, Lourdes_Q3_B3",1368449661.0,"Lourdes_Belo Horizonte, Lourdes",3,3,109m²,2,R$ 1.938.540
"Lourdes_Belo Horizonte, Lourdes_Q3_B3",1368287434.0,"Lourdes_Belo Horizonte, Lourdes",3,3,109m²,2,R$ 1.938.545
"Lourdes_Belo Horizonte, Lourdes_Q4_B4",1372137096.0,"Lourdes_Belo Horizonte, Lourdes",4,4,210m²,4,R$ 4.750.000
"Lourdes_Belo Horizonte, Lourdes_Q4_B5 ou mais",1372132983.0,"Lourdes_Belo Horizonte, Lourdes",4,5 ou mais,393m²,5 ou mais,R$ 32.000
"Lourdes_Belo Horizonte, Lourdes_Q3_B4",1372126793.0,"Lourdes_Belo Horizonte, Lourdes",3,4,78m²,2,R$ 2.450.000
"Centro_Belo Horizonte, Centro_Q2_B1",1372114804.0,"Centro_Belo Horizonte, Centro",2,1,45m²,1,R$ 610.000
"Lourdes_Belo Horizonte, Lourdes_Q4_B2",1372052093.0,"Lourdes_Belo Horizonte, Lourdes",4,2,132m²,,R$ 500.000
"Lourdes_Belo Horizonte, Lourdes_Q4_B4",1372029626.0,"Lourdes_Belo Horizonte, Lourdes",4,4,180m²,2,R$ 1.690.000
"Lourdes_Belo Horizonte, Lourdes_Q3_B3",1372000337.0,"Lourdes_Belo Horizonte, Lourdes",3,3,86m²,2,R$ 1.198.000
"Lourdes_Belo Horizonte, Lourdes_Q2_B2",1371989969.0,"Lourdes_Belo Horizonte, Lourdes",2,2,85m²,2,R$ 1.100.000
"Lourdes_Belo Horizonte, Lourdes_Q4_B4",1371980811.0,"Lourdes_Belo Horizonte, Lourdes",4,4,180m²,2,R$ 1.690.000
"Lourdes_Belo Horizonte, Lourdes_Q3_B3",1371948316.0,"Lourdes_Belo Horizonte, Lourdes",3,3,115m²,1,R$ 4.000
"Lourdes_Belo Horizonte, Lourdes_Q2_B2",1371904647.0,"Lourdes_Belo Horizonte, Lourdes",2,2,77m²,1,R$ 6.000
"Lourdes_Belo Horizonte, Lourdes_Q1_B1",1371892024.0,"Lourdes_Belo Horizonte, Lourdes",1,1,40m²,1,R$ 3.400
"Lourdes_Belo Horizonte, Lourdes_Q2_B2",1371884493.0,"Lourdes_Belo Horizonte, Lourdes",2,2,80m²,1,R$ 1.050.000
"Lourdes_Belo Horizonte, Lourdes_Q2_B2",1371884478.0,"Lourdes_Belo Horizonte, Lourdes",2,2,80m²,1,R$ 5.500
"Lourdes_Belo Horizonte, Lourdes_Q3_B3",1371881677.0,"Lourdes_Belo Horizonte, Lourdes",3,3,91m²,3,R$ 1.600.000
"Lourdes_Belo Horizonte, Lourdes_Q4_B5 ou mais",1371876374.0,"Lourdes_Belo Horizonte, Lourdes",4,5 ou mais,133m²,4,R$ 3.300.000
"Lourdes_Belo Horizonte, Lourdes_Q4_B4",1371853324.0,"Lourdes_Belo Horizonte, Lourdes",4,4,160m²,4,R$ 2.749.000
"Lourdes_Belo Horizonte, Lourdes_Q1_B1",1371848244.0,"Lourdes_Belo Horizonte, Lourdes",1,1,33m²,1,R$ 449.370
"Lourdes_Belo Horizonte, Lourdes_Q2_B2",1371845283.0,"Lourdes_Belo Horizonte, Lourdes",2,2,67m²,2,R$ 1.079.180
"Lourdes_Belo Horizonte, Lourdes_Q2_B2",1371844734.0,"Lourdes_Belo Horizonte, Lourdes",2,2,103m²,2,R$ 1.099.050
"Lourdes_Belo Horizonte, Lourdes_Q2_B1",1371842729.0,"Lourdes_Belo Horizonte, Lourdes",2,1,65m²,1,R$ 874.380
"Lourdes_Belo Horizonte, Lourdes_Q2_B3",1371842271.0,"Lourdes_Belo Horizonte, Lourdes",2,3,54m²,0,R$ 819.760
"Lourdes_Belo Horizonte, Lourdes_Q2_B3",1371841940.0,"Lourdes_Belo Horizonte, Lourdes",2,3,85m²,1,R$ 869.030
"Lourdes_Belo Horizonte, Lourdes_Q2_B2",1371728182.0,"Lourdes_Belo Horizonte, Lourdes",2,2,70m²,1,R$ 3.500
"Lourdes_Belo Horizonte, Lourdes_Q4_B3",1371719359.0,"Lourdes_Belo Horizonte, Lourdes",4,3,160m²,2,R$ 1.799.770
"Lourdes_Belo Horizonte, Lourdes_Q4_B5 ou mais",1371717943.0,"Lourdes_Belo Horizonte, Lourdes",4,5 ou mais,390m²,4,R$ 5.299.820
"Lourdes_Belo Horizonte, Lourdes_Q1_B4",1371717765.0,"Lourdes_Belo Horizonte, Lourdes",1,4,199m²,0,R$ 4.199.190
"Centro_Belo Horizonte, Centro_QNone_BNone",1371714364.0,"Centro_Belo Horizonte, Centro",,,40m²,0,R$ 139.100
"Lourdes_Belo Horizonte, Lourdes_Q3_B2",1371702109.0,"Lourdes_Belo Horizonte, Lourdes",3,2,140m²,1,R$ 439.570
"Lourdes_Belo Horizonte, Lourdes_Q2_B1",1371695395.0,"Lourdes_Belo Horizonte, Lourdes",2,1,80m²,1,R$ 4.700
"Lourdes_Belo Horizonte, Lourdes_Q1_B1",1371689706.0,"Lourdes_Belo Horizonte, Lourdes",1,1,27m²,1,R$ 506.000
"Lourdes_Belo Horizonte, Lourdes_QNone_BNone",1371627281.0,"Lourdes_Belo Horizonte, Lourdes",,,,0,R$ 400
"Lourdes_Belo Horizonte, Lourdes_Q2_B2",1371626698.0,"Lourdes_Belo Horizonte, Lourdes",2,2,74m²,2,R$ 5.200
"Lourdes_Belo Horizonte, Lourdes_Q1_B1",1371612858.0,"Lourdes_Belo Horizonte, Lourdes",1,1,50m²,1,R$ 3.400
"Lourdes_Belo Horizonte, Lourdes_Q3_B2",1371610036.0,"Lourdes_Belo Horizonte, Lourdes",3,2,105m²,2,R$ 1.750.000
"Lourdes_Belo Horizonte, Lourdes_Q4_B4",1371538758.0,"Lourdes_Belo Horizonte, Lourdes",4,4,143m²,3,R$ 2.998.098
"Lourdes_Belo Horizonte, Lourdes_Q4_B5 ou mais",1371538028.0,"Lourdes_Belo Horizonte, Lourdes",4,5 ou mais,205m²,4,R$ 2.879.350
"Centro_Belo Horizonte, Centro_QNone_BNone",1371536787.0,"Centro_Belo Horizonte, Centro",,,78m²,0,R$ 299.690
"Lourdes_Belo Horizonte, Lourdes_Q4_B3",1371536607.0,"Lourdes_Belo Horizonte, Lourdes",4,3,172m²,2,R$ 1.299.820
"Lourdes_Belo Horizonte, Lourdes_Q4_B3",1371417362.0,"Lourdes_Belo Horizonte, Lourdes",4,3,160m²,2,R$ 1.900.000
"Lourdes_Belo Horizonte, Lourdes_Q4_B4",1371394954.0,"Lourdes_Belo Horizonte, Lourdes",4,4,188m²,3,R$ 3.290.000
"Lourdes_Belo Horizonte, Lourdes_Q1_B1",1371384088.0,"Lourdes_Belo Horizonte, Lourdes",1,1,52m²,1,R$ 350.000
"Lourdes_Belo Horizonte, Lourdes_Q1_B1",1371384073.0,"Lourdes_Belo Horizonte, Lourdes",1,1,61m²,0,R$ 340.000
"Centro_Belo Horizonte, Centro_Q3_B2",1371384000.0,"Centro_Belo Horizonte, Centro",3,2,100m²,0,R$ 389.000
"Lourdes_Belo Horizonte, Lourdes_Q1_B1",1371376827.0,"Lourdes_Belo Horizonte, Lourdes",1,1,33m²,1,R$ 449.100
"Lourdes_Belo Horizonte, Lourdes_Q3_B3",1371376643.0,"Lourdes_Belo Horizonte, Lourdes",3,3,102m²,2,R$ 1.749.570
"Lourdes_Belo Horizonte, Lourdes_Q2_B1",1371375120.0,"Lourdes_Belo Horizonte, Lourdes",2,1,67m²,2,R$ 1.114.500
"Lourdes_Belo Horizonte, Lourdes_Q3_B3",1371374422.0,"Lourdes_Belo Horizonte, Lourdes",3,3,83m²,2,R$ 1.269.260
"Lourdes_Belo Horizonte, Lourdes_Q4_B5 ou mais",1371370824.0,"Lourdes_Belo Horizonte, Lourdes",4,5 ou mais,205m²,4,R$ 2.899.810
"Centro_Belo Horizonte, Centro_Q3_B2",1371275144.0,"Centro_Belo Horizonte, Centro",3,2,109m²,0,R$ 2.800
"Lourdes_Belo Horizonte, Lourdes_Q4_B3",1371227388.0,"Lourdes_Belo Horizonte, Lourdes",4,3,160m²,3,R$ 1.900.000
"Lourdes_Belo Horizonte, Lourdes_Q3_B1",1371210308.0,"Lourdes_Belo Horizonte, Lourdes",3,1,86m²,1,R$ 3.100
"Lourdes_Belo Horizonte, Lourdes_Q2_B2",1371189753.0,"Lourdes_Belo Horizonte, Lourdes",2,2,75m²,2,R$ 1.000.000
"Lourdes_Belo Horizonte, Lourdes_QNone_BNone",1371177945.0,"Lourdes_Belo Horizonte, Lourdes",,,73m²,0,R$ 300.000
"Lourdes_Belo Horizonte, Lourdes_QNone_BNone",1371177946.0,"Lourdes_Belo Horizonte, Lourdes",,,73m²,0,R$ 1.000
"Lourdes_Belo Horizonte, Lourdes_Q2_B2",1371177592.0,"Lourdes_Belo Horizonte, Lourdes",2,2,65m²,1,R$ 570.000
"Lourdes_Belo Horizonte, Lourdes_Q3_B3",1371176077.0,"Lourdes_Belo Horizonte, Lourdes",3,3,112m²,2,R$ 2.453.041
"Lourdes_Belo Horizonte, Lourdes_Q4_B3",1371171152.0,"Lourdes_Belo Horizonte, Lourdes",4,3,160m²,3,R$ 1.900.000
"Lourdes_Belo Horizonte, Lourdes_Q4_B4",1371168304.0,"Lourdes_Belo Horizonte, Lourdes",4,4,288m²,3,R$ 8.500
"Lourdes_Belo Horizonte, Lourdes_Q1_B1",1371164602.0,"Lourdes_Belo Horizonte, Lourdes",1,1,117m²,2,R$ 999.000
"Lourdes_Belo Horizonte, Lourdes_Q2_B2",1371161276.0,"Lourdes_Belo Horizonte, Lourdes",2,2,63m²,0,R$ 5.400
"Lourdes_Belo Horizonte, Lourdes_Q1_B1",1371157907.0,"Lourdes_Belo Horizonte, Lourdes",1,1,45m²,1,R$ 3.400
"Lourdes_Belo Horizonte, Lourdes_Q2_B2",1371152905.0,"Lourdes_Belo Horizonte, Lourdes",2,2,127m²,2,R$ 1.660.000
"Lourdes_Belo Horizonte, Lourdes_Q2_B2",1371152818.0,"Lourdes_Belo Horizonte, Lourdes",2,2,65m²,2,R$ 1.270.000
"Lourdes_Belo Horizonte, Lourdes_Q3_B3",1371149674.0,"Lourdes_Belo Horizonte, Lourdes",3,3,152m²,4,R$ 2.200.000
"Lourdes_Belo Horizonte, Lourdes_Q4_B5 ou mais",1371140059.0,"Lourdes_Belo Horizonte, Lourdes",4,5 ou mais,352m²,4,R$ 3.690.000
"Lourdes_Belo Horizonte, Lourdes_Q4_B4",1371133954.0,"Lourdes_Belo Horizonte, Lourdes",4,4,210m²,4,R$ 19.000
"Lourdes_Belo Horizonte, Lourdes_Q4_B5 ou mais",1371115210.0,"Lourdes_Belo Horizonte, Lourdes",4,5 ou mais,307m²,5 ou mais,R$ 5.199.600
"Centro_Belo Horizonte, Centro_Q1_B1",1371093796.0,"Centro_Belo Horizonte, Centro",1,1,42m²,1,R$ 3.590
"Lourdes_Belo Horizonte, Lourdes_Q1_B1",1370977707.0,"Lourdes_Belo Horizonte, Lourdes",1,1,52m²,0,R$ 1.750
"Lourdes_Belo Horizonte, Lourdes_Q4_B3",1370928708.0,"Lourdes_Belo Horizonte, Lourdes",4,3,200m²,2,R$ 1.980.000
"Lourdes_Belo Horizonte, Lourdes_Q2_B3",1370926391.0,"Lourdes_Belo Horizonte, Lourdes",2,3,86m²,2,R$ 4.500
"Lourdes_Belo Horizonte, Lourdes_Q4_B4",1370879116.0,"Lourdes_Belo Horizonte, Lourdes",4,4,273m²,3,R$ 2.800.000
"Lourdes_Belo Horizonte, Lourdes_Q1_B1",1370878518.0,"Lourdes_Belo Horizonte, Lourdes",1,1,45m²,1,R$ 3.400
"Lourdes_Belo Horizonte, Lourdes_QNone_BNone",1370877445.0,"Lourdes_Belo Horizonte, Lourdes",,,26m²,1,R$ 180.000
"Lourdes_Belo Horizonte, Lourdes_QNone_BNone",1370877432.0,"Lourdes_Belo Horizonte, Lourdes",,,26m²,0,R$ 600
"Lourdes_Belo Horizonte, Lourdes_Q4_B2",1370874410.0,"Lourdes_Belo Horizonte, Lourdes",4,2,204m²,2,R$ 1.980.000
"Lourdes_Belo Horizonte, Lourdes_Q3_B3",1370873519.0,"Lourdes_Belo Horizonte, Lourdes",3,3,95m²,2,R$ 1.300.000
"Lourdes_Belo Horizonte, Lourdes_Q1_B2",1370873107.0,"Lourdes_Belo Horizonte, Lourdes",1,2,55m²,2,R$ 990.000
"Lourdes_Belo Horizonte, Lourdes_Q2_B3",1370865224.0,"Lourdes_Belo Horizonte, Lourdes",2,3,80m²,1,R$ 730.000
"Centro_Belo Horizonte, Centro_QNone_BNone",1370864935.0,"Centro_Belo Horizonte, Centro",,,78m²,0,R$ 1.000
"Lourdes_Belo Horizonte, Lourdes_QNone_BNone",1370864924.0,"Lourdes_Belo Horizonte, Lourdes",,,215m²,0,R$ 7.000
"Centro_Belo Horizonte, Centro_QNone_BNone",1370864913.0,"Centro_Belo Horizonte, Centro",,,39m²,0,R$ 500
"Lourdes_Belo Horizonte, Lourdes_QNone_BNone",1370864916.0,"Lourdes_Belo Horizonte, Lourdes",,,435m²,4,R$ 50.121
"Lourdes_Belo Horizonte, Lourdes_QNone_BNone",1370864917.0,"Lourdes_Belo Horizonte, Lourdes",,,294m²,4,R$ 20.154
"Lourdes_Belo Horizonte, Lourdes_QNone_BNone",1370864895.0,"Lourdes_Belo Horizonte, Lourdes",,,797m²,5 ou mais,R$ 53.501
"Santo Agostinho_Belo Horizonte, Santo Agostinho_QNone_BNone",1370864874.0,"Santo Agostinho_Belo Horizonte, Santo Agostinho",,,513m²,4,R$ 38.475
"Santo Agostinho_Belo Horizonte, Santo Agostinho_QNone_BNone",1370864879.0,"Santo Agostinho_Belo Horizonte, Santo Agostinho",,,175m²,0,R$ 14.535
"Santo Agostinho_Belo Horizonte, Santo Agostinho_QNone_BNone",1370864808.0,"Santo Agostinho_Belo Horizonte, Santo Agostinho",,,513m²,4,R$ 38.475
"Centro_Belo Horizonte, Centro_Q1_B1",1370864823.0,"Centro_Belo Horizonte, Centro",1,1,85m²,1,R$ 3.400
"Lourdes_Belo Horizonte, Lourdes_QNone_BNone",1370864785.0,"Lourdes_Belo Horizonte, Lourdes",,,301m²,5 ou mais,R$ 21.518
"Santo Agostinho_Belo Horizonte, Santo Agostinho_QNone_BNone",1370864787.0,"Santo Agostinho_Belo Horizonte, Santo Agostinho",,,179m²,0,R$ 15.215
"Santo Agostinho_Belo Horizonte, Santo Agostinho_QNone_BNone",1370864798.0,"Santo Agostinho_Belo Horizonte, Santo Agostinho",,,1026m²,5 ou mais,R$ 76.950
"Lourdes_Belo Horizonte, Lourdes_QNone_BNone",1370864777.0,"Lourdes_Belo Horizonte, Lourdes",,,191m²,4,R$ 13.161
"Centro_Belo Horizonte, Centro_QNone_BNone",1370864761.0,"Centro_Belo Horizonte, Centro",,,39m²,0,R$ 500
"Lourdes_Belo Horizonte, Lourdes_QNone_BNone",1370864662.0,"Lourdes_Belo Horizonte, Lourdes",,,80m²,2,R$ 6.000
"Lourdes_Belo Horizonte, Lourdes_Q2_B3",1370864369.0,"Lourdes_Belo Horizonte, Lourdes",2,3,70m²,2,R$ 1.390.000
"Lourdes_Belo Horizonte, Lourdes_Q1_B1",1370861666.0,"Lourdes_Belo Horizonte, Lourdes",1,1,50m²,0,R$ 2.200
"Lourdes_Belo Horizonte, Lourdes_Q2_B3",1370859046.0,"Lourdes_Belo Horizonte, Lourdes",2,3,90m²,1,R$ 2.900
"Lourdes_Belo Horizonte, Lourdes_Q2_B3",1370840178.0,"Lourdes_Belo Horizonte, Lourdes",2,3,76m²,2,R$ 960.000
"Lourdes_Belo Horizonte, Lourdes_Q2_B2",1370840121.0,"Lourdes_Belo Horizonte, Lourdes",2,2,66m²,2,R$ 700.000
"Centro_Belo Horizonte, Centro_Q1_B1",1370791082.0,"Centro_Belo Horizonte, Centro",1,1,42m²,1,R$ 3.590
"Lourdes_Belo Horizonte, Lourdes_Q2_B3",1370777510.0,"Lourdes_Belo Horizonte, Lourdes",2,3,102m²,2,R$ 6.000
"Lourdes_Belo Horizonte, Lourdes_Q2_B2",1370714381.0,"Lourdes_Belo Horizonte, Lourdes",2,2,53m²,1,R$ 809.000
"Lourdes_Belo Horizonte, Lourdes_Q3_B3",1370643449.0,"Lourdes_Belo Horizonte, Lourdes",3,3,98m²,2,R$ 2.290.000
"Lourdes_Belo Horizonte, Lourdes_Q1_B1",1370641051.0,"Lourdes_Belo Horizonte, Lourdes",1,1,40m²,1,R$ 3.100
"Lourdes_Belo Horizonte, Lourdes_Q2_B2",1370640101.0,"Lourdes_Belo Horizonte, Lourdes",2,2,69m²,2,R$ 1.400.000
"Lourdes_Belo Horizonte, Lourdes_Q4_B3",1370639014.0,"Lourdes_Belo Horizonte, Lourdes",4,3,190m²,2,R$ 1.700.000
"Lourdes_Belo Horizonte, Lourdes_Q3_B2",1370590189.0,"Lourdes_Belo Horizonte, Lourdes",3,2,87m²,2,R$ 1.300.000
"Lourdes_Belo Horizonte, Lourdes_Q1_B1",1370542822.0,"Lourdes_Belo Horizonte, Lourdes",1,1,40m²,1,R$ 3.100
"Lourdes_Belo Horizonte, Lourdes_QNone_BNone",1370541071.0,"Lourdes_Belo Horizonte, Lourdes",,,680m²,0,R$ 33.000
"Lourdes_Belo Horizonte, Lourdes_QNone_BNone",1370540986.0,"Lourdes_Belo Horizonte, Lourdes",,,100m²,0,R$ 9.500
"Lourdes_Belo Horizonte, Lourdes_Q3_B3",1370537210.0,"Lourdes_Belo Horizonte, Lourdes",3,3,90m²,2,R$ 3.200
"Lourdes_Belo Horizonte, Lourdes_Q2_B1",1370532945.0,"Lourdes_Belo Horizonte, Lourdes",2,1,65m²,,R$ 875.000
"Lourdes_Belo Horizonte, Lourdes_Q2_B1",1370532946.0,"Lourdes_Belo Horizonte, Lourdes",2,1,53m²,,R$ 830.000
"Lourdes_Belo Horizonte, Lourdes_Q3_B2",1370528920.0,"Lourdes_Belo Horizonte, Lourdes",3,2,79m²,2,R$ 1.200.000
"Lourdes_Belo Horizonte, Lourdes_Q2_B2",1370528093.0,"Lourdes_Belo Horizonte, Lourdes",2,2,59m²,2,R$ 950.000
"Centro_Belo Horizonte, Centro_Q2_B1",1370527980.0,"Centro_Belo Horizonte, Centro",2,1,46m²,2,R$ 650.000
"Lourdes_Belo Horizonte, Lourdes_Q1_B1",1370527545.0,"Lourdes_Belo Horizonte, Lourdes",1,1,40m²,1,R$ 3.400
"Lourdes_Belo Horizonte, Lourdes_Q4_B4",1370525925.0,"Lourdes_Belo Horizonte, Lourdes",4,4,285m²,3,R$ 9.500
"Lourdes_Belo Horizonte, Lourdes_Q4_B4",1370522577.0,"Lourdes_Belo Horizonte, Lourdes",4,4,286m²,4,R$ 15.000
"Lourdes_Belo Horizonte, Lourdes_Q3_B1",1370516522.0,"Lourdes_Belo Horizonte, Lourdes",3,1,79m²,2,R$ 1.270.822
"Lourdes_Belo Horizonte, Lourdes_Q1_B1",1370512578.0,"Lourdes_Belo Horizonte, Lourdes",1,1,40m²,1,R$ 3.400
"Centro_Belo Horizonte, Centro_Q1_B1",1370509052.0,"Centro_Belo Horizonte, Centro",1,1,25m²,0,R$ 396.000
"Centro_Belo Horizonte, Centro_Q3_B1",1370508664.0,"Centro_Belo Horizonte, Centro",3,1,96m²,0,R$ 320.000
"Lourdes_Belo Horizonte, Lourdes_QNone_BNone",1370493012.0,"Lourdes_Belo Horizonte, Lourdes",,,41m²,,R$ 550.000
"Lourdes_Belo Horizonte, Lourdes_Q4_B4",1370493010.0,"Lourdes_Belo Horizonte, Lourdes",4,4,303m²,5 ou mais,R$ 5.200.000
"Lourdes_Belo Horizonte, Lourdes_Q3_B2",1370492920.0,"Lourdes_Belo Horizonte, Lourdes",3,2,113m²,2,R$ 1.960.000
"Lourdes_Belo Horizonte, Lourdes_Q2_B1",1370440676.0,"Lourdes_Belo Horizonte, Lourdes",2,1,65m²,0,R$ 235.000
"Lourdes_Belo Horizonte, Lourdes_Q1_B1",1370431195.0,"Lourdes_Belo Horizonte, Lourdes",1,1,41m²,1,R$ 3.000
"Lourdes_Belo Horizonte, Lourdes_QNone_BNone",1370379906.0,"Lourdes_Belo Horizonte, Lourdes",,,,,R$ 8.800
"Lourdes_Belo Horizonte, Lourdes_Q4_B4",1370367347.0,"Lourdes_Belo Horizonte, Lourdes",4,4,87m²,4,R$ 4.750.000
"Lourdes_Belo Horizonte, Lourdes_Q3_B2",1370367299.0,"Lourdes_Belo Horizonte, Lourdes",3,2,87m²,2,R$ 1.300.000
"Lourdes_Belo Horizonte, Lourdes_Q2_B2",1370367257.0,"Lourdes_Belo Horizonte, Lourdes",2,2,63m²,2,R$ 5.400
"Lourdes_Belo Horizonte, Lourdes_Q4_B4",1370367221.0,"Lourdes_Belo Horizonte, Lourdes",4,4,138m²,3,R$ 1.950.000
"Lourdes_Belo Horizonte, Lourdes_Q1_B2",1370344283.0,"Lourdes_Belo Horizonte, Lourdes",1,2,67m²,2,R$ 3.800
"Lourdes_Belo Horizonte, Lourdes_Q3_B2",1370336319.0,"Lourdes_Belo Horizonte, Lourdes",3,2,109m²,2,R$ 2.250.000
"Lourdes_Belo Horizonte, Lourdes_Q1_B1",1370333682.0,"Lourdes_Belo Horizonte, Lourdes",1,1,45m²,1,R$ 3.000
"Lourdes_Belo Horizonte, Lourdes_Q3_B2",1370290642.0,"Lourdes_Belo Horizonte, Lourdes",3,2,144m²,2,R$ 2.110.000
"Lourdes_Belo Horizonte, Lourdes_Q4_B3",1370290249.0,"Lourdes_Belo Horizonte, Lourdes",4,3,283m²,2,R$ 2.700.000
"Lourdes_Belo Horizonte, Lourdes_Q3_B3",1370288631.0,"Lourdes_Belo Horizonte, Lourdes",3,3,100m²,2,R$ 8.000
"Lourdes_Belo Horizonte, Lourdes_QNone_BNone",1370286222.0,"Lourdes_Belo Horizonte, Lourdes",,,27m²,0,R$ 200.000
"Lourdes_Belo Horizonte, Lourdes_Q2_B2",1370235631.0,"Lourdes_Belo Horizonte, Lourdes",2,2,67m²,2,R$ 1.125.000
"Lourdes_Belo Horizonte, Lourdes_Q1_B2",1370235556.0,"Lourdes_Belo Horizonte, Lourdes",1,2,117m²,2,R$ 990.000
"Lourdes_Belo Horizonte, Lourdes_Q3_B2",1370231868.0,"Lourdes_Belo Horizonte, Lourdes",3,2,87m²,1,R$ 990.000
"Lourdes_Belo Horizonte, Lourdes_Q3_B2",1370208259.0,"Lourdes_Belo Horizonte, Lourdes",3,2,232m²,2,R$ 7.500
"Centro_Belo Horizonte, Centro_Q5 ou mais_B4",1370196737.0,"Centro_Belo Horizonte, Centro",5 ou mais,4,238m²,0,R$ 650.000
"Lourdes_Belo Horizonte, Lourdes_Q4_B5 ou mais",1370190186.0,"Lourdes_Belo Horizonte, Lourdes",4,5 ou mais,289m²,4,R$ 15.000
"Lourdes_Belo Horizonte, Lourdes_Q4_B5 ou mais",1370185706.0,"Lourdes_Belo Horizonte, Lourdes",4,5 ou mais,300m²,2,R$ 2.200.000
"Lourdes_Belo Horizonte, Lourdes_Q4_B3",1370179293.0,"Lourdes_Belo Horizonte, Lourdes",4,3,180m²,2,R$ 12.000
"Centro_Belo Horizonte, Centro_Q2_B2",1370146918.0,"Centro_Belo Horizonte, Centro",2,2,86m²,2,R$ 4.000
"Lourdes_Belo Horizonte, Lourdes_Q3_B3",1370129324.0,"Lourdes_Belo Horizonte, Lourdes",3,3,109m²,2,R$ 1.938.550
"Lourdes_Belo Horizonte, Lourdes_Q2_B1",1370094957.0,"Lourdes_Belo Horizonte, Lourdes",2,1,85m²,2,R$ 1.100.000
"Lourdes_Belo Horizonte, Lourdes_Q3_B3",1370071595.0,"Lourdes_Belo Horizonte, Lourdes",3,3,97m²,2,R$ 1.850.000
"Lourdes_Belo Horizonte, Lourdes_Q2_B2",1370071314.0,"Lourdes_Belo Horizonte, Lourdes",2,2,77m²,1,R$ 1.050.000
"Lourdes_Belo Horizonte, Lourdes_Q4_B4",1370071296.0,"Lourdes_Belo Horizonte, Lourdes",4,4,137m²,3,R$ 3.200.000
"Lourdes_Belo Horizonte, Lourdes_Q1_B1",1370069221.0,"Lourdes_Belo Horizonte, Lourdes",1,1,20m²,,R$ 1.700
"Lourdes_Belo Horizonte, Lourdes_Q4_B3",1370066141.0,"Lourdes_Belo Horizonte, Lourdes",4,3,170m²,2,R$ 1.940.000
"Lourdes_Belo Horizonte, Lourdes_Q2_B2",1370009453.0,"Lourdes_Belo Horizonte, Lourdes",2,2,60m²,1,R$ 653.838
"Lourdes_Belo Horizonte, Lourdes_Q2_B2",1370009429.0,"Lourdes_Belo Horizonte, Lourdes",2,2,23m²,1,R$ 782.541
"Lourdes_Belo Horizonte, Lourdes_Q3_B3",1369990633.0,"Lourdes_Belo Horizonte, Lourdes",3,3,116m²,2,R$ 2.230.000
"Lourdes_Belo Horizonte, Lourdes_Q3_B3",1369979149.0,"Lourdes_Belo Horizonte, Lourdes",3,3,190m²,4,R$ 1.890.000
"Centro_Belo Horizonte, Centro_QNone_BNone",1369946329.0,"Centro_Belo Horizonte, Centro",,,102m²,,R$ 10.179
"Centro_Belo Horizonte, Centro_QNone_BNone",1369946310.0,"Centro_Belo Horizonte, Centro",,,124m²,,R$ 12.433
"Lourdes_Belo Horizonte, Lourdes_Q1_B2",1369946234.0,"Lourdes_Belo Horizonte, Lourdes",1,2,74m²,3,R$ 3.300
"Lourdes_Belo Horizonte, Lourdes_Q4_B4",1369944686.0,"Lourdes_Belo Horizonte, Lourdes",4,4,130m²,4,R$ 2.550.000
"Lourdes_Belo Horizonte, Lourdes_Q5 ou mais_B4",1369944587.0,"Lourdes_Belo Horizonte, Lourdes",5 ou mais,4,320m²,3,R$ 2.300.000
"Lourdes_Belo Horizonte, Lourdes_Q4_B3",1369944543.0,"Lourdes_Belo Horizonte, Lourdes",4,3,190m²,3,R$ 1.800.000
"Lourdes_Belo Horizonte, Lourdes_Q4_B3",1369944551.0,"Lourdes_Belo Horizonte, Lourdes",4,3,130m²,1,R$ 750.000
"Lourdes_Belo Horizonte, Lourdes_Q3_B2",1369944527.0,"Lourdes_Belo Horizonte, Lourdes",3,2,160m²,2,R$ 910.000
"Lourdes_Belo Horizonte, Lourdes_Q4_B3",1369944528.0,"Lourdes_Belo Horizonte, Lourdes",4,3,155m²,4,R$ 1.500.000
"Lourdes_Belo Horizonte, Lourdes_Q4_B4",1369944324.0,"Lourdes_Belo Horizonte, Lourdes",4,4,135m²,1,R$ 1.100.000
"Lourdes_Belo Horizonte, Lourdes_Q4_B4",1369943236.0,"Lourdes_Belo Horizonte, Lourdes",4,4,260m²,3,R$ 2.980.000
"Lourdes_Belo Horizonte, Lourdes_Q4_B4",1369943045.0,"Lourdes_Belo Horizonte, Lourdes",4,4,300m²,3,R$ 2.500.000
"Lourdes_Belo Horizonte, Lourdes_Q4_B4",1369906056.0,"Lourdes_Belo Horizonte, Lourdes",4,4,191m²,3,R$ 4.701.400
"Lourdes_Belo Horizonte, Lourdes_Q4_B4",1369903664.0,"Lourdes_Belo Horizonte, Lourdes",4,4,192m²,3,R$ 4.543.900
"Lourdes_Belo Horizonte, Lourdes_Q1_B2",1369903626.0,"Lourdes_Belo Horizonte, Lourdes",1,2,70m²,1,R$ 1.300.000
"Lourdes_Belo Horizonte, Lourdes_Q2_B2",1369890877.0,"Lourdes_Belo Horizonte, Lourdes",2,2,69m²,2,R$ 1.400.000
"Centro_Belo Horizonte, Centro_Q1_B1",1369886837.0,"Centro_Belo Horizonte, Centro",1,1,55m²,,R$ 360.000
"Lourdes_Belo Horizonte, Lourdes_Q4_B3",1369885598.0,"Lourdes_Belo Horizonte, Lourdes",4,3,190m²,2,R$ 1.700.000
"Lourdes_Belo Horizonte, Lourdes_Q4_B4",1369885595.0,"Lourdes_Belo Horizonte, Lourdes",4,4,165m²,3,R$ 1.800.000
"Lourdes_Belo Horizonte, Lourdes_Q2_B3",1372240550.0,"Lourdes_Belo Horizonte, Lourdes",2,3,95m²,2,R$ 2.100.000
"Lourdes_Belo Horizonte, Lourdes_Q2_B1",1369881970.0,"Lourdes_Belo Horizonte, Lourdes",2,1,53m²,,R$ 4.000
"Lourdes_Belo Horizonte, Lourdes_Q4_B4",1369880863.0,"Lourdes_Belo Horizonte, Lourdes",4,4,140m²,3,R$ 1.850.000
"Lourdes_Belo Horizonte, Lourdes_Q3_B3",1369876450.0,"Lourdes_Belo Horizonte, Lourdes",3,3,90m²,1,R$ 680.000
"Lourdes_Belo Horizonte, Lourdes_Q1_B1",1369874806.0,"Lourdes_Belo Horizonte, Lourdes",1,1,50m²,1,R$ 350.000
"Lourdes_Belo Horizonte, Lourdes_Q4_B4",1369873543.0,"Lourdes_Belo Horizonte, Lourdes",4,4,306m²,4,R$ 11.500
"Lourdes_Belo Horizonte, Lourdes_Q3_B2",1369860135.0,"Lourdes_Belo Horizonte, Lourdes",3,2,76m²,2,R$ 1.300.000
"Lourdes_Belo Horizonte, Lourdes_QNone_BNone",1369852113.0,"Lourdes_Belo Horizonte, Lourdes",,,47m²,,R$ 330.000
"Lourdes_Belo Horizonte, Lourdes_Q3_B3",1369845433.0,"Lourdes_Belo Horizonte, Lourdes",3,3,100m²,2,R$ 1.750.000
"Lourdes_Belo Horizonte, Lourdes_Q4_B5 ou mais",1369843976.0,"Lourdes_Belo Horizonte, Lourdes",4,5 ou mais,311m²,0,R$ 6.600.000
"Lourdes_Belo Horizonte, Lourdes_Q4_B2",1369843698.0,"Lourdes_Belo Horizonte, Lourdes",4,2,290m²,2,R$ 2.790.000
"Lourdes_Belo Horizonte, Lourdes_Q2_B2",1369843680.0,"Lourdes_Belo Horizonte, Lourdes",2,2,79m²,3,R$ 1.645.000
"Lourdes_Belo Horizonte, Lourdes_Q2_B3",1369843638.0,"Lourdes_Belo Horizonte, Lourdes",2,3,105m²,2,R$ 1.490.000
"Lourdes_Belo Horizonte, Lourdes_Q2_B2",1369843636.0,"Lourdes_Belo Horizonte, Lourdes",2,2,65m²,2,R$ 1.208.000
"Centro_Belo Horizonte, Centro_Q3_B2",1369763434.0,"Centro_Belo Horizonte, Centro",3,2,199m²,1,R$ 800.000
"Lourdes_Belo Horizonte, Lourdes_Q2_B1",1369763315.0,"Lourdes_Belo Horizonte, Lourdes",2,1,75m²,2,R$ 1.000.000
"Lourdes_Belo Horizonte, Lourdes_Q1_B2",1369743985.0,"Lourdes_Belo Horizonte, Lourdes",1,2,55m²,2,R$ 990.000
"Lourdes_Belo Horizonte, Lourdes_Q2_B1",1369733407.0,"Lourdes_Belo Horizonte, Lourdes",2,1,55m²,2,R$ 1.200.000
"Lourdes_Belo Horizonte, Lourdes_Q3_B2",1369716040.0,"Lourdes_Belo Horizonte, Lourdes",3,2,114m²,2,R$ 2.090.000
"Lourdes_Belo Horizonte, Lourdes_Q2_B2",1369716030.0,"Lourdes_Belo Horizonte, Lourdes",2,2,77m²,1,R$ 1.050.000
"Lourdes_Belo Horizonte, Lourdes_Q3_B2",1369715983.0,"Lourdes_Belo Horizonte, Lourdes",3,2,110m²,2,R$ 1.185.000
"Lourdes_Belo Horizonte, Lourdes_Q3_B1",1369715978.0,"Lourdes_Belo Horizonte, Lourdes",3,1,188m²,3,R$ 1.995.000
"Lourdes_Belo Horizonte, Lourdes_Q2_B1",1369715953.0,"Lourdes_Belo Horizonte, Lourdes",2,1,69m²,2,R$ 980.000
"Lourdes_Belo Horizonte, Lourdes_Q2_B2",1369715943.0,"Lourdes_Belo Horizonte, Lourdes",2,2,63m²,2,R$ 6.000
"Lourdes_Belo Horizonte, Lourdes_Q3_B2",1369715893.0,"Lourdes_Belo Horizonte, Lourdes",3,2,84m²,2,R$ 1.400.000
"Lourdes_Belo Horizonte, Lourdes_Q4_B2",1369715896.0,"Lourdes_Belo Horizonte, Lourdes",4,2,152m²,2,R$ 1.600.000
"Lourdes_Belo Horizonte, Lourdes_Q3_B4",1369715820.0,"Lourdes_Belo Horizonte, Lourdes",3,4,173m²,3,R$ 3.300.000
"Lourdes_Belo Horizonte, Lourdes_Q3_B4",1369715345.0,"Lourdes_Belo Horizonte, Lourdes",3,4,173m²,3,R$ 2.950.000
"Lourdes_Belo Horizonte, Lourdes_Q4_B5 ou mais",1369612768.0,"Lourdes_Belo Horizonte, Lourdes",4,5 ou mais,306m²,3,R$ 4.200.000
"Lourdes_Belo Horizonte, Lourdes_Q2_B2",1369571471.0,"Lourdes_Belo Horizonte, Lourdes",2,2,65m²,1,
"Lourdes_Belo Horizonte, Lourdes_Q2_B2",1369567258.0,"Lourdes_Belo Horizonte, Lourdes",2,2,63m²,1,R$ 5.400
"Lourdes_Belo Horizonte, Lourdes_Q4_B2",1328165588.0,"Lourdes_Belo Horizonte, Lourdes",4,2,151m²,2,R$ 2.220.000
"Lourdes_Belo Horizonte, Lourdes_Q3_B2",1369427749.0,"Lourdes_Belo Horizonte, Lourdes",3,2,87m²,2,R$ 1.300.000
"Lourdes_Belo Horizonte, Lourdes_Q4_B5 ou mais",1369427483.0,"Lourdes_Belo Horizonte, Lourdes",4,5 ou mais,130m²,3,R$ 2.350.000
"Lourdes_Belo Horizonte, Lourdes_Q4_B3",1369370953.0,"Lourdes_Belo Horizonte, Lourdes",4,3,225m²,,R$ 680.000
"Lourdes_Belo Horizonte, Lourdes_Q2_B2",1369236964.0,"Lourdes_Belo Horizonte, Lourdes",2,2,85m²,2,R$ 450.000
"Lourdes_Belo Horizonte, Lourdes_Q4_B3",1369232268.0,"Lourdes_Belo Horizonte, Lourdes",4,3,170m²,2,R$ 1.940.000
"Lourdes_Belo Horizonte, Lourdes_Q3_B2",1369220235.0,"Lourdes_Belo Horizonte, Lourdes",3,2,89m²,2,R$ 1.350.000
"Santo Agostinho_Belo Horizonte, Santo Agostinho_QNone_BNone",1369219189.0,"Santo Agostinho_Belo Horizonte, Santo Agostinho",,,390m²,0,R$ 33.150
"Lourdes_Belo Horizonte, Lourdes_Q4_B4",1369210831.0,"Lourdes_Belo Horizonte, Lourdes",4,4,191m²,3,R$ 4.518.800
"Centro_Belo Horizonte, Centro_Q2_B1",1369183951.0,"Centro_Belo Horizonte, Centro",2,1,54m²,2,R$ 649.000
"Lourdes_Belo Horizonte, Lourdes_QNone_BNone",1369165923.0,"Lourdes_Belo Horizonte, Lourdes",,,24m²,0,R$ 800
"Lourdes_Belo Horizonte, Lourdes_Q4_B4",1369165209.0,"Lourdes_Belo Horizonte, Lourdes",4,4,138m²,3,R$ 1.850.000
"Lourdes_Belo Horizonte, Lourdes_Q3_B4",1369162678.0,"Lourdes_Belo Horizonte, Lourdes",3,4,123m²,4,R$ 3.427.539
"Lourdes_Belo Horizonte, Lourdes_Q3_B2",1369152519.0,"Lourdes_Belo Horizonte, Lourdes",3,2,98m²,1,R$ 990.000
"Lourdes_Belo Horizonte, Lourdes_Q2_B2",1369150622.0,"Lourdes_Belo Horizonte, Lourdes",2,2,64m²,2,R$ 4.500
"Lourdes_Belo Horizonte, Lourdes_Q2_B3",1369150387.0,"Lourdes_Belo Horizonte, Lourdes",2,3,137m²,2,R$ 6.400
"Lourdes_Belo Horizonte, Lourdes_Q2_B2",1369150346.0,"Lourdes_Belo Horizonte, Lourdes",2,2,64m²,2,R$ 4.500
"Lourdes_Belo Horizonte, Lourdes_Q4_B4",1369142171.0,"Lourdes_Belo Horizonte, Lourdes",4,4,178m²,3,R$ 4.673.600
"Lourdes_Belo Horizonte, Lourdes_Q4_B4",1369142170.0,"Lourdes_Belo Horizonte, Lourdes",4,4,196m²,3,R$ 4.543.900
"Lourdes_Belo Horizonte, Lourdes_Q4_B4",1369141224.0,"Lourdes_Belo Horizonte, Lourdes",4,4,177m²,3,R$ 4.703.100
"Centro_Belo Horizonte, Centro_Q1_B1",1369131337.0,"Centro_Belo Horizonte, Centro",1,1,50m²,0,R$ 370.000
"Lourdes_Belo Horizonte, Lourdes_Q3_B2",1369131265.0,"Lourdes_Belo Horizonte, Lourdes",3,2,98m²,1,R$ 990.000
"Centro_Belo Horizonte, Centro_Q2_B3",1369131226.0,"Centro_Belo Horizonte, Centro",2,3,74m²,0,R$ 380.000
"Lourdes_Belo Horizonte, Lourdes_Q2_B2",1369131207.0,"Lourdes_Belo Horizonte, Lourdes",2,2,80m²,1,R$ 635.000
"Centro_Belo Horizonte, Centro_Q2_B1",1369131181.0,"Centro_Belo Horizonte, Centro",2,1,54m²,2,R$ 649.000
"Lourdes_Belo Horizonte, Lourdes_Q4_B5 ou mais",1369083288.0,"Lourdes_Belo Horizonte, Lourdes",4,5 ou mais,267m²,4,R$ 5.600.000
"Lourdes_Belo Horizonte, Lourdes_Q2_B3",1369077596.0,"Lourdes_Belo Horizonte, Lourdes",2,3,67m²,2,R$ 6.500
"Centro_Belo Horizonte, Centro_Q2_B1",1369066658.0,"Centro_Belo Horizonte, Centro",2,1,81m²,,R$ 350.000
"Lourdes_Belo Horizonte, Lourdes_Q4_B5 ou mais",1256553206.0,"Lourdes_Belo Horizonte, Lourdes",4,5 ou mais,286m²,2,R$ 2.300.000
"Lourdes_Belo Horizonte, Lourdes_Q1_B1",1368965223.0,"Lourdes_Belo Horizonte, Lourdes",1,1,41m²,0,R$ 2.500
"Lourdes_Belo Horizonte, Lourdes_Q2_B2",1368961465.0,"Lourdes_Belo Horizonte, Lourdes",2,2,96m²,2,R$ 1.670.000
"Lourdes_Belo Horizonte, Lourdes_Q2_B2",1368961410.0,"Lourdes_Belo Horizonte, Lourdes",2,2,90m²,0,R$ 610.000
"Lourdes_Belo Horizonte, Lourdes_Q2_B2",1368961208.0,"Lourdes_Belo Horizonte, Lourdes",2,2,63m²,1,R$ 1.140.000
"Lourdes_Belo Horizonte, Lourdes_Q2_B2",1368961227.0,"Lourdes_Belo Horizonte, Lourdes",2,2,97m²,2,R$ 1.380.000
"Centro_Belo Horizonte, Centro_Q2_B1",1368961230.0,"Centro_Belo Horizonte, Centro",2,1,54m²,2,R$ 649.000
"Lourdes_Belo Horizonte, Lourdes_Q3_B2",1368961195.0,"Lourdes_Belo Horizonte, Lourdes",3,2,98m²,1,R$ 990.000
"Lourdes_Belo Horizonte, Lourdes_Q3_B3",1368942748.0,"Lourdes_Belo Horizonte, Lourdes",3,3,116m²,2,R$ 1.990.000
"Lourdes_Belo Horizonte, Lourdes_Q3_B2",1368905431.0,"Lourdes_Belo Horizonte, Lourdes",3,2,90m²,2,R$ 1.200.000
"Lourdes_Belo Horizonte, Lourdes_Q4_B4",1368895973.0,"Lourdes_Belo Horizonte, Lourdes",4,4,161m²,2,R$ 1.450.000
"Lourdes_Belo Horizonte, Lourdes_Q3_B2",1368891785.0,"Lourdes_Belo Horizonte, Lourdes",3,2,87m²,2,R$ 1.300.000
"Lourdes_Belo Horizonte, Lourdes_Q4_B3",1368887814.0,"Lourdes_Belo Horizonte, Lourdes",4,3,151m²,3,R$ 1.750.000
"Lourdes_Belo Horizonte, Lourdes_Q4_B3",1368883662.0,"Lourdes_Belo Horizonte, Lourdes",4,3,190m²,2,R$ 2.000.000
"Lourdes_Belo Horizonte, Lourdes_Q2_B2",1368882007.0,"Lourdes_Belo Horizonte, Lourdes",2,2,85m²,1,R$ 3.600
"Lourdes_Belo Horizonte, Lourdes_Q4_B5 ou mais",1368881735.0,"Lourdes_Belo Horizonte, Lourdes",4,5 ou mais,152m²,3,R$ 1.750.000
"Lourdes_Belo Horizonte, Lourdes_Q4_B3",1368881716.0,"Lourdes_Belo Horizonte, Lourdes",4,3,160m²,2,R$ 1.750.000
"Lourdes_Belo Horizonte, Lourdes_Q2_B1",1368879047.0,"Lourdes_Belo Horizonte, Lourdes",2,1,100m²,2,R$ 1.000.000
"Lourdes_Belo Horizonte, Lourdes_Q5 ou mais_B5 ou mais",1368863823.0,"Lourdes_Belo Horizonte, Lourdes",5 ou mais,5 ou mais,160m²,0,R$ 9.500
"Lourdes_Belo Horizonte, Lourdes_Q4_B2",1368860396.0,"Lourdes_Belo Horizonte, Lourdes",4,2,180m²,2,R$ 12.000
"Lourdes_Belo Horizonte, Lourdes_QNone_BNone",1368857582.0,"Lourdes_Belo Horizonte, Lourdes",,,90m²,2,R$ 829.000
"Lourdes_Belo Horizonte, Lourdes_Q2_B3",1368857367.0,"Lourdes_Belo Horizonte, Lourdes",2,3,76m²,2,R$ 960.000
"Lourdes_Belo Horizonte, Lourdes_Q5 ou mais_B4",1368857254.0,"Lourdes_Belo Horizonte, Lourdes",5 ou mais,4,412m²,5 ou mais,R$ 4.400.000
"Lourdes_Belo Horizonte, Lourdes_Q2_B3",1368857235.0,"Lourdes_Belo Horizonte, Lourdes",2,3,98m²,2,R$ 1.500.000
"Lourdes_Belo Horizonte, Lourdes_Q2_B2",1368857159.0,"Lourdes_Belo Horizonte, Lourdes",2,2,63m²,1,R$ 1.140.000
"Lourdes_Belo Horizonte, Lourdes_Q2_B3",1368857136.0,"Lourdes_Belo Horizonte, Lourdes",2,3,131m²,2,R$ 1.700.000
"Lourdes_Belo Horizonte, Lourdes_Q4_B3",1368855793.0,"Lourdes_Belo Horizonte, Lourdes",4,3,250m²,4,R$ 2.749.000
"Lourdes_Belo Horizonte, Lourdes_Q4_B5 ou mais",1368855762.0,"Lourdes_Belo Horizonte, Lourdes",4,5 ou mais,300m²,4,R$ 2.680.000
"Lourdes_Belo Horizonte, Lourdes_Q2_B3",1368850204.0,"Lourdes_Belo Horizonte, Lourdes",2,3,91m²,2,R$ 2.100.000
"Lourdes_Belo Horizonte, Lourdes_Q3_B3",1368844951.0,"Lourdes_Belo Horizonte, Lourdes",3,3,93m²,2,R$ 1.875.307
"Centro_Belo Horizonte, Centro_Q2_B1",1368844659.0,"Centro_Belo Horizonte, Centro",2,1,57m²,1,R$ 690.000
"Lourdes_Belo Horizonte, Lourdes_Q2_B3",1368840140.0,"Lourdes_Belo Horizonte, Lourdes",2,3,63m²,2,R$ 4.700
"Centro_Belo Horizonte, Centro_Q2_B1",1368808791.0,"Centro_Belo Horizonte, Centro",2,1,72m²,,R$ 410.000
"Lourdes_Belo Horizonte, Lourdes_Q2_B2",1368742567.0,"Lourdes_Belo Horizonte, Lourdes",2,2,68m²,2,R$ 4.100
"Lourdes_Belo Horizonte, Lourdes_Q4_B5 ou mais",1368660623.0,"Lourdes_Belo Horizonte, Lourdes",4,5 ou mais,311m²,4,R$ 7.245.000
"Centro_Belo Horizonte, Centro_Q2_B1",1368602668.0,"Centro_Belo Horizonte, Centro",2,1,90m²,0,R$ 430.000
"Lourdes_Belo Horizonte, Lourdes_Q5 ou mais_B4",1368572369.0,"Lourdes_Belo Horizonte, Lourdes",5 ou mais,4,600m²,5 ou mais,R$ 10.000.000
"Lourdes_Belo Horizonte, Lourdes_Q2_B2",1368571946.0,"Lourdes_Belo Horizonte, Lourdes",2,2,65m²,,R$ 320.000
"Lourdes_Belo Horizonte, Lourdes_QNone_BNone",1368563233.0,"Lourdes_Belo Horizonte, Lourdes",,,110m²,0,R$ 3.500
"Centro_Belo Horizonte, Centro_Q2_B1",1368541652.0,"Centro_Belo Horizonte, Centro",2,1,81m²,0,R$ 350.000
"Lourdes_Belo Horizonte, Lourdes_Q2_B1",1368541638.0,"Lourdes_Belo Horizonte, Lourdes",2,1,188m²,3,R$ 1.995.000
"Lourdes_Belo Horizonte, Lourdes_Q4_B2",1368541579.0,"Lourdes_Belo Horizonte, Lourdes",4,2,120m²,1,R$ 950.000
"Lourdes_Belo Horizonte, Lourdes_Q2_B2",1368539227.0,"Lourdes_Belo Horizonte, Lourdes",2,2,106m²,2,R$ 1.550.000
"Centro_Belo Horizonte, Centro_Q2_B2",1368473108.0,"Centro_Belo Horizonte, Centro",2,2,75m²,1,R$ 495.000
"Lourdes_Belo Horizonte, Lourdes_Q1_B1",1368445694.0,"Lourdes_Belo Horizonte, Lourdes",1,1,36m²,1,R$ 424.000
"Lourdes_Belo Horizonte, Lourdes_Q3_B3",1361616380.0,"Lourdes_Belo Horizonte, Lourdes",3,3,109m²,2,R$ 1.938.540
"Lourdes_Belo Horizonte, Lourdes_Q3_B1",1368425461.0,"Lourdes_Belo Horizonte, Lourdes",3,1,87m²,2,R$ 1.300.000
"Lourdes_Belo Horizonte, Lourdes_Q2_B2",1368420916.0,"Lourdes_Belo Horizonte, Lourdes",2,2,96m²,2,R$ 1.670.000
"Lourdes_Belo Horizonte, Lourdes_Q2_B2",1368410325.0,"Lourdes_Belo Horizonte, Lourdes",2,2,63m²,1,R$ 1.140.000
"Lourdes_Belo Horizonte, Lourdes_Q2_B2",1368405115.0,"Lourdes_Belo Horizonte, Lourdes",2,2,97m²,2,R$ 1.380.000
"Lourdes_Belo Horizonte, Lourdes_Q1_B1",1368368684.0,"Lourdes_Belo Horizonte, Lourdes",1,1,37m²,0,R$ 250.000
"Lourdes_Belo Horizonte, Lourdes_Q3_B2",1368335080.0,"Lourdes_Belo Horizonte, Lourdes",3,2,84m²,1,R$ 1.198.121
"Lourdes_Belo Horizonte, Lourdes_Q2_B2",1368312458.0,"Lourdes_Belo Horizonte, Lourdes",2,2,74m²,2,R$ 1.050.000
"Lourdes_Belo Horizonte, Lourdes_Q1_B2",1368312451.0,"Lourdes_Belo Horizonte, Lourdes",1,2,66m²,2,R$ 998.000
"Lourdes_Belo Horizonte, Lourdes_Q2_B2",1368312445.0,"Lourdes_Belo Horizonte, Lourdes",2,2,69m²,2,R$ 930.000
"Lourdes_Belo Horizonte, Lourdes_QNone_BNone",1368240440.0,"Lourdes_Belo Horizonte, Lourdes",,,89m²,5 ou mais,R$ 22.309
"Lourdes_Belo Horizonte, Lourdes_Q4_B3",1368237220.0,"Lourdes_Belo Horizonte, Lourdes",4,3,170m²,2,R$ 1.940.000
"Lourdes_Belo Horizonte, Lourdes_Q3_B2",1368232432.0,"Lourdes_Belo Horizonte, Lourdes",3,2,85m²,2,R$ 1.300.000
"Lourdes_Belo Horizonte, Lourdes_Q3_B2",1368232420.0,"Lourdes_Belo Horizonte, Lourdes",3,2,88m²,2,R$ 1.300.000
"Lourdes_Belo Horizonte, Lourdes_Q3_B2",1368230058.0,"Lourdes_Belo Horizonte, Lourdes",3,2,87m²,1,R$ 990.000
"Lourdes_Belo Horizonte, Lourdes_Q1_B1",1368223453.0,"Lourdes_Belo Horizonte, Lourdes",1,1,41m²,1,R$ 2.800
"Lourdes_Belo Horizonte, Lourdes_Q4_B3",1368221322.0,"Lourdes_Belo Horizonte, Lourdes",4,3,280m²,0,R$ 2.700.000
"Lourdes_Belo Horizonte, Lourdes_Q3_B3",1368221215.0,"Lourdes_Belo Horizonte, Lourdes",3,3,87m²,2,R$ 1.300.000
"Lourdes_Belo Horizonte, Lourdes_Q1_B1",1370364639.0,"Lourdes_Belo Horizonte, Lourdes",1,1,52m²,0,R$ 1.800
"Centro_Belo Horizonte, Centro_Q2_B2",1368000142.0,"Centro_Belo Horizonte, Centro",2,2,100m²,2,R$ 1.390.000
"Lourdes_Belo Horizonte, Lourdes_Q1_B1",1367956487.0,"Lourdes_Belo Horizonte, Lourdes",1,1,50m²,0,R$ 914.480
"Lourdes_Belo Horizonte, Lourdes_Q1_B1",1367927038.0,"Lourdes_Belo Horizonte, Lourdes",1,1,65m²,2,R$ 1.587.063
"Lourdes_Belo Horizonte, Lourdes_Q1_B1",1367927037.0,"Lourdes_Belo Horizonte, Lourdes",1,1,51m²,0,R$ 982.328
"Lourdes_Belo Horizonte, Lourdes_Q1_B1",1367927036.0,"Lourdes_Belo Horizonte, Lourdes",1,1,49m²,1,R$ 1.234.480
"Lourdes_Belo Horizonte, Lourdes_Q1_B1",1367927030.0,"Lourdes_Belo Horizonte, Lourdes",1,1,38m²,0,R$ 725.052
"Lourdes_Belo Horizonte, Lourdes_Q1_B1",1367927027.0,"Lourdes_Belo Horizonte, Lourdes",1,1,39m²,0,R$ 725.682
"Lourdes_Belo Horizonte, Lourdes_Q2_B1",1367927028.0,"Lourdes_Belo Horizonte, Lourdes",2,1,51m²,0,R$ 913.140
"Lourdes_Belo Horizonte, Lourdes_Q2_B1",1367927024.0,"Lourdes_Belo Horizonte, Lourdes",2,1,94m²,2,R$ 2.359.590
"Lourdes_Belo Horizonte, Lourdes_Q1_B1",1367927026.0,"Lourdes_Belo Horizonte, Lourdes",1,1,40m²,0,R$ 778.816
"Lourdes_Belo Horizonte, Lourdes_Q1_B1",1367927022.0,"Lourdes_Belo Horizonte, Lourdes",1,1,44m²,0,R$ 858.872
"Lourdes_Belo Horizonte, Lourdes_Q1_B1",1367927021.0,"Lourdes_Belo Horizonte, Lourdes",1,1,40m²,0,R$ 727.380
"Lourdes_Belo Horizonte, Lourdes_Q1_B1",1367927017.0,"Lourdes_Belo Horizonte, Lourdes",1,1,44m²,0,R$ 829.212
"Lourdes_Belo Horizonte, Lourdes_Q1_B1",1367927020.0,"Lourdes_Belo Horizonte, Lourdes",1,1,50m²,0,R$ 901.080
"Lourdes_Belo Horizonte, Lourdes_Q1_B1",1367927015.0,"Lourdes_Belo Horizonte, Lourdes",1,1,40m²,0,R$ 737.566
"Lourdes_Belo Horizonte, Lourdes_Q4_B4",1367919532.0,"Lourdes_Belo Horizonte, Lourdes",4,4,151m²,3,R$ 1.750.000
"Lourdes_Belo Horizonte, Lourdes_Q2_B3",1367913862.0,"Lourdes_Belo Horizonte, Lourdes",2,3,98m²,2,R$ 1.500.000
"Lourdes_Belo Horizonte, Lourdes_Q2_B2",1367903754.0,"Lourdes_Belo Horizonte, Lourdes",2,2,67m²,2,R$ 6.000
"Centro_Belo Horizonte, Centro_QNone_BNone",1367878969.0,"Centro_Belo Horizonte, Centro",,,556m²,0,R$ 4.200.000
"Centro_Belo Horizonte, Centro_QNone_BNone",1367877329.0,"Centro_Belo Horizonte, Centro",,,80m²,0,R$ 300.000
"Centro_Belo Horizonte, Centro_QNone_BNone",1367877023.0,"Centro_Belo Horizonte, Centro",,,80m²,0,R$ 300.000
"Lourdes_Belo Horizonte, Lourdes_QNone_BNone",1367837447.0,"Lourdes_Belo Horizonte, Lourdes",,,19m²,1,R$ 229.000
"Lourdes_Belo Horizonte, Lourdes_Q2_B2",1367834441.0,"Lourdes_Belo Horizonte, Lourdes",2,2,54m²,0,R$ 820.000
"Lourdes_Belo Horizonte, Lourdes_Q4_B4",1367822938.0,"Lourdes_Belo Horizonte, Lourdes",4,4,357m²,3,R$ 9.978.000
"Lourdes_Belo Horizonte, Lourdes_Q1_B2",1367822505.0,"Lourdes_Belo Horizonte, Lourdes",1,2,90m²,1,R$ 1.550.000
"Lourdes_Belo Horizonte, Lourdes_Q3_B2",1367821493.0,"Lourdes_Belo Horizonte, Lourdes",3,2,109m²,2,R$ 2.510.680
"Lourdes_Belo Horizonte, Lourdes_QNone_BNone",1367820694.0,"Lourdes_Belo Horizonte, Lourdes",,,584m²,0,R$ 9.480.000
"Lourdes_Belo Horizonte, Lourdes_Q4_B4",1367820227.0,"Lourdes_Belo Horizonte, Lourdes",4,4,190m²,3,R$ 4.892.700
"Lourdes_Belo Horizonte, Lourdes_Q4_B4",1367819821.0,"Lourdes_Belo Horizonte, Lourdes",4,4,221m²,3,R$ 6.125.800
"Lourdes_Belo Horizonte, Lourdes_Q4_B4",1367819484.0,"Lourdes_Belo Horizonte, Lourdes",4,4,173m²,3,R$ 4.703.100
"Lourdes_Belo Horizonte, Lourdes_Q4_B4",1367819276.0,"Lourdes_Belo Horizonte, Lourdes",4,4,175m²,3,R$ 4.673.600
"Lourdes_Belo Horizonte, Lourdes_Q3_B2",1367819221.0,"Lourdes_Belo Horizonte, Lourdes",3,2,95m²,2,R$ 1.150.000
"Lourdes_Belo Horizonte, Lourdes_Q3_B1",1367818939.0,"Lourdes_Belo Horizonte, Lourdes",3,1,93m²,2,R$ 3.296.700
"Centro_Belo Horizonte, Centro_Q3_B3",1367818701.0,"Centro_Belo Horizonte, Centro",3,3,125m²,3,R$ 1.300.000
"Lourdes_Belo Horizonte, Lourdes_Q4_B4",1367818594.0,"Lourdes_Belo Horizonte, Lourdes",4,4,187m²,3,R$ 4.831.000
"Lourdes_Belo Horizonte, Lourdes_Q2_B2",1367744855.0,"Lourdes_Belo Horizonte, Lourdes",2,2,121m²,3,R$ 1.675.000
"Lourdes_Belo Horizonte, Lourdes_QNone_BNone",1367688815.0,"Lourdes_Belo Horizonte, Lourdes",,,400m²,5 ou mais,R$ 4.990.000
"Lourdes_Belo Horizonte, Lourdes_Q2_B2",1367660552.0,"Lourdes_Belo Horizonte, Lourdes",2,2,60m²,1,R$ 300.000
"Lourdes_Belo Horizonte, Lourdes_Q2_B3",1367525246.0,"Lourdes_Belo Horizonte, Lourdes",2,3,97m²,2,R$ 1.350.000
"Lourdes_Belo Horizonte, Lourdes_Q2_B2",1367405414.0,"Lourdes_Belo Horizonte, Lourdes",2,2,64m²,1,R$ 4.500
"Lourdes_Belo Horizonte, Lourdes_Q2_B2",1367280812.0,"Lourdes_Belo Horizonte, Lourdes",2,2,68m²,2,R$ 1.377.551
"Lourdes_Belo Horizonte, Lourdes_Q3_B2",1367279954.0,"Lourdes_Belo Horizonte, Lourdes",3,2,128m²,2,R$ 3.139.266
"Centro_Belo Horizonte, Centro_Q2_B1",1367196483.0,"Centro_Belo Horizonte, Centro",2,1,55m²,2,R$ 629.000
"Lourdes_Belo Horizonte, Lourdes_Q4_B4",1367110227.0,"Lourdes_Belo Horizonte, Lourdes",4,4,192m²,4,R$ 3.290.000
"Centro_Belo Horizonte, Centro_Q1_B1",1367038769.0,"Centro_Belo Horizonte, Centro",1,1,45m²,1,R$ 2.700
"Lourdes_Belo Horizonte, Lourdes_Q3_B3",1366977020.0,"Lourdes_Belo Horizonte, Lourdes",3,3,208m²,4,R$ 19.000
"Lourdes_Belo Horizonte, Lourdes_QNone_BNone",1366971815.0,"Lourdes_Belo Horizonte, Lourdes",,,100m²,0,R$ 4.900
"Lourdes_Belo Horizonte, Lourdes_Q2_B2",1366968254.0,"Lourdes_Belo Horizonte, Lourdes",2,2,63m²,2,R$ 5.400
"Lourdes_Belo Horizonte, Lourdes_Q2_B2",1366968094.0,"Lourdes_Belo Horizonte, Lourdes",2,2,63m²,2,R$ 5.400
"Lourdes_Belo Horizonte, Lourdes_Q3_B4",1366944507.0,"Lourdes_Belo Horizonte, Lourdes",3,4,187m²,2,R$ 1.700.000
"Lourdes_Belo Horizonte, Lourdes_Q3_B4",1366944073.0,"Lourdes_Belo Horizonte, Lourdes",3,4,187m²,2,R$ 8.400
"Lourdes_Belo Horizonte, Lourdes_QNone_BNone",1057493636.0,"Lourdes_Belo Horizonte, Lourdes",,,20000m²,,R$ 3.000.000
"Lourdes_Belo Horizonte, Lourdes_Q4_B5 ou mais",1366701895.0,"Lourdes_Belo Horizonte, Lourdes",4,5 ou mais,133m²,4,R$ 3.320.000
"Lourdes_Belo Horizonte, Lourdes_QNone_BNone",1366592806.0,"Lourdes_Belo Horizonte, Lourdes",,,250m²,0,R$ 400.000
"Lourdes_Belo Horizonte, Lourdes_Q3_B2",1366416127.0,"Lourdes_Belo Horizonte, Lourdes",3,2,87m²,2,R$ 1.300.000
"Lourdes_Belo Horizonte, Lourdes_Q4_B1",1366394090.0,"Lourdes_Belo Horizonte, Lourdes",4,1,182m²,2,R$ 1.490.000
"Centro_Belo Horizonte, Centro_Q3_B3",1366379756.0,"Centro_Belo Horizonte, Centro",3,3,125m²,3,R$ 1.300.000
"Lourdes_Belo Horizonte, Lourdes_Q2_B2",1366326353.0,"Lourdes_Belo Horizonte, Lourdes",2,2,85m²,2,R$ 1.100.000
"Lourdes_Belo Horizonte, Lourdes_QNone_BNone",1283319957.0,"Lourdes_Belo Horizonte, Lourdes",,,35m²,1,R$ 1.200
"Lourdes_Belo Horizonte, Lourdes_QNone_BNone",1366279191.0,"Lourdes_Belo Horizonte, Lourdes",,,406m²,5 ou mais,R$ 5.000.000
"Lourdes_Belo Horizonte, Lourdes_Q2_B2",1366232149.0,"Lourdes_Belo Horizonte, Lourdes",2,2,63m²,2,R$ 5.900
"Centro_Belo Horizonte, Centro_Q1_B1",1366232150.0,"Centro_Belo Horizonte, Centro",1,1,30m²,0,R$ 397.800
"Lourdes_Belo Horizonte, Lourdes_Q2_B2",1366231654.0,"Lourdes_Belo Horizonte, Lourdes",2,2,63m²,2,R$ 5.900
"Lourdes_Belo Horizonte, Lourdes_Q2_B2",1366231532.0,"Lourdes_Belo Horizonte, Lourdes",2,2,65m²,2,R$ 1.270.000
"Lourdes_Belo Horizonte, Lourdes_QNone_BNone",1366145856.0,"Lourdes_Belo Horizonte, Lourdes",,,24m²,,R$ 148.200
"Lourdes_Belo Horizonte, Lourdes_Q3_B2",1366043730.0,"Lourdes_Belo Horizonte, Lourdes",3,2,87m²,2,R$ 1.300.000
"Lourdes_Belo Horizonte, Lourdes_Q3_B3",1362210570.0,"Lourdes_Belo Horizonte, Lourdes",3,3,109m²,2,R$ 1.938.540
"Centro_Belo Horizonte, Centro_Q3_B2",1365880722.0,"Centro_Belo Horizonte, Centro",3,2,67m²,1,R$ 495.000
"Lourdes_Belo Horizonte, Lourdes_Q2_B1",1365835780.0,"Lourdes_Belo Horizonte, Lourdes",2,1,63m²,1,R$ 5.500
"Lourdes_Belo Horizonte, Lourdes_Q2_B2",1365799593.0,"Lourdes_Belo Horizonte, Lourdes",2,2,99m²,2,R$ 1.350.000
"Lourdes_Belo Horizonte, Lourdes_Q3_B3",1365761874.0,"Lourdes_Belo Horizonte, Lourdes",3,3,96m²,2,R$ 1.300.000
"Lourdes_Belo Horizonte, Lourdes_Q3_B3",1365727906.0,"Lourdes_Belo Horizonte, Lourdes",3,3,87m²,2,R$ 1.300.000
"Lourdes_Belo Horizonte, Lourdes_Q3_B4",1365659711.0,"Lourdes_Belo Horizonte, Lourdes",3,4,102m²,2,R$ 6.200
"Lourdes_Belo Horizonte, Lourdes_Q1_B1",1365581025.0,"Lourdes_Belo Horizonte, Lourdes",1,1,50m²,1,R$ 750.000
"Centro_Belo Horizonte, Centro_Q2_B1",1365559923.0,"Centro_Belo Horizonte, Centro",2,1,82m²,0,R$ 450.000
"Centro_Belo Horizonte, Centro_QNone_BNone",1365559710.0,"Centro_Belo Horizonte, Centro",,,480m²,,R$ 4.800.000
"Centro_Belo Horizonte, Centro_QNone_BNone",1365559705.0,"Centro_Belo Horizonte, Centro",,,301m²,5 ou mais,R$ 4.800.000
"Lourdes_Belo Horizonte, Lourdes_Q3_B3",1365536354.0,"Lourdes_Belo Horizonte, Lourdes",3,3,105m²,2,R$ 2.500.000
"Lourdes_Belo Horizonte, Lourdes_Q3_B2",1365535832.0,"Lourdes_Belo Horizonte, Lourdes",3,2,86m²,2,R$ 1.800.000
"Lourdes_Belo Horizonte, Lourdes_Q2_B2",1365535765.0,"Lourdes_Belo Horizonte, Lourdes",2,2,63m²,2,R$ 1.184.484
"Lourdes_Belo Horizonte, Lourdes_Q3_B3",1365535225.0,"Lourdes_Belo Horizonte, Lourdes",3,3,105m²,2,R$ 1.990.000
"Lourdes_Belo Horizonte, Lourdes_Q2_B2",1365535134.0,"Lourdes_Belo Horizonte, Lourdes",2,2,63m²,2,R$ 1.097.787
"Lourdes_Belo Horizonte, Lourdes_Q2_B2",1365534896.0,"Lourdes_Belo Horizonte, Lourdes",2,2,64m²,2,R$ 1.118.226
"Lourdes_Belo Horizonte, Lourdes_Q2_B2",1365534605.0,"Lourdes_Belo Horizonte, Lourdes",2,2,113m²,2,R$ 2.359.000
"Lourdes_Belo Horizonte, Lourdes_Q3_B3",1365442059.0,"Lourdes_Belo Horizonte, Lourdes",3,3,114m²,2,R$ 1.990.000
"Lourdes_Belo Horizonte, Lourdes_Q3_B4",1365437415.0,"Lourdes_Belo Horizonte, Lourdes",3,4,128m²,4,R$ 3.139.266
"Lourdes_Belo Horizonte, Lourdes_Q1_B2",1365436705.0,"Lourdes_Belo Horizonte, Lourdes",1,2,88m²,2,R$ 998.000
"Lourdes_Belo Horizonte, Lourdes_Q4_B5 ou mais",1365436689.0,"Lourdes_Belo Horizonte, Lourdes",4,5 ou mais,131m²,4,R$ 2.550.000
"Centro_Belo Horizonte, Centro_Q3_B2",1365436643.0,"Centro_Belo Horizonte, Centro",3,2,226m²,1,R$ 900.000
"Lourdes_Belo Horizonte, Lourdes_Q2_B4",1365436483.0,"Lourdes_Belo Horizonte, Lourdes",2,4,82m²,2,R$ 1.326.935
"Lourdes_Belo Horizonte, Lourdes_Q3_B3",1365436412.0,"Lourdes_Belo Horizonte, Lourdes",3,3,100m²,2,R$ 1.750.000
"Lourdes_Belo Horizonte, Lourdes_Q3_B4",1365436432.0,"Lourdes_Belo Horizonte, Lourdes",3,4,112m²,2,R$ 2.453.041
"Lourdes_Belo Horizonte, Lourdes_Q3_B3",1365436399.0,"Lourdes_Belo Horizonte, Lourdes",3,3,287m²,3,R$ 3.819.792
"Lourdes_Belo Horizonte, Lourdes_Q4_B5 ou mais",1365436355.0,"Lourdes_Belo Horizonte, Lourdes",4,5 ou mais,131m²,3,R$ 2.800.000
"Lourdes_Belo Horizonte, Lourdes_Q5 ou mais_B5 ou mais",1365436330.0,"Lourdes_Belo Horizonte, Lourdes",5 ou mais,5 ou mais,410m²,5 ou mais,R$ 4.950.000
"Lourdes_Belo Horizonte, Lourdes_Q2_B2",1365436349.0,"Lourdes_Belo Horizonte, Lourdes",2,2,63m²,2,R$ 1.119.742
"Lourdes_Belo Horizonte, Lourdes_Q2_B2",1365436133.0,"Lourdes_Belo Horizonte, Lourdes",2,2,68m²,2,R$ 1.377.551
"Lourdes_Belo Horizonte, Lourdes_Q2_B2",1365436139.0,"Lourdes_Belo Horizonte, Lourdes",2,2,80m²,1,R$ 520.000
"Lourdes_Belo Horizonte, Lourdes_Q2_B2",1365436062.0,"Lourdes_Belo Horizonte, Lourdes",2,2,129m²,2,R$ 1.660.000
"Lourdes_Belo Horizonte, Lourdes_Q4_B2",1365435949.0,"Lourdes_Belo Horizonte, Lourdes",4,2,201m²,2,R$ 980.000
"Lourdes_Belo Horizonte, Lourdes_Q3_B4",1365435885.0,"Lourdes_Belo Horizonte, Lourdes",3,4,109m²,2,R$ 2.541.357
"Lourdes_Belo Horizonte, Lourdes_Q3_B2",1365435611.0,"Lourdes_Belo Horizonte, Lourdes",3,2,84m²,2,R$ 1.198.955
"Lourdes_Belo Horizonte, Lourdes_Q2_B2",1365435492.0,"Lourdes_Belo Horizonte, Lourdes",2,2,121m²,3,R$ 1.700.000
"Lourdes_Belo Horizonte, Lourdes_Q2_B3",1365435454.0,"Lourdes_Belo Horizonte, Lourdes",2,3,67m²,2,R$ 1.377.912
"Lourdes_Belo Horizonte, Lourdes_Q2_B3",1365435377.0,"Lourdes_Belo Horizonte, Lourdes",2,3,83m²,2,R$ 1.941.197
"Lourdes_Belo Horizonte, Lourdes_Q2_B2",1365435320.0,"Lourdes_Belo Horizonte, Lourdes",2,2,127m²,2,R$ 1.732.175
"Lourdes_Belo Horizonte, Lourdes_Q4_B4",1243406707.0,"Lourdes_Belo Horizonte, Lourdes",4,4,290m²,3,R$ 2.800.000
"Centro_Belo Horizonte, Centro_QNone_BNone",1365374074.0,"Centro_Belo Horizonte, Centro",,,37m²,0,R$ 1.913
"Centro_Belo Horizonte, Centro_QNone_BNone",1365373967.0,"Centro_Belo Horizonte, Centro",,,31m²,0,R$ 2.037
"Centro_Belo Horizonte, Centro_QNone_BNone",1365370614.0,"Centro_Belo Horizonte, Centro",,,25m²,0,R$ 1.606
"Lourdes_Belo Horizonte, Lourdes_Q0_B5 ou mais",1365365798.0,"Lourdes_Belo Horizonte, Lourdes",0,5 ou mais,1400m²,5 ou mais,R$ 50.000
"Centro_Belo Horizonte, Centro_QNone_BNone",1365365795.0,"Centro_Belo Horizonte, Centro",,,27m²,0,R$ 1.726
"Centro_Belo Horizonte, Centro_QNone_BNone",1365365780.0,"Centro_Belo Horizonte, Centro",,,37m²,0,R$ 1.955
"Centro_Belo Horizonte, Centro_QNone_BNone",1365365753.0,"Centro_Belo Horizonte, Centro",,,26m²,0,R$ 1.665
"Centro_Belo Horizonte, Centro_QNone_BNone",1365365746.0,"Centro_Belo Horizonte, Centro",,,44m²,0,R$ 2.872
"Centro_Belo Horizonte, Centro_QNone_BNone",1365365747.0,"Centro_Belo Horizonte, Centro",,,26m²,0,R$ 1.662
"Lourdes_Belo Horizonte, Lourdes_Q3_B3",1365365740.0,"Lourdes_Belo Horizonte, Lourdes",3,3,135m²,2,R$ 2.329.300
"Centro_Belo Horizonte, Centro_QNone_BNone",1365365737.0,"Centro_Belo Horizonte, Centro",,,36m²,0,R$ 1.890
"Centro_Belo Horizonte, Centro_QNone_BNone",1365365738.0,"Centro_Belo Horizonte, Centro",,,31m²,0,R$ 2.037
"Lourdes_Belo Horizonte, Lourdes_Q3_B2",1365358989.0,"Lourdes_Belo Horizonte, Lourdes",3,2,178m²,2,R$ 3.545.775
"Lourdes_Belo Horizonte, Lourdes_Q2_B2",1365354852.0,"Lourdes_Belo Horizonte, Lourdes",2,2,137m²,2,R$ 1.233.950
"Lourdes_Belo Horizonte, Lourdes_Q3_B2",1365354843.0,"Lourdes_Belo Horizonte, Lourdes",3,2,109m²,2,R$ 2.783.580
"Lourdes_Belo Horizonte, Lourdes_Q2_B3",1365354314.0,"Lourdes_Belo Horizonte, Lourdes",2,3,95m²,2,R$ 1.699.960
"Lourdes_Belo Horizonte, Lourdes_Q3_B2",1365354317.0,"Lourdes_Belo Horizonte, Lourdes",3,2,209m²,2,R$ 5.426.200
"Lourdes_Belo Horizonte, Lourdes_Q3_B2",1365354271.0,"Lourdes_Belo Horizonte, Lourdes",3,2,126m²,2,R$ 3.237.600
"Lourdes_Belo Horizonte, Lourdes_Q2_B2",1365354263.0,"Lourdes_Belo Horizonte, Lourdes",2,2,92m²,2,R$ 1.654.520
"Lourdes_Belo Horizonte, Lourdes_Q2_B3",1365354244.0,"Lourdes_Belo Horizonte, Lourdes",2,3,104m²,2,R$ 1.856.780
"Lourdes_Belo Horizonte, Lourdes_Q3_B3",1365354061.0,"Lourdes_Belo Horizonte, Lourdes",3,3,110m²,2,R$ 1.938.540
"Lourdes_Belo Horizonte, Lourdes_Q1_B1",1331769222.0,"Lourdes_Belo Horizonte, Lourdes",1,1,55m²,1,R$ 490.000
"Lourdes_Belo Horizonte, Lourdes_QNone_BNone",1365199229.0,"Lourdes_Belo Horizonte, Lourdes",,,227m²,5 ou mais,R$ 35.000
"Lourdes_Belo Horizonte, Lourdes_Q3_B2",1365196394.0,"Lourdes_Belo Horizonte, Lourdes",3,2,95m²,2,R$ 1.400.000
"Lourdes_Belo Horizonte, Lourdes_Q2_B3",1365139181.0,"Lourdes_Belo Horizonte, Lourdes",2,3,80m²,2,R$ 920.000
"Lourdes_Belo Horizonte, Lourdes_Q3_B4",1365105765.0,"Lourdes_Belo Horizonte, Lourdes",3,4,112m²,2,R$ 2.500.000
"Lourdes_Belo Horizonte, Lourdes_Q1_B1",1365092247.0,"Lourdes_Belo Horizonte, Lourdes",1,1,65m²,1,R$ 350.000
"Lourdes_Belo Horizonte, Lourdes_QNone_BNone",1329572080.0,"Lourdes_Belo Horizonte, Lourdes",,,6000m²,,R$ 1.100
"Lourdes_Belo Horizonte, Lourdes_Q1_B1",829249720.0,"Lourdes_Belo Horizonte, Lourdes",1,1,45m²,1,R$ 3.500
"Lourdes_Belo Horizonte, Lourdes_Q2_B3",1365056511.0,"Lourdes_Belo Horizonte, Lourdes",2,3,98m²,2,R$ 1.500.000
"Lourdes_Belo Horizonte, Lourdes_Q2_B1",1365029985.0,"Lourdes_Belo Horizonte, Lourdes",2,1,85m²,2,R$ 1.100.000
"Lourdes_Belo Horizonte, Lourdes_Q4_B4",1364927552.0,"Lourdes_Belo Horizonte, Lourdes",4,4,331m²,3,R$ 525.000
"Lourdes_Belo Horizonte, Lourdes_Q2_B2",1364831651.0,"Lourdes_Belo Horizonte, Lourdes",2,2,60m²,2,R$ 1.100.000
"Lourdes_Belo Horizonte, Lourdes_Q2_B2",1364831302.0,"Lourdes_Belo Horizonte, Lourdes",2,2,60m²,2,R$ 1.150.000
"Lourdes_Belo Horizonte, Lourdes_Q4_B4",1364691413.0,"Lourdes_Belo Horizonte, Lourdes",4,4,280m²,2,R$ 1.900.000
"Lourdes_Belo Horizonte, Lourdes_QNone_BNone",1364613579.0,"Lourdes_Belo Horizonte, Lourdes",,,47m²,,R$ 350.000
"Lourdes_Belo Horizonte, Lourdes_QNone_BNone",1364613357.0,"Lourdes_Belo Horizonte, Lourdes",,,42m²,,R$ 400.000
"Lourdes_Belo Horizonte, Lourdes_Q4_B5 ou mais",1364611590.0,"Lourdes_Belo Horizonte, Lourdes",4,5 ou mais,268m²,4,R$ 5.800.000
"Lourdes_Belo Horizonte, Lourdes_Q2_B3",1364564643.0,"Lourdes_Belo Horizonte, Lourdes",2,3,68m²,2,R$ 1.180.000
"Centro_Belo Horizonte, Centro_Q2_B2",1364564608.0,"Centro_Belo Horizonte, Centro",2,2,109m²,0,R$ 430.000
"Lourdes_Belo Horizonte, Lourdes_Q1_B1",1364560477.0,"Lourdes_Belo Horizonte, Lourdes",1,1,43m²,0,R$ 1.400
"Lourdes_Belo Horizonte, Lourdes_Q0_B1",1364542815.0,"Lourdes_Belo Horizonte, Lourdes",0,1,22420m²,0,R$ 195.000
"Lourdes_Belo Horizonte, Lourdes_QNone_BNone",1364535461.0,"Lourdes_Belo Horizonte, Lourdes",,,35m²,1,R$ 250.000
"Lourdes_Belo Horizonte, Lourdes_Q4_B4",1364524621.0,"Lourdes_Belo Horizonte, Lourdes",4,4,202m²,2,R$ 1.300.000
"Lourdes_Belo Horizonte, Lourdes_Q4_B3",1364523949.0,"Lourdes_Belo Horizonte, Lourdes",4,3,200m²,2,R$ 1.300.000
"Lourdes_Belo Horizonte, Lourdes_QNone_BNone",1364515531.0,"Lourdes_Belo Horizonte, Lourdes",,,52m²,2,R$ 650.000
"Lourdes_Belo Horizonte, Lourdes_QNone_BNone",1364478646.0,"Lourdes_Belo Horizonte, Lourdes",,,25m²,0,R$ 800
"Lourdes_Belo Horizonte, Lourdes_Q4_B5 ou mais",1364378339.0,"Lourdes_Belo Horizonte, Lourdes",4,5 ou mais,364m²,5 ou mais,R$ 8.000.000
"Lourdes_Belo Horizonte, Lourdes_Q4_B2",1364358313.0,"Lourdes_Belo Horizonte, Lourdes",4,2,160m²,2,R$ 1.690.000
"Santo Agostinho_Belo Horizonte, Santo Agostinho_Q4_B4",1364357260.0,"Santo Agostinho_Belo Horizonte, Santo Agostinho",4,4,200m²,4,R$ 3.800.000
"Lourdes_Belo Horizonte, Lourdes_Q3_B3",1364305146.0,"Lourdes_Belo Horizonte, Lourdes",3,3,95m²,2,R$ 1.200.000
"Lourdes_Belo Horizonte, Lourdes_QNone_BNone",1364286717.0,"Lourdes_Belo Horizonte, Lourdes",,,245m²,1,R$ 15.000
"Lourdes_Belo Horizonte, Lourdes_Q3_B3",1364280639.0,"Lourdes_Belo Horizonte, Lourdes",3,3,87m²,2,R$ 1.300.000
"Lourdes_Belo Horizonte, Lourdes_Q2_B2",1364267609.0,"Lourdes_Belo Horizonte, Lourdes",2,2,59m²,2,R$ 1.350.000
"Lourdes_Belo Horizonte, Lourdes_Q2_B2",1364229521.0,"Lourdes_Belo Horizonte, Lourdes",2,2,65m²,2,R$ 5.200
"Lourdes_Belo Horizonte, Lourdes_QNone_BNone",1364129816.0,"Lourdes_Belo Horizonte, Lourdes",,,22m²,,R$ 125.000
"Lourdes_Belo Horizonte, Lourdes_QNone_BNone",1364090031.0,"Lourdes_Belo Horizonte, Lourdes",,,42m²,,R$ 250.000
"Lourdes_Belo Horizonte, Lourdes_Q4_B5 ou mais",1364087661.0,"Lourdes_Belo Horizonte, Lourdes",4,5 ou mais,250m²,4,R$ 13.000
"Lourdes_Belo Horizonte, Lourdes_QNone_BNone",1364073052.0,"Lourdes_Belo Horizonte, Lourdes",,,30m²,1,R$ 700
"Lourdes_Belo Horizonte, Lourdes_Q4_B3",1364068487.0,"Lourdes_Belo Horizonte, Lourdes",4,3,170m²,3,R$ 11.000
"Lourdes_Belo Horizonte, Lourdes_Q2_B1",1364011071.0,"Lourdes_Belo Horizonte, Lourdes",2,1,65m²,2,R$ 4.600
"Lourdes_Belo Horizonte, Lourdes_Q2_B1",1364011029.0,"Lourdes_Belo Horizonte, Lourdes",2,1,65m²,2,R$ 1.166.000
"Lourdes_Belo Horizonte, Lourdes_Q4_B4",1364003870.0,"Lourdes_Belo Horizonte, Lourdes",4,4,291m²,5 ou mais,R$ 4.750.000
"Lourdes_Belo Horizonte, Lourdes_QNone_BNone",1364003771.0,"Lourdes_Belo Horizonte, Lourdes",,,20m²,0,R$ 550
"Lourdes_Belo Horizonte, Lourdes_QNone_BNone",1364003649.0,"Lourdes_Belo Horizonte, Lourdes",,,68m²,1,R$ 390.000
"Lourdes_Belo Horizonte, Lourdes_QNone_BNone",1364002712.0,"Lourdes_Belo Horizonte, Lourdes",,,40m²,0,R$ 210.000
"Lourdes_Belo Horizonte, Lourdes_QNone_BNone",1364002707.0,"Lourdes_Belo Horizonte, Lourdes",,,36m²,0,R$ 109.000
"Lourdes_Belo Horizonte, Lourdes_Q1_B1",1363986621.0,"Lourdes_Belo Horizonte, Lourdes",1,1,40m²,1,R$ 390.000
"Lourdes_Belo Horizonte, Lourdes_Q2_B2",1363986500.0,"Lourdes_Belo Horizonte, Lourdes",2,2,80m²,3,R$ 1.690.000
"Lourdes_Belo Horizonte, Lourdes_Q2_B2",1363986355.0,"Lourdes_Belo Horizonte, Lourdes",2,2,64m²,2,R$ 1.650.000
"Lourdes_Belo Horizonte, Lourdes_Q2_B2",1363986085.0,"Lourdes_Belo Horizonte, Lourdes",2,2,65m²,2,R$ 1.270.000
"Lourdes_Belo Horizonte, Lourdes_Q3_B4",1363985619.0,"Lourdes_Belo Horizonte, Lourdes",3,4,210m²,4,R$ 19.000
"Lourdes_Belo Horizonte, Lourdes_Q1_B1",1363971381.0,"Lourdes_Belo Horizonte, Lourdes",1,1,56m²,1,R$ 700.000
"Lourdes_Belo Horizonte, Lourdes_Q4_B3",1363968949.0,"Lourdes_Belo Horizonte, Lourdes",4,3,378m²,3,R$ 4.800.000
"Centro_Belo Horizonte, Centro_Q2_B1",1363968853.0,"Centro_Belo Horizonte, Centro",2,1,64m²,2,R$ 790.000
"Lourdes_Belo Horizonte, Lourdes_Q2_B1",1363968823.0,"Lourdes_Belo Horizonte, Lourdes",2,1,65m²,1,R$ 1.220.000
"Lourdes_Belo Horizonte, Lourdes_Q4_B3",1363968585.0,"Lourdes_Belo Horizonte, Lourdes",4,3,157m²,4,R$ 1.590.000
"Lourdes_Belo Horizonte, Lourdes_Q2_B2",1363968582.0,"Lourdes_Belo Horizonte, Lourdes",2,2,72m²,2,R$ 1.100.000
"Lourdes_Belo Horizonte, Lourdes_Q4_B3",1363968516.0,"Lourdes_Belo Horizonte, Lourdes",4,3,172m²,2,R$ 1.940.000
"Lourdes_Belo Horizonte, Lourdes_Q2_B3",1363968496.0,"Lourdes_Belo Horizonte, Lourdes",2,3,160m²,2,R$ 1.290.000
"Lourdes_Belo Horizonte, Lourdes_Q1_B1",1363968490.0,"Lourdes_Belo Horizonte, Lourdes",1,1,75m²,2,R$ 1.150.000
"Lourdes_Belo Horizonte, Lourdes_Q2_B2",1363968466.0,"Lourdes_Belo Horizonte, Lourdes",2,2,84m²,2,R$ 970.000
"Lourdes_Belo Horizonte, Lourdes_Q3_B4",1363968469.0,"Lourdes_Belo Horizonte, Lourdes",3,4,175m²,3,R$ 1.980.000
"Lourdes_Belo Horizonte, Lourdes_Q3_B3",1363968464.0,"Lourdes_Belo Horizonte, Lourdes",3,3,91m²,4,R$ 1.950.000
"Lourdes_Belo Horizonte, Lourdes_Q2_B2",1363968430.0,"Lourdes_Belo Horizonte, Lourdes",2,2,76m²,2,R$ 899.000
"Lourdes_Belo Horizonte, Lourdes_Q4_B4",1363968385.0,"Lourdes_Belo Horizonte, Lourdes",4,4,170m²,3,R$ 2.000.000
"Centro_Belo Horizonte, Centro_Q3_B2",1363968344.0,"Centro_Belo Horizonte, Centro",3,2,226m²,1,R$ 850.000
"Lourdes_Belo Horizonte, Lourdes_Q4_B4",1363968333.0,"Lourdes_Belo Horizonte, Lourdes",4,4,315m²,4,R$ 3.700.000
"Lourdes_Belo Horizonte, Lourdes_Q5 ou mais_B5 ou mais",1363968319.0,"Lourdes_Belo Horizonte, Lourdes",5 ou mais,5 ou mais,376m²,2,R$ 2.200.000
"Lourdes_Belo Horizonte, Lourdes_Q3_B2",1363968315.0,"Lourdes_Belo Horizonte, Lourdes",3,2,116m²,2,R$ 1.290.000
"Lourdes_Belo Horizonte, Lourdes_Q3_B2",1363968302.0,"Lourdes_Belo Horizonte, Lourdes",3,2,75m²,1,R$ 635.000
"Lourdes_Belo Horizonte, Lourdes_Q3_B2",1363968305.0,"Lourdes_Belo Horizonte, Lourdes",3,2,120m²,0,R$ 898.000
"Lourdes_Belo Horizonte, Lourdes_Q3_B2",1363968255.0,"Lourdes_Belo Horizonte, Lourdes",3,2,140m²,2,R$ 1.680.000
"Lourdes_Belo Horizonte, Lourdes_Q3_B2",1363968247.0,"Lourdes_Belo Horizonte, Lourdes",3,2,135m²,1,R$ 690.000
"Lourdes_Belo Horizonte, Lourdes_Q2_B3",1363968181.0,"Lourdes_Belo Horizonte, Lourdes",2,3,100m²,2,R$ 1.500.000
"Lourdes_Belo Horizonte, Lourdes_Q2_B1",1363968127.0,"Lourdes_Belo Horizonte, Lourdes",2,1,60m²,1,R$ 4.200
"Lourdes_Belo Horizonte, Lourdes_Q4_B3",1363968121.0,"Lourdes_Belo Horizonte, Lourdes",4,3,175m²,2,R$ 1.590.000
"Lourdes_Belo Horizonte, Lourdes_Q4_B5 ou mais",1363968092.0,"Lourdes_Belo Horizonte, Lourdes",4,5 ou mais,300m²,3,R$ 1.790.000
"Lourdes_Belo Horizonte, Lourdes_Q3_B3",1363968078.0,"Lourdes_Belo Horizonte, Lourdes",3,3,100m²,2,R$ 1.290.000
"Lourdes_Belo Horizonte, Lourdes_Q3_B2",1363968071.0,"Lourdes_Belo Horizonte, Lourdes",3,2,116m²,2,R$ 2.230.000
"Lourdes_Belo Horizonte, Lourdes_Q3_B2",1363968066.0,"Lourdes_Belo Horizonte, Lourdes",3,2,82m²,1,R$ 635.000
"Lourdes_Belo Horizonte, Lourdes_Q3_B3",1363968025.0,"Lourdes_Belo Horizonte, Lourdes",3,3,104m²,1,R$ 1.490.000
"Lourdes_Belo Horizonte, Lourdes_Q2_B2",1363968022.0,"Lourdes_Belo Horizonte, Lourdes",2,2,79m²,1,R$ 520.000
"Lourdes_Belo Horizonte, Lourdes_Q3_B2",1363967995.0,"Lourdes_Belo Horizonte, Lourdes",3,2,86m²,1,R$ 920.000
"Lourdes_Belo Horizonte, Lourdes_Q4_B4",1363967990.0,"Lourdes_Belo Horizonte, Lourdes",4,4,234m²,2,R$ 1.800.000
"Lourdes_Belo Horizonte, Lourdes_Q3_B3",1363967977.0,"Lourdes_Belo Horizonte, Lourdes",3,3,100m²,1,R$ 980.000
"Lourdes_Belo Horizonte, Lourdes_QNone_BNone",1363967966.0,"Lourdes_Belo Horizonte, Lourdes",,,900m²,0,R$ 43.000
"Lourdes_Belo Horizonte, Lourdes_Q4_B2",1363967942.0,"Lourdes_Belo Horizonte, Lourdes",4,2,150m²,2,R$ 1.400.000
"Lourdes_Belo Horizonte, Lourdes_Q4_B5 ou mais",1363967911.0,"Lourdes_Belo Horizonte, Lourdes",4,5 ou mais,240m²,3,R$ 2.640.000
"Lourdes_Belo Horizonte, Lourdes_Q4_B4",1363967897.0,"Lourdes_Belo Horizonte, Lourdes",4,4,137m²,3,R$ 1.850.000
"Lourdes_Belo Horizonte, Lourdes_Q4_B1",1363967904.0,"Lourdes_Belo Horizonte, Lourdes",4,1,160m²,2,R$ 1.600.000
"Lourdes_Belo Horizonte, Lourdes_Q3_B1",1363967909.0,"Lourdes_Belo Horizonte, Lourdes",3,1,95m²,2,R$ 1.300.000
"Lourdes_Belo Horizonte, Lourdes_Q3_B3",1363967878.0,"Lourdes_Belo Horizonte, Lourdes",3,3,116m²,2,R$ 2.120.000
"Lourdes_Belo Horizonte, Lourdes_Q4_B4",1363967859.0,"Lourdes_Belo Horizonte, Lourdes",4,4,260m²,3,R$ 2.830.000
"Lourdes_Belo Horizonte, Lourdes_Q4_B3",1363967861.0,"Lourdes_Belo Horizonte, Lourdes",4,3,190m²,2,R$ 1.700.000
"Lourdes_Belo Horizonte, Lourdes_Q3_B3",1363967845.0,"Lourdes_Belo Horizonte, Lourdes",3,3,110m²,2,R$ 1.300.000
"Lourdes_Belo Horizonte, Lourdes_QNone_BNone",1363967849.0,"Lourdes_Belo Horizonte, Lourdes",,,42m²,0,R$ 980
"Centro_Belo Horizonte, Centro_Q3_B4",1363967813.0,"Centro_Belo Horizonte, Centro",3,4,190m²,0,R$ 650.000
"Lourdes_Belo Horizonte, Lourdes_Q4_B3",1363967814.0,"Lourdes_Belo Horizonte, Lourdes",4,3,151m²,3,R$ 2.200.000
"Lourdes_Belo Horizonte, Lourdes_QNone_BNone",1363967816.0,"Lourdes_Belo Horizonte, Lourdes",,,42m²,0,R$ 182.000
"Lourdes_Belo Horizonte, Lourdes_Q2_B1",1363967798.0,"Lourdes_Belo Horizonte, Lourdes",2,1,60m²,2,R$ 4.600
"Lourdes_Belo Horizonte, Lourdes_Q2_B1",1363967794.0,"Lourdes_Belo Horizonte, Lourdes",2,1,60m²,1,R$ 954.000
"Lourdes_Belo Horizonte, Lourdes_Q2_B3",1363967763.0,"Lourdes_Belo Horizonte, Lourdes",2,3,116m²,2,R$ 2.180.000
"Lourdes_Belo Horizonte, Lourdes_Q4_B2",1363967735.0,"Lourdes_Belo Horizonte, Lourdes",4,2,280m²,0,R$ 1.200.000
"Lourdes_Belo Horizonte, Lourdes_Q4_B2",1363967728.0,"Lourdes_Belo Horizonte, Lourdes",4,2,150m²,1,R$ 950.000
"Lourdes_Belo Horizonte, Lourdes_Q4_B4",1363967648.0,"Lourdes_Belo Horizonte, Lourdes",4,4,151m²,3,R$ 1.750.000
"Lourdes_Belo Horizonte, Lourdes_Q4_B5 ou mais",1363967606.0,"Lourdes_Belo Horizonte, Lourdes",4,5 ou mais,301m²,4,R$ 3.200.000
"Lourdes_Belo Horizonte, Lourdes_Q3_B3",1363967602.0,"Lourdes_Belo Horizonte, Lourdes",3,3,69m²,2,R$ 1.400.000
"Lourdes_Belo Horizonte, Lourdes_Q2_B3",1363967597.0,"Lourdes_Belo Horizonte, Lourdes",2,3,131m²,2,R$ 1.700.000
"Lourdes_Belo Horizonte, Lourdes_Q4_B3",1363967567.0,"Lourdes_Belo Horizonte, Lourdes",4,3,180m²,2,R$ 1.680.000
"Lourdes_Belo Horizonte, Lourdes_Q3_B4",1363967569.0,"Lourdes_Belo Horizonte, Lourdes",3,4,261m²,3,R$ 3.500.000
"Lourdes_Belo Horizonte, Lourdes_QNone_BNone",1363967546.0,"Lourdes_Belo Horizonte, Lourdes",,,28m²,0,R$ 680
"Lourdes_Belo Horizonte, Lourdes_Q3_B3",1363967523.0,"Lourdes_Belo Horizonte, Lourdes",3,3,89m²,2,R$ 1.350.000
"Lourdes_Belo Horizonte, Lourdes_QNone_BNone",1363967528.0,"Lourdes_Belo Horizonte, Lourdes",,,28m²,0,R$ 152.000
"Lourdes_Belo Horizonte, Lourdes_Q3_B4",1363967480.0,"Lourdes_Belo Horizonte, Lourdes",3,4,200m²,2,R$ 2.499.500
"Lourdes_Belo Horizonte, Lourdes_Q4_B3",1363967471.0,"Lourdes_Belo Horizonte, Lourdes",4,3,294m²,3,R$ 4.500.000
"Lourdes_Belo Horizonte, Lourdes_Q4_B5 ou mais",1363967440.0,"Lourdes_Belo Horizonte, Lourdes",4,5 ou mais,240m²,3,R$ 2.490.000
"Lourdes_Belo Horizonte, Lourdes_Q4_B5 ou mais",1363967421.0,"Lourdes_Belo Horizonte, Lourdes",4,5 ou mais,355m²,3,R$ 2.900.000
"Lourdes_Belo Horizonte, Lourdes_Q5 ou mais_B2",1363967391.0,"Lourdes_Belo Horizonte, Lourdes",5 ou mais,2,250m²,2,R$ 1.750.000
"Lourdes_Belo Horizonte, Lourdes_Q2_B3",1363967345.0,"Lourdes_Belo Horizonte, Lourdes",2,3,100m²,2,R$ 1.100.000
"Lourdes_Belo Horizonte, Lourdes_Q2_B3",1363967337.0,"Lourdes_Belo Horizonte, Lourdes",2,3,88m²,3,R$ 1.600.000
"Lourdes_Belo Horizonte, Lourdes_Q2_B3",1363967319.0,"Lourdes_Belo Horizonte, Lourdes",2,3,83m²,2,R$ 1.200.000
"Lourdes_Belo Horizonte, Lourdes_Q4_B2",1363967304.0,"Lourdes_Belo Horizonte, Lourdes",4,2,161m²,2,R$ 1.400.000
"Lourdes_Belo Horizonte, Lourdes_Q3_B3",1363967273.0,"Lourdes_Belo Horizonte, Lourdes",3,3,120m²,2,R$ 1.260.000
"Lourdes_Belo Horizonte, Lourdes_Q3_B3",1363967259.0,"Lourdes_Belo Horizonte, Lourdes",3,3,95m²,2,R$ 1.300.000
"Lourdes_Belo Horizonte, Lourdes_Q4_B3",1363967240.0,"Lourdes_Belo Horizonte, Lourdes",4,3,170m²,3,R$ 1.800.000
"Lourdes_Belo Horizonte, Lourdes_Q4_B4",1363967231.0,"Lourdes_Belo Horizonte, Lourdes",4,4,250m²,2,R$ 1.580.000
"Centro_Belo Horizonte, Centro_Q2_B1",1363967220.0,"Centro_Belo Horizonte, Centro",2,1,90m²,0,R$ 410.000
"Lourdes_Belo Horizonte, Lourdes_Q3_B2",1363967151.0,"Lourdes_Belo Horizonte, Lourdes",3,2,95m²,1,R$ 655.000
"Lourdes_Belo Horizonte, Lourdes_Q2_B3",1363967148.0,"Lourdes_Belo Horizonte, Lourdes",2,3,70m²,1,R$ 760.000
"Lourdes_Belo Horizonte, Lourdes_Q1_B1",1363967128.0,"Lourdes_Belo Horizonte, Lourdes",1,1,56m²,1,R$ 550.000
"Lourdes_Belo Horizonte, Lourdes_Q3_B3",1363967083.0,"Lourdes_Belo Horizonte, Lourdes",3,3,99m²,2,R$ 1.150.000
"Santo Antônio_Belo Horizonte, Santo Antônio_QNone_BNone",1363967056.0,"Santo Antônio_Belo Horizonte, Santo Antônio",,,28m²,0,R$ 320.000
"Lourdes_Belo Horizonte, Lourdes_Q4_B3",1363967065.0,"Lourdes_Belo Horizonte, Lourdes",4,3,162m²,3,R$ 2.200.000
"Lourdes_Belo Horizonte, Lourdes_Q2_B1",1363967028.0,"Lourdes_Belo Horizonte, Lourdes",2,1,60m²,2,R$ 1.166.000
"Lourdes_Belo Horizonte, Lourdes_Q2_B2",1363967017.0,"Lourdes_Belo Horizonte, Lourdes",2,2,174m²,4,R$ 2.200.000
"Lourdes_Belo Horizonte, Lourdes_Q3_B3",1363966994.0,"Lourdes_Belo Horizonte, Lourdes",3,3,110m²,2,R$ 1.350.000
"Lourdes_Belo Horizonte, Lourdes_Q4_B5 ou mais",1363966973.0,"Lourdes_Belo Horizonte, Lourdes",4,5 ou mais,205m²,4,R$ 2.600.000
"Lourdes_Belo Horizonte, Lourdes_Q2_B3",1363966961.0,"Lourdes_Belo Horizonte, Lourdes",2,3,69m²,2,R$ 1.080.000
"Lourdes_Belo Horizonte, Lourdes_Q2_B2",1363966962.0,"Lourdes_Belo Horizonte, Lourdes",2,2,72m²,1,R$ 1.000.000
"Lourdes_Belo Horizonte, Lourdes_Q1_B1",1363966947.0,"Lourdes_Belo Horizonte, Lourdes",1,1,80m²,2,R$ 1.000.000
"Lourdes_Belo Horizonte, Lourdes_Q3_B4",1363966836.0,"Lourdes_Belo Horizonte, Lourdes",3,4,116m²,2,R$ 2.180.000
"Lourdes_Belo Horizonte, Lourdes_Q4_B3",1363966769.0,"Lourdes_Belo Horizonte, Lourdes",4,3,200m²,2,R$ 2.580.000
"Lourdes_Belo Horizonte, Lourdes_Q1_B1",1363966749.0,"Lourdes_Belo Horizonte, Lourdes",1,1,46m²,1,R$ 510.000
"Lourdes_Belo Horizonte, Lourdes_Q4_B3",1363966725.0,"Lourdes_Belo Horizonte, Lourdes",4,3,320m²,3,R$ 3.425.000
"Lourdes_Belo Horizonte, Lourdes_Q2_B2",1363966733.0,"Lourdes_Belo Horizonte, Lourdes",2,2,110m²,2,R$ 1.250.000
"Lourdes_Belo Horizonte, Lourdes_Q3_B3",1363966734.0,"Lourdes_Belo Horizonte, Lourdes",3,3,215m²,3,R$ 1.996.000
"Centro_Belo Horizonte, Centro_Q2_B1",1363966684.0,"Centro_Belo Horizonte, Centro",2,1,88m²,0,R$ 580.000
"Lourdes_Belo Horizonte, Lourdes_Q2_B3",1363966691.0,"Lourdes_Belo Horizonte, Lourdes",2,3,79m²,1,R$ 780.000
"Lourdes_Belo Horizonte, Lourdes_Q2_B2",1363966692.0,"Lourdes_Belo Horizonte, Lourdes",2,2,80m²,1,R$ 635.000
"Lourdes_Belo Horizonte, Lourdes_Q1_B2",1363966657.0,"Lourdes_Belo Horizonte, Lourdes",1,2,51m²,1,R$ 650.000
"Lourdes_Belo Horizonte, Lourdes_QNone_BNone",1363966638.0,"Lourdes_Belo Horizonte, Lourdes",,,28m²,0,R$ 182.000
"Lourdes_Belo Horizonte, Lourdes_QNone_BNone",1363966621.0,"Lourdes_Belo Horizonte, Lourdes",,,28m²,0,R$ 1.800
"Centro_Belo Horizonte, Centro_Q4_B3",1363966554.0,"Centro_Belo Horizonte, Centro",4,3,228m²,1,R$ 860.000
"Lourdes_Belo Horizonte, Lourdes_Q3_B2",1363966545.0,"Lourdes_Belo Horizonte, Lourdes",3,2,113m²,1,R$ 760.000
"Lourdes_Belo Horizonte, Lourdes_Q3_B2",1363966551.0,"Lourdes_Belo Horizonte, Lourdes",3,2,115m²,0,R$ 800.000
"Lourdes_Belo Horizonte, Lourdes_Q4_B4",1363966518.0,"Lourdes_Belo Horizonte, Lourdes",4,4,396m²,5 ou mais,R$ 3.700.000
"Lourdes_Belo Horizonte, Lourdes_Q2_B3",1363966507.0,"Lourdes_Belo Horizonte, Lourdes",2,3,72m²,2,R$ 1.350.000
"Lourdes_Belo Horizonte, Lourdes_Q2_B3",1363966495.0,"Lourdes_Belo Horizonte, Lourdes",2,3,60m²,1,R$ 860.500
"Lourdes_Belo Horizonte, Lourdes_Q4_B4",1363966499.0,"Lourdes_Belo Horizonte, Lourdes",4,4,202m²,2,R$ 1.300.000
"Lourdes_Belo Horizonte, Lourdes_Q4_B5 ou mais",1363966468.0,"Lourdes_Belo Horizonte, Lourdes",4,5 ou mais,207m²,4,R$ 4.350.000
"Lourdes_Belo Horizonte, Lourdes_Q4_B4",1363966460.0,"Lourdes_Belo Horizonte, Lourdes",4,4,234m²,2,R$ 2.200.000
"Lourdes_Belo Horizonte, Lourdes_Q2_B3",1363966440.0,"Lourdes_Belo Horizonte, Lourdes",2,3,80m²,2,R$ 970.000
"Lourdes_Belo Horizonte, Lourdes_Q4_B5 ou mais",1363966452.0,"Lourdes_Belo Horizonte, Lourdes",4,5 ou mais,305m²,4,R$ 4.500.000
"Lourdes_Belo Horizonte, Lourdes_Q3_B2",1363966294.0,"Lourdes_Belo Horizonte, Lourdes",3,2,124m²,2,R$ 1.500.000
"Lourdes_Belo Horizonte, Lourdes_Q2_B1",1363966266.0,"Lourdes_Belo Horizonte, Lourdes",2,1,98m²,2,R$ 1.380.000
"Lourdes_Belo Horizonte, Lourdes_Q3_B4",1363966273.0,"Lourdes_Belo Horizonte, Lourdes",3,4,250m²,2,R$ 2.350.000
"Lourdes_Belo Horizonte, Lourdes_Q4_B2",1363966222.0,"Lourdes_Belo Horizonte, Lourdes",4,2,120m²,2,R$ 2.200.000
"Lourdes_Belo Horizonte, Lourdes_Q2_B3",1363966200.0,"Lourdes_Belo Horizonte, Lourdes",2,3,150m²,1,R$ 1.380.000
"Lourdes_Belo Horizonte, Lourdes_Q4_B3",1363966212.0,"Lourdes_Belo Horizonte, Lourdes",4,3,170m²,2,R$ 1.300.000
"Lourdes_Belo Horizonte, Lourdes_QNone_BNone",1363966214.0,"Lourdes_Belo Horizonte, Lourdes",,,35m²,1,R$ 1.170
"Lourdes_Belo Horizonte, Lourdes_Q2_B3",1363966216.0,"Lourdes_Belo Horizonte, Lourdes",2,3,63m²,2,R$ 1.080.000
"Lourdes_Belo Horizonte, Lourdes_Q3_B2",1363966163.0,"Lourdes_Belo Horizonte, Lourdes",3,2,92m²,2,R$ 1.200.000
"Lourdes_Belo Horizonte, Lourdes_Q3_B3",1363966166.0,"Lourdes_Belo Horizonte, Lourdes",3,3,88m²,2,R$ 1.300.000
"Lourdes_Belo Horizonte, Lourdes_Q3_B3",1363966128.0,"Lourdes_Belo Horizonte, Lourdes",3,3,122m²,1,R$ 660.000
"Lourdes_Belo Horizonte, Lourdes_Q3_B3",1363966068.0,"Lourdes_Belo Horizonte, Lourdes",3,3,95m²,1,R$ 869.000
"Lourdes_Belo Horizonte, Lourdes_Q3_B3",1363966073.0,"Lourdes_Belo Horizonte, Lourdes",3,3,120m²,3,R$ 2.040.000
"Lourdes_Belo Horizonte, Lourdes_Q3_B2",1363965971.0,"Lourdes_Belo Horizonte, Lourdes",3,2,89m²,2,R$ 1.385.000
"Lourdes_Belo Horizonte, Lourdes_Q4_B5 ou mais",1363965999.0,"Lourdes_Belo Horizonte, Lourdes",4,5 ou mais,205m²,4,R$ 2.900.000
"Lourdes_Belo Horizonte, Lourdes_Q4_B2",1363966007.0,"Lourdes_Belo Horizonte, Lourdes",4,2,160m²,3,R$ 1.900.000
"Lourdes_Belo Horizonte, Lourdes_Q4_B3",1363966019.0,"Lourdes_Belo Horizonte, Lourdes",4,3,249m²,2,R$ 1.590.000
"Lourdes_Belo Horizonte, Lourdes_Q3_B3",1363965849.0,"Lourdes_Belo Horizonte, Lourdes",3,3,90m²,2,R$ 1.750.000
"Lourdes_Belo Horizonte, Lourdes_Q4_B5 ou mais",1363965856.0,"Lourdes_Belo Horizonte, Lourdes",4,5 ou mais,260m²,3,R$ 2.990.000
"Lourdes_Belo Horizonte, Lourdes_Q2_B2",1363965867.0,"Lourdes_Belo Horizonte, Lourdes",2,2,77m²,1,R$ 1.070.000
"Lourdes_Belo Horizonte, Lourdes_Q4_B5 ou mais",1363965914.0,"Lourdes_Belo Horizonte, Lourdes",4,5 ou mais,372m²,4,R$ 4.000.000
"Lourdes_Belo Horizonte, Lourdes_Q4_B5 ou mais",1363965949.0,"Lourdes_Belo Horizonte, Lourdes",4,5 ou mais,282m²,3,R$ 2.990.000
"Lourdes_Belo Horizonte, Lourdes_Q4_B3",1363965952.0,"Lourdes_Belo Horizonte, Lourdes",4,3,140m²,2,R$ 1.100.000
"Lourdes_Belo Horizonte, Lourdes_Q3_B3",1363965958.0,"Lourdes_Belo Horizonte, Lourdes",3,3,100m²,1,R$ 1.150.000
"Centro_Belo Horizonte, Centro_Q3_B2",1363965809.0,"Centro_Belo Horizonte, Centro",3,2,160m²,0,R$ 750.000
"Lourdes_Belo Horizonte, Lourdes_Q4_B4",1363965822.0,"Lourdes_Belo Horizonte, Lourdes",4,4,230m²,4,R$ 2.390.000
"Lourdes_Belo Horizonte, Lourdes_Q2_B3",1363965753.0,"Lourdes_Belo Horizonte, Lourdes",2,3,83m²,2,R$ 1.350.000
"Lourdes_Belo Horizonte, Lourdes_Q3_B2",1363965721.0,"Lourdes_Belo Horizonte, Lourdes",3,2,98m²,2,R$ 1.100.000
"Lourdes_Belo Horizonte, Lourdes_Q2_B3",1363965617.0,"Lourdes_Belo Horizonte, Lourdes",2,3,112m²,2,R$ 1.200.000
"Lourdes_Belo Horizonte, Lourdes_Q1_B1",1363965639.0,"Lourdes_Belo Horizonte, Lourdes",1,1,83m²,2,R$ 1.000.000
"Lourdes_Belo Horizonte, Lourdes_Q2_B2",1363965567.0,"Lourdes_Belo Horizonte, Lourdes",2,2,217m²,3,R$ 3.500.000
"Lourdes_Belo Horizonte, Lourdes_Q2_B2",1363965595.0,"Lourdes_Belo Horizonte, Lourdes",2,2,75m²,1,R$ 700.000
"Lourdes_Belo Horizonte, Lourdes_Q3_B2",1363965602.0,"Lourdes_Belo Horizonte, Lourdes",3,2,88m²,2,R$ 1.650.000
"Lourdes_Belo Horizonte, Lourdes_Q4_B2",1363965534.0,"Lourdes_Belo Horizonte, Lourdes",4,2,419m²,4,R$ 3.950.000
"Lourdes_Belo Horizonte, Lourdes_Q2_B3",1363965466.0,"Lourdes_Belo Horizonte, Lourdes",2,3,122m²,2,R$ 1.490.000
"Lourdes_Belo Horizonte, Lourdes_Q4_B2",1363965467.0,"Lourdes_Belo Horizonte, Lourdes",4,2,160m²,1,R$ 1.170.000
"Lourdes_Belo Horizonte, Lourdes_Q2_B3",1363965485.0,"Lourdes_Belo Horizonte, Lourdes",2,3,63m²,2,R$ 1.150.000
"Lourdes_Belo Horizonte, Lourdes_QNone_BNone",1363791626.0,"Lourdes_Belo Horizonte, Lourdes",,,30m²,0,R$ 2.200
"Lourdes_Belo Horizonte, Lourdes_QNone_BNone",1363777173.0,"Lourdes_Belo Horizonte, Lourdes",,,797m²,5 ou mais,R$ 50.121
"Lourdes_Belo Horizonte, Lourdes_Q5 ou mais_B3",1363768525.0,"Lourdes_Belo Horizonte, Lourdes",5 ou mais,3,395m²,2,R$ 2.300.000
"Lourdes_Belo Horizonte, Lourdes_Q2_B2",1363761094.0,"Lourdes_Belo Horizonte, Lourdes",2,2,227m²,0,R$ 15.000
"Lourdes_Belo Horizonte, Lourdes_Q4_B5 ou mais",1363758598.0,"Lourdes_Belo Horizonte, Lourdes",4,5 ou mais,352m²,4,R$ 3.690.000
"Lourdes_Belo Horizonte, Lourdes_Q2_B2",1363751726.0,"Lourdes_Belo Horizonte, Lourdes",2,2,77m²,1,R$ 1.050.000
"Lourdes_Belo Horizonte, Lourdes_QNone_BNone",1363746336.0,"Lourdes_Belo Horizonte, Lourdes",,,294m²,5 ou mais,R$ 20.200
"Santo Antônio_Belo Horizonte, Santo Antônio_Q4_B4",1363746277.0,"Santo Antônio_Belo Horizonte, Santo Antônio",4,4,202m²,1,R$ 6.400
"Lourdes_Belo Horizonte, Lourdes_Q2_B3",1363744304.0,"Lourdes_Belo Horizonte, Lourdes",2,3,63m²,2,R$ 5.400
"Lourdes_Belo Horizonte, Lourdes_QNone_BNone",1363740168.0,"Lourdes_Belo Horizonte, Lourdes",,,460m²,0,R$ 29.000
"Lourdes_Belo Horizonte, Lourdes_QNone_BNone",1363736238.0,"Lourdes_Belo Horizonte, Lourdes",,,318m²,0,R$ 27.900
"Lourdes_Belo Horizonte, Lourdes_QNone_BNone",1363735863.0,"Lourdes_Belo Horizonte, Lourdes",,,290m²,5 ou mais,R$ 19.300
"Lourdes_Belo Horizonte, Lourdes_Q4_B3",1363735037.0,"Lourdes_Belo Horizonte, Lourdes",4,3,180m²,2,R$ 1.750.000
"Lourdes_Belo Horizonte, Lourdes_QNone_BNone",1363733824.0,"Lourdes_Belo Horizonte, Lourdes",,,295m²,5 ou mais,R$ 19.850
"Centro_Belo Horizonte, Centro_Q0_B5 ou mais",1363733315.0,"Centro_Belo Horizonte, Centro",0,5 ou mais,2000m²,5 ou mais,R$ 70.000
"Lourdes_Belo Horizonte, Lourdes_QNone_BNone",1363733020.0,"Lourdes_Belo Horizonte, Lourdes",,,49m²,0,R$ 900
"Cidade Jardim_Belo Horizonte, Cidade Jardim_QNone_BNone",1363732596.0,"Cidade Jardim_Belo Horizonte, Cidade Jardim",,,1200m²,0,R$ 37.000
"Lourdes_Belo Horizonte, Lourdes_Q5 ou mais_B4",1363728532.0,"Lourdes_Belo Horizonte, Lourdes",5 ou mais,4,412m²,5 ou mais,R$ 18.000
"Lourdes_Belo Horizonte, Lourdes_Q2_B2",1363701003.0,"Lourdes_Belo Horizonte, Lourdes",2,2,82m²,2,R$ 5.500
"Lourdes_Belo Horizonte, Lourdes_Q2_B2",1363693775.0,"Lourdes_Belo Horizonte, Lourdes",2,2,63m²,2,R$ 5.400
"Lourdes_Belo Horizonte, Lourdes_Q2_B1",1363686376.0,"Lourdes_Belo Horizonte, Lourdes",2,1,65m²,1,R$ 570.000
"Lourdes_Belo Horizonte, Lourdes_QNone_BNone",1363665449.0,"Lourdes_Belo Horizonte, Lourdes",,,70m²,0,R$ 690.000
"Lourdes_Belo Horizonte, Lourdes_Q2_B2",1363665079.0,"Lourdes_Belo Horizonte, Lourdes",2,2,80m²,1,R$ 2.400
"Lourdes_Belo Horizonte, Lourdes_Q3_B3",1363655056.0,"Lourdes_Belo Horizonte, Lourdes",3,3,109m²,2,R$ 1.938.545
"Lourdes_Belo Horizonte, Lourdes_Q3_B2",1363654270.0,"Lourdes_Belo Horizonte, Lourdes",3,2,92m²,2,R$ 1.150.000
"Lourdes_Belo Horizonte, Lourdes_QNone_BNone",1363636103.0,"Lourdes_Belo Horizonte, Lourdes",,,74m²,0,R$ 690.000
"Lourdes_Belo Horizonte, Lourdes_Q3_B5 ou mais",1363620602.0,"Lourdes_Belo Horizonte, Lourdes",3,5 ou mais,373m²,4,R$ 3.500.000
"Lourdes_Belo Horizonte, Lourdes_Q3_B4",1363619244.0,"Lourdes_Belo Horizonte, Lourdes",3,4,208m²,4,R$ 19.000
"Lourdes_Belo Horizonte, Lourdes_Q3_B3",1363616205.0,"Lourdes_Belo Horizonte, Lourdes",3,3,135m²,2,R$ 1.890.000
"Lourdes_Belo Horizonte, Lourdes_Q4_B3",1363569316.0,"Lourdes_Belo Horizonte, Lourdes",4,3,289m²,3,R$ 15.500
"Lourdes_Belo Horizonte, Lourdes_Q3_B1",1363521417.0,"Lourdes_Belo Horizonte, Lourdes",3,1,100m²,2,R$ 1.800.000
"Lourdes_Belo Horizonte, Lourdes_QNone_BNone",1363520741.0,"Lourdes_Belo Horizonte, Lourdes",,,360m²,,R$ 80.000
"Lourdes_Belo Horizonte, Lourdes_Q4_B2",1363513952.0,"Lourdes_Belo Horizonte, Lourdes",4,2,120m²,1,R$ 950.000
"Lourdes_Belo Horizonte, Lourdes_Q2_B2",1363512475.0,"Lourdes_Belo Horizonte, Lourdes",2,2,150m²,2,R$ 2.359.000
"Lourdes_Belo Horizonte, Lourdes_Q3_B3",1363503602.0,"Lourdes_Belo Horizonte, Lourdes",3,3,174m²,2,R$ 2.500.000
"Lourdes_Belo Horizonte, Lourdes_Q4_B5 ou mais",1363464655.0,"Lourdes_Belo Horizonte, Lourdes",4,5 ou mais,357m²,3,R$ 9.938.000
"Lourdes_Belo Horizonte, Lourdes_Q4_B4",1363464441.0,"Lourdes_Belo Horizonte, Lourdes",4,4,191m²,3,R$ 4.319.000
"Lourdes_Belo Horizonte, Lourdes_Q4_B4",1363440428.0,"Lourdes_Belo Horizonte, Lourdes",4,4,206m²,4,R$ 19.000
"Lourdes_Belo Horizonte, Lourdes_Q2_B2",1363439604.0,"Lourdes_Belo Horizonte, Lourdes",2,2,70m²,2,R$ 4.600
"Lourdes_Belo Horizonte, Lourdes_Q2_B2",1363432426.0,"Lourdes_Belo Horizonte, Lourdes",2,2,56m²,1,R$ 4.200
"Lourdes_Belo Horizonte, Lourdes_Q1_B1",1363406253.0,"Lourdes_Belo Horizonte, Lourdes",1,1,46m²,0,R$ 320.000
"Lourdes_Belo Horizonte, Lourdes_Q2_B2",1363406303.0,"Lourdes_Belo Horizonte, Lourdes",2,2,83m²,2,R$ 1.100.000
"Lourdes_Belo Horizonte, Lourdes_QNone_BNone",1363339420.0,"Lourdes_Belo Horizonte, Lourdes",,,43m²,0,R$ 3.200
"Lourdes_Belo Horizonte, Lourdes_Q2_B2",1363331438.0,"Lourdes_Belo Horizonte, Lourdes",2,2,63m²,2,R$ 5.400
"Lourdes_Belo Horizonte, Lourdes_Q1_B1",1363329477.0,"Lourdes_Belo Horizonte, Lourdes",1,1,50m²,1,R$ 550.000
"Lourdes_Belo Horizonte, Lourdes_Q4_B2",1363318941.0,"Lourdes_Belo Horizonte, Lourdes",4,2,182m²,3,R$ 2.130.000
"Lourdes_Belo Horizonte, Lourdes_Q2_B2",1363318184.0,"Lourdes_Belo Horizonte, Lourdes",2,2,63m²,2,R$ 5.400
"Lourdes_Belo Horizonte, Lourdes_Q2_B2",1363317782.0,"Lourdes_Belo Horizonte, Lourdes",2,2,63m²,2,R$ 5.400
"Lourdes_Belo Horizonte, Lourdes_Q1_B1",1363317787.0,"Lourdes_Belo Horizonte, Lourdes",1,1,45m²,1,R$ 3.100
"Lourdes_Belo Horizonte, Lourdes_Q2_B2",1363317778.0,"Lourdes_Belo Horizonte, Lourdes",2,2,63m²,2,R$ 5.400
"Lourdes_Belo Horizonte, Lourdes_Q2_B3",1363301976.0,"Lourdes_Belo Horizonte, Lourdes",2,3,74m²,2,R$ 980.000
"Lourdes_Belo Horizonte, Lourdes_Q3_B1",1363301581.0,"Lourdes_Belo Horizonte, Lourdes",3,1,146m²,3,R$ 3.890.000
"Lourdes_Belo Horizonte, Lourdes_Q3_B3",1363287070.0,"Lourdes_Belo Horizonte, Lourdes",3,3,110m²,2,R$ 1.300.000
"Lourdes_Belo Horizonte, Lourdes_Q1_B1",1363140109.0,"Lourdes_Belo Horizonte, Lourdes",1,1,120m²,,R$ 3.300
"Lourdes_Belo Horizonte, Lourdes_Q1_B1",1362972728.0,"Lourdes_Belo Horizonte, Lourdes",1,1,25m²,0,R$ 890
"Lourdes_Belo Horizonte, Lourdes_QNone_BNone",1364930802.0,"Lourdes_Belo Horizonte, Lourdes",,,40000m²,,R$ 1.000
"Lourdes_Belo Horizonte, Lourdes_Q2_B2",1362694659.0,"Lourdes_Belo Horizonte, Lourdes",2,2,85m²,2,R$ 1.100.000
"Lourdes_Belo Horizonte, Lourdes_Q4_B4",1362675450.0,"Lourdes_Belo Horizonte, Lourdes",4,4,290m²,3,R$ 2.900.000
"Lourdes_Belo Horizonte, Lourdes_Q4_B2",1362675415.0,"Lourdes_Belo Horizonte, Lourdes",4,2,180m²,2,R$ 1.900.000
"Lourdes_Belo Horizonte, Lourdes_Q2_B1",1362638359.0,"Lourdes_Belo Horizonte, Lourdes",2,1,85m²,2,R$ 1.100.000
"Lourdes_Belo Horizonte, Lourdes_Q3_B1",1362638378.0,"Lourdes_Belo Horizonte, Lourdes",3,1,87m²,2,R$ 1.300.000
"Lourdes_Belo Horizonte, Lourdes_Q4_B1",1362638379.0,"Lourdes_Belo Horizonte, Lourdes",4,1,151m²,3,R$ 1.750.000
"Lourdes_Belo Horizonte, Lourdes_Q3_B2",1362613921.0,"Lourdes_Belo Horizonte, Lourdes",3,2,110m²,1,R$ 3.500
"Lourdes_Belo Horizonte, Lourdes_Q3_B4",1362613264.0,"Lourdes_Belo Horizonte, Lourdes",3,4,264m²,3,R$ 5.500.000
"Lourdes_Belo Horizonte, Lourdes_Q4_B4",1362594910.0,"Lourdes_Belo Horizonte, Lourdes",4,4,187m²,3,R$ 4.811.800
"Lourdes_Belo Horizonte, Lourdes_Q4_B4",1362592661.0,"Lourdes_Belo Horizonte, Lourdes",4,4,192m²,3,R$ 4.251.500
"Lourdes_Belo Horizonte, Lourdes_Q4_B4",1362592650.0,"Lourdes_Belo Horizonte, Lourdes",4,4,190m²,3,R$ 4.873.200
"Lourdes_Belo Horizonte, Lourdes_Q4_B4",1362592522.0,"Lourdes_Belo Horizonte, Lourdes",4,4,221m²,3,R$ 6.101.400
"Lourdes_Belo Horizonte, Lourdes_Q4_B4",1362592521.0,"Lourdes_Belo Horizonte, Lourdes",4,4,175m²,3,R$ 4.654.900
"Lourdes_Belo Horizonte, Lourdes_Q4_B4",1362592513.0,"Lourdes_Belo Horizonte, Lourdes",4,4,173m²,3,R$ 4.684.300
"Lourdes_Belo Horizonte, Lourdes_Q4_B5 ou mais",1362592287.0,"Lourdes_Belo Horizonte, Lourdes",4,5 ou mais,357m²,3,R$ 9.938.200
"Lourdes_Belo Horizonte, Lourdes_Q4_B4",1362592053.0,"Lourdes_Belo Horizonte, Lourdes",4,4,191m²,3,R$ 4.319.000
"Centro_Belo Horizonte, Centro_QNone_BNone",1362582688.0,"Centro_Belo Horizonte, Centro",,,53m²,0,R$ 2.008
"Centro_Belo Horizonte, Centro_QNone_BNone",1362581686.0,"Centro_Belo Horizonte, Centro",,,35m²,0,R$ 1.923
"Lourdes_Belo Horizonte, Lourdes_Q2_B2",1362581563.0,"Lourdes_Belo Horizonte, Lourdes",2,2,66m²,2,R$ 1.644.290
"Centro_Belo Horizonte, Centro_QNone_BNone",1362581543.0,"Centro_Belo Horizonte, Centro",,,146m²,0,R$ 5.958
"Lourdes_Belo Horizonte, Lourdes_Q3_B3",1362581166.0,"Lourdes_Belo Horizonte, Lourdes",3,3,129m²,2,R$ 2.249.240
"Lourdes_Belo Horizonte, Lourdes_Q2_B2",1362581064.0,"Lourdes_Belo Horizonte, Lourdes",2,2,113m²,2,R$ 2.359.000
"Lourdes_Belo Horizonte, Lourdes_Q3_B2",1362580991.0,"Lourdes_Belo Horizonte, Lourdes",3,2,75m²,1,R$ 1.090.436
"Lourdes_Belo Horizonte, Lourdes_Q2_B2",1362580994.0,"Lourdes_Belo Horizonte, Lourdes",2,2,63m²,1,R$ 991.565
"Lourdes_Belo Horizonte, Lourdes_Q2_B2",1362580531.0,"Lourdes_Belo Horizonte, Lourdes",2,2,55m²,2,R$ 1.000.000
"Lourdes_Belo Horizonte, Lourdes_Q2_B3",1362580066.0,"Lourdes_Belo Horizonte, Lourdes",2,3,104m²,2,R$ 1.856.780
"Lourdes_Belo Horizonte, Lourdes_Q3_B2",1362579532.0,"Lourdes_Belo Horizonte, Lourdes",3,2,86m²,1,R$ 1.178.724
"Lourdes_Belo Horizonte, Lourdes_Q3_B2",1362579472.0,"Lourdes_Belo Horizonte, Lourdes",3,2,87m²,1,R$ 1.192.018
"Lourdes_Belo Horizonte, Lourdes_Q3_B2",1362579443.0,"Lourdes_Belo Horizonte, Lourdes",3,2,84m²,1,R$ 1.198.121
"Lourdes_Belo Horizonte, Lourdes_Q3_B3",1362579432.0,"Lourdes_Belo Horizonte, Lourdes",3,3,135m²,2,R$ 2.329.300
"Lourdes_Belo Horizonte, Lourdes_Q3_B2",1362579224.0,"Lourdes_Belo Horizonte, Lourdes",3,2,88m²,1,R$ 1.220.281
"Lourdes_Belo Horizonte, Lourdes_Q2_B3",1362579158.0,"Lourdes_Belo Horizonte, Lourdes",2,3,95m²,2,R$ 1.699.960
"Lourdes_Belo Horizonte, Lourdes_Q2_B2",1362579105.0,"Lourdes_Belo Horizonte, Lourdes",2,2,92m²,2,R$ 1.654.520
"Lourdes_Belo Horizonte, Lourdes_Q2_B2",1362579122.0,"Lourdes_Belo Horizonte, Lourdes",2,2,54m²,2,R$ 870.000
"Lourdes_Belo Horizonte, Lourdes_Q3_B2",1362579072.0,"Lourdes_Belo Horizonte, Lourdes",3,2,86m²,2,R$ 1.800.000
"Lourdes_Belo Horizonte, Lourdes_Q3_B2",1362579074.0,"Lourdes_Belo Horizonte, Lourdes",3,2,85m²,1,R$ 1.191.623
"Lourdes_Belo Horizonte, Lourdes_Q3_B2",1362579018.0,"Lourdes_Belo Horizonte, Lourdes",3,2,77m²,1,R$ 1.046.742
"Lourdes_Belo Horizonte, Lourdes_Q3_B3",1362579023.0,"Lourdes_Belo Horizonte, Lourdes",3,3,110m²,2,R$ 1.938.540
"Lourdes_Belo Horizonte, Lourdes_Q2_B2",1362579043.0,"Lourdes_Belo Horizonte, Lourdes",2,2,54m²,1,R$ 820.000
"Lourdes_Belo Horizonte, Lourdes_Q3_B3",1362578999.0,"Lourdes_Belo Horizonte, Lourdes",3,3,105m²,2,R$ 2.500.000
"Lourdes_Belo Horizonte, Lourdes_Q3_B3",1362578933.0,"Lourdes_Belo Horizonte, Lourdes",3,3,105m²,2,R$ 1.990.000
"Lourdes_Belo Horizonte, Lourdes_Q4_B5 ou mais",1362578366.0,"Lourdes_Belo Horizonte, Lourdes",4,5 ou mais,192m²,4,R$ 4.251.500
"Lourdes_Belo Horizonte, Lourdes_Q4_B5 ou mais",1362578267.0,"Lourdes_Belo Horizonte, Lourdes",4,5 ou mais,221m²,4,R$ 6.101.400
"Lourdes_Belo Horizonte, Lourdes_Q4_B5 ou mais",1362578274.0,"Lourdes_Belo Horizonte, Lourdes",4,5 ou mais,190m²,4,R$ 4.873.200
"Lourdes_Belo Horizonte, Lourdes_Q4_B5 ou mais",1362578297.0,"Lourdes_Belo Horizonte, Lourdes",4,5 ou mais,187m²,4,R$ 4.811.800
"Lourdes_Belo Horizonte, Lourdes_Q4_B5 ou mais",1362578209.0,"Lourdes_Belo Horizonte, Lourdes",4,5 ou mais,191m²,4,R$ 4.319.000
"Lourdes_Belo Horizonte, Lourdes_Q4_B5 ou mais",1362578220.0,"Lourdes_Belo Horizonte, Lourdes",4,5 ou mais,175m²,4,R$ 4.654.900
"Lourdes_Belo Horizonte, Lourdes_Q4_B5 ou mais",1362578181.0,"Lourdes_Belo Horizonte, Lourdes",4,5 ou mais,357m²,4,R$ 9.938.200
"Lourdes_Belo Horizonte, Lourdes_Q3_B2",1362578088.0,"Lourdes_Belo Horizonte, Lourdes",3,2,85m²,1,R$ 920.000
"Lourdes_Belo Horizonte, Lourdes_Q1_B1",1362575081.0,"Lourdes_Belo Horizonte, Lourdes",1,1,70m²,1,R$ 380.000
"Lourdes_Belo Horizonte, Lourdes_Q2_B2",1362535329.0,"Lourdes_Belo Horizonte, Lourdes",2,2,92m²,2,R$ 1.654.520
"Lourdes_Belo Horizonte, Lourdes_Q3_B3",1362535290.0,"Lourdes_Belo Horizonte, Lourdes",3,3,110m²,2,R$ 1.938.540
"Lourdes_Belo Horizonte, Lourdes_Q3_B2",1014127919.0,"Lourdes_Belo Horizonte, Lourdes",3,2,118m²,2,R$ 1.660.000
"Lourdes_Belo Horizonte, Lourdes_Q2_B3",1362513296.0,"Lourdes_Belo Horizonte, Lourdes",2,3,65m²,2,R$ 1.050.000
"Lourdes_Belo Horizonte, Lourdes_Q2_B3",1362509532.0,"Lourdes_Belo Horizonte, Lourdes",2,3,65m²,2,R$ 1.050.000
"Lourdes_Belo Horizonte, Lourdes_Q4_B4",1362507822.0,"Lourdes_Belo Horizonte, Lourdes",4,4,173m²,3,R$ 4.703.100
"Lourdes_Belo Horizonte, Lourdes_Q3_B3",1362507810.0,"Lourdes_Belo Horizonte, Lourdes",3,3,230m²,1,R$ 890.000
"Lourdes_Belo Horizonte, Lourdes_Q4_B4",1362507366.0,"Lourdes_Belo Horizonte, Lourdes",4,4,357m²,3,R$ 9.978.000
"Lourdes_Belo Horizonte, Lourdes_Q4_B4",1362507361.0,"Lourdes_Belo Horizonte, Lourdes",4,4,187m²,3,R$ 4.831.000
"Lourdes_Belo Horizonte, Lourdes_Q4_B4",1362507265.0,"Lourdes_Belo Horizonte, Lourdes",4,4,192m²,3,R$ 4.543.900
"Lourdes_Belo Horizonte, Lourdes_Q4_B4",1362507099.0,"Lourdes_Belo Horizonte, Lourdes",4,4,191m²,3,R$ 4.701.400
"Lourdes_Belo Horizonte, Lourdes_Q4_B4",1362506837.0,"Lourdes_Belo Horizonte, Lourdes",4,4,174m²,3,R$ 4.673.600
"Lourdes_Belo Horizonte, Lourdes_Q4_B4",1362506815.0,"Lourdes_Belo Horizonte, Lourdes",4,4,174m²,3,R$ 4.715.300
"Lourdes_Belo Horizonte, Lourdes_Q4_B4",1362506812.0,"Lourdes_Belo Horizonte, Lourdes",4,4,192m²,3,R$ 4.251.500
"Lourdes_Belo Horizonte, Lourdes_Q4_B4",1362506813.0,"Lourdes_Belo Horizonte, Lourdes",4,4,191m²,3,R$ 4.792.700
"Lourdes_Belo Horizonte, Lourdes_Q4_B4",1362506806.0,"Lourdes_Belo Horizonte, Lourdes",4,4,221m²,0,R$ 6.178.600
"Lourdes_Belo Horizonte, Lourdes_Q4_B4",1362506781.0,"Lourdes_Belo Horizonte, Lourdes",4,4,191m²,3,R$ 4.518.800
"Lourdes_Belo Horizonte, Lourdes_Q4_B4",1362506779.0,"Lourdes_Belo Horizonte, Lourdes",4,4,221m²,0,R$ 6.125.800
"Lourdes_Belo Horizonte, Lourdes_Q4_B4",1362506775.0,"Lourdes_Belo Horizonte, Lourdes",4,4,174m²,3,R$ 4.757.000
"Lourdes_Belo Horizonte, Lourdes_Q4_B4",1362506710.0,"Lourdes_Belo Horizonte, Lourdes",4,4,191m²,3,R$ 4.701.400
"Lourdes_Belo Horizonte, Lourdes_Q1_B2",1362499606.0,"Lourdes_Belo Horizonte, Lourdes",1,2,50m²,1,R$ 1.095.000
"Lourdes_Belo Horizonte, Lourdes_Q3_B3",1362484733.0,"Lourdes_Belo Horizonte, Lourdes",3,3,152m²,4,R$ 2.200.000
"Lourdes_Belo Horizonte, Lourdes_Q3_B2",1362451871.0,"Lourdes_Belo Horizonte, Lourdes",3,2,135m²,2,R$ 1.350.000
"Lourdes_Belo Horizonte, Lourdes_Q2_B2",1362407279.0,"Lourdes_Belo Horizonte, Lourdes",2,2,65m²,2,R$ 3.400
"Lourdes_Belo Horizonte, Lourdes_Q2_B2",1362402911.0,"Lourdes_Belo Horizonte, Lourdes",2,2,65m²,2,R$ 900.000
"Lourdes_Belo Horizonte, Lourdes_Q3_B4",1362360051.0,"Lourdes_Belo Horizonte, Lourdes",3,4,100m²,2,R$ 1.745.000
"Lourdes_Belo Horizonte, Lourdes_Q4_B5 ou mais",1362360042.0,"Lourdes_Belo Horizonte, Lourdes",4,5 ou mais,360m²,3,R$ 2.800.000
"Lourdes_Belo Horizonte, Lourdes_Q4_B5 ou mais",1362360045.0,"Lourdes_Belo Horizonte, Lourdes",4,5 ou mais,315m²,4,R$ 3.700.000
"Lourdes_Belo Horizonte, Lourdes_Q5 ou mais_B4",1362358165.0,"Lourdes_Belo Horizonte, Lourdes",5 ou mais,4,280m²,2,R$ 1.400.000
"Lourdes_Belo Horizonte, Lourdes_Q2_B3",1362357891.0,"Lourdes_Belo Horizonte, Lourdes",2,3,100m²,2,R$ 999.000
"Lourdes_Belo Horizonte, Lourdes_QNone_BNone",1362357884.0,"Lourdes_Belo Horizonte, Lourdes",,,45m²,0,R$ 3.600
"Lourdes_Belo Horizonte, Lourdes_Q2_B3",1362357400.0,"Lourdes_Belo Horizonte, Lourdes",2,3,94m²,1,R$ 649.000
"Lourdes_Belo Horizonte, Lourdes_QNone_BNone",1362357389.0,"Lourdes_Belo Horizonte, Lourdes",,,200m²,2,R$ 2.480.000
"Lourdes_Belo Horizonte, Lourdes_Q4_B5 ou mais",1362357370.0,"Lourdes_Belo Horizonte, Lourdes",4,5 ou mais,307m²,5 ou mais,R$ 5.150.000
"Lourdes_Belo Horizonte, Lourdes_Q1_B1",1362357377.0,"Lourdes_Belo Horizonte, Lourdes",1,1,70m²,2,R$ 1.206.000
"Lourdes_Belo Horizonte, Lourdes_Q3_B3",1362356693.0,"Lourdes_Belo Horizonte, Lourdes",3,3,209m²,3,R$ 5.150.000
"Lourdes_Belo Horizonte, Lourdes_Q4_B4",1362356608.0,"Lourdes_Belo Horizonte, Lourdes",4,4,250m²,4,R$ 2.730.000
"Lourdes_Belo Horizonte, Lourdes_Q5 ou mais_B4",1362356585.0,"Lourdes_Belo Horizonte, Lourdes",5 ou mais,4,320m²,3,R$ 2.490.000
"Lourdes_Belo Horizonte, Lourdes_Q2_B3",1362356560.0,"Lourdes_Belo Horizonte, Lourdes",2,3,72m²,2,R$ 1.235.649
"Lourdes_Belo Horizonte, Lourdes_QNone_BNone",1362356523.0,"Lourdes_Belo Horizonte, Lourdes",,,428m²,3,R$ 6.480.000
"Lourdes_Belo Horizonte, Lourdes_Q2_B3",1362356528.0,"Lourdes_Belo Horizonte, Lourdes",2,3,72m²,2,R$ 1.476.419
"Lourdes_Belo Horizonte, Lourdes_Q1_B2",1362356541.0,"Lourdes_Belo Horizonte, Lourdes",1,2,88m²,2,R$ 998.000
"Lourdes_Belo Horizonte, Lourdes_Q1_B2",1362356440.0,"Lourdes_Belo Horizonte, Lourdes",1,2,46m²,2,R$ 900.000
"Lourdes_Belo Horizonte, Lourdes_Q4_B3",1362330716.0,"Lourdes_Belo Horizonte, Lourdes",4,3,129m²,4,R$ 2.500.000
"Lourdes_Belo Horizonte, Lourdes_Q1_B1",1362321711.0,"Lourdes_Belo Horizonte, Lourdes",1,1,44m²,0,R$ 1.200
"Lourdes_Belo Horizonte, Lourdes_Q4_B3",1362293697.0,"Lourdes_Belo Horizonte, Lourdes",4,3,258m²,3,R$ 2.700.000
"Lourdes_Belo Horizonte, Lourdes_Q4_B3",1362292771.0,"Lourdes_Belo Horizonte, Lourdes",4,3,160m²,3,R$ 1.900.000
"Lourdes_Belo Horizonte, Lourdes_Q3_B2",1362291017.0,"Lourdes_Belo Horizonte, Lourdes",3,2,93m²,2,R$ 1.875.307
"Lourdes_Belo Horizonte, Lourdes_Q3_B3",1362285550.0,"Lourdes_Belo Horizonte, Lourdes",3,3,220m²,2,R$ 7.700
"Lourdes_Belo Horizonte, Lourdes_Q4_B4",1362225532.0,"Lourdes_Belo Horizonte, Lourdes",4,4,165m²,4,R$ 2.749.000
"Lourdes_Belo Horizonte, Lourdes_Q2_B2",1362204380.0,"Lourdes_Belo Horizonte, Lourdes",2,2,63m²,2,R$ 5.400
"Lourdes_Belo Horizonte, Lourdes_Q2_B2",1362196438.0,"Lourdes_Belo Horizonte, Lourdes",2,2,63m²,2,R$ 5.400
"Lourdes_Belo Horizonte, Lourdes_Q2_B2",1362196379.0,"Lourdes_Belo Horizonte, Lourdes",2,2,63m²,2,R$ 5.400
"Lourdes_Belo Horizonte, Lourdes_Q3_B2",1362133182.0,"Lourdes_Belo Horizonte, Lourdes",3,2,90m²,0,R$ 1.200.000
"Lourdes_Belo Horizonte, Lourdes_Q5 ou mais_B3",1362131476.0,"Lourdes_Belo Horizonte, Lourdes",5 ou mais,3,320m²,3,R$ 2.297.000
"Lourdes_Belo Horizonte, Lourdes_Q3_B2",1362131006.0,"Lourdes_Belo Horizonte, Lourdes",3,2,90m²,1,R$ 700.000
"Lourdes_Belo Horizonte, Lourdes_QNone_BNone",1362096592.0,"Lourdes_Belo Horizonte, Lourdes",,,26m²,,R$ 650
"Lourdes_Belo Horizonte, Lourdes_Q3_B3",1362078022.0,"Lourdes_Belo Horizonte, Lourdes",3,3,95m²,2,R$ 1.150.000
"Lourdes_Belo Horizonte, Lourdes_Q4_B3",1354913183.0,"Lourdes_Belo Horizonte, Lourdes",4,3,175m²,1,R$ 890.000
"Lourdes_Belo Horizonte, Lourdes_Q2_B2",1362042008.0,"Lourdes_Belo Horizonte, Lourdes",2,2,77m²,1,R$ 6.750
"Lourdes_Belo Horizonte, Lourdes_QNone_BNone",1362027591.0,"Lourdes_Belo Horizonte, Lourdes",,,35m²,0,R$ 800
"Lourdes_Belo Horizonte, Lourdes_Q4_B1",1362027247.0,"Lourdes_Belo Horizonte, Lourdes",4,1,160m²,2,R$ 1.900.000
"Lourdes_Belo Horizonte, Lourdes_Q4_B2",1362021540.0,"Lourdes_Belo Horizonte, Lourdes",4,2,160m²,2,R$ 1.900.000
"Lourdes_Belo Horizonte, Lourdes_Q4_B4",1361981844.0,"Lourdes_Belo Horizonte, Lourdes",4,4,191m²,3,R$ 3.290.000
"Lourdes_Belo Horizonte, Lourdes_Q2_B1",1361978382.0,"Lourdes_Belo Horizonte, Lourdes",2,1,67m²,1,R$ 640.000
"Lourdes_Belo Horizonte, Lourdes_Q2_B3",1361976300.0,"Lourdes_Belo Horizonte, Lourdes",2,3,110m²,2,R$ 1.380.000
"Lourdes_Belo Horizonte, Lourdes_Q2_B3",1361967124.0,"Lourdes_Belo Horizonte, Lourdes",2,3,110m²,2,R$ 1.350.000
"Lourdes_Belo Horizonte, Lourdes_Q1_B1",1361961687.0,"Lourdes_Belo Horizonte, Lourdes",1,1,59m²,1,R$ 1.195.000
"Lourdes_Belo Horizonte, Lourdes_Q2_B3",1361960526.0,"Lourdes_Belo Horizonte, Lourdes",2,3,65m²,2,R$ 1.220.000
"Lourdes_Belo Horizonte, Lourdes_Q2_B2",1361955300.0,"Lourdes_Belo Horizonte, Lourdes",2,2,65m²,2,R$ 1.270.000
"Centro_Belo Horizonte, Centro_Q2_B1",1361953835.0,"Centro_Belo Horizonte, Centro",2,1,90m²,0,R$ 410.000
"Centro_Belo Horizonte, Centro_Q4_B3",1361953408.0,"Centro_Belo Horizonte, Centro",4,3,228m²,1,R$ 860.000
"Centro_Belo Horizonte, Centro_Q4_B2",1361953359.0,"Centro_Belo Horizonte, Centro",4,2,280m²,1,R$ 1.300.000
"Centro_Belo Horizonte, Centro_Q3_B2",1361953300.0,"Centro_Belo Horizonte, Centro",3,2,100m²,0,R$ 389.000
"Lourdes_Belo Horizonte, Lourdes_Q4_B4",1361953130.0,"Lourdes_Belo Horizonte, Lourdes",4,4,165m²,4,R$ 9.500
"Lourdes_Belo Horizonte, Lourdes_Q2_B3",1361949223.0,"Lourdes_Belo Horizonte, Lourdes",2,3,47m²,2,R$ 1.150.000
"Lourdes_Belo Horizonte, Lourdes_Q4_B3",1361940101.0,"Lourdes_Belo Horizonte, Lourdes",4,3,175m²,2,R$ 1.300.000
"Lourdes_Belo Horizonte, Lourdes_Q3_B3",1361936438.0,"Lourdes_Belo Horizonte, Lourdes",3,3,112m²,2,R$ 2.453.041
"Lourdes_Belo Horizonte, Lourdes_Q3_B4",1361935383.0,"Lourdes_Belo Horizonte, Lourdes",3,4,110m²,2,R$ 1.938.540
"Lourdes_Belo Horizonte, Lourdes_Q2_B2",1361935397.0,"Lourdes_Belo Horizonte, Lourdes",2,2,66m²,2,R$ 1.644.290
"Lourdes_Belo Horizonte, Lourdes_Q2_B2",1361934188.0,"Lourdes_Belo Horizonte, Lourdes",2,2,120m²,3,R$ 1.700.000
"Lourdes_Belo Horizonte, Lourdes_Q3_B3",1361927048.0,"Lourdes_Belo Horizonte, Lourdes",3,3,110m²,2,R$ 1.500.000
"Centro_Belo Horizonte, Centro_Q2_B1",1361904824.0,"Centro_Belo Horizonte, Centro",2,1,56m²,1,R$ 5.500
"Lourdes_Belo Horizonte, Lourdes_QNone_BNone",1361899631.0,"Lourdes_Belo Horizonte, Lourdes",,,30m²,,R$ 165.000
"Lourdes_Belo Horizonte, Lourdes_Q4_B3",1361883063.0,"Lourdes_Belo Horizonte, Lourdes",4,3,140m²,2,R$ 2.050.000
"Lourdes_Belo Horizonte, Lourdes_Q2_B1",1361880957.0,"Lourdes_Belo Horizonte, Lourdes",2,1,51m²,,R$ 913.140
"Lourdes_Belo Horizonte, Lourdes_QNone_BNone",1361868379.0,"Lourdes_Belo Horizonte, Lourdes",,,60m²,0,R$ 45.000
"Lourdes_Belo Horizonte, Lourdes_Q4_B3",1361815869.0,"Lourdes_Belo Horizonte, Lourdes",4,3,151m²,3,R$ 1.750.000
"Lourdes_Belo Horizonte, Lourdes_Q1_B1",1361779800.0,"Lourdes_Belo Horizonte, Lourdes",1,1,40m²,0,R$ 1.900
"Centro_Belo Horizonte, Centro_Q3_B1",1101565810.0,"Centro_Belo Horizonte, Centro",3,1,70m²,2,R$ 13.000
"Lourdes_Belo Horizonte, Lourdes_Q1_B1",1361746405.0,"Lourdes_Belo Horizonte, Lourdes",1,1,39m²,0,R$ 725.682
"Lourdes_Belo Horizonte, Lourdes_QNone_BNone",1361743770.0,"Lourdes_Belo Horizonte, Lourdes",,,723m²,5 ou mais,R$ 25.000
"Centro_Belo Horizonte, Centro_Q2_B3",1361737700.0,"Centro_Belo Horizonte, Centro",2,3,85m²,0,R$ 380.000
"Centro_Belo Horizonte, Centro_Q1_B1",1361737346.0,"Centro_Belo Horizonte, Centro",1,1,25m²,0,R$ 375.300
"Centro_Belo Horizonte, Centro_QNone_BNone",1361732815.0,"Centro_Belo Horizonte, Centro",,,37m²,0,R$ 1.546
"Lourdes_Belo Horizonte, Lourdes_QNone_BNone",1361730719.0,"Lourdes_Belo Horizonte, Lourdes",,,78m²,0,R$ 3.666
"Lourdes_Belo Horizonte, Lourdes_Q2_B2",1361730221.0,"Lourdes_Belo Horizonte, Lourdes",2,2,94m²,2,R$ 2.359.590
"Lourdes_Belo Horizonte, Lourdes_Q1_B1",1361730193.0,"Lourdes_Belo Horizonte, Lourdes",1,1,50m²,0,R$ 901.080
"Lourdes_Belo Horizonte, Lourdes_Q1_B1",1361730163.0,"Lourdes_Belo Horizonte, Lourdes",1,1,50m²,0,R$ 914.480
"Lourdes_Belo Horizonte, Lourdes_Q1_B1",1361730185.0,"Lourdes_Belo Horizonte, Lourdes",1,1,38m²,0,R$ 752.052
"Lourdes_Belo Horizonte, Lourdes_Q1_B1",1361730129.0,"Lourdes_Belo Horizonte, Lourdes",1,1,49m²,1,R$ 1.234.480
"Lourdes_Belo Horizonte, Lourdes_Q4_B3",1361730140.0,"Lourdes_Belo Horizonte, Lourdes",4,3,181m²,2,R$ 1.880.000
"Lourdes_Belo Horizonte, Lourdes_Q1_B2",1361730145.0,"Lourdes_Belo Horizonte, Lourdes",1,2,65m²,2,R$ 1.587.063
"Lourdes_Belo Horizonte, Lourdes_Q2_B1",1361730110.0,"Lourdes_Belo Horizonte, Lourdes",2,1,51m²,1,R$ 982.328
"Lourdes_Belo Horizonte, Lourdes_Q2_B1",1361730092.0,"Lourdes_Belo Horizonte, Lourdes",2,1,51m²,0,R$ 913.140
"Lourdes_Belo Horizonte, Lourdes_Q1_B1",1361730094.0,"Lourdes_Belo Horizonte, Lourdes",1,1,44m²,0,R$ 829.212
"Lourdes_Belo Horizonte, Lourdes_Q1_B1",1361730102.0,"Lourdes_Belo Horizonte, Lourdes",1,1,40m²,0,R$ 778.816
"Lourdes_Belo Horizonte, Lourdes_Q1_B1",1361730105.0,"Lourdes_Belo Horizonte, Lourdes",1,1,40m²,0,R$ 737.566
"Lourdes_Belo Horizonte, Lourdes_Q1_B1",1361730053.0,"Lourdes_Belo Horizonte, Lourdes",1,1,44m²,0,R$ 858.872
"Lourdes_Belo Horizonte, Lourdes_Q1_B1",1361730054.0,"Lourdes_Belo Horizonte, Lourdes",1,1,40m²,0,R$ 727.380
"Centro_Belo Horizonte, Centro_QNone_BNone",1361727759.0,"Centro_Belo Horizonte, Centro",,,170m²,0,R$ 10.000
"Centro_Belo Horizonte, Centro_QNone_BNone",1361704525.0,"Centro_Belo Horizonte, Centro",,,,,R$ 800
"Lourdes_Belo Horizonte, Lourdes_Q2_B3",1361698677.0,"Lourdes_Belo Horizonte, Lourdes",2,3,80m²,2,R$ 970.000
"Lourdes_Belo Horizonte, Lourdes_Q1_B1",1361693352.0,"Lourdes_Belo Horizonte, Lourdes",1,1,51m²,1,R$ 982.328
"Lourdes_Belo Horizonte, Lourdes_Q1_B3",1361692899.0,"Lourdes_Belo Horizonte, Lourdes",1,3,56m²,1,R$ 867.764
"Lourdes_Belo Horizonte, Lourdes_Q4_B4",1361692803.0,"Lourdes_Belo Horizonte, Lourdes",4,4,296m²,4,R$ 4.750.000
"Lourdes_Belo Horizonte, Lourdes_QNone_BNone",1361667842.0,"Lourdes_Belo Horizonte, Lourdes",,,100m²,0,R$ 4.000
"Lourdes_Belo Horizonte, Lourdes_Q3_B3",1361657796.0,"Lourdes_Belo Horizonte, Lourdes",3,3,95m²,2,R$ 1.300.000
"Lourdes_Belo Horizonte, Lourdes_Q2_B2",1361654109.0,"Lourdes_Belo Horizonte, Lourdes",2,2,128m²,2,R$ 1.660.000
"Lourdes_Belo Horizonte, Lourdes_Q4_B2",1361647448.0,"Lourdes_Belo Horizonte, Lourdes",4,2,150m²,2,R$ 6.000
"Lourdes_Belo Horizonte, Lourdes_Q2_B2",1361647194.0,"Lourdes_Belo Horizonte, Lourdes",2,2,70m²,2,R$ 1.089.000
"Lourdes_Belo Horizonte, Lourdes_Q2_B2",1361645392.0,"Lourdes_Belo Horizonte, Lourdes",2,2,90m²,2,R$ 8.500
"Lourdes_Belo Horizonte, Lourdes_Q4_B3",1361641705.0,"Lourdes_Belo Horizonte, Lourdes",4,3,148m²,2,R$ 1.400.000
"Lourdes_Belo Horizonte, Lourdes_Q3_B3",1361640636.0,"Lourdes_Belo Horizonte, Lourdes",3,3,89m²,2,R$ 1.350.000
"Lourdes_Belo Horizonte, Lourdes_QNone_BNone",1361640606.0,"Lourdes_Belo Horizonte, Lourdes",,,22m²,0,R$ 175.000
"Lourdes_Belo Horizonte, Lourdes_Q2_B1",1361637549.0,"Lourdes_Belo Horizonte, Lourdes",2,1,85m²,2,R$ 1.100.000
"Lourdes_Belo Horizonte, Lourdes_Q4_B3",1361635840.0,"Lourdes_Belo Horizonte, Lourdes",4,3,165m²,2,R$ 5.000
"Lourdes_Belo Horizonte, Lourdes_Q4_B5 ou mais",1361633385.0,"Lourdes_Belo Horizonte, Lourdes",4,5 ou mais,290m²,4,R$ 15.500
"Lourdes_Belo Horizonte, Lourdes_Q2_B3",1361613521.0,"Lourdes_Belo Horizonte, Lourdes",2,3,85m²,2,R$ 1.100.000
"Lourdes_Belo Horizonte, Lourdes_Q4_B2",1361613441.0,"Lourdes_Belo Horizonte, Lourdes",4,2,195m²,2,R$ 2.250.000
"Lourdes_Belo Horizonte, Lourdes_Q4_B1",1361613204.0,"Lourdes_Belo Horizonte, Lourdes",4,1,280m²,3,R$ 1.750.000
"Lourdes_Belo Horizonte, Lourdes_Q2_B1",1361613184.0,"Lourdes_Belo Horizonte, Lourdes",2,1,85m²,2,R$ 1.100.000
"Lourdes_Belo Horizonte, Lourdes_Q2_B1",1361610016.0,"Lourdes_Belo Horizonte, Lourdes",2,1,54m²,2,R$ 840.000
"Lourdes_Belo Horizonte, Lourdes_Q2_B1",1361609910.0,"Lourdes_Belo Horizonte, Lourdes",2,1,51m²,2,R$ 990.000
"Lourdes_Belo Horizonte, Lourdes_Q2_B2",1361575460.0,"Lourdes_Belo Horizonte, Lourdes",2,2,85m²,2,R$ 1.100.000
"Lourdes_Belo Horizonte, Lourdes_QNone_BNone",1361574564.0,"Lourdes_Belo Horizonte, Lourdes",,,30m²,,R$ 1.950
"Lourdes_Belo Horizonte, Lourdes_Q1_B1",1361459230.0,"Lourdes_Belo Horizonte, Lourdes",1,1,,0,R$ 2.400
"Lourdes_Belo Horizonte, Lourdes_QNone_BNone",1361310547.0,"Lourdes_Belo Horizonte, Lourdes",,,31m²,,R$ 425.000
"Lourdes_Belo Horizonte, Lourdes_QNone_BNone",1361306851.0,"Lourdes_Belo Horizonte, Lourdes",,,29m²,,R$ 115.000
"Lourdes_Belo Horizonte, Lourdes_QNone_BNone",1361136791.0,"Lourdes_Belo Horizonte, Lourdes",,,3231m²,,R$ 575.000
"Lourdes_Belo Horizonte, Lourdes_Q3_B3",1361135985.0,"Lourdes_Belo Horizonte, Lourdes",3,3,190m²,3,R$ 3.500.000
"Lourdes_Belo Horizonte, Lourdes_Q3_B3",1361135874.0,"Lourdes_Belo Horizonte, Lourdes",3,3,100m²,2,R$ 1.450.000
"Lourdes_Belo Horizonte, Lourdes_Q3_B3",1261848979.0,"Lourdes_Belo Horizonte, Lourdes",3,3,100m²,3,R$ 1.390.000
"Lourdes_Belo Horizonte, Lourdes_Q2_B2",1328642091.0,"Lourdes_Belo Horizonte, Lourdes",2,2,72m²,2,R$ 3.100
"Lourdes_Belo Horizonte, Lourdes_Q4_B4",1361105250.0,"Lourdes_Belo Horizonte, Lourdes",4,4,291m²,,R$ 4.750.000
"Lourdes_Belo Horizonte, Lourdes_Q4_B5 ou mais",1360974565.0,"Lourdes_Belo Horizonte, Lourdes",4,5 ou mais,419m²,4,R$ 3.890.000
"Lourdes_Belo Horizonte, Lourdes_Q1_B1",1360970506.0,"Lourdes_Belo Horizonte, Lourdes",1,1,60m²,1,R$ 1.195.000
"Lourdes_Belo Horizonte, Lourdes_Q1_B1",1360890731.0,"Lourdes_Belo Horizonte, Lourdes",1,1,37m²,1,R$ 1.234.480
"Cidade Jardim_Belo Horizonte, Cidade Jardim_Q2_B1",1360783610.0,"Cidade Jardim_Belo Horizonte, Cidade Jardim",2,1,150m²,1,R$ 770.000
"Lourdes_Belo Horizonte, Lourdes_Q4_B4",1360761751.0,"Lourdes_Belo Horizonte, Lourdes",4,4,206m²,4,R$ 4.750.000
"Lourdes_Belo Horizonte, Lourdes_Q2_B2",1360745777.0,"Lourdes_Belo Horizonte, Lourdes",2,2,62m²,1,R$ 4.300
"Lourdes_Belo Horizonte, Lourdes_Q2_B2",1360715134.0,"Lourdes_Belo Horizonte, Lourdes",2,2,75m²,2,R$ 1.556.576
"Centro_Belo Horizonte, Centro_QNone_BNone",1360703991.0,"Centro_Belo Horizonte, Centro",,,140m²,0,R$ 2.000
"Lourdes_Belo Horizonte, Lourdes_Q3_B2",1360703451.0,"Lourdes_Belo Horizonte, Lourdes",3,2,118m²,1,R$ 1.190.000
"Lourdes_Belo Horizonte, Lourdes_Q2_B2",1360703321.0,"Lourdes_Belo Horizonte, Lourdes",2,2,137m²,2,R$ 1.941.197
"Lourdes_Belo Horizonte, Lourdes_Q2_B2",1360703132.0,"Lourdes_Belo Horizonte, Lourdes",2,2,77m²,2,R$ 1.604.709
"Lourdes_Belo Horizonte, Lourdes_Q3_B2",1360703057.0,"Lourdes_Belo Horizonte, Lourdes",3,2,118m²,2,R$ 2.786.488
"Lourdes_Belo Horizonte, Lourdes_Q3_B3",1360702886.0,"Lourdes_Belo Horizonte, Lourdes",3,3,109m²,2,R$ 2.535.837
"Lourdes_Belo Horizonte, Lourdes_Q4_B4",1360702440.0,"Lourdes_Belo Horizonte, Lourdes",4,4,257m²,3,R$ 2.850.000
"Lourdes_Belo Horizonte, Lourdes_Q1_B2",1360702431.0,"Lourdes_Belo Horizonte, Lourdes",1,2,58m²,1,R$ 370.000
"Lourdes_Belo Horizonte, Lourdes_Q4_B4",1360701820.0,"Lourdes_Belo Horizonte, Lourdes",4,4,210m²,5 ou mais,R$ 4.750.000
"Lourdes_Belo Horizonte, Lourdes_Q2_B2",1360698147.0,"Lourdes_Belo Horizonte, Lourdes",2,2,85m²,2,R$ 1.100.000
"Lourdes_Belo Horizonte, Lourdes_Q4_B4",1360696523.0,"Lourdes_Belo Horizonte, Lourdes",4,4,290m²,3,R$ 2.750.000
"Lourdes_Belo Horizonte, Lourdes_Q3_B2",1360689592.0,"Lourdes_Belo Horizonte, Lourdes",3,2,186m²,3,R$ 3.500.000
"Lourdes_Belo Horizonte, Lourdes_Q4_B4",1360635955.0,"Lourdes_Belo Horizonte, Lourdes",4,4,280m²,,R$ 4.200.000
"Lourdes_Belo Horizonte, Lourdes_Q4_B5 ou mais",1360635236.0,"Lourdes_Belo Horizonte, Lourdes",4,5 ou mais,413m²,,R$ 6.000.000
"Lourdes_Belo Horizonte, Lourdes_Q3_B5 ou mais",1360635133.0,"Lourdes_Belo Horizonte, Lourdes",3,5 ou mais,109m²,,R$ 2.500.000
"Lourdes_Belo Horizonte, Lourdes_Q4_B4",1360635035.0,"Lourdes_Belo Horizonte, Lourdes",4,4,420m²,,R$ 5.000.000
"Lourdes_Belo Horizonte, Lourdes_Q3_B5 ou mais",1360634989.0,"Lourdes_Belo Horizonte, Lourdes",3,5 ou mais,413m²,,R$ 6.500.000
"Lourdes_Belo Horizonte, Lourdes_Q2_B2",1360634965.0,"Lourdes_Belo Horizonte, Lourdes",2,2,208m²,,R$ 5.600.000
"Lourdes_Belo Horizonte, Lourdes_Q4_B5 ou mais",1360634882.0,"Lourdes_Belo Horizonte, Lourdes",4,5 ou mais,312m²,,R$ 6.900.000
"Lourdes_Belo Horizonte, Lourdes_Q4_B5 ou mais",1360634853.0,"Lourdes_Belo Horizonte, Lourdes",4,5 ou mais,385m²,,R$ 11.550.000
"Lourdes_Belo Horizonte, Lourdes_Q4_B5 ou mais",1360634805.0,"Lourdes_Belo Horizonte, Lourdes",4,5 ou mais,363m²,,R$ 6.500.000
"Lourdes_Belo Horizonte, Lourdes_Q4_B5 ou mais",1360634810.0,"Lourdes_Belo Horizonte, Lourdes",4,5 ou mais,472m²,,R$ 5.500.000
"Lourdes_Belo Horizonte, Lourdes_Q3_B4",1360634790.0,"Lourdes_Belo Horizonte, Lourdes",3,4,93m²,,R$ 1.850.000
"Lourdes_Belo Horizonte, Lourdes_Q3_B5 ou mais",1360634765.0,"Lourdes_Belo Horizonte, Lourdes",3,5 ou mais,540m²,,R$ 7.300.000
"Lourdes_Belo Horizonte, Lourdes_Q2_B2",1360634718.0,"Lourdes_Belo Horizonte, Lourdes",2,2,186m²,,R$ 2.990.000
"Lourdes_Belo Horizonte, Lourdes_Q3_B3",1360590785.0,"Lourdes_Belo Horizonte, Lourdes",3,3,115m²,1,R$ 695.000
"Lourdes_Belo Horizonte, Lourdes_Q5 ou mais_B5 ou mais",1360533207.0,"Lourdes_Belo Horizonte, Lourdes",5 ou mais,5 ou mais,410m²,5 ou mais,R$ 5.100.000
"Lourdes_Belo Horizonte, Lourdes_Q3_B3",1360500773.0,"Lourdes_Belo Horizonte, Lourdes",3,3,87m²,2,R$ 1.300.000
"Lourdes_Belo Horizonte, Lourdes_Q3_B2",1360499926.0,"Lourdes_Belo Horizonte, Lourdes",3,2,95m²,2,R$ 890.000
"Lourdes_Belo Horizonte, Lourdes_Q2_B2",1360480583.0,"Lourdes_Belo Horizonte, Lourdes",2,2,77m²,1,R$ 1.050.000
"Lourdes_Belo Horizonte, Lourdes_Q2_B3",1360476023.0,"Lourdes_Belo Horizonte, Lourdes",2,3,121m²,3,R$ 1.690.000
"Lourdes_Belo Horizonte, Lourdes_Q2_B2",1360475938.0,"Lourdes_Belo Horizonte, Lourdes",2,2,129m²,2,R$ 1.650.000
"Lourdes_Belo Horizonte, Lourdes_Q4_B2",1360457649.0,"Lourdes_Belo Horizonte, Lourdes",4,2,280m²,3,R$ 1.750.000
"Lourdes_Belo Horizonte, Lourdes_Q4_B1",1360457317.0,"Lourdes_Belo Horizonte, Lourdes",4,1,280m²,3,R$ 1.750.000
"Lourdes_Belo Horizonte, Lourdes_QNone_BNone",1360456363.0,"Lourdes_Belo Horizonte, Lourdes",,,138m²,2,R$ 1.400.000
"Lourdes_Belo Horizonte, Lourdes_Q3_B3",1360433851.0,"Lourdes_Belo Horizonte, Lourdes",3,3,118m²,2,R$ 1.990.000
"Lourdes_Belo Horizonte, Lourdes_QNone_BNone",1360431447.0,"Lourdes_Belo Horizonte, Lourdes",,,56m²,1,R$ 2.160
"Lourdes_Belo Horizonte, Lourdes_Q2_B2",1360428109.0,"Lourdes_Belo Horizonte, Lourdes",2,2,63m²,1,R$ 991.565
"Lourdes_Belo Horizonte, Lourdes_Q4_B5 ou mais",1360416158.0,"Lourdes_Belo Horizonte, Lourdes",4,5 ou mais,285m²,4,R$ 4.750.000
"Lourdes_Belo Horizonte, Lourdes_Q4_B3",1360391194.0,"Lourdes_Belo Horizonte, Lourdes",4,3,230m²,1,R$ 870.000
"Lourdes_Belo Horizonte, Lourdes_Q4_B5 ou mais",1360381345.0,"Lourdes_Belo Horizonte, Lourdes",4,5 ou mais,290m²,4,R$ 5.200.000
"Lourdes_Belo Horizonte, Lourdes_Q1_B1",1360336822.0,"Lourdes_Belo Horizonte, Lourdes",1,1,46m²,1,R$ 510.000
"Lourdes_Belo Horizonte, Lourdes_Q1_B1",1360248051.0,"Lourdes_Belo Horizonte, Lourdes",1,1,51m²,1,R$ 778.816
"Lourdes_Belo Horizonte, Lourdes_Q1_B1",1360247947.0,"Lourdes_Belo Horizonte, Lourdes",1,1,58m²,1,R$ 2.359.590
"Lourdes_Belo Horizonte, Lourdes_Q1_B1",1360247875.0,"Lourdes_Belo Horizonte, Lourdes",1,1,40m²,1,R$ 1.587.063
"Lourdes_Belo Horizonte, Lourdes_QNone_BNone",1360221348.0,"Lourdes_Belo Horizonte, Lourdes",,,412m²,5 ou mais,R$ 4.400.000
"Lourdes_Belo Horizonte, Lourdes_Q3_B3",1360220745.0,"Lourdes_Belo Horizonte, Lourdes",3,3,110m²,2,R$ 1.350.000
"Lourdes_Belo Horizonte, Lourdes_Q4_B4",1360154277.0,"Lourdes_Belo Horizonte, Lourdes",4,4,300m²,3,R$ 2.800.000
"Lourdes_Belo Horizonte, Lourdes_QNone_BNone",1360154352.0,"Lourdes_Belo Horizonte, Lourdes",,,21m²,0,R$ 503.040
"Lourdes_Belo Horizonte, Lourdes_QNone_BNone",1360154694.0,"Lourdes_Belo Horizonte, Lourdes",,,26m²,0,R$ 588.340
"Lourdes_Belo Horizonte, Lourdes_Q3_B2",1360148278.0,"Lourdes_Belo Horizonte, Lourdes",3,2,150m²,1,R$ 3.800
"Lourdes_Belo Horizonte, Lourdes_Q3_B2",1360143740.0,"Lourdes_Belo Horizonte, Lourdes",3,2,150m²,0,R$ 3.800
"Lourdes_Belo Horizonte, Lourdes_Q1_B1",1360124402.0,"Lourdes_Belo Horizonte, Lourdes",1,1,37m²,,R$ 360.000
"Lourdes_Belo Horizonte, Lourdes_Q3_B1",1360017536.0,"Lourdes_Belo Horizonte, Lourdes",3,1,194m²,2,R$ 4.698.000
"Centro_Belo Horizonte, Centro_Q2_B1",1360010808.0,"Centro_Belo Horizonte, Centro",2,1,55m²,1,R$ 5.500
"Centro_Belo Horizonte, Centro_Q2_B1",1360010688.0,"Centro_Belo Horizonte, Centro",2,1,55m²,1,R$ 5.500
"Lourdes_Belo Horizonte, Lourdes_QNone_BNone",1359992209.0,"Lourdes_Belo Horizonte, Lourdes",,,210m²,2,R$ 4.800
"Lourdes_Belo Horizonte, Lourdes_Q3_B1",1359947089.0,"Lourdes_Belo Horizonte, Lourdes",3,1,224m²,4,R$ 3.890.000
"Lourdes_Belo Horizonte, Lourdes_QNone_BNone",1359884134.0,"Lourdes_Belo Horizonte, Lourdes",,,120m²,0,R$ 6.900
"Lourdes_Belo Horizonte, Lourdes_Q2_B2",1359880023.0,"Lourdes_Belo Horizonte, Lourdes",2,2,59m²,2,R$ 1.470.000
"Lourdes_Belo Horizonte, Lourdes_Q3_B2",1359879852.0,"Lourdes_Belo Horizonte, Lourdes",3,2,82m²,1,R$ 635.000
"Lourdes_Belo Horizonte, Lourdes_Q4_B4",1359879853.0,"Lourdes_Belo Horizonte, Lourdes",4,4,260m²,3,R$ 2.850.000
"Lourdes_Belo Horizonte, Lourdes_Q3_B3",1359851014.0,"Lourdes_Belo Horizonte, Lourdes",3,3,87m²,2,R$ 1.300.000
"Lourdes_Belo Horizonte, Lourdes_Q3_B2",1359850894.0,"Lourdes_Belo Horizonte, Lourdes",3,2,87m²,1,R$ 1.192.018
"Lourdes_Belo Horizonte, Lourdes_Q3_B2",1359850893.0,"Lourdes_Belo Horizonte, Lourdes",3,2,85m²,1,R$ 1.191.623
"Lourdes_Belo Horizonte, Lourdes_Q3_B2",1359850890.0,"Lourdes_Belo Horizonte, Lourdes",3,2,77m²,1,R$ 1.046.742
"Lourdes_Belo Horizonte, Lourdes_Q4_B4",1359838303.0,"Lourdes_Belo Horizonte, Lourdes",4,4,154m²,3,R$ 2.150.000
"Lourdes_Belo Horizonte, Lourdes_Q3_B1",1359816013.0,"Lourdes_Belo Horizonte, Lourdes",3,1,87m²,2,R$ 1.300.000
"Lourdes_Belo Horizonte, Lourdes_Q4_B1",1359808069.0,"Lourdes_Belo Horizonte, Lourdes",4,1,170m²,2,R$ 2.000.000
"Centro_Belo Horizonte, Centro_Q3_B2",1236172716.0,"Centro_Belo Horizonte, Centro",3,2,180m²,1,R$ 120.000
"Lourdes_Belo Horizonte, Lourdes_Q4_B4",1359779645.0,"Lourdes_Belo Horizonte, Lourdes",4,4,178m²,2,R$ 1.690.000
"Lourdes_Belo Horizonte, Lourdes_Q4_B5 ou mais",1359745139.0,"Lourdes_Belo Horizonte, Lourdes",4,5 ou mais,410m²,5 ou mais,R$ 5.800.000
"Lourdes_Belo Horizonte, Lourdes_QNone_BNone",1355752283.0,"Lourdes_Belo Horizonte, Lourdes",,,175m²,5 ou mais,R$ 1.200.000
"Lourdes_Belo Horizonte, Lourdes_Q2_B2",1359692794.0,"Lourdes_Belo Horizonte, Lourdes",2,2,63m²,2,R$ 5.500
"Lourdes_Belo Horizonte, Lourdes_Q2_B2",1359690868.0,"Lourdes_Belo Horizonte, Lourdes",2,2,63m²,2,R$ 5.500
"Lourdes_Belo Horizonte, Lourdes_Q4_B3",1359668998.0,"Lourdes_Belo Horizonte, Lourdes",4,3,205m²,2,R$ 1.775.000
"Lourdes_Belo Horizonte, Lourdes_Q4_B4",1359669103.0,"Lourdes_Belo Horizonte, Lourdes",4,4,260m²,3,R$ 2.850.000
"Centro_Belo Horizonte, Centro_Q3_B2",1359666863.0,"Centro_Belo Horizonte, Centro",3,2,125m²,0,R$ 450.000
"Lourdes_Belo Horizonte, Lourdes_Q2_B1",1359620504.0,"Lourdes_Belo Horizonte, Lourdes",2,1,75m²,0,R$ 500.000
"Lourdes_Belo Horizonte, Lourdes_Q4_B2",1359610026.0,"Lourdes_Belo Horizonte, Lourdes",4,2,230m²,2,R$ 2.580.000
"Lourdes_Belo Horizonte, Lourdes_QNone_BNone",1359592680.0,"Lourdes_Belo Horizonte, Lourdes",,,27m²,0,R$ 220.000
"Lourdes_Belo Horizonte, Lourdes_QNone_BNone",1359592600.0,"Lourdes_Belo Horizonte, Lourdes",,,27m²,0,R$ 1.500
"Lourdes_Belo Horizonte, Lourdes_Q3_B3",1359542431.0,"Lourdes_Belo Horizonte, Lourdes",3,3,87m²,2,R$ 1.300.000
"Lourdes_Belo Horizonte, Lourdes_QNone_BNone",1359511064.0,"Lourdes_Belo Horizonte, Lourdes",,,112m²,0,R$ 7.500
"Lourdes_Belo Horizonte, Lourdes_Q2_B2",1359338260.0,"Lourdes_Belo Horizonte, Lourdes",2,2,77m²,1,R$ 1.050.000
"Lourdes_Belo Horizonte, Lourdes_Q3_B2",1253410424.0,"Lourdes_Belo Horizonte, Lourdes",3,2,280m²,2,R$ 15.000
"Lourdes_Belo Horizonte, Lourdes_QNone_BNone",1342592473.0,"Lourdes_Belo Horizonte, Lourdes",,,22m²,,R$ 750
"Lourdes_Belo Horizonte, Lourdes_Q1_B1",1359263394.0,"Lourdes_Belo Horizonte, Lourdes",1,1,39m²,1,R$ 1.950
"Lourdes_Belo Horizonte, Lourdes_Q3_B2",1359223338.0,"Lourdes_Belo Horizonte, Lourdes",3,2,116m²,2,R$ 2.230.000
"Centro_Belo Horizonte, Centro_QNone_BNone",1358971172.0,"Centro_Belo Horizonte, Centro",,,584m²,5 ou mais,R$ 60.000
"Centro_Belo Horizonte, Centro_QNone_BNone",1358971155.0,"Centro_Belo Horizonte, Centro",,,584m²,5 ou mais,R$ 9.400.000
"Lourdes_Belo Horizonte, Lourdes_Q3_B2",1358851782.0,"Lourdes_Belo Horizonte, Lourdes",3,2,115m²,1,R$ 3.600
"Centro_Belo Horizonte, Centro_Q1_B1",1358838926.0,"Centro_Belo Horizonte, Centro",1,1,30m²,0,R$ 501.145
"Lourdes_Belo Horizonte, Lourdes_QNone_BNone",1358801420.0,"Lourdes_Belo Horizonte, Lourdes",,,45m²,0,R$ 1.500
"Lourdes_Belo Horizonte, Lourdes_QNone_BNone",1358801041.0,"Lourdes_Belo Horizonte, Lourdes",,,22m²,0,R$ 800
"Lourdes_Belo Horizonte, Lourdes_QNone_BNone",1358799382.0,"Lourdes_Belo Horizonte, Lourdes",,,22m²,0,R$ 800
"Lourdes_Belo Horizonte, Lourdes_Q4_B3",1358799371.0,"Lourdes_Belo Horizonte, Lourdes",4,3,230m²,3,R$ 26.500
"Lourdes_Belo Horizonte, Lourdes_Q3_B2",1358795345.0,"Lourdes_Belo Horizonte, Lourdes",3,2,106m²,,R$ 5.000
"Lourdes_Belo Horizonte, Lourdes_Q3_B3",1358795137.0,"Lourdes_Belo Horizonte, Lourdes",3,3,186m²,3,R$ 3.500.000
"Lourdes_Belo Horizonte, Lourdes_Q2_B1",1358776555.0,"Lourdes_Belo Horizonte, Lourdes",2,1,65m²,2,R$ 1.270.000
"Lourdes_Belo Horizonte, Lourdes_Q4_B4",1358770152.0,"Lourdes_Belo Horizonte, Lourdes",4,4,240m²,3,R$ 3.350.000
"Lourdes_Belo Horizonte, Lourdes_Q4_B4",1358768507.0,"Lourdes_Belo Horizonte, Lourdes",4,4,131m²,4,R$ 2.550.000
"Lourdes_Belo Horizonte, Lourdes_Q3_B2",1358745820.0,"Lourdes_Belo Horizonte, Lourdes",3,2,109m²,2,R$ 2.250.000
"Lourdes_Belo Horizonte, Lourdes_Q3_B2",1358745442.0,"Lourdes_Belo Horizonte, Lourdes",3,2,171m²,4,R$ 2.200.000
"Lourdes_Belo Horizonte, Lourdes_Q2_B2",1358745389.0,"Lourdes_Belo Horizonte, Lourdes",2,2,68m²,2,R$ 1.450.000
"Lourdes_Belo Horizonte, Lourdes_Q3_B2",1358745277.0,"Lourdes_Belo Horizonte, Lourdes",3,2,120m²,2,R$ 2.600.000
"Lourdes_Belo Horizonte, Lourdes_Q3_B2",1358745272.0,"Lourdes_Belo Horizonte, Lourdes",3,2,116m²,2,R$ 2.230.000
"Lourdes_Belo Horizonte, Lourdes_QNone_BNone",1358745267.0,"Lourdes_Belo Horizonte, Lourdes",,,46m²,2,R$ 1.040.000
"Lourdes_Belo Horizonte, Lourdes_Q2_B2",1358736804.0,"Lourdes_Belo Horizonte, Lourdes",2,2,65m²,1,R$ 4.800
"Lourdes_Belo Horizonte, Lourdes_Q4_B5 ou mais",1358686978.0,"Lourdes_Belo Horizonte, Lourdes",4,5 ou mais,430m²,5 ou mais,R$ 5.500.000
"Centro_Belo Horizonte, Centro_QNone_BNone",1358683440.0,"Centro_Belo Horizonte, Centro",,,56m²,0,R$ 170.000
"Lourdes_Belo Horizonte, Lourdes_Q4_B5 ou mais",1358667699.0,"Lourdes_Belo Horizonte, Lourdes",4,5 ou mais,227m²,4,R$ 3.900.000
"Lourdes_Belo Horizonte, Lourdes_Q2_B2",1358667473.0,"Lourdes_Belo Horizonte, Lourdes",2,2,64m²,2,R$ 993.221
"Lourdes_Belo Horizonte, Lourdes_Q4_B3",1358667164.0,"Lourdes_Belo Horizonte, Lourdes",4,3,140m²,1,R$ 780.000
"Lourdes_Belo Horizonte, Lourdes_Q4_B4",1358666941.0,"Lourdes_Belo Horizonte, Lourdes",4,4,315m²,4,R$ 7.920.815
"Lourdes_Belo Horizonte, Lourdes_Q3_B2",1358666913.0,"Lourdes_Belo Horizonte, Lourdes",3,2,109m²,2,R$ 2.074.153
"Lourdes_Belo Horizonte, Lourdes_Q4_B4",1358666819.0,"Lourdes_Belo Horizonte, Lourdes",4,4,160m²,3,R$ 1.700.000
"Lourdes_Belo Horizonte, Lourdes_Q4_B4",1358666337.0,"Lourdes_Belo Horizonte, Lourdes",4,4,300m²,4,R$ 6.405.000
"Lourdes_Belo Horizonte, Lourdes_Q3_B3",1358666293.0,"Lourdes_Belo Horizonte, Lourdes",3,3,102m²,2,R$ 1.350.000
"Lourdes_Belo Horizonte, Lourdes_Q4_B3",1358666222.0,"Lourdes_Belo Horizonte, Lourdes",4,3,154m²,4,R$ 1.550.000
"Lourdes_Belo Horizonte, Lourdes_Q2_B2",1358666112.0,"Lourdes_Belo Horizonte, Lourdes",2,2,63m²,2,R$ 991.365
"Lourdes_Belo Horizonte, Lourdes_Q4_B5 ou mais",1358665716.0,"Lourdes_Belo Horizonte, Lourdes",4,5 ou mais,460m²,5 ou mais,R$ 4.320.000
"Lourdes_Belo Horizonte, Lourdes_Q2_B2",1358665709.0,"Lourdes_Belo Horizonte, Lourdes",2,2,63m²,2,R$ 999.759
"Lourdes_Belo Horizonte, Lourdes_Q3_B1",1358648716.0,"Lourdes_Belo Horizonte, Lourdes",3,1,120m²,2,R$ 1.580.000
"Lourdes_Belo Horizonte, Lourdes_Q3_B3",1358630691.0,"Lourdes_Belo Horizonte, Lourdes",3,3,188m²,3,R$ 1.995.000
"Lourdes_Belo Horizonte, Lourdes_Q3_B2",1358629417.0,"Lourdes_Belo Horizonte, Lourdes",3,2,79m²,2,R$ 1.210.000
"Santo Antônio_Belo Horizonte, Santo Antônio_QNone_BNone",1358555654.0,"Santo Antônio_Belo Horizonte, Santo Antônio",,,102m²,0,R$ 3.000
"Lourdes_Belo Horizonte, Lourdes_Q3_B4",1358542574.0,"Lourdes_Belo Horizonte, Lourdes",3,4,109m²,2,R$ 2.400.000
"Lourdes_Belo Horizonte, Lourdes_Q3_B4",1358534439.0,"Lourdes_Belo Horizonte, Lourdes",3,4,175m²,3,R$ 9.000
"Lourdes_Belo Horizonte, Lourdes_QNone_BNone",1358510160.0,"Lourdes_Belo Horizonte, Lourdes",,,450m²,,R$ 20.900
"Lourdes_Belo Horizonte, Lourdes_QNone_BNone",1358507108.0,"Lourdes_Belo Horizonte, Lourdes",,,700m²,,R$ 45.000
"Lourdes_Belo Horizonte, Lourdes_Q2_B1",1358505684.0,"Lourdes_Belo Horizonte, Lourdes",2,1,63m²,2,R$ 5.400
"Lourdes_Belo Horizonte, Lourdes_Q3_B2",1358483401.0,"Lourdes_Belo Horizonte, Lourdes",3,2,87m²,2,R$ 1.300.000
"Centro_Belo Horizonte, Centro_Q5 ou mais_B2",1358473715.0,"Centro_Belo Horizonte, Centro",5 ou mais,2,112m²,0,R$ 480.000
"Lourdes_Belo Horizonte, Lourdes_Q4_B5 ou mais",1358314817.0,"Lourdes_Belo Horizonte, Lourdes",4,5 ou mais,260m²,3,R$ 2.900.000
"Lourdes_Belo Horizonte, Lourdes_Q4_B2",1358251027.0,"Lourdes_Belo Horizonte, Lourdes",4,2,340m²,3,R$ 15.500
"Lourdes_Belo Horizonte, Lourdes_Q3_B3",1358209752.0,"Lourdes_Belo Horizonte, Lourdes",3,3,109m²,2,R$ 2.250.000
"Lourdes_Belo Horizonte, Lourdes_Q3_B4",1358203295.0,"Lourdes_Belo Horizonte, Lourdes",3,4,180m²,3,R$ 2.800.000
"Lourdes_Belo Horizonte, Lourdes_Q2_B3",1358201963.0,"Lourdes_Belo Horizonte, Lourdes",2,3,63m²,2,R$ 6.000
"Lourdes_Belo Horizonte, Lourdes_Q2_B3",1358194593.0,"Lourdes_Belo Horizonte, Lourdes",2,3,206m²,1,R$ 1.500.000
"Lourdes_Belo Horizonte, Lourdes_Q4_B4",1358165231.0,"Lourdes_Belo Horizonte, Lourdes",4,4,180m²,2,R$ 1.690.000
"Centro_Belo Horizonte, Centro_Q3_B2",1358164569.0,"Centro_Belo Horizonte, Centro",3,2,100m²,0,R$ 389.000
"Lourdes_Belo Horizonte, Lourdes_Q3_B3",1358164452.0,"Lourdes_Belo Horizonte, Lourdes",3,3,116m²,2,R$ 2.120.000
"Centro_Belo Horizonte, Centro_Q1_B1",1358163720.0,"Centro_Belo Horizonte, Centro",1,1,50m²,0,R$ 370.000
"Lourdes_Belo Horizonte, Lourdes_QNone_BNone",1358155665.0,"Lourdes_Belo Horizonte, Lourdes",,,84m²,1,R$ 3.400
"Santo Agostinho_Belo Horizonte, Santo Agostinho_QNone_BNone",1358147681.0,"Santo Agostinho_Belo Horizonte, Santo Agostinho",,,187m²,,R$ 7.500
"Lourdes_Belo Horizonte, Lourdes_Q4_B5 ou mais",1358025478.0,"Lourdes_Belo Horizonte, Lourdes",4,5 ou mais,210m²,4,R$ 4.750.000
"Lourdes_Belo Horizonte, Lourdes_Q3_B3",1358015537.0,"Lourdes_Belo Horizonte, Lourdes",3,3,120m²,1,R$ 1.220.000
"Centro_Belo Horizonte, Centro_Q2_B1",1358005677.0,"Centro_Belo Horizonte, Centro",2,1,56m²,1,R$ 980.000
"Lourdes_Belo Horizonte, Lourdes_QNone_BNone",1358004426.0,"Lourdes_Belo Horizonte, Lourdes",,,10196m²,,R$ 54.691.700
"Lourdes_Belo Horizonte, Lourdes_Q4_B3",1357970865.0,"Lourdes_Belo Horizonte, Lourdes",4,3,154m²,2,R$ 7.300
"Lourdes_Belo Horizonte, Lourdes_Q3_B2",1357961059.0,"Lourdes_Belo Horizonte, Lourdes",3,2,110m²,2,R$ 1.350.000
"Centro_Belo Horizonte, Centro_Q2_B1",1357881156.0,"Centro_Belo Horizonte, Centro",2,1,56m²,1,R$ 5.500
"Santo Antônio_Belo Horizonte, Santo Antônio_QNone_BNone",1357869466.0,"Santo Antônio_Belo Horizonte, Santo Antônio",,,214m²,4,R$ 10.500
"Lourdes_Belo Horizonte, Lourdes_Q3_B3",1357860929.0,"Lourdes_Belo Horizonte, Lourdes",3,3,83m²,2,R$ 1.270.822
"Lourdes_Belo Horizonte, Lourdes_Q3_B2",1357742618.0,"Lourdes_Belo Horizonte, Lourdes",3,2,98m²,2,R$ 1.100.000
"Lourdes_Belo Horizonte, Lourdes_QNone_BNone",1357734445.0,"Lourdes_Belo Horizonte, Lourdes",,,259m²,4,R$ 20.877
"Lourdes_Belo Horizonte, Lourdes_QNone_BNone",1357734367.0,"Lourdes_Belo Horizonte, Lourdes",,,638m²,5 ou mais,R$ 24.343
"Lourdes_Belo Horizonte, Lourdes_Q2_B3",1357651832.0,"Lourdes_Belo Horizonte, Lourdes",2,3,74m²,2,R$ 1.050.000
"Lourdes_Belo Horizonte, Lourdes_Q3_B1",1357554019.0,"Lourdes_Belo Horizonte, Lourdes",3,1,152m²,2,R$ 2.330.343
"Lourdes_Belo Horizonte, Lourdes_Q4_B3",1357552935.0,"Lourdes_Belo Horizonte, Lourdes",4,3,250m²,4,R$ 13.000
"Santo Antônio_Belo Horizonte, Santo Antônio_QNone_BNone",1357532136.0,"Santo Antônio_Belo Horizonte, Santo Antônio",,,174m²,3,R$ 8.500
"Lourdes_Belo Horizonte, Lourdes_Q5 ou mais_B4",1357531641.0,"Lourdes_Belo Horizonte, Lourdes",5 ou mais,4,200m²,3,R$ 1.880.000
"Lourdes_Belo Horizonte, Lourdes_Q2_B2",1357435572.0,"Lourdes_Belo Horizonte, Lourdes",2,2,54m²,2,R$ 6.999
"Lourdes_Belo Horizonte, Lourdes_QNone_BNone",1357358008.0,"Lourdes_Belo Horizonte, Lourdes",,,28m²,,R$ 200.000
"Lourdes_Belo Horizonte, Lourdes_Q2_B2",1357334215.0,"Lourdes_Belo Horizonte, Lourdes",2,2,80m²,1,R$ 635.000
"Lourdes_Belo Horizonte, Lourdes_Q4_B4",1357093082.0,"Lourdes_Belo Horizonte, Lourdes",4,4,230m²,4,R$ 2.390.000
"Centro_Belo Horizonte, Centro_Q2_B1",1357013559.0,"Centro_Belo Horizonte, Centro",2,1,51m²,1,R$ 980.000
"Centro_Belo Horizonte, Centro_Q2_B1",1357013552.0,"Centro_Belo Horizonte, Centro",2,1,51m²,1,R$ 5.500
"Centro_Belo Horizonte, Centro_Q2_B1",1357013520.0,"Centro_Belo Horizonte, Centro",2,1,51m²,1,R$ 5.500
"Centro_Belo Horizonte, Centro_QNone_BNone",1356951860.0,"Centro_Belo Horizonte, Centro",,,58m²,0,R$ 155.000
"Lourdes_Belo Horizonte, Lourdes_Q4_B4",1356950252.0,"Lourdes_Belo Horizonte, Lourdes",4,4,198m²,2,R$ 2.490.000
"Lourdes_Belo Horizonte, Lourdes_Q3_B3",1356937289.0,"Lourdes_Belo Horizonte, Lourdes",3,3,78m²,2,R$ 1.750.000
"Lourdes_Belo Horizonte, Lourdes_Q3_B3",1356932560.0,"Lourdes_Belo Horizonte, Lourdes",3,3,112m²,2,R$ 2.400.000
"Lourdes_Belo Horizonte, Lourdes_Q4_B3",1356903600.0,"Lourdes_Belo Horizonte, Lourdes",4,3,258m²,4,R$ 3.100.000
"Lourdes_Belo Horizonte, Lourdes_Q3_B3",1356894469.0,"Lourdes_Belo Horizonte, Lourdes",3,3,93m²,2,R$ 2.020.000
"Lourdes_Belo Horizonte, Lourdes_Q4_B4",1356893972.0,"Lourdes_Belo Horizonte, Lourdes",4,4,138m²,3,R$ 1.850.000
"Lourdes_Belo Horizonte, Lourdes_Q3_B3",1356889597.0,"Lourdes_Belo Horizonte, Lourdes",3,3,101m²,2,R$ 6.600
"Lourdes_Belo Horizonte, Lourdes_Q2_B1",1356885220.0,"Lourdes_Belo Horizonte, Lourdes",2,1,69m²,2,R$ 900.000
"Lourdes_Belo Horizonte, Lourdes_Q2_B1",1356866586.0,"Lourdes_Belo Horizonte, Lourdes",2,1,77m²,1,R$ 1.587.063
"Lourdes_Belo Horizonte, Lourdes_Q3_B1",1356866348.0,"Lourdes_Belo Horizonte, Lourdes",3,1,100m²,2,R$ 1.800.000
"Lourdes_Belo Horizonte, Lourdes_Q2_B1",1356862833.0,"Lourdes_Belo Horizonte, Lourdes",2,1,91m²,1,R$ 1.854.275
"Lourdes_Belo Horizonte, Lourdes_Q2_B1",1356862854.0,"Lourdes_Belo Horizonte, Lourdes",2,1,110m²,1,R$ 2.359.590
"Lourdes_Belo Horizonte, Lourdes_Q4_B3",1356862866.0,"Lourdes_Belo Horizonte, Lourdes",4,3,140m²,2,R$ 1.100.000
"Lourdes_Belo Horizonte, Lourdes_Q2_B1",1356862685.0,"Lourdes_Belo Horizonte, Lourdes",2,1,95m²,1,R$ 2.283.750
"Lourdes_Belo Horizonte, Lourdes_Q2_B3",1356855926.0,"Lourdes_Belo Horizonte, Lourdes",2,3,60m²,2,R$ 1.000.000
"Lourdes_Belo Horizonte, Lourdes_Q4_B3",1356838242.0,"Lourdes_Belo Horizonte, Lourdes",4,3,250m²,4,R$ 2.749.000
"Lourdes_Belo Horizonte, Lourdes_Q4_B3",1356813474.0,"Lourdes_Belo Horizonte, Lourdes",4,3,160m²,2,R$ 1.400.000
"Lourdes_Belo Horizonte, Lourdes_Q2_B2",1356776992.0,"Lourdes_Belo Horizonte, Lourdes",2,2,63m²,2,R$ 5.900
"Centro_Belo Horizonte, Centro_Q3_B2",1356734645.0,"Centro_Belo Horizonte, Centro",3,2,130m²,0,R$ 450.000
"Lourdes_Belo Horizonte, Lourdes_Q3_B2",1356670413.0,"Lourdes_Belo Horizonte, Lourdes",3,2,152m²,4,R$ 2.200.000
"Centro_Belo Horizonte, Centro_Q2_B1",1356581133.0,"Centro_Belo Horizonte, Centro",2,1,81m²,0,R$ 350.000
"Lourdes_Belo Horizonte, Lourdes_QNone_BNone",1356569405.0,"Lourdes_Belo Horizonte, Lourdes",,,56m²,0,R$ 2.200
"Lourdes_Belo Horizonte, Lourdes_Q4_B3",1356568130.0,"Lourdes_Belo Horizonte, Lourdes",4,3,152m²,2,R$ 1.600.000
"Lourdes_Belo Horizonte, Lourdes_Q1_B1",1356561764.0,"Lourdes_Belo Horizonte, Lourdes",1,1,39m²,1,R$ 790.000
"Lourdes_Belo Horizonte, Lourdes_Q1_B1",1356561326.0,"Lourdes_Belo Horizonte, Lourdes",1,1,50m²,1,R$ 1.091.125
"Lourdes_Belo Horizonte, Lourdes_Q1_B1",1356561124.0,"Lourdes_Belo Horizonte, Lourdes",1,1,48m²,1,R$ 914.480
"Lourdes_Belo Horizonte, Lourdes_Q1_B1",1356561076.0,"Lourdes_Belo Horizonte, Lourdes",1,1,53m²,1,R$ 1.055.895
"Lourdes_Belo Horizonte, Lourdes_Q1_B1",1356560919.0,"Lourdes_Belo Horizonte, Lourdes",1,1,49m²,1,R$ 982.600
"Lourdes_Belo Horizonte, Lourdes_Q1_B1",1356560911.0,"Lourdes_Belo Horizonte, Lourdes",1,1,58m²,1,R$ 1.165.200
"Lourdes_Belo Horizonte, Lourdes_Q3_B2",1356551087.0,"Lourdes_Belo Horizonte, Lourdes",3,2,110m²,2,R$ 1.185.000
"Lourdes_Belo Horizonte, Lourdes_Q3_B2",1356541803.0,"Lourdes_Belo Horizonte, Lourdes",3,2,85m²,2,R$ 1.100.000
"Lourdes_Belo Horizonte, Lourdes_QNone_BNone",1356526371.0,"Lourdes_Belo Horizonte, Lourdes",,,25m²,0,R$ 180.000
"Lourdes_Belo Horizonte, Lourdes_Q4_B2",1356524694.0,"Lourdes_Belo Horizonte, Lourdes",4,2,232m²,2,R$ 7.500
"Lourdes_Belo Horizonte, Lourdes_Q1_B2",1356524684.0,"Lourdes_Belo Horizonte, Lourdes",1,2,59m²,2,R$ 3.800
"Lourdes_Belo Horizonte, Lourdes_Q1_B1",1356524389.0,"Lourdes_Belo Horizonte, Lourdes",1,1,35m²,1,R$ 450.000
"Centro_Belo Horizonte, Centro_Q1_B1",1356506885.0,"Centro_Belo Horizonte, Centro",1,1,42m²,1,R$ 3.690
"Lourdes_Belo Horizonte, Lourdes_Q2_B2",1356488112.0,"Lourdes_Belo Horizonte, Lourdes",2,2,112m²,2,R$ 2.400.000
"Lourdes_Belo Horizonte, Lourdes_QNone_BNone",1356478879.0,"Lourdes_Belo Horizonte, Lourdes",,,406m²,5 ou mais,R$ 20.000
"Lourdes_Belo Horizonte, Lourdes_Q4_B3",1356255432.0,"Lourdes_Belo Horizonte, Lourdes",4,3,154m²,2,R$ 1.900.000
"Lourdes_Belo Horizonte, Lourdes_QNone_BNone",1356167155.0,"Lourdes_Belo Horizonte, Lourdes",,,289m²,1,R$ 22.308
"Lourdes_Belo Horizonte, Lourdes_Q1_B1",1356166888.0,"Lourdes_Belo Horizonte, Lourdes",1,1,74m²,1,R$ 610.000
"Lourdes_Belo Horizonte, Lourdes_Q2_B2",1356095474.0,"Lourdes_Belo Horizonte, Lourdes",2,2,63m²,2,R$ 5.400
"Lourdes_Belo Horizonte, Lourdes_Q3_B4",1356065173.0,"Lourdes_Belo Horizonte, Lourdes",3,4,112m²,2,R$ 2.450.000
"Lourdes_Belo Horizonte, Lourdes_Q2_B1",1356061713.0,"Lourdes_Belo Horizonte, Lourdes",2,1,56m²,1,R$ 954.000
"Lourdes_Belo Horizonte, Lourdes_QNone_BNone",1356049920.0,"Lourdes_Belo Horizonte, Lourdes",,,130m²,0,R$ 6.900
"Lourdes_Belo Horizonte, Lourdes_Q3_B4",1356047952.0,"Lourdes_Belo Horizonte, Lourdes",3,4,200m²,2,R$ 2.499.500
"Lourdes_Belo Horizonte, Lourdes_Q4_B4",1356045598.0,"Lourdes_Belo Horizonte, Lourdes",4,4,131m²,4,R$ 2.550.000
"Lourdes_Belo Horizonte, Lourdes_Q4_B4",1356045577.0,"Lourdes_Belo Horizonte, Lourdes",4,4,131m²,4,R$ 2.550.000
"Lourdes_Belo Horizonte, Lourdes_Q1_B1",1356039664.0,"Lourdes_Belo Horizonte, Lourdes",1,1,39m²,1,R$ 770.250
"Lourdes_Belo Horizonte, Lourdes_Q1_B1",1356039203.0,"Lourdes_Belo Horizonte, Lourdes",1,1,48m²,1,R$ 901.080
"Lourdes_Belo Horizonte, Lourdes_Q1_B1",1356039212.0,"Lourdes_Belo Horizonte, Lourdes",1,1,48m²,1,R$ 920.017
"Lourdes_Belo Horizonte, Lourdes_Q1_B1",1356039011.0,"Lourdes_Belo Horizonte, Lourdes",1,1,53m²,1,R$ 1.034.670
"Lourdes_Belo Horizonte, Lourdes_Q1_B1",1356038949.0,"Lourdes_Belo Horizonte, Lourdes",1,1,64m²,1,R$ 1.280.600
"Lourdes_Belo Horizonte, Lourdes_Q1_B1",1356037642.0,"Lourdes_Belo Horizonte, Lourdes",1,1,43m²,1,R$ 876.400
"Lourdes_Belo Horizonte, Lourdes_Q1_B1",1356037610.0,"Lourdes_Belo Horizonte, Lourdes",1,1,76m²,1,R$ 1.522.224
"Lourdes_Belo Horizonte, Lourdes_Q1_B1",1356037606.0,"Lourdes_Belo Horizonte, Lourdes",1,1,58m²,1,R$ 1.247.645
"Lourdes_Belo Horizonte, Lourdes_Q1_B1",1356037295.0,"Lourdes_Belo Horizonte, Lourdes",1,1,49m²,1,R$ 950.350
"Lourdes_Belo Horizonte, Lourdes_Q1_B1",1356037185.0,"Lourdes_Belo Horizonte, Lourdes",1,1,67m²,1,R$ 1.347.000
"Lourdes_Belo Horizonte, Lourdes_Q1_B1",1356037142.0,"Lourdes_Belo Horizonte, Lourdes",1,1,48m²,1,R$ 944.385
"Lourdes_Belo Horizonte, Lourdes_Q1_B1",1356037148.0,"Lourdes_Belo Horizonte, Lourdes",1,1,49m²,1,R$ 913.140
"Lourdes_Belo Horizonte, Lourdes_Q1_B1",1356037120.0,"Lourdes_Belo Horizonte, Lourdes",1,1,50m²,1,R$ 1.015.000
"Lourdes_Belo Horizonte, Lourdes_Q1_B1",1356037109.0,"Lourdes_Belo Horizonte, Lourdes",1,1,49m²,1,R$ 981.000
"Lourdes_Belo Horizonte, Lourdes_Q1_B1",1356037034.0,"Lourdes_Belo Horizonte, Lourdes",1,1,53m²,1,R$ 1.008.140
"Lourdes_Belo Horizonte, Lourdes_Q1_B1",1356037032.0,"Lourdes_Belo Horizonte, Lourdes",1,1,58m²,1,R$ 1.136.070
"Lourdes_Belo Horizonte, Lourdes_Q1_B1",1356037030.0,"Lourdes_Belo Horizonte, Lourdes",1,1,48m²,1,R$ 884.641
"Lourdes_Belo Horizonte, Lourdes_Q1_B1",1356036993.0,"Lourdes_Belo Horizonte, Lourdes",1,1,39m²,1,R$ 750.500
"Lourdes_Belo Horizonte, Lourdes_Q1_B1",1356036658.0,"Lourdes_Belo Horizonte, Lourdes",1,1,39m²,1,R$ 727.380
"Lourdes_Belo Horizonte, Lourdes_QNone_BNone",1356036628.0,"Lourdes_Belo Horizonte, Lourdes",,,84m²,1,R$ 620.000
"Lourdes_Belo Horizonte, Lourdes_Q1_B1",1356036613.0,"Lourdes_Belo Horizonte, Lourdes",1,1,44m²,1,R$ 819.000
"Lourdes_Belo Horizonte, Lourdes_Q1_B1",1356036610.0,"Lourdes_Belo Horizonte, Lourdes",1,1,36m²,1,R$ 752.052
"Lourdes_Belo Horizonte, Lourdes_Q1_B1",1356036605.0,"Lourdes_Belo Horizonte, Lourdes",1,1,50m²,1,R$ 778.816
"Lourdes_Belo Horizonte, Lourdes_Q1_B1",1356036597.0,"Lourdes_Belo Horizonte, Lourdes",1,1,58m²,1,R$ 1.060.914
"Lourdes_Belo Horizonte, Lourdes_Q1_B1",1356036600.0,"Lourdes_Belo Horizonte, Lourdes",1,1,43m²,1,R$ 858.872
"Lourdes_Belo Horizonte, Lourdes_Q1_B1",1356036584.0,"Lourdes_Belo Horizonte, Lourdes",1,1,49m²,1,R$ 933.470
"Lourdes_Belo Horizonte, Lourdes_Q1_B1",1356036571.0,"Lourdes_Belo Horizonte, Lourdes",1,1,58m²,1,R$ 1.151.370
"Lourdes_Belo Horizonte, Lourdes_Q1_B2",1356036548.0,"Lourdes_Belo Horizonte, Lourdes",1,2,38m²,1,R$ 725.682
"Lourdes_Belo Horizonte, Lourdes_Q1_B1",1356036516.0,"Lourdes_Belo Horizonte, Lourdes",1,1,36m²,1,R$ 767.400
"Lourdes_Belo Horizonte, Lourdes_Q1_B1",1356036472.0,"Lourdes_Belo Horizonte, Lourdes",1,1,85m²,1,R$ 1.234.480
"Centro_Belo Horizonte, Centro_Q4_B4",1356015380.0,"Centro_Belo Horizonte, Centro",4,4,233m²,1,R$ 1.000.000
"Lourdes_Belo Horizonte, Lourdes_QNone_BNone",1355958643.0,"Lourdes_Belo Horizonte, Lourdes",,,100m²,1,R$ 5.000
"Lourdes_Belo Horizonte, Lourdes_Q2_B2",1355907117.0,"Lourdes_Belo Horizonte, Lourdes",2,2,63m²,2,R$ 5.400
"Lourdes_Belo Horizonte, Lourdes_QNone_BNone",1355884602.0,"Lourdes_Belo Horizonte, Lourdes",,,224m²,1,R$ 2.980.000
"Lourdes_Belo Horizonte, Lourdes_Q1_B1",1355865505.0,"Lourdes_Belo Horizonte, Lourdes",1,1,33m²,1,R$ 459.030
"Lourdes_Belo Horizonte, Lourdes_Q1_B1",1355865489.0,"Lourdes_Belo Horizonte, Lourdes",1,1,33m²,1,R$ 469.760
"Lourdes_Belo Horizonte, Lourdes_Q1_B1",1355864313.0,"Lourdes_Belo Horizonte, Lourdes",1,1,33m²,1,R$ 469.760
"Lourdes_Belo Horizonte, Lourdes_Q1_B1",1355864281.0,"Lourdes_Belo Horizonte, Lourdes",1,1,33m²,1,R$ 469.460
"Lourdes_Belo Horizonte, Lourdes_Q1_B1",1355863543.0,"Lourdes_Belo Horizonte, Lourdes",1,1,33m²,1,R$ 469.070
"Lourdes_Belo Horizonte, Lourdes_Q1_B1",1355863194.0,"Lourdes_Belo Horizonte, Lourdes",1,1,33m²,1,R$ 459.650
"Lourdes_Belo Horizonte, Lourdes_Q3_B3",1355841736.0,"Lourdes_Belo Horizonte, Lourdes",3,3,116m²,2,R$ 2.500.000
"Lourdes_Belo Horizonte, Lourdes_QNone_BNone",1355807834.0,"Lourdes_Belo Horizonte, Lourdes",,,588m²,4,R$ 15.000
"Lourdes_Belo Horizonte, Lourdes_Q4_B3",1355801793.0,"Lourdes_Belo Horizonte, Lourdes",4,3,180m²,2,R$ 1.680.000
"Lourdes_Belo Horizonte, Lourdes_Q2_B2",1355774758.0,"Lourdes_Belo Horizonte, Lourdes",2,2,62m²,2,R$ 1.208.000
"Lourdes_Belo Horizonte, Lourdes_Q3_B4",1355774744.0,"Lourdes_Belo Horizonte, Lourdes",3,4,116m²,2,R$ 1.990.000
"Lourdes_Belo Horizonte, Lourdes_Q4_B3",1355771691.0,"Lourdes_Belo Horizonte, Lourdes",4,3,160m²,2,R$ 1.750.000
"Lourdes_Belo Horizonte, Lourdes_Q3_B4",1355759867.0,"Lourdes_Belo Horizonte, Lourdes",3,4,117m²,3,R$ 2.650.000
"Lourdes_Belo Horizonte, Lourdes_Q1_B1",1355758084.0,"Lourdes_Belo Horizonte, Lourdes",1,1,27m²,0,R$ 450.000
"Lourdes_Belo Horizonte, Lourdes_Q4_B4",1355754664.0,"Lourdes_Belo Horizonte, Lourdes",4,4,190m²,4,R$ 2.390.000
"Lourdes_Belo Horizonte, Lourdes_Q1_B1",1355750977.0,"Lourdes_Belo Horizonte, Lourdes",1,1,27m²,0,R$ 450.000
"Lourdes_Belo Horizonte, Lourdes_Q2_B1",1355750839.0,"Lourdes_Belo Horizonte, Lourdes",2,1,63m²,1,R$ 5.400
"Lourdes_Belo Horizonte, Lourdes_Q1_B1",1355750835.0,"Lourdes_Belo Horizonte, Lourdes",1,1,27m²,0,R$ 450.000
"Lourdes_Belo Horizonte, Lourdes_Q1_B1",1355750719.0,"Lourdes_Belo Horizonte, Lourdes",1,1,27m²,0,R$ 450.000
"Lourdes_Belo Horizonte, Lourdes_Q2_B1",1355746373.0,"Lourdes_Belo Horizonte, Lourdes",2,1,63m²,1,R$ 5.400
"Lourdes_Belo Horizonte, Lourdes_Q2_B1",1355705150.0,"Lourdes_Belo Horizonte, Lourdes",2,1,70m²,1,R$ 3.800
"Lourdes_Belo Horizonte, Lourdes_Q4_B4",1355476996.0,"Lourdes_Belo Horizonte, Lourdes",4,4,182m²,2,R$ 1.547.000
"Lourdes_Belo Horizonte, Lourdes_Q3_B3",1355278775.0,"Lourdes_Belo Horizonte, Lourdes",3,3,83m²,2,R$ 1.270.822
"Lourdes_Belo Horizonte, Lourdes_Q2_B1",1355264921.0,"Lourdes_Belo Horizonte, Lourdes",2,1,63m²,2,R$ 1.172.000
"Lourdes_Belo Horizonte, Lourdes_Q3_B2",1355264278.0,"Lourdes_Belo Horizonte, Lourdes",3,2,90m²,2,R$ 1.450.000
"Lourdes_Belo Horizonte, Lourdes_Q2_B2",1355080226.0,"Lourdes_Belo Horizonte, Lourdes",2,2,63m²,2,R$ 5.400
"Lourdes_Belo Horizonte, Lourdes_Q2_B2",1355080143.0,"Lourdes_Belo Horizonte, Lourdes",2,2,63m²,2,R$ 5.400
"Lourdes_Belo Horizonte, Lourdes_Q2_B3",1354981033.0,"Lourdes_Belo Horizonte, Lourdes",2,3,123m²,3,R$ 1.710.000
"Lourdes_Belo Horizonte, Lourdes_Q2_B1",1354933103.0,"Lourdes_Belo Horizonte, Lourdes",2,1,67m²,2,R$ 1.144.569
"Lourdes_Belo Horizonte, Lourdes_Q2_B1",1354929517.0,"Lourdes_Belo Horizonte, Lourdes",2,1,107m²,3,R$ 1.895.663
"Lourdes_Belo Horizonte, Lourdes_Q4_B4",1354922180.0,"Lourdes_Belo Horizonte, Lourdes",4,4,143m²,3,R$ 2.998.948
"Lourdes_Belo Horizonte, Lourdes_Q2_B2",1354920996.0,"Lourdes_Belo Horizonte, Lourdes",2,2,63m²,2,R$ 5.900
"Lourdes_Belo Horizonte, Lourdes_Q2_B2",1354916665.0,"Lourdes_Belo Horizonte, Lourdes",2,2,63m²,2,R$ 5.400
"Lourdes_Belo Horizonte, Lourdes_Q2_B2",1354916534.0,"Lourdes_Belo Horizonte, Lourdes",2,2,63m²,2,R$ 5.900
"Lourdes_Belo Horizonte, Lourdes_Q2_B2",1354883948.0,"Lourdes_Belo Horizonte, Lourdes",2,2,630m²,2,R$ 5.400
"Lourdes_Belo Horizonte, Lourdes_Q2_B2",1354882148.0,"Lourdes_Belo Horizonte, Lourdes",2,2,63m²,2,R$ 5.400
"Lourdes_Belo Horizonte, Lourdes_Q5 ou mais_B3",1354865635.0,"Lourdes_Belo Horizonte, Lourdes",5 ou mais,3,320m²,3,R$ 2.300.000
"Lourdes_Belo Horizonte, Lourdes_Q3_B2",1354863111.0,"Lourdes_Belo Horizonte, Lourdes",3,2,110m²,2,R$ 1.300.000
"Lourdes_Belo Horizonte, Lourdes_Q3_B2",1354847974.0,"Lourdes_Belo Horizonte, Lourdes",3,2,95m²,2,R$ 1.300.000
"Lourdes_Belo Horizonte, Lourdes_Q2_B3",1354810609.0,"Lourdes_Belo Horizonte, Lourdes",2,3,90m²,1,R$ 1.050.000
"Lourdes_Belo Horizonte, Lourdes_QNone_BNone",1354810054.0,"Lourdes_Belo Horizonte, Lourdes",,,80m²,0,R$ 1.200
"Lourdes_Belo Horizonte, Lourdes_Q2_B2",1354809620.0,"Lourdes_Belo Horizonte, Lourdes",2,2,63m²,2,R$ 5.900
"Lourdes_Belo Horizonte, Lourdes_Q2_B2",1354808366.0,"Lourdes_Belo Horizonte, Lourdes",2,2,77m²,1,R$ 6.000
"Lourdes_Belo Horizonte, Lourdes_Q3_B3",1354808249.0,"Lourdes_Belo Horizonte, Lourdes",3,3,88m²,2,R$ 1.300.000
"Lourdes_Belo Horizonte, Lourdes_Q2_B2",1354808205.0,"Lourdes_Belo Horizonte, Lourdes",2,2,63m²,2,R$ 5.400
"Lourdes_Belo Horizonte, Lourdes_Q2_B2",1354808069.0,"Lourdes_Belo Horizonte, Lourdes",2,2,63m²,2,R$ 5.400
"Lourdes_Belo Horizonte, Lourdes_Q4_B5 ou mais",1354804805.0,"Lourdes_Belo Horizonte, Lourdes",4,5 ou mais,300m²,4,R$ 2.800.000
"Lourdes_Belo Horizonte, Lourdes_Q4_B2",1354799670.0,"Lourdes_Belo Horizonte, Lourdes",4,2,155m²,2,R$ 1.900.000
"Lourdes_Belo Horizonte, Lourdes_Q4_B2",1354798231.0,"Lourdes_Belo Horizonte, Lourdes",4,2,155m²,2,R$ 1.800.000
"Lourdes_Belo Horizonte, Lourdes_Q2_B1",1354797021.0,"Lourdes_Belo Horizonte, Lourdes",2,1,67m²,0,R$ 1.377.912
"Lourdes_Belo Horizonte, Lourdes_Q3_B3",1354731305.0,"Lourdes_Belo Horizonte, Lourdes",3,3,115m²,2,R$ 8.500
"Lourdes_Belo Horizonte, Lourdes_Q3_B3",1354581931.0,"Lourdes_Belo Horizonte, Lourdes",3,3,87m²,2,R$ 1.300.000
"Lourdes_Belo Horizonte, Lourdes_Q4_B4",1354580978.0,"Lourdes_Belo Horizonte, Lourdes",4,4,138m²,3,R$ 1.850.000
"Cidade Jardim_Belo Horizonte, Cidade Jardim_Q4_B3",1354570487.0,"Cidade Jardim_Belo Horizonte, Cidade Jardim",4,3,155m²,2,R$ 990.000
"Lourdes_Belo Horizonte, Lourdes_Q4_B3",1354554688.0,"Lourdes_Belo Horizonte, Lourdes",4,3,273m²,4,R$ 3.000.000
"Lourdes_Belo Horizonte, Lourdes_Q2_B2",1354553133.0,"Lourdes_Belo Horizonte, Lourdes",2,2,82m²,2,R$ 1.390.000
"Lourdes_Belo Horizonte, Lourdes_QNone_BNone",1354552786.0,"Lourdes_Belo Horizonte, Lourdes",,,25m²,0,R$ 225.000
"Lourdes_Belo Horizonte, Lourdes_QNone_BNone",1354552801.0,"Lourdes_Belo Horizonte, Lourdes",,,33m²,1,R$ 280.000
"Lourdes_Belo Horizonte, Lourdes_Q4_B4",1354552818.0,"Lourdes_Belo Horizonte, Lourdes",4,4,131m²,4,R$ 2.550.000
"Lourdes_Belo Horizonte, Lourdes_QNone_BNone",1354552856.0,"Lourdes_Belo Horizonte, Lourdes",,,35m²,1,R$ 290.000
"Lourdes_Belo Horizonte, Lourdes_QNone_BNone",1354552735.0,"Lourdes_Belo Horizonte, Lourdes",,,35m²,1,R$ 275.000
"Lourdes_Belo Horizonte, Lourdes_Q2_B2",1354530680.0,"Lourdes_Belo Horizonte, Lourdes",2,2,63m²,2,R$ 5.900
"Lourdes_Belo Horizonte, Lourdes_Q2_B2",1354530267.0,"Lourdes_Belo Horizonte, Lourdes",2,2,80m²,2,R$ 970.000
"Lourdes_Belo Horizonte, Lourdes_Q2_B3",1354520242.0,"Lourdes_Belo Horizonte, Lourdes",2,3,80m²,1,R$ 770.000
"Lourdes_Belo Horizonte, Lourdes_Q5 ou mais_B5 ou mais",1354515126.0,"Lourdes_Belo Horizonte, Lourdes",5 ou mais,5 ou mais,320m²,3,R$ 3.550.000
"Lourdes_Belo Horizonte, Lourdes_QNone_BNone",1354513222.0,"Lourdes_Belo Horizonte, Lourdes",,,28m²,0,R$ 800
"Lourdes_Belo Horizonte, Lourdes_Q1_B2",1354506917.0,"Lourdes_Belo Horizonte, Lourdes",1,2,33m²,1,R$ 450.000
"Lourdes_Belo Horizonte, Lourdes_Q4_B5 ou mais",1354506916.0,"Lourdes_Belo Horizonte, Lourdes",4,5 ou mais,306m²,4,R$ 4.500.000
"Lourdes_Belo Horizonte, Lourdes_Q3_B3",1354503169.0,"Lourdes_Belo Horizonte, Lourdes",3,3,104m²,2,R$ 1.680.000
"Lourdes_Belo Horizonte, Lourdes_Q2_B2",1354493465.0,"Lourdes_Belo Horizonte, Lourdes",2,2,63m²,2,R$ 5.900
"Lourdes_Belo Horizonte, Lourdes_Q2_B2",1354492856.0,"Lourdes_Belo Horizonte, Lourdes",2,2,63m²,2,R$ 5.400
"Lourdes_Belo Horizonte, Lourdes_Q2_B2",1354492613.0,"Lourdes_Belo Horizonte, Lourdes",2,2,65m²,2,R$ 5.390
"Lourdes_Belo Horizonte, Lourdes_Q3_B3",1354489970.0,"Lourdes_Belo Horizonte, Lourdes",3,3,100m²,2,R$ 1.600.000
"Lourdes_Belo Horizonte, Lourdes_Q1_B2",1354489883.0,"Lourdes_Belo Horizonte, Lourdes",1,2,71m²,2,R$ 1.476.419
"Lourdes_Belo Horizonte, Lourdes_Q3_B4",1354370698.0,"Lourdes_Belo Horizonte, Lourdes",3,4,110m²,2,R$ 2.250.000
"Lourdes_Belo Horizonte, Lourdes_Q1_B1",1354248945.0,"Lourdes_Belo Horizonte, Lourdes",1,1,45m²,1,R$ 3.100
"Lourdes_Belo Horizonte, Lourdes_Q4_B4",1354240472.0,"Lourdes_Belo Horizonte, Lourdes",4,4,185m²,4,R$ 5.200.000
"Lourdes_Belo Horizonte, Lourdes_Q3_B2",1354220276.0,"Lourdes_Belo Horizonte, Lourdes",3,2,110m²,2,R$ 1.300.000
"Lourdes_Belo Horizonte, Lourdes_Q2_B2",1354218923.0,"Lourdes_Belo Horizonte, Lourdes",2,2,63m²,2,R$ 5.400
"Lourdes_Belo Horizonte, Lourdes_Q2_B2",1354214871.0,"Lourdes_Belo Horizonte, Lourdes",2,2,63m²,2,R$ 5.400
"Lourdes_Belo Horizonte, Lourdes_Q4_B5 ou mais",1354192984.0,"Lourdes_Belo Horizonte, Lourdes",4,5 ou mais,347m²,4,R$ 3.690.000
"Lourdes_Belo Horizonte, Lourdes_Q2_B2",1354190902.0,"Lourdes_Belo Horizonte, Lourdes",2,2,116m²,2,R$ 6.900
"Centro_Belo Horizonte, Centro_Q1_B1",1354173703.0,"Centro_Belo Horizonte, Centro",1,1,50m²,1,R$ 550.000
"Lourdes_Belo Horizonte, Lourdes_Q3_B3",1354173271.0,"Lourdes_Belo Horizonte, Lourdes",3,3,93m²,2,R$ 1.970.000
"Lourdes_Belo Horizonte, Lourdes_Q2_B3",1354172371.0,"Lourdes_Belo Horizonte, Lourdes",2,3,80m²,1,R$ 690.000
"Lourdes_Belo Horizonte, Lourdes_QNone_BNone",1354169976.0,"Lourdes_Belo Horizonte, Lourdes",,,26m²,0,R$ 639.500
"Lourdes_Belo Horizonte, Lourdes_QNone_BNone",1354169261.0,"Lourdes_Belo Horizonte, Lourdes",,,21m²,0,R$ 524.000
"Lourdes_Belo Horizonte, Lourdes_Q3_B2",1354143368.0,"Lourdes_Belo Horizonte, Lourdes",3,2,88m²,0,R$ 480.000
"Lourdes_Belo Horizonte, Lourdes_QNone_BNone",1354111907.0,"Lourdes_Belo Horizonte, Lourdes",,,519m²,5 ou mais,R$ 32.428
"Lourdes_Belo Horizonte, Lourdes_Q4_B4",1354109932.0,"Lourdes_Belo Horizonte, Lourdes",4,4,188m²,3,R$ 3.700.000
"Lourdes_Belo Horizonte, Lourdes_QNone_BNone",1354109880.0,"Lourdes_Belo Horizonte, Lourdes",,,177m²,5 ou mais,R$ 13.285
"Lourdes_Belo Horizonte, Lourdes_QNone_BNone",1354108604.0,"Lourdes_Belo Horizonte, Lourdes",,,241m²,5 ou mais,R$ 21.700
"Lourdes_Belo Horizonte, Lourdes_QNone_BNone",1354108536.0,"Lourdes_Belo Horizonte, Lourdes",,,289m²,5 ou mais,R$ 21.684
"Lourdes_Belo Horizonte, Lourdes_Q2_B2",1354098834.0,"Lourdes_Belo Horizonte, Lourdes",2,2,63m²,1,R$ 5.400
"Lourdes_Belo Horizonte, Lourdes_Q2_B2",1354088174.0,"Lourdes_Belo Horizonte, Lourdes",2,2,63m²,1,R$ 5.400
"Lourdes_Belo Horizonte, Lourdes_Q2_B2",1354070189.0,"Lourdes_Belo Horizonte, Lourdes",2,2,63m²,2,R$ 5.400
"Lourdes_Belo Horizonte, Lourdes_QNone_BNone",1354069882.0,"Lourdes_Belo Horizonte, Lourdes",,,175m²,4,R$ 1.200.000
"Lourdes_Belo Horizonte, Lourdes_QNone_BNone",1354020012.0,"Lourdes_Belo Horizonte, Lourdes",,,25m²,0,R$ 700
"Lourdes_Belo Horizonte, Lourdes_Q2_B3",1354006360.0,"Lourdes_Belo Horizonte, Lourdes",2,3,80m²,1,R$ 690.000
"Lourdes_Belo Horizonte, Lourdes_Q2_B2",1354004299.0,"Lourdes_Belo Horizonte, Lourdes",2,2,63m²,2,R$ 5.400
"Lourdes_Belo Horizonte, Lourdes_Q2_B2",1353990449.0,"Lourdes_Belo Horizonte, Lourdes",2,2,68m²,2,R$ 5.500
"Lourdes_Belo Horizonte, Lourdes_Q2_B2",1353968033.0,"Lourdes_Belo Horizonte, Lourdes",2,2,100m²,2,R$ 960.000
"Lourdes_Belo Horizonte, Lourdes_Q2_B2",1353895279.0,"Lourdes_Belo Horizonte, Lourdes",2,2,117m²,2,R$ 7.000
"Lourdes_Belo Horizonte, Lourdes_Q3_B3",1353891871.0,"Lourdes_Belo Horizonte, Lourdes",3,3,152m²,4,R$ 2.200.000
"Lourdes_Belo Horizonte, Lourdes_Q2_B1",1353889519.0,"Lourdes_Belo Horizonte, Lourdes",2,1,71m²,2,R$ 1.254.184
"Lourdes_Belo Horizonte, Lourdes_Q3_B2",1353886848.0,"Lourdes_Belo Horizonte, Lourdes",3,2,95m²,2,R$ 1.400.000
"Centro_Belo Horizonte, Centro_Q1_B1",1353872663.0,"Centro_Belo Horizonte, Centro",1,1,43m²,1,R$ 3.590
"Lourdes_Belo Horizonte, Lourdes_Q2_B2",1353867418.0,"Lourdes_Belo Horizonte, Lourdes",2,2,83m²,2,R$ 1.100.000
"Lourdes_Belo Horizonte, Lourdes_Q2_B2",1353862696.0,"Lourdes_Belo Horizonte, Lourdes",2,2,95m²,2,R$ 1.200.000
"Lourdes_Belo Horizonte, Lourdes_Q2_B2",1353860819.0,"Lourdes_Belo Horizonte, Lourdes",2,2,230m²,2,R$ 1.300.000
"Lourdes_Belo Horizonte, Lourdes_Q1_B1",1353859879.0,"Lourdes_Belo Horizonte, Lourdes",1,1,40m²,1,R$ 3.100
"Lourdes_Belo Horizonte, Lourdes_Q2_B3",1353858936.0,"Lourdes_Belo Horizonte, Lourdes",2,3,70m²,2,R$ 890.000
"Lourdes_Belo Horizonte, Lourdes_QNone_BNone",1353755790.0,"Lourdes_Belo Horizonte, Lourdes",,,35m²,1,R$ 160.000
"Lourdes_Belo Horizonte, Lourdes_QNone_BNone",1353722494.0,"Lourdes_Belo Horizonte, Lourdes",,,485m²,5 ou mais,R$ 32.755
"Lourdes_Belo Horizonte, Lourdes_Q0_B3",1353722377.0,"Lourdes_Belo Horizonte, Lourdes",0,3,814m²,5 ou mais,R$ 53.501
"Lourdes_Belo Horizonte, Lourdes_QNone_BNone",1353722289.0,"Lourdes_Belo Horizonte, Lourdes",,,320m²,0,R$ 30.000
"Lourdes_Belo Horizonte, Lourdes_QNone_BNone",1353722213.0,"Lourdes_Belo Horizonte, Lourdes",,,314m²,5 ou mais,R$ 19.220
"Lourdes_Belo Horizonte, Lourdes_QNone_BNone",1353722203.0,"Lourdes_Belo Horizonte, Lourdes",,,295m²,5 ou mais,R$ 19.900
"Lourdes_Belo Horizonte, Lourdes_Q0_B1",1353722149.0,"Lourdes_Belo Horizonte, Lourdes",0,1,378m²,5 ou mais,R$ 21.222
"Lourdes_Belo Horizonte, Lourdes_Q0_B1",1353722084.0,"Lourdes_Belo Horizonte, Lourdes",0,1,806m²,5 ou mais,R$ 50.121
"Lourdes_Belo Horizonte, Lourdes_Q4_B4",1353722076.0,"Lourdes_Belo Horizonte, Lourdes",4,4,290m²,3,R$ 17.500
"Lourdes_Belo Horizonte, Lourdes_QNone_BNone",1353722051.0,"Lourdes_Belo Horizonte, Lourdes",,,295m²,5 ou mais,R$ 19.809
"Lourdes_Belo Horizonte, Lourdes_QNone_BNone",1353721938.0,"Lourdes_Belo Horizonte, Lourdes",,,369m²,5 ou mais,R$ 21.518
"Lourdes_Belo Horizonte, Lourdes_Q2_B2",1348369161.0,"Lourdes_Belo Horizonte, Lourdes",2,2,63m²,2,R$ 5.400
"Lourdes_Belo Horizonte, Lourdes_Q4_B2",1346665484.0,"Lourdes_Belo Horizonte, Lourdes",4,2,286m²,4,R$ 14.000
"Lourdes_Belo Horizonte, Lourdes_Q4_B3",1353398233.0,"Lourdes_Belo Horizonte, Lourdes",4,3,125m²,2,R$ 1.400.000
"Lourdes_Belo Horizonte, Lourdes_QNone_BNone",1353369425.0,"Lourdes_Belo Horizonte, Lourdes",,,80m²,1,R$ 2.500
"Lourdes_Belo Horizonte, Lourdes_QNone_BNone",1353289231.0,"Lourdes_Belo Horizonte, Lourdes",,,183m²,4,R$ 8.235
"Lourdes_Belo Horizonte, Lourdes_Q4_B3",1353252861.0,"Lourdes_Belo Horizonte, Lourdes",4,3,152m²,2,R$ 1.600.000
"Lourdes_Belo Horizonte, Lourdes_Q4_B4",1353188085.0,"Lourdes_Belo Horizonte, Lourdes",4,4,160m²,3,R$ 2.200.000
"Lourdes_Belo Horizonte, Lourdes_Q1_B1",1353143067.0,"Lourdes_Belo Horizonte, Lourdes",1,1,27m²,0,R$ 550.000
"Lourdes_Belo Horizonte, Lourdes_Q4_B4",1353137928.0,"Lourdes_Belo Horizonte, Lourdes",4,4,373m²,4,R$ 3.700.000
"Lourdes_Belo Horizonte, Lourdes_Q2_B2",1353137590.0,"Lourdes_Belo Horizonte, Lourdes",2,2,63m²,2,R$ 5.400
"Lourdes_Belo Horizonte, Lourdes_QNone_BNone",1353135857.0,"Lourdes_Belo Horizonte, Lourdes",,,76m²,0,R$ 3.800
"Centro_Belo Horizonte, Centro_QNone_BNone",1353028872.0,"Centro_Belo Horizonte, Centro",,,77m²,,R$ 110.000
"Lourdes_Belo Horizonte, Lourdes_Q3_B3",1353026351.0,"Lourdes_Belo Horizonte, Lourdes",3,3,140m²,1,R$ 3.500
"Lourdes_Belo Horizonte, Lourdes_Q4_B3",1352953218.0,"Lourdes_Belo Horizonte, Lourdes",4,3,172m²,2,R$ 1.940.000
"Lourdes_Belo Horizonte, Lourdes_QNone_BNone",1352881363.0,"Lourdes_Belo Horizonte, Lourdes",,,588m²,4,R$ 16.000
"Lourdes_Belo Horizonte, Lourdes_Q2_B2",1352875945.0,"Lourdes_Belo Horizonte, Lourdes",2,2,75m²,2,R$ 1.556.576
"Lourdes_Belo Horizonte, Lourdes_Q2_B2",1352875894.0,"Lourdes_Belo Horizonte, Lourdes",2,2,137m²,2,R$ 1.941.197
"Lourdes_Belo Horizonte, Lourdes_Q4_B5 ou mais",1352875884.0,"Lourdes_Belo Horizonte, Lourdes",4,5 ou mais,373m²,4,R$ 3.500.000
"Lourdes_Belo Horizonte, Lourdes_Q3_B3",1352875886.0,"Lourdes_Belo Horizonte, Lourdes",3,3,112m²,2,R$ 2.453.041
"Lourdes_Belo Horizonte, Lourdes_Q3_B3",1352864604.0,"Lourdes_Belo Horizonte, Lourdes",3,3,116m²,2,R$ 2.230.000
"Lourdes_Belo Horizonte, Lourdes_Q2_B2",1352859895.0,"Lourdes_Belo Horizonte, Lourdes",2,2,64m²,2,R$ 1.252.471
"Lourdes_Belo Horizonte, Lourdes_Q4_B2",1352843470.0,"Lourdes_Belo Horizonte, Lourdes",4,2,170m²,1,R$ 1.070.000
"Lourdes_Belo Horizonte, Lourdes_Q1_B1",1352830003.0,"Lourdes_Belo Horizonte, Lourdes",1,1,27m²,0,R$ 450.000
"Lourdes_Belo Horizonte, Lourdes_QNone_BNone",1352820000.0,"Lourdes_Belo Horizonte, Lourdes",,,380m²,0,R$ 1.200.000
"Lourdes_Belo Horizonte, Lourdes_Q4_B3",1352812606.0,"Lourdes_Belo Horizonte, Lourdes",4,3,228m²,3,R$ 28.000
"Lourdes_Belo Horizonte, Lourdes_QNone_BNone",1352748661.0,"Lourdes_Belo Horizonte, Lourdes",,,43m²,,R$ 3.600
"Lourdes_Belo Horizonte, Lourdes_Q2_B2",1352671762.0,"Lourdes_Belo Horizonte, Lourdes",2,2,77m²,1,R$ 1.050.000
"Lourdes_Belo Horizonte, Lourdes_Q4_B2",1352671344.0,"Lourdes_Belo Horizonte, Lourdes",4,2,120m²,1,R$ 950.000
"Centro_Belo Horizonte, Centro_Q2_B1",1352666170.0,"Centro_Belo Horizonte, Centro",2,1,81m²,0,R$ 350.000
"Lourdes_Belo Horizonte, Lourdes_Q2_B1",1352664872.0,"Lourdes_Belo Horizonte, Lourdes",2,1,72m²,2,R$ 1.350.000
"Lourdes_Belo Horizonte, Lourdes_Q2_B2",1352641595.0,"Lourdes_Belo Horizonte, Lourdes",2,2,79m²,2,R$ 1.600.000
"Lourdes_Belo Horizonte, Lourdes_Q1_B1",1352634274.0,"Lourdes_Belo Horizonte, Lourdes",1,1,25m²,0,R$ 392.800
"Lourdes_Belo Horizonte, Lourdes_Q3_B3",1352614965.0,"Lourdes_Belo Horizonte, Lourdes",3,3,114m²,2,R$ 2.090.000
"Lourdes_Belo Horizonte, Lourdes_Q1_B2",1352604908.0,"Lourdes_Belo Horizonte, Lourdes",1,2,88m²,2,R$ 998.000
"Lourdes_Belo Horizonte, Lourdes_Q1_B1",1352599031.0,"Lourdes_Belo Horizonte, Lourdes",1,1,33m²,1,R$ 450.000
"Lourdes_Belo Horizonte, Lourdes_Q1_B1",1352599018.0,"Lourdes_Belo Horizonte, Lourdes",1,1,34m²,1,R$ 470.000
"Lourdes_Belo Horizonte, Lourdes_Q2_B2",1352597089.0,"Lourdes_Belo Horizonte, Lourdes",2,2,80m²,3,R$ 1.690.000
"Lourdes_Belo Horizonte, Lourdes_Q1_B1",1352596910.0,"Lourdes_Belo Horizonte, Lourdes",1,1,49m²,0,R$ 360.000
"Lourdes_Belo Horizonte, Lourdes_Q4_B4",1352596729.0,"Lourdes_Belo Horizonte, Lourdes",4,4,420m²,4,R$ 3.950.000
"Lourdes_Belo Horizonte, Lourdes_Q2_B2",1352596720.0,"Lourdes_Belo Horizonte, Lourdes",2,2,103m²,2,R$ 1.100.000
"Lourdes_Belo Horizonte, Lourdes_Q5 ou mais_B5 ou mais",1352535770.0,"Lourdes_Belo Horizonte, Lourdes",5 ou mais,5 ou mais,370m²,4,R$ 5.500.000
"Lourdes_Belo Horizonte, Lourdes_Q1_B1",1352533738.0,"Lourdes_Belo Horizonte, Lourdes",1,1,70m²,1,R$ 1.600
"Lourdes_Belo Horizonte, Lourdes_Q4_B4",1352530596.0,"Lourdes_Belo Horizonte, Lourdes",4,4,236m²,2,R$ 1.800.000
"Lourdes_Belo Horizonte, Lourdes_Q4_B4",1352530552.0,"Lourdes_Belo Horizonte, Lourdes",4,4,286m²,4,R$ 15.500
"Lourdes_Belo Horizonte, Lourdes_QNone_BNone",1352523817.0,"Lourdes_Belo Horizonte, Lourdes",,,36m²,0,R$ 170.000
"Lourdes_Belo Horizonte, Lourdes_Q1_B1",1352496326.0,"Lourdes_Belo Horizonte, Lourdes",1,1,27m²,0,R$ 450.000
"Lourdes_Belo Horizonte, Lourdes_Q1_B1",1352495653.0,"Lourdes_Belo Horizonte, Lourdes",1,1,27m²,0,R$ 450.000
"Lourdes_Belo Horizonte, Lourdes_Q1_B1",1352494633.0,"Lourdes_Belo Horizonte, Lourdes",1,1,27m²,0,R$ 450.000
"Lourdes_Belo Horizonte, Lourdes_Q5 ou mais_B2",1352467852.0,"Lourdes_Belo Horizonte, Lourdes",5 ou mais,2,205m²,5 ou mais,R$ 4.950.000
"Lourdes_Belo Horizonte, Lourdes_QNone_BNone",1352393177.0,"Lourdes_Belo Horizonte, Lourdes",,,28m²,0,R$ 1.000
"Lourdes_Belo Horizonte, Lourdes_Q2_B3",1352257688.0,"Lourdes_Belo Horizonte, Lourdes",2,3,66m²,0,R$ 1.425.419
"Lourdes_Belo Horizonte, Lourdes_Q2_B2",1352257643.0,"Lourdes_Belo Horizonte, Lourdes",2,2,77m²,0,R$ 1.504.908
"Lourdes_Belo Horizonte, Lourdes_Q3_B3",1352241788.0,"Lourdes_Belo Horizonte, Lourdes",3,3,264m²,3,R$ 5.500.000
"Lourdes_Belo Horizonte, Lourdes_Q2_B3",1352235989.0,"Lourdes_Belo Horizonte, Lourdes",2,3,68m²,2,R$ 1.450.000
"Lourdes_Belo Horizonte, Lourdes_Q2_B3",1352235977.0,"Lourdes_Belo Horizonte, Lourdes",2,3,69m²,2,R$ 1.400.000
"Lourdes_Belo Horizonte, Lourdes_Q3_B3",1352222346.0,"Lourdes_Belo Horizonte, Lourdes",3,3,117m²,3,R$ 1.790.000
"Lourdes_Belo Horizonte, Lourdes_Q2_B3",1352196250.0,"Lourdes_Belo Horizonte, Lourdes",2,3,68m²,2,R$ 1.377.551
"Lourdes_Belo Horizonte, Lourdes_Q4_B4",1352158809.0,"Lourdes_Belo Horizonte, Lourdes",4,4,305m²,4,R$ 4.200.000
"Cidade Jardim_Belo Horizonte, Cidade Jardim_Q5 ou mais_B5 ou mais",1352142423.0,"Cidade Jardim_Belo Horizonte, Cidade Jardim",5 ou mais,5 ou mais,628m²,5 ou mais,R$ 16.000
"Lourdes_Belo Horizonte, Lourdes_Q4_B5 ou mais",1352089418.0,"Lourdes_Belo Horizonte, Lourdes",4,5 ou mais,300m²,3,R$ 2.730.000
"Lourdes_Belo Horizonte, Lourdes_Q2_B3",1352029938.0,"Lourdes_Belo Horizonte, Lourdes",2,3,80m²,1,R$ 4.300
"Lourdes_Belo Horizonte, Lourdes_Q2_B2",1352007567.0,"Lourdes_Belo Horizonte, Lourdes",2,2,64m²,2,R$ 1.196.860
"Lourdes_Belo Horizonte, Lourdes_Q2_B2",1351938529.0,"Lourdes_Belo Horizonte, Lourdes",2,2,64m²,2,R$ 1.118.226
"Lourdes_Belo Horizonte, Lourdes_Q4_B4",1351865673.0,"Lourdes_Belo Horizonte, Lourdes",4,4,290m²,3,R$ 15.000
"Lourdes_Belo Horizonte, Lourdes_Q3_B2",1351863727.0,"Lourdes_Belo Horizonte, Lourdes",3,2,180m²,1,R$ 1.400.000
"Lourdes_Belo Horizonte, Lourdes_Q3_B3",1351861444.0,"Lourdes_Belo Horizonte, Lourdes",3,3,80m²,2,R$ 1.300.000
"Lourdes_Belo Horizonte, Lourdes_Q4_B4",1351859305.0,"Lourdes_Belo Horizonte, Lourdes",4,4,136m²,2,R$ 1.890.000
"Lourdes_Belo Horizonte, Lourdes_Q3_B3",1351854902.0,"Lourdes_Belo Horizonte, Lourdes",3,3,115m²,2,R$ 8.500
"Lourdes_Belo Horizonte, Lourdes_QNone_BNone",1351844961.0,"Lourdes_Belo Horizonte, Lourdes",,,700m²,0,R$ 40.000
"Lourdes_Belo Horizonte, Lourdes_Q2_B3",1351739165.0,"Lourdes_Belo Horizonte, Lourdes",2,3,74m²,2,R$ 5.500
"Lourdes_Belo Horizonte, Lourdes_Q3_B2",1351716162.0,"Lourdes_Belo Horizonte, Lourdes",3,2,100m²,1,R$ 6.000
"Lourdes_Belo Horizonte, Lourdes_Q2_B2",1351688626.0,"Lourdes_Belo Horizonte, Lourdes",2,2,180m²,2,R$ 13.500
"Lourdes_Belo Horizonte, Lourdes_Q3_B4",1351614284.0,"Lourdes_Belo Horizonte, Lourdes",3,4,228m²,3,R$ 3.500.000
"Centro_Belo Horizonte, Centro_QNone_BNone",1351285649.0,"Centro_Belo Horizonte, Centro",,,50m²,0,R$ 1.100
"Centro_Belo Horizonte, Centro_Q1_B1",1351207615.0,"Centro_Belo Horizonte, Centro",1,1,32m²,,R$ 1.898
"Lourdes_Belo Horizonte, Lourdes_Q3_B3",1351194306.0,"Lourdes_Belo Horizonte, Lourdes",3,3,302m²,4,R$ 3.100.000
"Santo Agostinho_Belo Horizonte, Santo Agostinho_Q1_B1",1351102413.0,"Santo Agostinho_Belo Horizonte, Santo Agostinho",1,1,30m²,1,R$ 2.000
"Lourdes_Belo Horizonte, Lourdes_Q1_B1",1351102360.0,"Lourdes_Belo Horizonte, Lourdes",1,1,55m²,1,R$ 1.050.000
"Lourdes_Belo Horizonte, Lourdes_Q3_B3",1351101740.0,"Lourdes_Belo Horizonte, Lourdes",3,3,123m²,3,R$ 1.800.000
"Lourdes_Belo Horizonte, Lourdes_Q3_B5 ou mais",1351101656.0,"Lourdes_Belo Horizonte, Lourdes",3,5 ou mais,127m²,2,R$ 2.100.000
"Lourdes_Belo Horizonte, Lourdes_Q2_B2",1351097835.0,"Lourdes_Belo Horizonte, Lourdes",2,2,63m²,2,R$ 5.400
"Lourdes_Belo Horizonte, Lourdes_QNone_BNone",1351094879.0,"Lourdes_Belo Horizonte, Lourdes",,,74m²,,R$ 3.300
"Lourdes_Belo Horizonte, Lourdes_Q4_B2",1351071737.0,"Lourdes_Belo Horizonte, Lourdes",4,2,120m²,1,R$ 950.000
"Lourdes_Belo Horizonte, Lourdes_Q4_B3",1351071735.0,"Lourdes_Belo Horizonte, Lourdes",4,3,152m²,2,R$ 1.600.000
"Centro_Belo Horizonte, Centro_Q2_B1",1351071521.0,"Centro_Belo Horizonte, Centro",2,1,125m²,0,R$ 450.000
"Lourdes_Belo Horizonte, Lourdes_Q2_B2",1351071520.0,"Lourdes_Belo Horizonte, Lourdes",2,2,59m²,2,R$ 950.000
"Lourdes_Belo Horizonte, Lourdes_Q5 ou mais_B3",1351071316.0,"Lourdes_Belo Horizonte, Lourdes",5 ou mais,3,320m²,3,R$ 2.300.000
"Lourdes_Belo Horizonte, Lourdes_Q3_B3",1351017568.0,"Lourdes_Belo Horizonte, Lourdes",3,3,108m²,2,R$ 2.467.000
"Lourdes_Belo Horizonte, Lourdes_Q2_B4",1350961315.0,"Lourdes_Belo Horizonte, Lourdes",2,4,316m²,0,R$ 2.918.969
"Lourdes_Belo Horizonte, Lourdes_Q4_B3",1350901545.0,"Lourdes_Belo Horizonte, Lourdes",4,3,156m²,3,R$ 2.739.540
"Lourdes_Belo Horizonte, Lourdes_Q2_B3",1350895255.0,"Lourdes_Belo Horizonte, Lourdes",2,3,100m²,3,R$ 1.720.000
"Lourdes_Belo Horizonte, Lourdes_Q3_B3",1350879939.0,"Lourdes_Belo Horizonte, Lourdes",3,3,109m²,2,R$ 2.250.000
"Lourdes_Belo Horizonte, Lourdes_Q2_B2",1350879374.0,"Lourdes_Belo Horizonte, Lourdes",2,2,65m²,2,R$ 4.500
"Lourdes_Belo Horizonte, Lourdes_Q4_B4",1350864520.0,"Lourdes_Belo Horizonte, Lourdes",4,4,150m²,1,R$ 1.275.000
"Lourdes_Belo Horizonte, Lourdes_QNone_BNone",1350794953.0,"Lourdes_Belo Horizonte, Lourdes",,,40m²,0,R$ 800
"Lourdes_Belo Horizonte, Lourdes_QNone_BNone",1350794787.0,"Lourdes_Belo Horizonte, Lourdes",,,60m²,0,R$ 2.500
"Lourdes_Belo Horizonte, Lourdes_QNone_BNone",1350794778.0,"Lourdes_Belo Horizonte, Lourdes",,,40m²,0,R$ 1.900
"Lourdes_Belo Horizonte, Lourdes_Q5 ou mais_B4",1350790149.0,"Lourdes_Belo Horizonte, Lourdes",5 ou mais,4,600m²,5 ou mais,R$ 25.000
"Lourdes_Belo Horizonte, Lourdes_Q2_B3",1350787367.0,"Lourdes_Belo Horizonte, Lourdes",2,3,185m²,2,R$ 13.500
"Lourdes_Belo Horizonte, Lourdes_Q4_B4",1350784929.0,"Lourdes_Belo Horizonte, Lourdes",4,4,150m²,1,R$ 1.275.000
"Lourdes_Belo Horizonte, Lourdes_Q4_B4",1350751438.0,"Lourdes_Belo Horizonte, Lourdes",4,4,340m²,3,R$ 2.200.000
"Lourdes_Belo Horizonte, Lourdes_Q1_B1",1350730895.0,"Lourdes_Belo Horizonte, Lourdes",1,1,52m²,1,R$ 3.200
"Lourdes_Belo Horizonte, Lourdes_QNone_BNone",1350727905.0,"Lourdes_Belo Horizonte, Lourdes",,,183m²,4,R$ 8.235
"Lourdes_Belo Horizonte, Lourdes_QNone_BNone",1350727762.0,"Lourdes_Belo Horizonte, Lourdes",,,220m²,1,R$ 7.000
"Lourdes_Belo Horizonte, Lourdes_QNone_BNone",1350626911.0,"Lourdes_Belo Horizonte, Lourdes",,,46m²,0,R$ 390.000
"Lourdes_Belo Horizonte, Lourdes_Q4_B4",1350602852.0,"Lourdes_Belo Horizonte, Lourdes",4,4,134m²,4,R$ 2.500.000
"Lourdes_Belo Horizonte, Lourdes_Q4_B3",1350526621.0,"Lourdes_Belo Horizonte, Lourdes",4,3,136m²,2,R$ 1.600.000
"Lourdes_Belo Horizonte, Lourdes_Q4_B4",1350465825.0,"Lourdes_Belo Horizonte, Lourdes",4,4,135m²,1,R$ 1.100.000
"Lourdes_Belo Horizonte, Lourdes_Q3_B2",1350465512.0,"Lourdes_Belo Horizonte, Lourdes",3,2,89m²,2,R$ 1.385.000
"Centro_Belo Horizonte, Centro_Q2_B2",1350464426.0,"Centro_Belo Horizonte, Centro",2,2,64m²,2,R$ 790.000
"Lourdes_Belo Horizonte, Lourdes_Q1_B1",1350463372.0,"Lourdes_Belo Horizonte, Lourdes",1,1,25m²,1,R$ 2.000
"Lourdes_Belo Horizonte, Lourdes_Q4_B3",1350460769.0,"Lourdes_Belo Horizonte, Lourdes",4,3,235m²,2,R$ 2.200.000
"Lourdes_Belo Horizonte, Lourdes_Q4_B4",1350448984.0,"Lourdes_Belo Horizonte, Lourdes",4,4,140m²,3,R$ 1.850.000
"Lourdes_Belo Horizonte, Lourdes_Q0_BNone",1350441780.0,"Lourdes_Belo Horizonte, Lourdes",0,,640m²,0,R$ 6.200.000
"Lourdes_Belo Horizonte, Lourdes_Q0_B2",1350441702.0,"Lourdes_Belo Horizonte, Lourdes",0,2,75m²,0,R$ 3.400
"Lourdes_Belo Horizonte, Lourdes_QNone_BNone",1350435285.0,"Lourdes_Belo Horizonte, Lourdes",,,475m²,,R$ 5.000.000
"Lourdes_Belo Horizonte, Lourdes_QNone_BNone",1350435281.0,"Lourdes_Belo Horizonte, Lourdes",,,475m²,,R$ 15.000
"Lourdes_Belo Horizonte, Lourdes_Q3_B3",1350422539.0,"Lourdes_Belo Horizonte, Lourdes",3,3,120m²,2,R$ 2.600.000
"Lourdes_Belo Horizonte, Lourdes_Q4_B3",1350422432.0,"Lourdes_Belo Horizonte, Lourdes",4,3,160m²,3,R$ 1.900.000
"Lourdes_Belo Horizonte, Lourdes_QNone_BNone",1350410866.0,"Lourdes_Belo Horizonte, Lourdes",,,175m²,3,R$ 8.926
"Lourdes_Belo Horizonte, Lourdes_Q3_B3",1350264668.0,"Lourdes_Belo Horizonte, Lourdes",3,3,118m²,2,R$ 1.774.000
"Centro_Belo Horizonte, Centro_Q2_B1",1350263080.0,"Centro_Belo Horizonte, Centro",2,1,46m²,1,R$ 620.000
"Lourdes_Belo Horizonte, Lourdes_Q3_B4",1350260831.0,"Lourdes_Belo Horizonte, Lourdes",3,4,92m²,2,R$ 1.578.996
"Lourdes_Belo Horizonte, Lourdes_Q4_B5 ou mais",1350260787.0,"Lourdes_Belo Horizonte, Lourdes",4,5 ou mais,227m²,4,R$ 2.750.000
"Lourdes_Belo Horizonte, Lourdes_Q4_B5 ou mais",1350260727.0,"Lourdes_Belo Horizonte, Lourdes",4,5 ou mais,312m²,4,R$ 5.900.000
"Lourdes_Belo Horizonte, Lourdes_Q4_B5 ou mais",1350260732.0,"Lourdes_Belo Horizonte, Lourdes",4,5 ou mais,333m²,4,R$ 4.950.000
"Lourdes_Belo Horizonte, Lourdes_Q2_B2",1350260741.0,"Lourdes_Belo Horizonte, Lourdes",2,2,63m²,2,R$ 1.024.000
"Lourdes_Belo Horizonte, Lourdes_Q3_B3",1350260667.0,"Lourdes_Belo Horizonte, Lourdes",3,3,83m²,2,R$ 1.270.822
"Lourdes_Belo Horizonte, Lourdes_Q3_B2",1350260668.0,"Lourdes_Belo Horizonte, Lourdes",3,2,95m²,2,R$ 950.000
"Lourdes_Belo Horizonte, Lourdes_Q4_B5 ou mais",1350260616.0,"Lourdes_Belo Horizonte, Lourdes",4,5 ou mais,345m²,4,R$ 3.690.000
"Lourdes_Belo Horizonte, Lourdes_Q4_B4",1350260619.0,"Lourdes_Belo Horizonte, Lourdes",4,4,200m²,2,R$ 2.580.000
"Lourdes_Belo Horizonte, Lourdes_Q3_B3",1350260557.0,"Lourdes_Belo Horizonte, Lourdes",3,3,173m²,3,R$ 2.950.000
"Lourdes_Belo Horizonte, Lourdes_Q4_B5 ou mais",1350260561.0,"Lourdes_Belo Horizonte, Lourdes",4,5 ou mais,210m²,5 ou mais,R$ 4.500.000
"Lourdes_Belo Horizonte, Lourdes_Q4_B4",1350260513.0,"Lourdes_Belo Horizonte, Lourdes",4,4,197m²,4,R$ 3.470.926
"Lourdes_Belo Horizonte, Lourdes_Q4_B5 ou mais",1350260518.0,"Lourdes_Belo Horizonte, Lourdes",4,5 ou mais,310m²,4,R$ 3.300.000
"Lourdes_Belo Horizonte, Lourdes_Q4_B5 ou mais",1350260537.0,"Lourdes_Belo Horizonte, Lourdes",4,5 ou mais,300m²,4,R$ 4.500.000
"Lourdes_Belo Horizonte, Lourdes_Q3_B4",1350260489.0,"Lourdes_Belo Horizonte, Lourdes",3,4,308m²,4,R$ 3.900.000
"Lourdes_Belo Horizonte, Lourdes_Q4_B4",1350260477.0,"Lourdes_Belo Horizonte, Lourdes",4,4,290m²,4,R$ 3.700.000
"Lourdes_Belo Horizonte, Lourdes_Q2_B2",1350260468.0,"Lourdes_Belo Horizonte, Lourdes",2,2,72m²,2,R$ 1.290.000
"Lourdes_Belo Horizonte, Lourdes_Q4_B5 ou mais",1350260441.0,"Lourdes_Belo Horizonte, Lourdes",4,5 ou mais,260m²,4,R$ 4.150.000
"Lourdes_Belo Horizonte, Lourdes_Q3_B5 ou mais",1350260392.0,"Lourdes_Belo Horizonte, Lourdes",3,5 ou mais,416m²,4,R$ 6.500.000
"Lourdes_Belo Horizonte, Lourdes_Q4_B4",1350260394.0,"Lourdes_Belo Horizonte, Lourdes",4,4,201m²,4,R$ 3.180.000
"Lourdes_Belo Horizonte, Lourdes_Q4_B1",1350260405.0,"Lourdes_Belo Horizonte, Lourdes",4,1,400m²,5 ou mais,R$ 4.800.000
"Lourdes_Belo Horizonte, Lourdes_Q4_B4",1350260389.0,"Lourdes_Belo Horizonte, Lourdes",4,4,143m²,3,R$ 2.190.000
"Lourdes_Belo Horizonte, Lourdes_Q3_B4",1350260333.0,"Lourdes_Belo Horizonte, Lourdes",3,4,120m²,3,R$ 1.750.000
"Lourdes_Belo Horizonte, Lourdes_Q3_B5 ou mais",1350260356.0,"Lourdes_Belo Horizonte, Lourdes",3,5 ou mais,373m²,4,R$ 3.500.000
"Lourdes_Belo Horizonte, Lourdes_Q3_B4",1350260317.0,"Lourdes_Belo Horizonte, Lourdes",3,4,150m²,2,R$ 3.000.000
"Lourdes_Belo Horizonte, Lourdes_Q4_B4",1350260284.0,"Lourdes_Belo Horizonte, Lourdes",4,4,230m²,3,R$ 3.300.000
"Lourdes_Belo Horizonte, Lourdes_Q4_B5 ou mais",1350260301.0,"Lourdes_Belo Horizonte, Lourdes",4,5 ou mais,312m²,4,R$ 6.600.000
"Lourdes_Belo Horizonte, Lourdes_Q4_B5 ou mais",1350260258.0,"Lourdes_Belo Horizonte, Lourdes",4,5 ou mais,695m²,5 ou mais,R$ 9.900.000
"Lourdes_Belo Horizonte, Lourdes_Q4_B5 ou mais",1350260225.0,"Lourdes_Belo Horizonte, Lourdes",4,5 ou mais,300m²,4,R$ 4.200.000
"Lourdes_Belo Horizonte, Lourdes_Q4_B5 ou mais",1350260211.0,"Lourdes_Belo Horizonte, Lourdes",4,5 ou mais,209m²,4,R$ 3.200.000
"Lourdes_Belo Horizonte, Lourdes_Q3_B3",1350260213.0,"Lourdes_Belo Horizonte, Lourdes",3,3,250m²,2,R$ 2.350.000
"Lourdes_Belo Horizonte, Lourdes_Q3_B2",1350260219.0,"Lourdes_Belo Horizonte, Lourdes",3,2,100m²,0,R$ 2.200.000
"Lourdes_Belo Horizonte, Lourdes_Q4_B4",1350260182.0,"Lourdes_Belo Horizonte, Lourdes",4,4,190m²,2,R$ 2.200.000
"Lourdes_Belo Horizonte, Lourdes_Q3_B2",1350260183.0,"Lourdes_Belo Horizonte, Lourdes",3,2,87m²,2,R$ 1.970.000
"Lourdes_Belo Horizonte, Lourdes_Q2_B2",1350260178.0,"Lourdes_Belo Horizonte, Lourdes",2,2,107m²,2,R$ 1.785.000
"Lourdes_Belo Horizonte, Lourdes_Q4_B5 ou mais",1350260087.0,"Lourdes_Belo Horizonte, Lourdes",4,5 ou mais,385m²,5 ou mais,R$ 12.300.000
"Lourdes_Belo Horizonte, Lourdes_Q3_B3",1350260059.0,"Lourdes_Belo Horizonte, Lourdes",3,3,109m²,2,R$ 2.600.000
"Lourdes_Belo Horizonte, Lourdes_Q4_B3",1350260062.0,"Lourdes_Belo Horizonte, Lourdes",4,3,230m²,2,R$ 2.650.000
"Lourdes_Belo Horizonte, Lourdes_Q2_B2",1350260013.0,"Lourdes_Belo Horizonte, Lourdes",2,2,120m²,2,R$ 1.615.000
"Lourdes_Belo Horizonte, Lourdes_Q3_B4",1350260003.0,"Lourdes_Belo Horizonte, Lourdes",3,4,228m²,3,R$ 3.500.000
"Lourdes_Belo Horizonte, Lourdes_Q4_B4",1350259989.0,"Lourdes_Belo Horizonte, Lourdes",4,4,264m²,3,R$ 2.900.000
"Lourdes_Belo Horizonte, Lourdes_Q4_B5 ou mais",1350259992.0,"Lourdes_Belo Horizonte, Lourdes",4,5 ou mais,305m²,4,R$ 4.500.000
"Lourdes_Belo Horizonte, Lourdes_Q3_B3",1350259976.0,"Lourdes_Belo Horizonte, Lourdes",3,3,407m²,2,R$ 3.000.000
"Lourdes_Belo Horizonte, Lourdes_Q4_B5 ou mais",1350259960.0,"Lourdes_Belo Horizonte, Lourdes",4,5 ou mais,137m²,4,R$ 2.200.000
"Lourdes_Belo Horizonte, Lourdes_Q4_B3",1350259943.0,"Lourdes_Belo Horizonte, Lourdes",4,3,120m²,2,R$ 1.750.000
"Lourdes_Belo Horizonte, Lourdes_Q3_B2",1350259927.0,"Lourdes_Belo Horizonte, Lourdes",3,2,73m²,2,R$ 1.590.000
"Lourdes_Belo Horizonte, Lourdes_Q4_B5 ou mais",1350259913.0,"Lourdes_Belo Horizonte, Lourdes",4,5 ou mais,290m²,4,R$ 4.750.000
"Lourdes_Belo Horizonte, Lourdes_QNone_BNone",1350258955.0,"Lourdes_Belo Horizonte, Lourdes",,,70m²,1,R$ 1.900
"Lourdes_Belo Horizonte, Lourdes_Q2_B2",1350258675.0,"Lourdes_Belo Horizonte, Lourdes",2,2,77m²,1,R$ 6.000
"Lourdes_Belo Horizonte, Lourdes_Q4_B3",1350239758.0,"Lourdes_Belo Horizonte, Lourdes",4,3,152m²,1,R$ 1.600.000
"Centro_Belo Horizonte, Centro_Q2_B2",1350226766.0,"Centro_Belo Horizonte, Centro",2,2,68m²,2,R$ 798.000
"Lourdes_Belo Horizonte, Lourdes_Q3_B3",1257934549.0,"Lourdes_Belo Horizonte, Lourdes",3,3,79m²,2,R$ 1.270.822
"Lourdes_Belo Horizonte, Lourdes_Q3_B2",1230756862.0,"Lourdes_Belo Horizonte, Lourdes",3,2,77m²,2,R$ 1.302.000
"Centro_Belo Horizonte, Centro_Q2_B2",1350214575.0,"Centro_Belo Horizonte, Centro",2,2,64m²,2,R$ 798.000
"Lourdes_Belo Horizonte, Lourdes_Q2_B3",1350213465.0,"Lourdes_Belo Horizonte, Lourdes",2,3,122m²,2,R$ 1.670.000
"Lourdes_Belo Horizonte, Lourdes_Q2_B3",1350213460.0,"Lourdes_Belo Horizonte, Lourdes",2,3,64m²,2,R$ 1.350.000
"Lourdes_Belo Horizonte, Lourdes_Q2_B3",1350213353.0,"Lourdes_Belo Horizonte, Lourdes",2,3,64m²,2,R$ 1.380.000
"Santo Antônio_Belo Horizonte, Santo Antônio_QNone_BNone",1350187218.0,"Santo Antônio_Belo Horizonte, Santo Antônio",,,270m²,4,R$ 14.000
"Lourdes_Belo Horizonte, Lourdes_Q4_B2",1350168402.0,"Lourdes_Belo Horizonte, Lourdes",4,2,180m²,2,R$ 6.600
"Lourdes_Belo Horizonte, Lourdes_Q3_B2",1350110704.0,"Lourdes_Belo Horizonte, Lourdes",3,2,85m²,2,R$ 1.399.960
"Lourdes_Belo Horizonte, Lourdes_Q4_B2",1350110686.0,"Lourdes_Belo Horizonte, Lourdes",4,2,180m²,2,R$ 1.750.000
"Lourdes_Belo Horizonte, Lourdes_Q1_B1",1350024636.0,"Lourdes_Belo Horizonte, Lourdes",1,1,40m²,1,R$ 3.450
"Centro_Belo Horizonte, Centro_Q3_B2",1349997780.0,"Centro_Belo Horizonte, Centro",3,2,166m²,0,R$ 530.000
"Lourdes_Belo Horizonte, Lourdes_QNone_BNone",1349944155.0,"Lourdes_Belo Horizonte, Lourdes",,,127m²,0,R$ 4.100
"Lourdes_Belo Horizonte, Lourdes_QNone_BNone",1349944098.0,"Lourdes_Belo Horizonte, Lourdes",,,74m²,0,R$ 3.300
"Lourdes_Belo Horizonte, Lourdes_Q3_B3",1349894230.0,"Lourdes_Belo Horizonte, Lourdes",3,3,190m²,3,R$ 1.995.000
"Lourdes_Belo Horizonte, Lourdes_Q3_B3",1349894091.0,"Lourdes_Belo Horizonte, Lourdes",3,3,190m²,4,R$ 1.890.000
"Lourdes_Belo Horizonte, Lourdes_Q3_B3",1349885326.0,"Lourdes_Belo Horizonte, Lourdes",3,3,110m²,1,R$ 1.350.000
"Lourdes_Belo Horizonte, Lourdes_QNone_BNone",1349880967.0,"Lourdes_Belo Horizonte, Lourdes",,,30m²,,R$ 600
"Lourdes_Belo Horizonte, Lourdes_QNone_BNone",1349880954.0,"Lourdes_Belo Horizonte, Lourdes",,,30m²,,R$ 130.000
"Lourdes_Belo Horizonte, Lourdes_Q4_B4",1349868562.0,"Lourdes_Belo Horizonte, Lourdes",4,4,138m²,3,R$ 1.850.000
"Lourdes_Belo Horizonte, Lourdes_QNone_BNone",1349866012.0,"Lourdes_Belo Horizonte, Lourdes",,,183m²,4,R$ 8.235
"Lourdes_Belo Horizonte, Lourdes_QNone_BNone",1349865906.0,"Lourdes_Belo Horizonte, Lourdes",,,67m²,0,R$ 25.878
"Lourdes_Belo Horizonte, Lourdes_QNone_BNone",1349865899.0,"Lourdes_Belo Horizonte, Lourdes",,,577m²,5 ou mais,R$ 24.343
"Lourdes_Belo Horizonte, Lourdes_QNone_BNone",1349865900.0,"Lourdes_Belo Horizonte, Lourdes",,,381m²,5 ou mais,R$ 33.614
"Lourdes_Belo Horizonte, Lourdes_QNone_BNone",1349865895.0,"Lourdes_Belo Horizonte, Lourdes",,,269m²,0,R$ 26.700
"Lourdes_Belo Horizonte, Lourdes_Q2_B2",1349452424.0,"Lourdes_Belo Horizonte, Lourdes",2,2,77m²,1,R$ 1.050.000
"Lourdes_Belo Horizonte, Lourdes_Q2_B2",1349441575.0,"Lourdes_Belo Horizonte, Lourdes",2,2,60m²,2,R$ 895.320
"Lourdes_Belo Horizonte, Lourdes_Q2_B2",1349441277.0,"Lourdes_Belo Horizonte, Lourdes",2,2,60m²,2,R$ 919.320
"Lourdes_Belo Horizonte, Lourdes_Q2_B3",1349441272.0,"Lourdes_Belo Horizonte, Lourdes",2,3,91m²,2,R$ 1.308.690
"Lourdes_Belo Horizonte, Lourdes_Q2_B2",1349441264.0,"Lourdes_Belo Horizonte, Lourdes",2,2,66m²,2,R$ 979.507
"Lourdes_Belo Horizonte, Lourdes_Q2_B2",1349441267.0,"Lourdes_Belo Horizonte, Lourdes",2,2,66m²,2,R$ 967.507
"Lourdes_Belo Horizonte, Lourdes_Q2_B2",1349441257.0,"Lourdes_Belo Horizonte, Lourdes",2,2,95m²,2,R$ 1.071.415
"Lourdes_Belo Horizonte, Lourdes_Q2_B2",1349441243.0,"Lourdes_Belo Horizonte, Lourdes",2,2,60m²,2,R$ 907.320
"Centro_Belo Horizonte, Centro_Q3_B2",1349433180.0,"Centro_Belo Horizonte, Centro",3,2,199m²,1,R$ 800.000
"Lourdes_Belo Horizonte, Lourdes_Q5 ou mais_B4",1349409841.0,"Lourdes_Belo Horizonte, Lourdes",5 ou mais,4,138m²,3,R$ 1.850.000
"Lourdes_Belo Horizonte, Lourdes_Q4_B4",1349292250.0,"Lourdes_Belo Horizonte, Lourdes",4,4,131m²,4,R$ 2.450.000
"Lourdes_Belo Horizonte, Lourdes_Q4_B4",1349292173.0,"Lourdes_Belo Horizonte, Lourdes",4,4,131m²,4,R$ 2.630.000
"Lourdes_Belo Horizonte, Lourdes_Q4_B4",1349292065.0,"Lourdes_Belo Horizonte, Lourdes",4,4,131m²,3,R$ 2.630.000
"Lourdes_Belo Horizonte, Lourdes_QNone_BNone",1349278474.0,"Lourdes_Belo Horizonte, Lourdes",,,49m²,2,R$ 3.300
"Lourdes_Belo Horizonte, Lourdes_Q4_B3",1349248111.0,"Lourdes_Belo Horizonte, Lourdes",4,3,190m²,3,R$ 2.790.000
"Centro_Belo Horizonte, Centro_Q2_B1",1349245119.0,"Centro_Belo Horizonte, Centro",2,1,47m²,1,R$ 3.600
"Lourdes_Belo Horizonte, Lourdes_QNone_BNone",1349241977.0,"Lourdes_Belo Horizonte, Lourdes",,,354m²,0,R$ 1.850.000
"Lourdes_Belo Horizonte, Lourdes_Q4_B5 ou mais",1349234388.0,"Lourdes_Belo Horizonte, Lourdes",4,5 ou mais,352m²,4,R$ 3.980.000
"Lourdes_Belo Horizonte, Lourdes_Q3_B2",1349192868.0,"Lourdes_Belo Horizonte, Lourdes",3,2,100m²,3,R$ 1.450.000
"Lourdes_Belo Horizonte, Lourdes_Q2_B3",1349192783.0,"Lourdes_Belo Horizonte, Lourdes",2,3,129m²,2,R$ 1.650.000
"Lourdes_Belo Horizonte, Lourdes_Q2_B3",1349192705.0,"Lourdes_Belo Horizonte, Lourdes",2,3,121m²,3,R$ 1.690.000
"Lourdes_Belo Horizonte, Lourdes_Q2_B2",1349192650.0,"Lourdes_Belo Horizonte, Lourdes",2,2,65m²,2,R$ 1.220.000
"Lourdes_Belo Horizonte, Lourdes_Q2_B3",1349162451.0,"Lourdes_Belo Horizonte, Lourdes",2,3,110m²,2,R$ 1.200.000
"Lourdes_Belo Horizonte, Lourdes_Q4_B4",1349144320.0,"Lourdes_Belo Horizonte, Lourdes",4,4,190m²,3,R$ 2.150.000
"Lourdes_Belo Horizonte, Lourdes_Q2_B2",1349143084.0,"Lourdes_Belo Horizonte, Lourdes",2,2,59m²,2,R$ 950.000
"Lourdes_Belo Horizonte, Lourdes_Q3_B2",1349142772.0,"Lourdes_Belo Horizonte, Lourdes",3,2,90m²,2,R$ 890.000
"Centro_Belo Horizonte, Centro_Q3_B1",1349142615.0,"Centro_Belo Horizonte, Centro",3,1,120m²,,R$ 480.000
"Lourdes_Belo Horizonte, Lourdes_Q2_B1",1349122130.0,"Lourdes_Belo Horizonte, Lourdes",2,1,80m²,1,R$ 680.000
"Lourdes_Belo Horizonte, Lourdes_Q3_B4",1349115056.0,"Lourdes_Belo Horizonte, Lourdes",3,4,160m²,4,R$ 7.500
"Lourdes_Belo Horizonte, Lourdes_Q3_B1",1349111725.0,"Lourdes_Belo Horizonte, Lourdes",3,1,86m²,2,R$ 1.589.000
"Lourdes_Belo Horizonte, Lourdes_Q3_B3",1349109769.0,"Lourdes_Belo Horizonte, Lourdes",3,3,105m²,2,R$ 1.839.000
"Lourdes_Belo Horizonte, Lourdes_QNone_BNone",1349109756.0,"Lourdes_Belo Horizonte, Lourdes",,,170m²,5 ou mais,R$ 1.200.000
"Lourdes_Belo Horizonte, Lourdes_Q2_B2",1349109543.0,"Lourdes_Belo Horizonte, Lourdes",2,2,112m²,2,R$ 2.359.000
"Lourdes_Belo Horizonte, Lourdes_Q3_B3",1349106819.0,"Lourdes_Belo Horizonte, Lourdes",3,3,260m²,3,R$ 5.500.000
"Lourdes_Belo Horizonte, Lourdes_Q4_B3",1349097633.0,"Lourdes_Belo Horizonte, Lourdes",4,3,152m²,2,R$ 1.600.000
"Lourdes_Belo Horizonte, Lourdes_Q3_B2",1349097629.0,"Lourdes_Belo Horizonte, Lourdes",3,2,90m²,2,R$ 890.000
"Lourdes_Belo Horizonte, Lourdes_Q3_B3",1349094170.0,"Lourdes_Belo Horizonte, Lourdes",3,3,100m²,1,R$ 980.000
"Lourdes_Belo Horizonte, Lourdes_Q4_B2",1349094131.0,"Lourdes_Belo Horizonte, Lourdes",4,2,150m²,2,R$ 1.400.000
"Lourdes_Belo Horizonte, Lourdes_Q2_B2",1349094120.0,"Lourdes_Belo Horizonte, Lourdes",2,2,75m²,1,R$ 700.000
"Lourdes_Belo Horizonte, Lourdes_Q2_B3",1349094095.0,"Lourdes_Belo Horizonte, Lourdes",2,3,69m²,2,R$ 1.080.000
"Lourdes_Belo Horizonte, Lourdes_Q4_B5 ou mais",1349094038.0,"Lourdes_Belo Horizonte, Lourdes",4,5 ou mais,300m²,3,R$ 1.790.000
"Lourdes_Belo Horizonte, Lourdes_Q3_B3",1349093985.0,"Lourdes_Belo Horizonte, Lourdes",3,3,95m²,2,R$ 1.482.000
"Lourdes_Belo Horizonte, Lourdes_Q2_B3",1349093952.0,"Lourdes_Belo Horizonte, Lourdes",2,3,80m²,2,R$ 970.000
"Lourdes_Belo Horizonte, Lourdes_Q4_B5 ou mais",1349093913.0,"Lourdes_Belo Horizonte, Lourdes",4,5 ou mais,240m²,3,R$ 2.640.000
"Lourdes_Belo Horizonte, Lourdes_Q3_B2",1349088395.0,"Lourdes_Belo Horizonte, Lourdes",3,2,77m²,2,R$ 1.422.000
"Lourdes_Belo Horizonte, Lourdes_QNone_BNone",1349088096.0,"Lourdes_Belo Horizonte, Lourdes",,,70m²,0,R$ 650.000
"Lourdes_Belo Horizonte, Lourdes_Q4_B3",1349088012.0,"Lourdes_Belo Horizonte, Lourdes",4,3,200m²,2,R$ 2.580.000
"Lourdes_Belo Horizonte, Lourdes_Q3_B2",1349087693.0,"Lourdes_Belo Horizonte, Lourdes",3,2,135m²,1,R$ 690.000
"Lourdes_Belo Horizonte, Lourdes_Q4_B4",1349055774.0,"Lourdes_Belo Horizonte, Lourdes",4,4,228m²,2,R$ 25.900
"Lourdes_Belo Horizonte, Lourdes_QNone_BNone",1349055714.0,"Lourdes_Belo Horizonte, Lourdes",,,74m²,0,R$ 310.000
"Lourdes_Belo Horizonte, Lourdes_Q4_B5 ou mais",1349022421.0,"Lourdes_Belo Horizonte, Lourdes",4,5 ou mais,207m²,4,R$ 4.350.000
"Centro_Belo Horizonte, Centro_Q3_B1",1348961704.0,"Centro_Belo Horizonte, Centro",3,1,127m²,0,R$ 450.000
"Lourdes_Belo Horizonte, Lourdes_Q3_B2",1348957284.0,"Lourdes_Belo Horizonte, Lourdes",3,2,77m²,0,R$ 989.177
"Lourdes_Belo Horizonte, Lourdes_Q4_B1",1348921342.0,"Lourdes_Belo Horizonte, Lourdes",4,1,200m²,2,R$ 5.100
"Centro_Belo Horizonte, Centro_Q2_B1",1348717382.0,"Centro_Belo Horizonte, Centro",2,1,81m²,0,R$ 350.000
"Lourdes_Belo Horizonte, Lourdes_Q2_B2",1348716902.0,"Lourdes_Belo Horizonte, Lourdes",2,2,77m²,1,R$ 1.050.000
"Lourdes_Belo Horizonte, Lourdes_Q2_B2",1348716826.0,"Lourdes_Belo Horizonte, Lourdes",2,2,71m²,2,R$ 1.476.419
"Lourdes_Belo Horizonte, Lourdes_QNone_BNone",1348716760.0,"Lourdes_Belo Horizonte, Lourdes",,,225m²,0,R$ 10.000
"Lourdes_Belo Horizonte, Lourdes_QNone_BNone",1348716700.0,"Lourdes_Belo Horizonte, Lourdes",,,225m²,0,R$ 1.800.000
"Lourdes_Belo Horizonte, Lourdes_Q3_B2",1348671313.0,"Lourdes_Belo Horizonte, Lourdes",3,2,100m²,2,R$ 1.350.000
"Lourdes_Belo Horizonte, Lourdes_Q4_B2",1348668973.0,"Lourdes_Belo Horizonte, Lourdes",4,2,218m²,3,R$ 2.590.000
"Lourdes_Belo Horizonte, Lourdes_Q4_B2",1348668839.0,"Lourdes_Belo Horizonte, Lourdes",4,2,120m²,1,R$ 950.000
"Lourdes_Belo Horizonte, Lourdes_Q2_B3",1348660033.0,"Lourdes_Belo Horizonte, Lourdes",2,3,80m²,2,R$ 900.000
"Lourdes_Belo Horizonte, Lourdes_QNone_BNone",1348659389.0,"Lourdes_Belo Horizonte, Lourdes",,,34m²,0,R$ 600
"Centro_Belo Horizonte, Centro_Q1_B1",1348637723.0,"Centro_Belo Horizonte, Centro",1,1,43m²,1,R$ 3.590
"Lourdes_Belo Horizonte, Lourdes_Q1_B1",1348618333.0,"Lourdes_Belo Horizonte, Lourdes",1,1,34m²,1,R$ 2.000
"Lourdes_Belo Horizonte, Lourdes_QNone_BNone",1348599492.0,"Lourdes_Belo Horizonte, Lourdes",,,23m²,,R$ 900
"Lourdes_Belo Horizonte, Lourdes_Q2_B3",1348597813.0,"Lourdes_Belo Horizonte, Lourdes",2,3,123m²,3,R$ 1.700.000
"Lourdes_Belo Horizonte, Lourdes_Q3_B1",1348597446.0,"Lourdes_Belo Horizonte, Lourdes",3,1,150m²,2,R$ 3.000.000
"Lourdes_Belo Horizonte, Lourdes_QNone_BNone",1348588879.0,"Lourdes_Belo Horizonte, Lourdes",,,74m²,0,R$ 3.300
"Lourdes_Belo Horizonte, Lourdes_Q4_B5 ou mais",1348574659.0,"Lourdes_Belo Horizonte, Lourdes",4,5 ou mais,373m²,4,R$ 3.500.000
"Lourdes_Belo Horizonte, Lourdes_QNone_BNone",1348531590.0,"Lourdes_Belo Horizonte, Lourdes",,,113m²,0,R$ 7.500
"Lourdes_Belo Horizonte, Lourdes_QNone_BNone",1348531596.0,"Lourdes_Belo Horizonte, Lourdes",,,130m²,0,R$ 6.900
"Lourdes_Belo Horizonte, Lourdes_Q4_B3",1348393635.0,"Lourdes_Belo Horizonte, Lourdes",4,3,170m²,2,R$ 1.950.000
"Lourdes_Belo Horizonte, Lourdes_Q2_B2",1348376948.0,"Lourdes_Belo Horizonte, Lourdes",2,2,67m²,2,R$ 1.115.000
"Cidade Jardim_Belo Horizonte, Cidade Jardim_Q4_B5 ou mais",1348371472.0,"Cidade Jardim_Belo Horizonte, Cidade Jardim",4,5 ou mais,270m²,5 ou mais,R$ 5.100.000
"Cidade Jardim_Belo Horizonte, Cidade Jardim_Q4_B5 ou mais",1348371375.0,"Cidade Jardim_Belo Horizonte, Cidade Jardim",4,5 ou mais,205m²,4,R$ 2.980.000
"Lourdes_Belo Horizonte, Lourdes_Q2_B2",1348369174.0,"Lourdes_Belo Horizonte, Lourdes",2,2,63m²,2,R$ 5.400
"Lourdes_Belo Horizonte, Lourdes_Q2_B3",1348275258.0,"Lourdes_Belo Horizonte, Lourdes",2,3,80m²,1,R$ 800.000
"Lourdes_Belo Horizonte, Lourdes_Q2_B2",1348260677.0,"Lourdes_Belo Horizonte, Lourdes",2,2,63m²,2,R$ 1.160.000
"Centro_Belo Horizonte, Centro_Q1_B1",1348241159.0,"Centro_Belo Horizonte, Centro",1,1,50m²,1,R$ 3.690
"Lourdes_Belo Horizonte, Lourdes_Q4_B3",1348235820.0,"Lourdes_Belo Horizonte, Lourdes",4,3,191m²,2,R$ 2.150.000
"Lourdes_Belo Horizonte, Lourdes_Q2_B2",1348232668.0,"Lourdes_Belo Horizonte, Lourdes",2,2,63m²,2,R$ 5.400
"Lourdes_Belo Horizonte, Lourdes_Q3_B1",1348232548.0,"Lourdes_Belo Horizonte, Lourdes",3,1,95m²,2,R$ 1.300.000
"Lourdes_Belo Horizonte, Lourdes_QNone_BNone",1348215570.0,"Lourdes_Belo Horizonte, Lourdes",,,450m²,5 ou mais,R$ 7.600.000
"Lourdes_Belo Horizonte, Lourdes_QNone_BNone",1348207203.0,"Lourdes_Belo Horizonte, Lourdes",,,127m²,3,R$ 4.100
"Lourdes_Belo Horizonte, Lourdes_QNone_BNone",1348196790.0,"Lourdes_Belo Horizonte, Lourdes",,,37m²,0,R$ 165.000
"Lourdes_Belo Horizonte, Lourdes_Q3_B2",1348173168.0,"Lourdes_Belo Horizonte, Lourdes",3,2,97m²,1,R$ 695.000
"Lourdes_Belo Horizonte, Lourdes_Q4_B5 ou mais",1347952989.0,"Lourdes_Belo Horizonte, Lourdes",4,5 ou mais,363m²,5 ou mais,R$ 6.500.000
"Lourdes_Belo Horizonte, Lourdes_Q2_B2",1347940963.0,"Lourdes_Belo Horizonte, Lourdes",2,2,63m²,2,R$ 5.900
"Lourdes_Belo Horizonte, Lourdes_Q2_B2",1347940917.0,"Lourdes_Belo Horizonte, Lourdes",2,2,63m²,2,R$ 5.900
"Lourdes_Belo Horizonte, Lourdes_Q1_B1",1347900750.0,"Lourdes_Belo Horizonte, Lourdes",1,1,74m²,1,R$ 2.400
"Lourdes_Belo Horizonte, Lourdes_Q4_B4",1347884745.0,"Lourdes_Belo Horizonte, Lourdes",4,4,143m²,3,R$ 2.190.000
"Lourdes_Belo Horizonte, Lourdes_Q4_B4",1347884560.0,"Lourdes_Belo Horizonte, Lourdes",4,4,153m²,4,R$ 3.450.000
"Lourdes_Belo Horizonte, Lourdes_Q2_B2",1347883957.0,"Lourdes_Belo Horizonte, Lourdes",2,2,63m²,2,R$ 5.400
"Lourdes_Belo Horizonte, Lourdes_Q2_B2",1347883935.0,"Lourdes_Belo Horizonte, Lourdes",2,2,63m²,2,R$ 5.400
"Lourdes_Belo Horizonte, Lourdes_Q2_B2",1347878193.0,"Lourdes_Belo Horizonte, Lourdes",2,2,67m²,2,R$ 1.200.000
"Lourdes_Belo Horizonte, Lourdes_Q2_B2",1347773271.0,"Lourdes_Belo Horizonte, Lourdes",2,2,62m²,2,R$ 5.400
"Lourdes_Belo Horizonte, Lourdes_Q2_B2",1347772878.0,"Lourdes_Belo Horizonte, Lourdes",2,2,62m²,2,R$ 5.400
"Lourdes_Belo Horizonte, Lourdes_Q2_B2",1347770272.0,"Lourdes_Belo Horizonte, Lourdes",2,2,62m²,2,R$ 5.400
"Lourdes_Belo Horizonte, Lourdes_QNone_BNone",1347405151.0,"Lourdes_Belo Horizonte, Lourdes",,,420m²,,R$ 3.500.000
"Lourdes_Belo Horizonte, Lourdes_Q2_B2",1347375328.0,"Lourdes_Belo Horizonte, Lourdes",2,2,77m²,1,R$ 1.050.000
"Lourdes_Belo Horizonte, Lourdes_Q2_B3",1347326093.0,"Lourdes_Belo Horizonte, Lourdes",2,3,164m²,1,R$ 1.280.000
"Lourdes_Belo Horizonte, Lourdes_QNone_BNone",1347326083.0,"Lourdes_Belo Horizonte, Lourdes",,,33m²,2,R$ 280.000
"Lourdes_Belo Horizonte, Lourdes_Q4_B2",1347305102.0,"Lourdes_Belo Horizonte, Lourdes",4,2,236m²,2,R$ 1.650.000
"Santo Agostinho_Belo Horizonte, Santo Agostinho_Q1_B1",1347295409.0,"Santo Agostinho_Belo Horizonte, Santo Agostinho",1,1,25m²,1,R$ 2.000
"Lourdes_Belo Horizonte, Lourdes_Q1_B1",1347285336.0,"Lourdes_Belo Horizonte, Lourdes",1,1,40m²,1,R$ 550.000
"Lourdes_Belo Horizonte, Lourdes_QNone_BNone",1347217780.0,"Lourdes_Belo Horizonte, Lourdes",,,31m²,0,R$ 350.000
"Lourdes_Belo Horizonte, Lourdes_Q4_B4",1347153501.0,"Lourdes_Belo Horizonte, Lourdes",4,4,151m²,,R$ 2.220.000
"Lourdes_Belo Horizonte, Lourdes_Q4_B5 ou mais",1347092501.0,"Lourdes_Belo Horizonte, Lourdes",4,5 ou mais,305m²,4,R$ 4.200.000
"Lourdes_Belo Horizonte, Lourdes_Q4_B5 ou mais",1347092503.0,"Lourdes_Belo Horizonte, Lourdes",4,5 ou mais,228m²,3,R$ 3.350.000
"Lourdes_Belo Horizonte, Lourdes_Q4_B4",1346990281.0,"Lourdes_Belo Horizonte, Lourdes",4,4,300m²,2,R$ 2.700.000
"Lourdes_Belo Horizonte, Lourdes_Q2_B3",1346968502.0,"Lourdes_Belo Horizonte, Lourdes",2,3,185m²,2,R$ 13.500
"Lourdes_Belo Horizonte, Lourdes_QNone_BNone",1346944975.0,"Lourdes_Belo Horizonte, Lourdes",,,220m²,3,R$ 7.000
"Lourdes_Belo Horizonte, Lourdes_Q5 ou mais_B3",1346942209.0,"Lourdes_Belo Horizonte, Lourdes",5 ou mais,3,320m²,3,R$ 2.300.000
"Lourdes_Belo Horizonte, Lourdes_QNone_BNone",1346911038.0,"Lourdes_Belo Horizonte, Lourdes",,,101m²,0,R$ 2.100
"Lourdes_Belo Horizonte, Lourdes_Q2_B1",1346910016.0,"Lourdes_Belo Horizonte, Lourdes",2,1,53m²,1,R$ 4.000
"Lourdes_Belo Horizonte, Lourdes_Q2_B2",1346876533.0,"Lourdes_Belo Horizonte, Lourdes",2,2,65m²,2,R$ 1.200.000
"Lourdes_Belo Horizonte, Lourdes_Q4_B3",1346851857.0,"Lourdes_Belo Horizonte, Lourdes",4,3,120m²,1,R$ 1.100.000
"Lourdes_Belo Horizonte, Lourdes_QNone_BNone",1346829815.0,"Lourdes_Belo Horizonte, Lourdes",,,127m²,0,R$ 1.200.000
"Lourdes_Belo Horizonte, Lourdes_Q3_B2",1346814182.0,"Lourdes_Belo Horizonte, Lourdes",3,2,90m²,2,R$ 890.000
"Lourdes_Belo Horizonte, Lourdes_Q3_B2",1346616233.0,"Lourdes_Belo Horizonte, Lourdes",3,2,84m²,2,R$ 1.400.000
"Lourdes_Belo Horizonte, Lourdes_Q2_B2",1346616225.0,"Lourdes_Belo Horizonte, Lourdes",2,2,77m²,1,R$ 1.050.000
"Lourdes_Belo Horizonte, Lourdes_Q4_B3",1346611456.0,"Lourdes_Belo Horizonte, Lourdes",4,3,151m²,3,R$ 1.750.000
"Lourdes_Belo Horizonte, Lourdes_Q3_B3",1346571663.0,"Lourdes_Belo Horizonte, Lourdes",3,3,77m²,2,R$ 1.452.000
"Lourdes_Belo Horizonte, Lourdes_QNone_BNone",1346570342.0,"Lourdes_Belo Horizonte, Lourdes",,,130m²,,R$ 6.900
"Lourdes_Belo Horizonte, Lourdes_QNone_BNone",1346570218.0,"Lourdes_Belo Horizonte, Lourdes",,,113m²,,R$ 7.500
"Lourdes_Belo Horizonte, Lourdes_Q3_B2",1346552988.0,"Lourdes_Belo Horizonte, Lourdes",3,2,91m²,2,R$ 1.200.000
"Lourdes_Belo Horizonte, Lourdes_Q4_B2",1346548608.0,"Lourdes_Belo Horizonte, Lourdes",4,2,150m²,2,R$ 1.400.000
"Lourdes_Belo Horizonte, Lourdes_Q2_B2",1346548504.0,"Lourdes_Belo Horizonte, Lourdes",2,2,84m²,2,R$ 970.000
"Lourdes_Belo Horizonte, Lourdes_Q3_B3",1346548231.0,"Lourdes_Belo Horizonte, Lourdes",3,3,96m²,3,R$ 1.350.000
"Lourdes_Belo Horizonte, Lourdes_Q3_B4",1346534899.0,"Lourdes_Belo Horizonte, Lourdes",3,4,175m²,3,R$ 10.150
"Centro_Belo Horizonte, Centro_Q4_B4",1346407357.0,"Centro_Belo Horizonte, Centro",4,4,220m²,2,R$ 995.000
"Lourdes_Belo Horizonte, Lourdes_Q4_B3",1346238661.0,"Lourdes_Belo Horizonte, Lourdes",4,3,160m²,3,R$ 1.800.000
"Lourdes_Belo Horizonte, Lourdes_Q2_B3",1346231413.0,"Lourdes_Belo Horizonte, Lourdes",2,3,75m²,2,R$ 968.000
"Lourdes_Belo Horizonte, Lourdes_QNone_BNone",1346227580.0,"Lourdes_Belo Horizonte, Lourdes",,,27m²,,R$ 220.000
"Lourdes_Belo Horizonte, Lourdes_Q4_B3",1346227514.0,"Lourdes_Belo Horizonte, Lourdes",4,3,180m²,2,R$ 1.690.000
"Lourdes_Belo Horizonte, Lourdes_QNone_BNone",1346227467.0,"Lourdes_Belo Horizonte, Lourdes",,,27m²,,R$ 1.200
"Lourdes_Belo Horizonte, Lourdes_Q2_B3",1346222084.0,"Lourdes_Belo Horizonte, Lourdes",2,3,108m²,2,R$ 1.980.000
"Lourdes_Belo Horizonte, Lourdes_QNone_BNone",1346173408.0,"Lourdes_Belo Horizonte, Lourdes",,,50m²,,R$ 1.000
"Lourdes_Belo Horizonte, Lourdes_Q3_B3",1346137753.0,"Lourdes_Belo Horizonte, Lourdes",3,3,210m²,4,R$ 19.000
"Lourdes_Belo Horizonte, Lourdes_Q4_B2",1346137492.0,"Lourdes_Belo Horizonte, Lourdes",4,2,230m²,3,R$ 3.350.000
"Lourdes_Belo Horizonte, Lourdes_Q3_B3",1346094719.0,"Lourdes_Belo Horizonte, Lourdes",3,3,110m²,2,R$ 1.350.000
"Lourdes_Belo Horizonte, Lourdes_Q4_B4",1346071053.0,"Lourdes_Belo Horizonte, Lourdes",4,4,290m²,4,R$ 5.100.000
"Centro_Belo Horizonte, Centro_Q1_B1",1346018941.0,"Centro_Belo Horizonte, Centro",1,1,37m²,,R$ 1.664
"Lourdes_Belo Horizonte, Lourdes_Q2_B2",1346009185.0,"Lourdes_Belo Horizonte, Lourdes",2,2,61m²,2,R$ 5.300
"Centro_Belo Horizonte, Centro_Q2_B1",1345976570.0,"Centro_Belo Horizonte, Centro",2,1,82m²,0,R$ 450.000
"Lourdes_Belo Horizonte, Lourdes_Q2_B2",1345968850.0,"Lourdes_Belo Horizonte, Lourdes",2,2,68m²,2,R$ 1.450.000
"Lourdes_Belo Horizonte, Lourdes_Q2_B2",1345920731.0,"Lourdes_Belo Horizonte, Lourdes",2,2,190m²,2,R$ 1.300.000
"Lourdes_Belo Horizonte, Lourdes_Q4_B5 ou mais",1345919439.0,"Lourdes_Belo Horizonte, Lourdes",4,5 ou mais,373m²,4,R$ 2.900.000
"Lourdes_Belo Horizonte, Lourdes_Q4_B3",1345919367.0,"Lourdes_Belo Horizonte, Lourdes",4,3,300m²,2,R$ 1.490.000
"Lourdes_Belo Horizonte, Lourdes_Q1_B1",1345919260.0,"Lourdes_Belo Horizonte, Lourdes",1,1,55m²,1,R$ 580.000
"Lourdes_Belo Horizonte, Lourdes_QNone_BNone",1345919198.0,"Lourdes_Belo Horizonte, Lourdes",,,505m²,5 ou mais,R$ 47.500
"Lourdes_Belo Horizonte, Lourdes_QNone_BNone",1345919132.0,"Lourdes_Belo Horizonte, Lourdes",,,400m²,4,R$ 25.000
"Lourdes_Belo Horizonte, Lourdes_Q4_B1",1345918608.0,"Lourdes_Belo Horizonte, Lourdes",4,1,182m²,2,R$ 1.490.000
"Lourdes_Belo Horizonte, Lourdes_Q3_B2",1345912519.0,"Lourdes_Belo Horizonte, Lourdes",3,2,110m²,2,R$ 1.850.000
"Lourdes_Belo Horizonte, Lourdes_Q4_B3",1345912489.0,"Lourdes_Belo Horizonte, Lourdes",4,3,152m²,2,R$ 1.600.000
"Lourdes_Belo Horizonte, Lourdes_QNone_BNone",1345872677.0,"Lourdes_Belo Horizonte, Lourdes",,,112m²,2,R$ 5.000
"Centro_Belo Horizonte, Centro_QNone_BNone",1345872560.0,"Centro_Belo Horizonte, Centro",,,250m²,0,R$ 10.000
"Lourdes_Belo Horizonte, Lourdes_QNone_BNone",1345759141.0,"Lourdes_Belo Horizonte, Lourdes",,,20m²,,R$ 1.200
"Lourdes_Belo Horizonte, Lourdes_Q2_B2",1345375829.0,"Lourdes_Belo Horizonte, Lourdes",2,2,88m²,3,R$ 1.600.000
"Lourdes_Belo Horizonte, Lourdes_QNone_BNone",1345311134.0,"Lourdes_Belo Horizonte, Lourdes",,,165m²,2,R$ 6.000
"Santo Agostinho_Belo Horizonte, Santo Agostinho_QNone_BNone",1345308939.0,"Santo Agostinho_Belo Horizonte, Santo Agostinho",,,9m²,1,R$ 74.900
"Lourdes_Belo Horizonte, Lourdes_QNone_BNone",1345308624.0,"Lourdes_Belo Horizonte, Lourdes",,,87m²,1,R$ 495.000
"Lourdes_Belo Horizonte, Lourdes_Q1_B1",1345284666.0,"Lourdes_Belo Horizonte, Lourdes",1,1,36m²,1,R$ 450.000
"Lourdes_Belo Horizonte, Lourdes_QNone_BNone",1345283771.0,"Lourdes_Belo Horizonte, Lourdes",,,165m²,1,R$ 8.000
"Lourdes_Belo Horizonte, Lourdes_Q4_B2",1345231757.0,"Lourdes_Belo Horizonte, Lourdes",4,2,120m²,1,R$ 950.000
"Lourdes_Belo Horizonte, Lourdes_Q3_B3",1345231643.0,"Lourdes_Belo Horizonte, Lourdes",3,3,248m²,2,R$ 8.000
"Centro_Belo Horizonte, Centro_Q1_B1",1345222193.0,"Centro_Belo Horizonte, Centro",1,1,42m²,1,R$ 3.590
"Lourdes_Belo Horizonte, Lourdes_Q4_B4",1345157582.0,"Lourdes_Belo Horizonte, Lourdes",4,4,135m²,1,R$ 1.100.000
"Centro_Belo Horizonte, Centro_Q1_B1",1345156524.0,"Centro_Belo Horizonte, Centro",1,1,80m²,1,R$ 3.500
"Lourdes_Belo Horizonte, Lourdes_Q4_B5 ou mais",1345152156.0,"Lourdes_Belo Horizonte, Lourdes",4,5 ou mais,364m²,5 ou mais,R$ 30.000
"Lourdes_Belo Horizonte, Lourdes_Q2_B3",1345147286.0,"Lourdes_Belo Horizonte, Lourdes",2,3,67m²,2,R$ 5.500
"Lourdes_Belo Horizonte, Lourdes_Q2_B3",1345021170.0,"Lourdes_Belo Horizonte, Lourdes",2,3,77m²,1,R$ 7.000
"Lourdes_Belo Horizonte, Lourdes_Q2_B2",1345015086.0,"Lourdes_Belo Horizonte, Lourdes",2,2,88m²,3,R$ 1.500.000
"Lourdes_Belo Horizonte, Lourdes_Q2_B3",1345014833.0,"Lourdes_Belo Horizonte, Lourdes",2,3,80m²,2,R$ 970.000
"Lourdes_Belo Horizonte, Lourdes_Q3_B3",1344956716.0,"Lourdes_Belo Horizonte, Lourdes",3,3,96m²,3,R$ 1.350.000
"Lourdes_Belo Horizonte, Lourdes_Q4_B3",1344956615.0,"Lourdes_Belo Horizonte, Lourdes",4,3,225m²,2,R$ 1.850.000
"Lourdes_Belo Horizonte, Lourdes_Q4_B2",1344956607.0,"Lourdes_Belo Horizonte, Lourdes",4,2,154m²,1,R$ 1.100.000
"Lourdes_Belo Horizonte, Lourdes_Q3_B1",1344956508.0,"Lourdes_Belo Horizonte, Lourdes",3,1,95m²,1,R$ 790.000
"Lourdes_Belo Horizonte, Lourdes_Q4_B1",1344956499.0,"Lourdes_Belo Horizonte, Lourdes",4,1,182m²,2,R$ 1.490.000
"Lourdes_Belo Horizonte, Lourdes_Q3_B3",1344948142.0,"Lourdes_Belo Horizonte, Lourdes",3,3,258m²,4,R$ 3.100.000
"Lourdes_Belo Horizonte, Lourdes_Q3_B1",1344941054.0,"Lourdes_Belo Horizonte, Lourdes",3,1,95m²,1,R$ 790.000
"Lourdes_Belo Horizonte, Lourdes_Q4_B3",1344941043.0,"Lourdes_Belo Horizonte, Lourdes",4,3,225m²,2,R$ 1.850.000
"Lourdes_Belo Horizonte, Lourdes_Q4_B1",1344940874.0,"Lourdes_Belo Horizonte, Lourdes",4,1,182m²,2,R$ 1.490.000
"Lourdes_Belo Horizonte, Lourdes_QNone_BNone",1344940229.0,"Lourdes_Belo Horizonte, Lourdes",,,750m²,0,R$ 40.000
"Centro_Belo Horizonte, Centro_Q1_B1",1344929602.0,"Centro_Belo Horizonte, Centro",1,1,30m²,0,R$ 485.000
"Lourdes_Belo Horizonte, Lourdes_Q2_B2",1344875771.0,"Lourdes_Belo Horizonte, Lourdes",2,2,100m²,2,R$ 1.390.000
"Lourdes_Belo Horizonte, Lourdes_Q2_B1",1344836465.0,"Lourdes_Belo Horizonte, Lourdes",2,1,56m²,1,R$ 810.000
"Lourdes_Belo Horizonte, Lourdes_Q2_B1",1344836380.0,"Lourdes_Belo Horizonte, Lourdes",2,1,56m²,2,R$ 810.000
"Lourdes_Belo Horizonte, Lourdes_Q3_B3",1344682231.0,"Lourdes_Belo Horizonte, Lourdes",3,3,91m²,4,R$ 1.950.000
"Lourdes_Belo Horizonte, Lourdes_Q2_B2",1344681723.0,"Lourdes_Belo Horizonte, Lourdes",2,2,66m²,2,R$ 5.500
"Lourdes_Belo Horizonte, Lourdes_Q2_B3",1344668803.0,"Lourdes_Belo Horizonte, Lourdes",2,3,77m²,1,R$ 1.050.000
"Lourdes_Belo Horizonte, Lourdes_Q3_B2",1344657946.0,"Lourdes_Belo Horizonte, Lourdes",3,2,90m²,2,R$ 890.000
"Lourdes_Belo Horizonte, Lourdes_Q2_B1",1344656803.0,"Lourdes_Belo Horizonte, Lourdes",2,1,69m²,2,R$ 1.400.000
"Lourdes_Belo Horizonte, Lourdes_Q2_B1",1344638689.0,"Lourdes_Belo Horizonte, Lourdes",2,1,75m²,1,R$ 850.000
"Lourdes_Belo Horizonte, Lourdes_Q3_B2",1344600589.0,"Lourdes_Belo Horizonte, Lourdes",3,2,110m²,2,R$ 1.850.000
"Lourdes_Belo Horizonte, Lourdes_Q4_B3",1344600585.0,"Lourdes_Belo Horizonte, Lourdes",4,3,152m²,2,R$ 1.600.000
"Lourdes_Belo Horizonte, Lourdes_Q2_B2",1344600554.0,"Lourdes_Belo Horizonte, Lourdes",2,2,77m²,1,R$ 1.050.000
"Lourdes_Belo Horizonte, Lourdes_Q4_B4",1344600549.0,"Lourdes_Belo Horizonte, Lourdes",4,4,135m²,1,R$ 1.100.000
"Lourdes_Belo Horizonte, Lourdes_Q4_B2",1344597185.0,"Lourdes_Belo Horizonte, Lourdes",4,2,131m²,4,R$ 2.490.000
"Lourdes_Belo Horizonte, Lourdes_Q1_B1",1344517180.0,"Lourdes_Belo Horizonte, Lourdes",1,1,31m²,1,R$ 485.000
"Lourdes_Belo Horizonte, Lourdes_QNone_BNone",1344351444.0,"Lourdes_Belo Horizonte, Lourdes",,,750m²,0,R$ 40.000
"Lourdes_Belo Horizonte, Lourdes_Q3_B3",1344314678.0,"Lourdes_Belo Horizonte, Lourdes",3,3,91m²,2,R$ 2.020.000
"Lourdes_Belo Horizonte, Lourdes_Q4_B4",1344314081.0,"Lourdes_Belo Horizonte, Lourdes",4,4,152m²,3,R$ 1.750.000
"Lourdes_Belo Horizonte, Lourdes_Q4_B3",1344297259.0,"Lourdes_Belo Horizonte, Lourdes",4,3,151m²,3,R$ 1.750.000
"Lourdes_Belo Horizonte, Lourdes_QNone_BNone",1344292226.0,"Lourdes_Belo Horizonte, Lourdes",,,30m²,1,R$ 380.000
"Lourdes_Belo Horizonte, Lourdes_QNone_BNone",1344270477.0,"Lourdes_Belo Horizonte, Lourdes",,,130m²,,R$ 6.900
"Lourdes_Belo Horizonte, Lourdes_Q3_B3",1344270265.0,"Lourdes_Belo Horizonte, Lourdes",3,3,116m²,2,R$ 2.230.000
"Lourdes_Belo Horizonte, Lourdes_QNone_BNone",1344269402.0,"Lourdes_Belo Horizonte, Lourdes",,,113m²,,R$ 7.500
"Lourdes_Belo Horizonte, Lourdes_Q3_B3",1344222294.0,"Lourdes_Belo Horizonte, Lourdes",3,3,350m²,2,R$ 2.500.000
"Centro_Belo Horizonte, Centro_QNone_BNone",1344199431.0,"Centro_Belo Horizonte, Centro",,,90m²,0,R$ 300.000
"Lourdes_Belo Horizonte, Lourdes_Q3_B3",1344160432.0,"Lourdes_Belo Horizonte, Lourdes",3,3,110m²,2,R$ 1.350.000
"Lourdes_Belo Horizonte, Lourdes_QNone_BNone",1344160223.0,"Lourdes_Belo Horizonte, Lourdes",,,20m²,0,R$ 110.000
"Cidade Jardim_Belo Horizonte, Cidade Jardim_QNone_BNone",1344155664.0,"Cidade Jardim_Belo Horizonte, Cidade Jardim",,,1058m²,1,R$ 37.000
"Lourdes_Belo Horizonte, Lourdes_Q1_B2",1344144461.0,"Lourdes_Belo Horizonte, Lourdes",1,2,69m²,1,R$ 510.000
"Lourdes_Belo Horizonte, Lourdes_Q4_B5 ou mais",1344111075.0,"Lourdes_Belo Horizonte, Lourdes",4,5 ou mais,300m²,3,R$ 5.900.000
"Lourdes_Belo Horizonte, Lourdes_Q3_B5 ou mais",1344101355.0,"Lourdes_Belo Horizonte, Lourdes",3,5 ou mais,550m²,5 ou mais,R$ 7.300.000
"Lourdes_Belo Horizonte, Lourdes_Q3_B3",1344066192.0,"Lourdes_Belo Horizonte, Lourdes",3,3,110m²,2,R$ 1.350.000
"Lourdes_Belo Horizonte, Lourdes_QNone_BNone",1343381037.0,"Lourdes_Belo Horizonte, Lourdes",,,403m²,5 ou mais,R$ 20.000
"Lourdes_Belo Horizonte, Lourdes_Q3_B3",1343325943.0,"Lourdes_Belo Horizonte, Lourdes",3,3,210m²,4,R$ 18.900
"Centro_Belo Horizonte, Centro_Q2_B2",1343325309.0,"Centro_Belo Horizonte, Centro",2,2,82m²,0,R$ 2.000
"Centro_Belo Horizonte, Centro_QNone_BNone",1343319405.0,"Centro_Belo Horizonte, Centro",,,35m²,0,R$ 110.000
"Lourdes_Belo Horizonte, Lourdes_Q1_B1",1343311359.0,"Lourdes_Belo Horizonte, Lourdes",1,1,26m²,0,R$ 450.000
"Lourdes_Belo Horizonte, Lourdes_Q1_B1",1343311353.0,"Lourdes_Belo Horizonte, Lourdes",1,1,26m²,0,R$ 450.000
"Lourdes_Belo Horizonte, Lourdes_Q2_B2",1343300084.0,"Lourdes_Belo Horizonte, Lourdes",2,2,117m²,2,R$ 7.000
"Lourdes_Belo Horizonte, Lourdes_Q3_B2",1343295896.0,"Lourdes_Belo Horizonte, Lourdes",3,2,116m²,2,R$ 2.230.000
"Centro_Belo Horizonte, Centro_Q2_B1",1343254341.0,"Centro_Belo Horizonte, Centro",2,1,53m²,1,R$ 880.000
"Lourdes_Belo Horizonte, Lourdes_Q4_B1",1343148414.0,"Lourdes_Belo Horizonte, Lourdes",4,1,138m²,3,R$ 1.850.000
"Santo Agostinho_Belo Horizonte, Santo Agostinho_QNone_BNone",1343089947.0,"Santo Agostinho_Belo Horizonte, Santo Agostinho",,,23m²,0,R$ 249.000
"Lourdes_Belo Horizonte, Lourdes_Q2_B3",1343089915.0,"Lourdes_Belo Horizonte, Lourdes",2,3,80m²,2,R$ 970.000
"Centro_Belo Horizonte, Centro_Q3_B2",1343067288.0,"Centro_Belo Horizonte, Centro",3,2,199m²,1,R$ 800.000
"Lourdes_Belo Horizonte, Lourdes_QNone_BNone",1343040141.0,"Lourdes_Belo Horizonte, Lourdes",,,100m²,2,R$ 1.500.000
"Lourdes_Belo Horizonte, Lourdes_Q3_B2",1343038579.0,"Lourdes_Belo Horizonte, Lourdes",3,2,100m²,2,R$ 1.350.000
"Centro_Belo Horizonte, Centro_Q1_B1",1343011903.0,"Centro_Belo Horizonte, Centro",1,1,50m²,1,R$ 2.900
"Lourdes_Belo Horizonte, Lourdes_Q2_B3",1342945012.0,"Lourdes_Belo Horizonte, Lourdes",2,3,110m²,2,R$ 1.880.000
"Lourdes_Belo Horizonte, Lourdes_Q3_B2",1342920588.0,"Lourdes_Belo Horizonte, Lourdes",3,2,83m²,2,R$ 1.270.823
"Lourdes_Belo Horizonte, Lourdes_Q3_B2",1342920578.0,"Lourdes_Belo Horizonte, Lourdes",3,2,83m²,2,R$ 1.326.880
"Lourdes_Belo Horizonte, Lourdes_Q2_B2",1342918142.0,"Lourdes_Belo Horizonte, Lourdes",2,2,66m²,2,R$ 1.732.175
"Lourdes_Belo Horizonte, Lourdes_Q3_B3",1342901903.0,"Lourdes_Belo Horizonte, Lourdes",3,3,83m²,2,R$ 1.270.880
"Lourdes_Belo Horizonte, Lourdes_Q4_B3",1342878657.0,"Lourdes_Belo Horizonte, Lourdes",4,3,154m²,2,R$ 1.600.000
"Lourdes_Belo Horizonte, Lourdes_Q3_B3",1342819859.0,"Lourdes_Belo Horizonte, Lourdes",3,3,104m²,1,R$ 1.390.000
"Lourdes_Belo Horizonte, Lourdes_Q2_B2",1342819776.0,"Lourdes_Belo Horizonte, Lourdes",2,2,73m²,3,R$ 1.450.000
"Lourdes_Belo Horizonte, Lourdes_Q1_B1",1342788370.0,"Lourdes_Belo Horizonte, Lourdes",1,1,25m²,1,R$ 372.000
"Lourdes_Belo Horizonte, Lourdes_Q2_B3",1342604303.0,"Lourdes_Belo Horizonte, Lourdes",2,3,78m²,2,R$ 960.000
"Lourdes_Belo Horizonte, Lourdes_Q4_B5 ou mais",1342570030.0,"Lourdes_Belo Horizonte, Lourdes",4,5 ou mais,311m²,4,R$ 6.900.000
"Lourdes_Belo Horizonte, Lourdes_Q3_B3",1342568263.0,"Lourdes_Belo Horizonte, Lourdes",3,3,175m²,3,R$ 9.800
"Lourdes_Belo Horizonte, Lourdes_Q4_B3",1342513278.0,"Lourdes_Belo Horizonte, Lourdes",4,3,242m²,2,R$ 5.000
"Lourdes_Belo Horizonte, Lourdes_QNone_BNone",1342505757.0,"Lourdes_Belo Horizonte, Lourdes",,,18m²,0,R$ 850
"Lourdes_Belo Horizonte, Lourdes_Q3_B3",1342500608.0,"Lourdes_Belo Horizonte, Lourdes",3,3,180m²,3,R$ 1.995.000
"Lourdes_Belo Horizonte, Lourdes_Q3_B2",1342488265.0,"Lourdes_Belo Horizonte, Lourdes",3,2,136m²,2,R$ 1.350.000
"Lourdes_Belo Horizonte, Lourdes_QNone_BNone",1342485500.0,"Lourdes_Belo Horizonte, Lourdes",,,200m²,2,R$ 3.200
"Lourdes_Belo Horizonte, Lourdes_Q2_B2",1342461329.0,"Lourdes_Belo Horizonte, Lourdes",2,2,65m²,2,R$ 1.150.000
"Lourdes_Belo Horizonte, Lourdes_QNone_BNone",1342456146.0,"Lourdes_Belo Horizonte, Lourdes",,,246m²,0,R$ 870.000
"Lourdes_Belo Horizonte, Lourdes_QNone_BNone",1342456153.0,"Lourdes_Belo Horizonte, Lourdes",,,78m²,0,R$ 2.000
"Lourdes_Belo Horizonte, Lourdes_Q3_B3",1342456182.0,"Lourdes_Belo Horizonte, Lourdes",3,3,135m²,2,R$ 1.350.000
"Centro_Belo Horizonte, Centro_Q3_B2",1342456338.0,"Centro_Belo Horizonte, Centro",3,2,226m²,1,R$ 850.000
"Lourdes_Belo Horizonte, Lourdes_Q3_B3",1342450712.0,"Lourdes_Belo Horizonte, Lourdes",3,3,120m²,2,R$ 1.850.000
"Lourdes_Belo Horizonte, Lourdes_Q4_B5 ou mais",1342446558.0,"Lourdes_Belo Horizonte, Lourdes",4,5 ou mais,205m²,4,R$ 2.780.000
"Santo Antônio_Belo Horizonte, Santo Antônio_QNone_BNone",1342446426.0,"Santo Antônio_Belo Horizonte, Santo Antônio",,,406m²,4,R$ 35.000
"Santo Antônio_Belo Horizonte, Santo Antônio_QNone_BNone",1342446421.0,"Santo Antônio_Belo Horizonte, Santo Antônio",,,400m²,4,R$ 21.000
"Lourdes_Belo Horizonte, Lourdes_QNone_BNone",1342438189.0,"Lourdes_Belo Horizonte, Lourdes",,,85m²,0,R$ 9.300
"Lourdes_Belo Horizonte, Lourdes_Q4_B4",1342437973.0,"Lourdes_Belo Horizonte, Lourdes",4,4,288m²,2,R$ 22.000
"Lourdes_Belo Horizonte, Lourdes_Q4_B3",1342337305.0,"Lourdes_Belo Horizonte, Lourdes",4,3,393m²,5 ou mais,R$ 32.000
"Lourdes_Belo Horizonte, Lourdes_Q2_B3",1342280783.0,"Lourdes_Belo Horizonte, Lourdes",2,3,77m²,1,R$ 1.050.000
"Lourdes_Belo Horizonte, Lourdes_Q4_B3",1342234980.0,"Lourdes_Belo Horizonte, Lourdes",4,3,165m²,2,R$ 1.800.000
"Lourdes_Belo Horizonte, Lourdes_Q4_B3",1342234786.0,"Lourdes_Belo Horizonte, Lourdes",4,3,165m²,2,R$ 6.600
"Lourdes_Belo Horizonte, Lourdes_QNone_BNone",1342150542.0,"Lourdes_Belo Horizonte, Lourdes",,,30m²,,R$ 380.000
"Lourdes_Belo Horizonte, Lourdes_Q2_B3",1342126317.0,"Lourdes_Belo Horizonte, Lourdes",2,3,164m²,2,R$ 3.500.000
"Lourdes_Belo Horizonte, Lourdes_Q2_B2",1342126218.0,"Lourdes_Belo Horizonte, Lourdes",2,2,150m²,2,R$ 3.100.000
"Lourdes_Belo Horizonte, Lourdes_Q4_B5 ou mais",1342118221.0,"Lourdes_Belo Horizonte, Lourdes",4,5 ou mais,372m²,4,R$ 4.000.000
"Lourdes_Belo Horizonte, Lourdes_Q2_B2",1342003142.0,"Lourdes_Belo Horizonte, Lourdes",2,2,69m²,2,R$ 1.050.000
"Lourdes_Belo Horizonte, Lourdes_Q4_B4",1342001929.0,"Lourdes_Belo Horizonte, Lourdes",4,4,273m²,3,R$ 2.450.000
"Lourdes_Belo Horizonte, Lourdes_QNone_BNone",1342001907.0,"Lourdes_Belo Horizonte, Lourdes",,,602m²,5 ou mais,R$ 6.405.156
"Lourdes_Belo Horizonte, Lourdes_Q4_B1",1342001757.0,"Lourdes_Belo Horizonte, Lourdes",4,1,205m²,4,R$ 2.780.000
"Lourdes_Belo Horizonte, Lourdes_Q3_B2",1341699021.0,"Lourdes_Belo Horizonte, Lourdes",3,2,80m²,2,R$ 1.600.000
"Lourdes_Belo Horizonte, Lourdes_Q3_B3",1341567405.0,"Lourdes_Belo Horizonte, Lourdes",3,3,100m²,2,R$ 1.350.000
"Centro_Belo Horizonte, Centro_Q3_B4",1341513160.0,"Centro_Belo Horizonte, Centro",3,4,190m²,0,R$ 650.000
"Lourdes_Belo Horizonte, Lourdes_Q2_B3",1341513066.0,"Lourdes_Belo Horizonte, Lourdes",2,3,76m²,2,R$ 960.000
"Lourdes_Belo Horizonte, Lourdes_Q2_B2",1341485194.0,"Lourdes_Belo Horizonte, Lourdes",2,2,71m²,2,R$ 1.285.000
"Lourdes_Belo Horizonte, Lourdes_Q4_B4",1341481310.0,"Lourdes_Belo Horizonte, Lourdes",4,4,138m²,3,R$ 1.950.000
"Lourdes_Belo Horizonte, Lourdes_Q3_B2",1341466920.0,"Lourdes_Belo Horizonte, Lourdes",3,2,151m²,1,R$ 4.500
"Lourdes_Belo Horizonte, Lourdes_Q4_B3",1341450414.0,"Lourdes_Belo Horizonte, Lourdes",4,3,162m²,3,R$ 2.200.000
"Lourdes_Belo Horizonte, Lourdes_Q3_B3",1341404930.0,"Lourdes_Belo Horizonte, Lourdes",3,3,120m²,2,R$ 1.380.000
"Centro_Belo Horizonte, Centro_Q3_B1",1341374885.0,"Centro_Belo Horizonte, Centro",3,1,199m²,1,R$ 800.000
"Lourdes_Belo Horizonte, Lourdes_Q2_B2",1341325672.0,"Lourdes_Belo Horizonte, Lourdes",2,2,85m²,2,R$ 1.077.627
"Lourdes_Belo Horizonte, Lourdes_Q1_B2",1341325661.0,"Lourdes_Belo Horizonte, Lourdes",1,2,36m²,1,R$ 655.476
"Lourdes_Belo Horizonte, Lourdes_Q3_B2",1341325635.0,"Lourdes_Belo Horizonte, Lourdes",3,2,85m²,2,R$ 1.169.809
"Lourdes_Belo Horizonte, Lourdes_Q3_B3",1341325626.0,"Lourdes_Belo Horizonte, Lourdes",3,3,85m²,2,R$ 893.037
"Lourdes_Belo Horizonte, Lourdes_Q3_B2",1341322280.0,"Lourdes_Belo Horizonte, Lourdes",3,2,287m²,3,R$ 3.819.792
"Santo Agostinho_Belo Horizonte, Santo Agostinho_QNone_BNone",1341320750.0,"Santo Agostinho_Belo Horizonte, Santo Agostinho",,,139m²,2,R$ 830.000
"Lourdes_Belo Horizonte, Lourdes_Q1_B1",1341319014.0,"Lourdes_Belo Horizonte, Lourdes",1,1,45m²,1,R$ 550.000
"Lourdes_Belo Horizonte, Lourdes_Q4_B4",1341318724.0,"Lourdes_Belo Horizonte, Lourdes",4,4,250m²,4,R$ 2.749.000
"Lourdes_Belo Horizonte, Lourdes_Q3_B2",1341314024.0,"Lourdes_Belo Horizonte, Lourdes",3,2,90m²,2,R$ 1.425.000
"Lourdes_Belo Horizonte, Lourdes_Q3_B4",1341313316.0,"Lourdes_Belo Horizonte, Lourdes",3,4,116m²,2,R$ 2.230.000
"Lourdes_Belo Horizonte, Lourdes_QNone_BNone",1341251840.0,"Lourdes_Belo Horizonte, Lourdes",,,31m²,1,R$ 320.000
"Lourdes_Belo Horizonte, Lourdes_Q4_B3",1341246506.0,"Lourdes_Belo Horizonte, Lourdes",4,3,244m²,3,R$ 3.350.000
"Lourdes_Belo Horizonte, Lourdes_QNone_BNone",1341227101.0,"Lourdes_Belo Horizonte, Lourdes",,,885m²,0,R$ 31.000
"Lourdes_Belo Horizonte, Lourdes_Q1_B2",1341222315.0,"Lourdes_Belo Horizonte, Lourdes",1,2,36m²,1,R$ 655.476
"Lourdes_Belo Horizonte, Lourdes_Q3_B3",1341222088.0,"Lourdes_Belo Horizonte, Lourdes",3,3,85m²,2,R$ 893.037
"Lourdes_Belo Horizonte, Lourdes_Q2_B2",1341222102.0,"Lourdes_Belo Horizonte, Lourdes",2,2,85m²,2,R$ 1.077.627
"Lourdes_Belo Horizonte, Lourdes_QNone_BNone",1341219040.0,"Lourdes_Belo Horizonte, Lourdes",,,115m²,2,R$ 5.000
"Lourdes_Belo Horizonte, Lourdes_QNone_BNone",1341219134.0,"Lourdes_Belo Horizonte, Lourdes",,,107m²,2,R$ 5.000
"Lourdes_Belo Horizonte, Lourdes_Q1_B1",1341203777.0,"Lourdes_Belo Horizonte, Lourdes",1,1,25m²,0,R$ 375.300
"Santo Agostinho_Belo Horizonte, Santo Agostinho_Q1_B1",1341198305.0,"Santo Agostinho_Belo Horizonte, Santo Agostinho",1,1,25m²,1,R$ 2.000
"Centro_Belo Horizonte, Centro_Q2_B1",1341159468.0,"Centro_Belo Horizonte, Centro",2,1,72m²,0,R$ 410.000
"Lourdes_Belo Horizonte, Lourdes_Q2_B1",1341121210.0,"Lourdes_Belo Horizonte, Lourdes",2,1,77m²,1,R$ 1.050.000
"Centro_Belo Horizonte, Centro_Q1_B1",1341105486.0,"Centro_Belo Horizonte, Centro",1,1,36m²,1,R$ 3.790
"Lourdes_Belo Horizonte, Lourdes_Q2_B1",1341104820.0,"Lourdes_Belo Horizonte, Lourdes",2,1,69m²,2,R$ 980.000
"Lourdes_Belo Horizonte, Lourdes_Q4_B3",1341047640.0,"Lourdes_Belo Horizonte, Lourdes",4,3,307m²,5 ou mais,R$ 5.200.000
"Lourdes_Belo Horizonte, Lourdes_QNone_BNone",1341008371.0,"Lourdes_Belo Horizonte, Lourdes",,,35m²,0,R$ 3.500
"Santo Agostinho_Belo Horizonte, Santo Agostinho_QNone_BNone",1341008330.0,"Santo Agostinho_Belo Horizonte, Santo Agostinho",,,513m²,0,R$ 41.040
"Santo Agostinho_Belo Horizonte, Santo Agostinho_QNone_BNone",1341008325.0,"Santo Agostinho_Belo Horizonte, Santo Agostinho",,,280m²,0,R$ 21.000
"Santo Agostinho_Belo Horizonte, Santo Agostinho_QNone_BNone",1341008322.0,"Santo Agostinho_Belo Horizonte, Santo Agostinho",,,513m²,0,R$ 38.475
"Lourdes_Belo Horizonte, Lourdes_Q3_B2",1340965598.0,"Lourdes_Belo Horizonte, Lourdes",3,2,98m²,2,R$ 1.390.000
"Lourdes_Belo Horizonte, Lourdes_Q4_B5 ou mais",1340919157.0,"Lourdes_Belo Horizonte, Lourdes",4,5 ou mais,228m²,3,R$ 3.350.000
"Lourdes_Belo Horizonte, Lourdes_Q2_B2",1340892382.0,"Lourdes_Belo Horizonte, Lourdes",2,2,65m²,1,R$ 1.100.000
"Lourdes_Belo Horizonte, Lourdes_Q2_B2",1340892360.0,"Lourdes_Belo Horizonte, Lourdes",2,2,75m²,1,R$ 4.600
"Lourdes_Belo Horizonte, Lourdes_QNone_BNone",1340875042.0,"Lourdes_Belo Horizonte, Lourdes",,,27m²,0,R$ 1.000
"Lourdes_Belo Horizonte, Lourdes_QNone_BNone",1340875015.0,"Lourdes_Belo Horizonte, Lourdes",,,28m²,0,R$ 1.200
"Lourdes_Belo Horizonte, Lourdes_QNone_BNone",1340874994.0,"Lourdes_Belo Horizonte, Lourdes",,,30m²,0,R$ 1.200
"Lourdes_Belo Horizonte, Lourdes_QNone_BNone",1340874962.0,"Lourdes_Belo Horizonte, Lourdes",,,28m²,0,R$ 1.000
"Lourdes_Belo Horizonte, Lourdes_QNone_BNone",1340874898.0,"Lourdes_Belo Horizonte, Lourdes",,,30m²,0,R$ 1.000
"Lourdes_Belo Horizonte, Lourdes_QNone_BNone",1340874880.0,"Lourdes_Belo Horizonte, Lourdes",,,27m²,0,R$ 1.000
"Centro_Belo Horizonte, Centro_QNone_BNone",1340874832.0,"Centro_Belo Horizonte, Centro",,,90m²,0,R$ 1.000
"Lourdes_Belo Horizonte, Lourdes_Q2_B2",1340815424.0,"Lourdes_Belo Horizonte, Lourdes",2,2,90m²,2,R$ 8.200
"Lourdes_Belo Horizonte, Lourdes_Q2_B2",1340718952.0,"Lourdes_Belo Horizonte, Lourdes",2,2,88m²,3,R$ 1.550.000
"Lourdes_Belo Horizonte, Lourdes_QNone_BNone",1340703416.0,"Lourdes_Belo Horizonte, Lourdes",,,183m²,4,R$ 2.220.000
"Lourdes_Belo Horizonte, Lourdes_Q2_B2",1340696245.0,"Lourdes_Belo Horizonte, Lourdes",2,2,77m²,0,R$ 1.050.000
"Lourdes_Belo Horizonte, Lourdes_Q0_B5 ou mais",1340692848.0,"Lourdes_Belo Horizonte, Lourdes",0,5 ou mais,3550m²,5 ou mais,R$ 39.975.950
"Lourdes_Belo Horizonte, Lourdes_QNone_BNone",1340635004.0,"Lourdes_Belo Horizonte, Lourdes",,,110m²,2,R$ 380.000
"Lourdes_Belo Horizonte, Lourdes_Q4_B5 ou mais",1340623273.0,"Lourdes_Belo Horizonte, Lourdes",4,5 ou mais,316m²,4,R$ 3.700.000
"Lourdes_Belo Horizonte, Lourdes_Q0_B5 ou mais",1340613752.0,"Lourdes_Belo Horizonte, Lourdes",0,5 ou mais,400m²,5 ou mais,R$ 20.000
"Lourdes_Belo Horizonte, Lourdes_Q2_B3",1340607976.0,"Lourdes_Belo Horizonte, Lourdes",2,3,65m²,2,R$ 5.500
"Centro_Belo Horizonte, Centro_Q3_B3",1340599390.0,"Centro_Belo Horizonte, Centro",3,3,199m²,1,R$ 800.000
"Lourdes_Belo Horizonte, Lourdes_Q2_B2",1340569902.0,"Lourdes_Belo Horizonte, Lourdes",2,2,63m²,2,R$ 1.166.000
"Lourdes_Belo Horizonte, Lourdes_Q2_B2",1340569829.0,"Lourdes_Belo Horizonte, Lourdes",2,2,60m²,1,R$ 4.200
"Lourdes_Belo Horizonte, Lourdes_QNone_BNone",1340538268.0,"Lourdes_Belo Horizonte, Lourdes",,,200m²,,R$ 4.500
"Lourdes_Belo Horizonte, Lourdes_QNone_BNone",1340538250.0,"Lourdes_Belo Horizonte, Lourdes",,,200m²,,R$ 800.000
"Lourdes_Belo Horizonte, Lourdes_QNone_BNone",1340517260.0,"Lourdes_Belo Horizonte, Lourdes",,,33m²,1,R$ 380.000
"Lourdes_Belo Horizonte, Lourdes_QNone_BNone",1340499898.0,"Lourdes_Belo Horizonte, Lourdes",,,27m²,,R$ 320.000
"Lourdes_Belo Horizonte, Lourdes_Q2_B2",1340499212.0,"Lourdes_Belo Horizonte, Lourdes",2,2,85m²,2,R$ 5.200
"Lourdes_Belo Horizonte, Lourdes_Q1_B1",1340499176.0,"Lourdes_Belo Horizonte, Lourdes",1,1,40m²,1,R$ 380.000
"Lourdes_Belo Horizonte, Lourdes_Q2_B2",1340499147.0,"Lourdes_Belo Horizonte, Lourdes",2,2,65m²,2,R$ 1.125.000
"Lourdes_Belo Horizonte, Lourdes_Q2_B2",1340499107.0,"Lourdes_Belo Horizonte, Lourdes",2,2,65m²,2,R$ 1.075.000
"Lourdes_Belo Horizonte, Lourdes_Q1_B1",1340499076.0,"Lourdes_Belo Horizonte, Lourdes",1,1,38m²,2,R$ 3.500
"Lourdes_Belo Horizonte, Lourdes_Q4_B4",1340490104.0,"Lourdes_Belo Horizonte, Lourdes",4,4,311m²,4,R$ 6.900.000
"Lourdes_Belo Horizonte, Lourdes_Q2_B3",1340464310.0,"Lourdes_Belo Horizonte, Lourdes",2,3,84m²,2,R$ 870.000
"Lourdes_Belo Horizonte, Lourdes_Q1_B1",1340464291.0,"Lourdes_Belo Horizonte, Lourdes",1,1,54m²,1,R$ 840.000
"Lourdes_Belo Horizonte, Lourdes_Q1_B1",1340464252.0,"Lourdes_Belo Horizonte, Lourdes",1,1,54m²,1,R$ 820.000
"Lourdes_Belo Horizonte, Lourdes_QNone_BNone",1340401933.0,"Lourdes_Belo Horizonte, Lourdes",,,183m²,4,R$ 8.235
"Lourdes_Belo Horizonte, Lourdes_Q4_B3",1340388647.0,"Lourdes_Belo Horizonte, Lourdes",4,3,151m²,3,R$ 2.220.000
"Centro_Belo Horizonte, Centro_Q1_B1",1340370213.0,"Centro_Belo Horizonte, Centro",1,1,30m²,0,R$ 402.559
"Lourdes_Belo Horizonte, Lourdes_Q2_B2",1340340372.0,"Lourdes_Belo Horizonte, Lourdes",2,2,88m²,3,R$ 1.495.000
"Lourdes_Belo Horizonte, Lourdes_QNone_BNone",1340332350.0,"Lourdes_Belo Horizonte, Lourdes",,,44m²,0,R$ 1.100
"Lourdes_Belo Horizonte, Lourdes_QNone_BNone",1340332346.0,"Lourdes_Belo Horizonte, Lourdes",,,60m²,0,R$ 1.500
"Lourdes_Belo Horizonte, Lourdes_QNone_BNone",1340332321.0,"Lourdes_Belo Horizonte, Lourdes",,,80m²,0,R$ 2.000
"Lourdes_Belo Horizonte, Lourdes_QNone_BNone",1340324818.0,"Lourdes_Belo Horizonte, Lourdes",,,26m²,0,R$ 130.000
"Lourdes_Belo Horizonte, Lourdes_Q4_B4",1340311203.0,"Lourdes_Belo Horizonte, Lourdes",4,4,288m²,2,R$ 22.000
"Lourdes_Belo Horizonte, Lourdes_Q2_B2",1340309224.0,"Lourdes_Belo Horizonte, Lourdes",2,2,60m²,2,R$ 4.600
"Lourdes_Belo Horizonte, Lourdes_Q3_B3",1340301634.0,"Lourdes_Belo Horizonte, Lourdes",3,3,86m²,2,R$ 1.442.866
"Lourdes_Belo Horizonte, Lourdes_Q3_B3",1340301629.0,"Lourdes_Belo Horizonte, Lourdes",3,3,86m²,2,R$ 1.483.000
"Lourdes_Belo Horizonte, Lourdes_Q3_B3",1340301394.0,"Lourdes_Belo Horizonte, Lourdes",3,3,108m²,2,R$ 1.389.000
"Lourdes_Belo Horizonte, Lourdes_Q3_B2",1340261269.0,"Lourdes_Belo Horizonte, Lourdes",3,2,89m²,2,R$ 1.815.744
"Lourdes_Belo Horizonte, Lourdes_QNone_BNone",1340215585.0,"Lourdes_Belo Horizonte, Lourdes",,,30m²,,R$ 3.000
"Lourdes_Belo Horizonte, Lourdes_Q2_B1",1340197998.0,"Lourdes_Belo Horizonte, Lourdes",2,1,66m²,2,R$ 4.150
"Lourdes_Belo Horizonte, Lourdes_Q2_B1",1340197408.0,"Lourdes_Belo Horizonte, Lourdes",2,1,66m²,2,R$ 4.150
"Lourdes_Belo Horizonte, Lourdes_Q2_B3",1340189913.0,"Lourdes_Belo Horizonte, Lourdes",2,3,116m²,2,R$ 6.500
"Lourdes_Belo Horizonte, Lourdes_Q4_B3",1340105196.0,"Lourdes_Belo Horizonte, Lourdes",4,3,120m²,2,R$ 1.650.000
"Lourdes_Belo Horizonte, Lourdes_Q3_B3",1340077135.0,"Lourdes_Belo Horizonte, Lourdes",3,3,100m²,2,R$ 1.295.000
"Lourdes_Belo Horizonte, Lourdes_Q3_B2",1340076144.0,"Lourdes_Belo Horizonte, Lourdes",3,2,120m²,2,R$ 1.380.000
"Lourdes_Belo Horizonte, Lourdes_Q2_B2",1340043768.0,"Lourdes_Belo Horizonte, Lourdes",2,2,80m²,1,R$ 580.000
"Lourdes_Belo Horizonte, Lourdes_Q3_B2",1339877536.0,"Lourdes_Belo Horizonte, Lourdes",3,2,102m²,2,R$ 1.300.000
"Lourdes_Belo Horizonte, Lourdes_Q4_B3",1339837689.0,"Lourdes_Belo Horizonte, Lourdes",4,3,152m²,2,R$ 1.600.000
"Lourdes_Belo Horizonte, Lourdes_Q2_B2",1339761778.0,"Lourdes_Belo Horizonte, Lourdes",2,2,70m²,1,R$ 890.000
"Lourdes_Belo Horizonte, Lourdes_Q1_B1",1339760372.0,"Lourdes_Belo Horizonte, Lourdes",1,1,38m²,1,R$ 890.000
"Lourdes_Belo Horizonte, Lourdes_Q3_B3",1339708881.0,"Lourdes_Belo Horizonte, Lourdes",3,3,185m²,4,R$ 1.890.000
"Lourdes_Belo Horizonte, Lourdes_QNone_BNone",1339653899.0,"Lourdes_Belo Horizonte, Lourdes",,,110m²,2,R$ 450.000
"Centro_Belo Horizonte, Centro_Q2_B1",1339648995.0,"Centro_Belo Horizonte, Centro",2,1,72m²,0,R$ 420.000
"Lourdes_Belo Horizonte, Lourdes_QNone_BNone",1339631024.0,"Lourdes_Belo Horizonte, Lourdes",,,700m²,0,R$ 45.000
"Lourdes_Belo Horizonte, Lourdes_QNone_BNone",1339614055.0,"Lourdes_Belo Horizonte, Lourdes",,,184m²,0,R$ 15.000
"Lourdes_Belo Horizonte, Lourdes_Q2_B2",1339585045.0,"Lourdes_Belo Horizonte, Lourdes",2,2,62m²,2,R$ 1.034.952
"Lourdes_Belo Horizonte, Lourdes_Q2_B2",1339582428.0,"Lourdes_Belo Horizonte, Lourdes",2,2,67m²,2,R$ 1.115.000
"Lourdes_Belo Horizonte, Lourdes_QNone_BNone",1339582041.0,"Lourdes_Belo Horizonte, Lourdes",,,109m²,2,R$ 1.307.140
"Lourdes_Belo Horizonte, Lourdes_Q2_B2",1339581328.0,"Lourdes_Belo Horizonte, Lourdes",2,2,55m²,2,R$ 1.200.000
"Lourdes_Belo Horizonte, Lourdes_Q2_B2",1339580783.0,"Lourdes_Belo Horizonte, Lourdes",2,2,59m²,2,R$ 1.850.790
"Lourdes_Belo Horizonte, Lourdes_Q2_B1",1339580547.0,"Lourdes_Belo Horizonte, Lourdes",2,1,67m²,2,R$ 1.377.912
"Lourdes_Belo Horizonte, Lourdes_Q2_B2",1339580291.0,"Lourdes_Belo Horizonte, Lourdes",2,2,67m²,2,R$ 1.100.000
"Lourdes_Belo Horizonte, Lourdes_Q5 ou mais_B4",1339580273.0,"Lourdes_Belo Horizonte, Lourdes",5 ou mais,4,429m²,4,R$ 4.100.000
"Lourdes_Belo Horizonte, Lourdes_Q2_B2",1339580185.0,"Lourdes_Belo Horizonte, Lourdes",2,2,87m²,2,R$ 1.232.000
"Lourdes_Belo Horizonte, Lourdes_Q2_B2",1339580189.0,"Lourdes_Belo Horizonte, Lourdes",2,2,100m²,2,R$ 1.200.000
"Lourdes_Belo Horizonte, Lourdes_Q2_B2",1339580107.0,"Lourdes_Belo Horizonte, Lourdes",2,2,62m²,2,R$ 1.415.055
"Lourdes_Belo Horizonte, Lourdes_Q3_B3",1339579589.0,"Lourdes_Belo Horizonte, Lourdes",3,3,78m²,2,R$ 1.070.000
"Lourdes_Belo Horizonte, Lourdes_Q2_B2",1339577600.0,"Lourdes_Belo Horizonte, Lourdes",2,2,87m²,2,R$ 1.022.000
"Lourdes_Belo Horizonte, Lourdes_QNone_BNone",1339576857.0,"Lourdes_Belo Horizonte, Lourdes",,,428m²,3,R$ 5.490.000
"Lourdes_Belo Horizonte, Lourdes_Q3_B2",1339416811.0,"Lourdes_Belo Horizonte, Lourdes",3,2,98m²,2,R$ 1.100.000
"Lourdes_Belo Horizonte, Lourdes_Q3_B3",1339360677.0,"Lourdes_Belo Horizonte, Lourdes",3,3,84m²,0,R$ 1.400.000
"Lourdes_Belo Horizonte, Lourdes_Q3_B3",1339352079.0,"Lourdes_Belo Horizonte, Lourdes",3,3,90m²,0,R$ 890.000
"Lourdes_Belo Horizonte, Lourdes_Q1_B1",1339309661.0,"Lourdes_Belo Horizonte, Lourdes",1,1,27m²,0,R$ 392.800
"Centro_Belo Horizonte, Centro_QNone_BNone",1339307957.0,"Centro_Belo Horizonte, Centro",,,156m²,0,R$ 3.120
"Lourdes_Belo Horizonte, Lourdes_Q4_B2",1339279801.0,"Lourdes_Belo Horizonte, Lourdes",4,2,235m²,1,R$ 1.490.000
"Lourdes_Belo Horizonte, Lourdes_Q0_BNone",1339236906.0,"Lourdes_Belo Horizonte, Lourdes",0,,4126m²,5 ou mais,R$ 130.000
"Lourdes_Belo Horizonte, Lourdes_QNone_BNone",1339237011.0,"Lourdes_Belo Horizonte, Lourdes",,,300m²,1,R$ 2.500.000
"Lourdes_Belo Horizonte, Lourdes_Q4_B5 ou mais",1339230744.0,"Lourdes_Belo Horizonte, Lourdes",4,5 ou mais,307m²,5 ou mais,R$ 5.200.000
"Lourdes_Belo Horizonte, Lourdes_Q4_B2",1339230516.0,"Lourdes_Belo Horizonte, Lourdes",4,2,120m²,1,R$ 950.000
"Lourdes_Belo Horizonte, Lourdes_Q3_B2",1339230489.0,"Lourdes_Belo Horizonte, Lourdes",3,2,110m²,2,R$ 1.185.000
"Lourdes_Belo Horizonte, Lourdes_Q4_B3",1339230494.0,"Lourdes_Belo Horizonte, Lourdes",4,3,152m²,2,R$ 1.600.000
"Centro_Belo Horizonte, Centro_Q2_B2",1339201772.0,"Centro_Belo Horizonte, Centro",2,2,72m²,1,R$ 480.000
"Lourdes_Belo Horizonte, Lourdes_Q1_B2",1339191192.0,"Lourdes_Belo Horizonte, Lourdes",1,2,27m²,,R$ 450.000
"Lourdes_Belo Horizonte, Lourdes_Q3_B5 ou mais",1339190889.0,"Lourdes_Belo Horizonte, Lourdes",3,5 ou mais,150m²,2,R$ 3.000.000
"Lourdes_Belo Horizonte, Lourdes_Q2_B2",1339181007.0,"Lourdes_Belo Horizonte, Lourdes",2,2,65m²,2,R$ 1.150.000
"Lourdes_Belo Horizonte, Lourdes_Q4_B5 ou mais",1339166295.0,"Lourdes_Belo Horizonte, Lourdes",4,5 ou mais,133m²,4,R$ 3.290.000
"Lourdes_Belo Horizonte, Lourdes_Q3_B1",1339162355.0,"Lourdes_Belo Horizonte, Lourdes",3,1,73m²,2,R$ 1.550.000
"Lourdes_Belo Horizonte, Lourdes_Q3_B2",1338992570.0,"Lourdes_Belo Horizonte, Lourdes",3,2,86m²,2,R$ 1.480.000
"Lourdes_Belo Horizonte, Lourdes_Q3_B2",1338929482.0,"Lourdes_Belo Horizonte, Lourdes",3,2,188m²,3,R$ 1.995.000
"Lourdes_Belo Horizonte, Lourdes_Q2_B2",1338928835.0,"Lourdes_Belo Horizonte, Lourdes",2,2,56m²,2,R$ 4.000
"Lourdes_Belo Horizonte, Lourdes_Q4_B4",1338928361.0,"Lourdes_Belo Horizonte, Lourdes",4,4,228m²,3,R$ 28.000
"Santo Antônio_Belo Horizonte, Santo Antônio_QNone_BNone",1338928568.0,"Santo Antônio_Belo Horizonte, Santo Antônio",,,140m²,0,R$ 10.000
"Cidade Jardim_Belo Horizonte, Cidade Jardim_Q4_B4",1338925483.0,"Cidade Jardim_Belo Horizonte, Cidade Jardim",4,4,205m²,4,R$ 2.350.000
"Lourdes_Belo Horizonte, Lourdes_Q4_B4",1338924234.0,"Lourdes_Belo Horizonte, Lourdes",4,4,430m²,5 ou mais,R$ 30.000
"Lourdes_Belo Horizonte, Lourdes_Q4_B3",1338891079.0,"Lourdes_Belo Horizonte, Lourdes",4,3,151m²,3,R$ 2.200.000
"Lourdes_Belo Horizonte, Lourdes_Q4_B4",1338888359.0,"Lourdes_Belo Horizonte, Lourdes",4,4,280m²,2,R$ 1.400.000
"Lourdes_Belo Horizonte, Lourdes_Q3_B2",1338816844.0,"Lourdes_Belo Horizonte, Lourdes",3,2,111m²,,R$ 3.545.775
"Lourdes_Belo Horizonte, Lourdes_Q2_B2",1338816558.0,"Lourdes_Belo Horizonte, Lourdes",2,2,67m²,2,R$ 1.266.285
"Lourdes_Belo Horizonte, Lourdes_Q3_B2",1338782976.0,"Lourdes_Belo Horizonte, Lourdes",3,2,120m²,2,R$ 1.100.000
"Lourdes_Belo Horizonte, Lourdes_Q3_B3",1338750953.0,"Lourdes_Belo Horizonte, Lourdes",3,3,100m²,2,R$ 1.430.000
"Cidade Jardim_Belo Horizonte, Cidade Jardim_Q3_B4",1338718257.0,"Cidade Jardim_Belo Horizonte, Cidade Jardim",3,4,244m²,4,R$ 2.400.000
"Lourdes_Belo Horizonte, Lourdes_Q3_B3",1338674153.0,"Lourdes_Belo Horizonte, Lourdes",3,3,120m²,2,R$ 5.500
"Centro_Belo Horizonte, Centro_Q3_B3",1338654705.0,"Centro_Belo Horizonte, Centro",3,3,150m²,0,R$ 7.000
"Lourdes_Belo Horizonte, Lourdes_QNone_BNone",1338637852.0,"Lourdes_Belo Horizonte, Lourdes",,,183m²,4,R$ 8.235
"Lourdes_Belo Horizonte, Lourdes_QNone_BNone",1338588274.0,"Lourdes_Belo Horizonte, Lourdes",,,52m²,1,R$ 1.300
"Lourdes_Belo Horizonte, Lourdes_Q2_B2",1338582584.0,"Lourdes_Belo Horizonte, Lourdes",2,2,101m²,2,R$ 1.000.000
"Lourdes_Belo Horizonte, Lourdes_Q3_B3",1338554402.0,"Lourdes_Belo Horizonte, Lourdes",3,3,128m²,2,R$ 1.390.000
"Lourdes_Belo Horizonte, Lourdes_Q3_B2",1338420787.0,"Lourdes_Belo Horizonte, Lourdes",3,2,115m²,0,R$ 2.100.000
"Lourdes_Belo Horizonte, Lourdes_Q2_B3",1338420739.0,"Lourdes_Belo Horizonte, Lourdes",2,3,69m²,2,R$ 1.277.141
"Lourdes_Belo Horizonte, Lourdes_QNone_BNone",1338420490.0,"Lourdes_Belo Horizonte, Lourdes",,,44m²,1,R$ 275.000
"Lourdes_Belo Horizonte, Lourdes_Q3_B2",1338420459.0,"Lourdes_Belo Horizonte, Lourdes",3,2,109m²,2,R$ 2.541.357
"Lourdes_Belo Horizonte, Lourdes_Q2_B3",1338420451.0,"Lourdes_Belo Horizonte, Lourdes",2,3,150m²,3,R$ 2.359.000
"Lourdes_Belo Horizonte, Lourdes_Q3_B2",1338420447.0,"Lourdes_Belo Horizonte, Lourdes",3,2,110m²,2,R$ 1.938.540
"Lourdes_Belo Horizonte, Lourdes_Q2_B2",1338420423.0,"Lourdes_Belo Horizonte, Lourdes",2,2,77m²,2,R$ 1.604.709
"Lourdes_Belo Horizonte, Lourdes_Q3_B2",1338420371.0,"Lourdes_Belo Horizonte, Lourdes",3,2,109m²,2,R$ 2.631.266
"Lourdes_Belo Horizonte, Lourdes_Q3_B3",1338415767.0,"Lourdes_Belo Horizonte, Lourdes",3,3,98m²,2,R$ 1.450.000
"Centro_Belo Horizonte, Centro_Q3_B2",1338414695.0,"Centro_Belo Horizonte, Centro",3,2,88m²,0,R$ 1.197.943
"Lourdes_Belo Horizonte, Lourdes_Q2_B3",1338414584.0,"Lourdes_Belo Horizonte, Lourdes",2,3,316m²,4,R$ 3.784.996
"Lourdes_Belo Horizonte, Lourdes_QNone_BNone",1338414346.0,"Lourdes_Belo Horizonte, Lourdes",,,22m²,1,R$ 270.000
"Lourdes_Belo Horizonte, Lourdes_Q2_B2",1338414351.0,"Lourdes_Belo Horizonte, Lourdes",2,2,127m²,2,R$ 1.644.290
"Lourdes_Belo Horizonte, Lourdes_Q3_B2",1338414392.0,"Lourdes_Belo Horizonte, Lourdes",3,2,178m²,2,R$ 3.205.800
"Lourdes_Belo Horizonte, Lourdes_Q2_B3",1338414439.0,"Lourdes_Belo Horizonte, Lourdes",2,3,70m²,2,R$ 1.330.321
"Centro_Belo Horizonte, Centro_Q3_B2",1338414484.0,"Centro_Belo Horizonte, Centro",3,2,77m²,0,R$ 1.027.489
"Lourdes_Belo Horizonte, Lourdes_QNone_BNone",1338414561.0,"Lourdes_Belo Horizonte, Lourdes",,,25m²,0,R$ 260.000
"Lourdes_Belo Horizonte, Lourdes_Q3_B2",1338414274.0,"Lourdes_Belo Horizonte, Lourdes",3,2,109m²,2,R$ 2.521.596
"Lourdes_Belo Horizonte, Lourdes_Q2_B3",1338414107.0,"Lourdes_Belo Horizonte, Lourdes",2,3,82m²,2,R$ 1.582.167
"Cidade Jardim_Belo Horizonte, Cidade Jardim_Q4_B2",1338414101.0,"Cidade Jardim_Belo Horizonte, Cidade Jardim",4,2,205m²,4,R$ 2.780.000
"Lourdes_Belo Horizonte, Lourdes_Q3_B1",1338414069.0,"Lourdes_Belo Horizonte, Lourdes",3,1,83m²,2,R$ 1.326.880
"Lourdes_Belo Horizonte, Lourdes_Q3_B2",1338414010.0,"Lourdes_Belo Horizonte, Lourdes",3,2,115m²,2,R$ 2.200.000
"Centro_Belo Horizonte, Centro_Q3_B2",1338413969.0,"Centro_Belo Horizonte, Centro",3,2,86m²,0,R$ 1.157.254
"Lourdes_Belo Horizonte, Lourdes_Q3_B2",1338413949.0,"Lourdes_Belo Horizonte, Lourdes",3,2,135m²,2,R$ 2.329.300
"Lourdes_Belo Horizonte, Lourdes_Q3_B2",1338413804.0,"Lourdes_Belo Horizonte, Lourdes",3,2,109m²,2,R$ 2.535.837
"Lourdes_Belo Horizonte, Lourdes_Q3_B2",1338413342.0,"Lourdes_Belo Horizonte, Lourdes",3,2,118m²,2,R$ 2.786.488
"Lourdes_Belo Horizonte, Lourdes_Q2_B1",1338413358.0,"Lourdes_Belo Horizonte, Lourdes",2,1,129m²,2,R$ 1.650.000
"Centro_Belo Horizonte, Centro_Q1_B2",1338413380.0,"Centro_Belo Horizonte, Centro",1,2,36m²,0,R$ 655.476
"Lourdes_Belo Horizonte, Lourdes_Q2_B2",1338413429.0,"Lourdes_Belo Horizonte, Lourdes",2,2,95m²,2,R$ 1.699.960
"Lourdes_Belo Horizonte, Lourdes_QNone_BNone",1338413448.0,"Lourdes_Belo Horizonte, Lourdes",,,35m²,0,R$ 180.000
"Lourdes_Belo Horizonte, Lourdes_Q4_B4",1338413490.0,"Lourdes_Belo Horizonte, Lourdes",4,4,347m²,4,R$ 7.159.854
"Centro_Belo Horizonte, Centro_Q2_B2",1338413523.0,"Centro_Belo Horizonte, Centro",2,2,63m²,0,R$ 976.520
"Lourdes_Belo Horizonte, Lourdes_Q4_B3",1338413524.0,"Lourdes_Belo Horizonte, Lourdes",4,3,159m²,3,R$ 3.166.925
"Lourdes_Belo Horizonte, Lourdes_Q2_B2",1338413532.0,"Lourdes_Belo Horizonte, Lourdes",2,2,75m²,2,R$ 1.556.576
"Lourdes_Belo Horizonte, Lourdes_Q1_B3",1338413547.0,"Lourdes_Belo Horizonte, Lourdes",1,3,57m²,1,R$ 862.096
"Lourdes_Belo Horizonte, Lourdes_Q4_B4",1338413551.0,"Lourdes_Belo Horizonte, Lourdes",4,4,156m²,3,R$ 3.315.774
"Centro_Belo Horizonte, Centro_Q3_B2",1338413559.0,"Centro_Belo Horizonte, Centro",3,2,87m²,0,R$ 1.170.307
"Lourdes_Belo Horizonte, Lourdes_Q4_B4",1338413594.0,"Lourdes_Belo Horizonte, Lourdes",4,4,269m²,4,R$ 5.590.646
"Lourdes_Belo Horizonte, Lourdes_Q4_B4",1338413645.0,"Lourdes_Belo Horizonte, Lourdes",4,4,185m²,3,R$ 3.555.094
"Lourdes_Belo Horizonte, Lourdes_QNone_BNone",1338413647.0,"Lourdes_Belo Horizonte, Lourdes",,,30m²,0,R$ 160.000
"Cidade Jardim_Belo Horizonte, Cidade Jardim_Q4_B2",1338413654.0,"Cidade Jardim_Belo Horizonte, Cidade Jardim",4,2,405m²,4,R$ 3.930.000
"Centro_Belo Horizonte, Centro_Q1_B2",1338413682.0,"Centro_Belo Horizonte, Centro",1,2,64m²,0,R$ 893.037
"Lourdes_Belo Horizonte, Lourdes_Q3_B2",1338413691.0,"Lourdes_Belo Horizonte, Lourdes",3,2,126m²,2,R$ 2.769.360
"Lourdes_Belo Horizonte, Lourdes_Q2_B2",1338413297.0,"Lourdes_Belo Horizonte, Lourdes",2,2,92m²,2,R$ 1.654.520
"Lourdes_Belo Horizonte, Lourdes_Q3_B2",1338413299.0,"Lourdes_Belo Horizonte, Lourdes",3,2,109m²,2,R$ 2.453.041
"Centro_Belo Horizonte, Centro_Q3_B2",1338413310.0,"Centro_Belo Horizonte, Centro",3,2,75m²,0,R$ 1.077.627
"Lourdes_Belo Horizonte, Lourdes_Q3_B1",1338413313.0,"Lourdes_Belo Horizonte, Lourdes",3,1,121m²,3,R$ 1.690.000
"Lourdes_Belo Horizonte, Lourdes_Q4_B3",1338413318.0,"Lourdes_Belo Horizonte, Lourdes",4,3,153m²,3,R$ 3.048.315
"Lourdes_Belo Horizonte, Lourdes_QNone_BNone",1338413118.0,"Lourdes_Belo Horizonte, Lourdes",,,35m²,0,R$ 150.000
"Lourdes_Belo Horizonte, Lourdes_Q2_B2",1338413101.0,"Lourdes_Belo Horizonte, Lourdes",2,2,104m²,2,R$ 1.856.780
"Lourdes_Belo Horizonte, Lourdes_Q3_B2",1338413077.0,"Lourdes_Belo Horizonte, Lourdes",3,2,129m²,2,R$ 2.249.240
"Lourdes_Belo Horizonte, Lourdes_Q3_B3",1338412988.0,"Lourdes_Belo Horizonte, Lourdes",3,3,174m²,3,R$ 2.500.000
"Centro_Belo Horizonte, Centro_Q3_B2",1338412948.0,"Centro_Belo Horizonte, Centro",3,2,84m²,0,R$ 1.170.171
"Lourdes_Belo Horizonte, Lourdes_Q3_B3",1338412926.0,"Lourdes_Belo Horizonte, Lourdes",3,3,100m²,3,R$ 1.800.000
"Centro_Belo Horizonte, Centro_Q3_B2",1338412899.0,"Centro_Belo Horizonte, Centro",3,2,85m²,0,R$ 1.169.809
"Lourdes_Belo Horizonte, Lourdes_Q2_B2",1338412840.0,"Lourdes_Belo Horizonte, Lourdes",2,2,137m²,2,R$ 1.941.197
"Lourdes_Belo Horizonte, Lourdes_Q4_B4",1338400233.0,"Lourdes_Belo Horizonte, Lourdes",4,4,230m²,2,R$ 1.700.000
"Lourdes_Belo Horizonte, Lourdes_QNone_BNone",1338349321.0,"Lourdes_Belo Horizonte, Lourdes",,,50m²,0,R$ 1.200
"Lourdes_Belo Horizonte, Lourdes_Q2_B1",1338315989.0,"Lourdes_Belo Horizonte, Lourdes",2,1,56m²,1,R$ 4.200
"Lourdes_Belo Horizonte, Lourdes_Q3_B3",1338307154.0,"Lourdes_Belo Horizonte, Lourdes",3,3,162m²,1,R$ 900.000
"Lourdes_Belo Horizonte, Lourdes_Q3_B3",1338253240.0,"Lourdes_Belo Horizonte, Lourdes",3,3,114m²,2,R$ 2.100.000
"Cidade Jardim_Belo Horizonte, Cidade Jardim_Q4_B5 ou mais",1338246840.0,"Cidade Jardim_Belo Horizonte, Cidade Jardim",4,5 ou mais,405m²,4,R$ 4.100.000
"Cidade Jardim_Belo Horizonte, Cidade Jardim_Q5 ou mais_B5 ou mais",1338246830.0,"Cidade Jardim_Belo Horizonte, Cidade Jardim",5 ou mais,5 ou mais,410m²,5 ou mais,R$ 5.100.000
"Centro_Belo Horizonte, Centro_Q2_B2",1338233945.0,"Centro_Belo Horizonte, Centro",2,2,84m²,0,R$ 315.000
"Lourdes_Belo Horizonte, Lourdes_Q3_B3",1338193561.0,"Lourdes_Belo Horizonte, Lourdes",3,3,91m²,2,R$ 2.020.000
"Lourdes_Belo Horizonte, Lourdes_Q4_B4",1338165722.0,"Lourdes_Belo Horizonte, Lourdes",4,4,151m²,4,R$ 2.200.000
"Lourdes_Belo Horizonte, Lourdes_Q4_B4",1338111390.0,"Lourdes_Belo Horizonte, Lourdes",4,4,201m²,3,R$ 3.600.000
"Lourdes_Belo Horizonte, Lourdes_Q4_B4",1337994002.0,"Lourdes_Belo Horizonte, Lourdes",4,4,131m²,3,R$ 2.800.000
"Lourdes_Belo Horizonte, Lourdes_Q4_B4",1337993999.0,"Lourdes_Belo Horizonte, Lourdes",4,4,131m²,4,R$ 2.550.000
"Lourdes_Belo Horizonte, Lourdes_Q4_B3",1337823637.0,"Lourdes_Belo Horizonte, Lourdes",4,3,230m²,2,R$ 8.000
"Lourdes_Belo Horizonte, Lourdes_Q1_B1",1337621507.0,"Lourdes_Belo Horizonte, Lourdes",1,1,61m²,0,R$ 340.000
"Lourdes_Belo Horizonte, Lourdes_Q2_B2",1337615869.0,"Lourdes_Belo Horizonte, Lourdes",2,2,75m²,2,R$ 1.556.576
"Lourdes_Belo Horizonte, Lourdes_Q3_B3",1337615801.0,"Lourdes_Belo Horizonte, Lourdes",3,3,109m²,2,R$ 2.631.266
"Lourdes_Belo Horizonte, Lourdes_Q3_B3",1337615763.0,"Lourdes_Belo Horizonte, Lourdes",3,3,128m²,4,R$ 3.139.266
"Lourdes_Belo Horizonte, Lourdes_Q2_B2",1337615216.0,"Lourdes_Belo Horizonte, Lourdes",2,2,137m²,2,R$ 1.941.197
"Lourdes_Belo Horizonte, Lourdes_Q4_B4",1337599672.0,"Lourdes_Belo Horizonte, Lourdes",4,4,196m²,2,R$ 1.900.000
"Lourdes_Belo Horizonte, Lourdes_QNone_BNone",1337596102.0,"Lourdes_Belo Horizonte, Lourdes",,,27m²,,R$ 800
"Lourdes_Belo Horizonte, Lourdes_QNone_BNone",1337596046.0,"Lourdes_Belo Horizonte, Lourdes",,,30m²,0,R$ 1.000
"Lourdes_Belo Horizonte, Lourdes_QNone_BNone",1337521571.0,"Lourdes_Belo Horizonte, Lourdes",,,314m²,,R$ 19.000
"Lourdes_Belo Horizonte, Lourdes_Q2_B4",1337462049.0,"Lourdes_Belo Horizonte, Lourdes",2,4,100m²,2,R$ 5.000
"Lourdes_Belo Horizonte, Lourdes_Q3_B1",1337439472.0,"Lourdes_Belo Horizonte, Lourdes",3,1,188m²,3,R$ 1.995.000
"Lourdes_Belo Horizonte, Lourdes_QNone_BNone",1337424403.0,"Lourdes_Belo Horizonte, Lourdes",,,74m²,0,R$ 3.300
"Lourdes_Belo Horizonte, Lourdes_QNone_BNone",1337369882.0,"Lourdes_Belo Horizonte, Lourdes",,,150m²,0,R$ 6.000
"Lourdes_Belo Horizonte, Lourdes_QNone_BNone",1337369577.0,"Lourdes_Belo Horizonte, Lourdes",,,150m²,0,R$ 6.000
"Lourdes_Belo Horizonte, Lourdes_Q2_B2",1337347132.0,"Lourdes_Belo Horizonte, Lourdes",2,2,62m²,2,R$ 1.157.397
"Lourdes_Belo Horizonte, Lourdes_Q2_B2",1337347123.0,"Lourdes_Belo Horizonte, Lourdes",2,2,62m²,2,R$ 1.058.162
"Lourdes_Belo Horizonte, Lourdes_Q3_B2",1337345746.0,"Lourdes_Belo Horizonte, Lourdes",3,2,109m²,2,R$ 2.250.000
"Lourdes_Belo Horizonte, Lourdes_Q2_B1",1337338054.0,"Lourdes_Belo Horizonte, Lourdes",2,1,80m²,1,R$ 760.000
"Lourdes_Belo Horizonte, Lourdes_Q2_B3",1337331679.0,"Lourdes_Belo Horizonte, Lourdes",2,3,85m²,2,R$ 1.200.000
"Lourdes_Belo Horizonte, Lourdes_Q4_B4",1337277266.0,"Lourdes_Belo Horizonte, Lourdes",4,4,206m²,4,R$ 18.000
"Lourdes_Belo Horizonte, Lourdes_Q1_B1",1337265421.0,"Lourdes_Belo Horizonte, Lourdes",1,1,25m²,1,R$ 364.000
"Lourdes_Belo Horizonte, Lourdes_Q3_B2",1337172136.0,"Lourdes_Belo Horizonte, Lourdes",3,2,135m²,1,R$ 985.000
"Lourdes_Belo Horizonte, Lourdes_Q2_B2",1337157938.0,"Lourdes_Belo Horizonte, Lourdes",2,2,67m²,2,R$ 1.400.000
"Centro_Belo Horizonte, Centro_Q4_B2",1337115420.0,"Centro_Belo Horizonte, Centro",4,2,100m²,1,R$ 750.000
"Lourdes_Belo Horizonte, Lourdes_Q3_B3",1337073525.0,"Lourdes_Belo Horizonte, Lourdes",3,3,110m²,2,R$ 1.350.000
"Lourdes_Belo Horizonte, Lourdes_Q2_B2",1337065180.0,"Lourdes_Belo Horizonte, Lourdes",2,2,120m²,1,R$ 1.100.000
"Cidade Jardim_Belo Horizonte, Cidade Jardim_Q4_B5 ou mais",1337021785.0,"Cidade Jardim_Belo Horizonte, Cidade Jardim",4,5 ou mais,210m²,4,R$ 2.600.000
"Lourdes_Belo Horizonte, Lourdes_Q4_B3",1337001937.0,"Lourdes_Belo Horizonte, Lourdes",4,3,152m²,2,R$ 1.600.000
"Lourdes_Belo Horizonte, Lourdes_Q3_B2",1337000555.0,"Lourdes_Belo Horizonte, Lourdes",3,2,120m²,1,R$ 4.800
"Cidade Jardim_Belo Horizonte, Cidade Jardim_Q4_B4",1336998596.0,"Cidade Jardim_Belo Horizonte, Cidade Jardim",4,4,205m²,4,R$ 2.900.000
"Cidade Jardim_Belo Horizonte, Cidade Jardim_Q4_B4",1336998583.0,"Cidade Jardim_Belo Horizonte, Cidade Jardim",4,4,205m²,4,R$ 2.860.000
"Lourdes_Belo Horizonte, Lourdes_Q4_B3",1336996395.0,"Lourdes_Belo Horizonte, Lourdes",4,3,151m²,3,R$ 1.750.000
"Lourdes_Belo Horizonte, Lourdes_Q4_B5 ou mais",1336972986.0,"Lourdes_Belo Horizonte, Lourdes",4,5 ou mais,240m²,3,R$ 2.640.000
"Lourdes_Belo Horizonte, Lourdes_QNone_BNone",1336972867.0,"Lourdes_Belo Horizonte, Lourdes",,,67m²,1,R$ 509.250
"Lourdes_Belo Horizonte, Lourdes_Q2_B3",1336972801.0,"Lourdes_Belo Horizonte, Lourdes",2,3,79m²,1,R$ 780.000
"Lourdes_Belo Horizonte, Lourdes_QNone_BNone",1336857201.0,"Lourdes_Belo Horizonte, Lourdes",,,30m²,0,R$ 850
"Lourdes_Belo Horizonte, Lourdes_Q3_B2",1336824237.0,"Lourdes_Belo Horizonte, Lourdes",3,2,128m²,2,R$ 1.490.000
"Lourdes_Belo Horizonte, Lourdes_Q1_B2",1336816452.0,"Lourdes_Belo Horizonte, Lourdes",1,2,90m²,1,R$ 1.550.000
"Lourdes_Belo Horizonte, Lourdes_Q4_B4",1336816378.0,"Lourdes_Belo Horizonte, Lourdes",4,4,235m²,2,R$ 1.850.000
"Lourdes_Belo Horizonte, Lourdes_QNone_BNone",1336816358.0,"Lourdes_Belo Horizonte, Lourdes",,,110m²,2,R$ 1.384.480
"Lourdes_Belo Horizonte, Lourdes_Q3_B2",1336815240.0,"Lourdes_Belo Horizonte, Lourdes",3,2,116m²,2,R$ 2.230.000
"Lourdes_Belo Horizonte, Lourdes_Q2_B3",1336814547.0,"Lourdes_Belo Horizonte, Lourdes",2,3,163m²,1,R$ 1.280.000
"Lourdes_Belo Horizonte, Lourdes_Q4_B2",1336703878.0,"Lourdes_Belo Horizonte, Lourdes",4,2,160m²,2,R$ 1.600.000
"Lourdes_Belo Horizonte, Lourdes_Q2_B3",1336695487.0,"Lourdes_Belo Horizonte, Lourdes",2,3,79m²,1,R$ 780.000
"Centro_Belo Horizonte, Centro_QNone_BNone",1336693108.0,"Centro_Belo Horizonte, Centro",,,622m²,0,R$ 5.200.000
"Lourdes_Belo Horizonte, Lourdes_Q4_B4",1336692101.0,"Lourdes_Belo Horizonte, Lourdes",4,4,370m²,4,R$ 14.450
"Lourdes_Belo Horizonte, Lourdes_Q3_B5 ou mais",1336613609.0,"Lourdes_Belo Horizonte, Lourdes",3,5 ou mais,143m²,3,R$ 2.190.000
"Lourdes_Belo Horizonte, Lourdes_Q2_B3",1336608888.0,"Lourdes_Belo Horizonte, Lourdes",2,3,107m²,0,R$ 1.895.663
"Lourdes_Belo Horizonte, Lourdes_Q3_B3",1336543505.0,"Lourdes_Belo Horizonte, Lourdes",3,3,90m²,2,R$ 1.450.000
"Lourdes_Belo Horizonte, Lourdes_QNone_BNone",1336435596.0,"Lourdes_Belo Horizonte, Lourdes",,,250m²,0,R$ 15.000
"Lourdes_Belo Horizonte, Lourdes_Q4_B2",1336358958.0,"Lourdes_Belo Horizonte, Lourdes",4,2,230m²,,R$ 28.000
"Lourdes_Belo Horizonte, Lourdes_Q1_B1",1335777296.0,"Lourdes_Belo Horizonte, Lourdes",1,1,45m²,1,R$ 550.000
"Lourdes_Belo Horizonte, Lourdes_QNone_BNone",1335757755.0,"Lourdes_Belo Horizonte, Lourdes",,,85m²,,R$ 9.900
"Lourdes_Belo Horizonte, Lourdes_QNone_BNone",1335757704.0,"Lourdes_Belo Horizonte, Lourdes",,,85m²,,R$ 9.900
"Lourdes_Belo Horizonte, Lourdes_QNone_BNone",1335755033.0,"Lourdes_Belo Horizonte, Lourdes",,,110m²,0,R$ 3.800
"Lourdes_Belo Horizonte, Lourdes_Q4_B4",1335727288.0,"Lourdes_Belo Horizonte, Lourdes",4,4,270m²,3,R$ 2.900.000
"Lourdes_Belo Horizonte, Lourdes_Q3_B3",1335727137.0,"Lourdes_Belo Horizonte, Lourdes",3,3,110m²,2,R$ 1.185.000
"Cidade Jardim_Belo Horizonte, Cidade Jardim_QNone_BNone",1335726481.0,"Cidade Jardim_Belo Horizonte, Cidade Jardim",,,46m²,0,R$ 120.000
"Santo Antônio_Belo Horizonte, Santo Antônio_QNone_BNone",1335726411.0,"Santo Antônio_Belo Horizonte, Santo Antônio",,,10m²,1,R$ 50.000
"Lourdes_Belo Horizonte, Lourdes_Q3_B2",1335726242.0,"Lourdes_Belo Horizonte, Lourdes",3,2,115m²,0,R$ 800.000
"Lourdes_Belo Horizonte, Lourdes_Q2_B3",1335574131.0,"Lourdes_Belo Horizonte, Lourdes",2,3,90m²,3,R$ 1.600.000
"Lourdes_Belo Horizonte, Lourdes_Q2_B2",1335554940.0,"Lourdes_Belo Horizonte, Lourdes",2,2,77m²,1,R$ 1.050.000
"Lourdes_Belo Horizonte, Lourdes_Q4_B5 ou mais",1335548412.0,"Lourdes_Belo Horizonte, Lourdes",4,5 ou mais,450m²,5 ou mais,R$ 5.500.000
"Lourdes_Belo Horizonte, Lourdes_Q2_B2",1335511541.0,"Lourdes_Belo Horizonte, Lourdes",2,2,77m²,1,R$ 1.050.000
"Lourdes_Belo Horizonte, Lourdes_Q3_B3",1335489824.0,"Lourdes_Belo Horizonte, Lourdes",3,3,90m²,2,R$ 1.450.000
"Lourdes_Belo Horizonte, Lourdes_Q4_B4",1335483929.0,"Lourdes_Belo Horizonte, Lourdes",4,4,140m²,3,R$ 1.850.000
"Lourdes_Belo Horizonte, Lourdes_Q4_B5 ou mais",1335471108.0,"Lourdes_Belo Horizonte, Lourdes",4,5 ou mais,306m²,4,R$ 4.500.000
"Lourdes_Belo Horizonte, Lourdes_QNone_BNone",1335465707.0,"Lourdes_Belo Horizonte, Lourdes",,,40m²,0,R$ 390.000
"Lourdes_Belo Horizonte, Lourdes_QNone_BNone",1335465693.0,"Lourdes_Belo Horizonte, Lourdes",,,40m²,0,R$ 1.950
"Lourdes_Belo Horizonte, Lourdes_Q3_B2",1335465278.0,"Lourdes_Belo Horizonte, Lourdes",3,2,100m²,4,R$ 1.750.000
"Lourdes_Belo Horizonte, Lourdes_Q4_B4",1335465275.0,"Lourdes_Belo Horizonte, Lourdes",4,4,373m²,4,R$ 3.000.000
"Lourdes_Belo Horizonte, Lourdes_Q4_B4",1335325727.0,"Lourdes_Belo Horizonte, Lourdes",4,4,137m²,3,R$ 1.850.000
"Lourdes_Belo Horizonte, Lourdes_Q3_B3",1335201991.0,"Lourdes_Belo Horizonte, Lourdes",3,3,109m²,2,R$ 2.521.596
"Lourdes_Belo Horizonte, Lourdes_Q3_B2",1335166464.0,"Lourdes_Belo Horizonte, Lourdes",3,2,200m²,2,R$ 6.200
"Lourdes_Belo Horizonte, Lourdes_Q2_B2",1335164510.0,"Lourdes_Belo Horizonte, Lourdes",2,2,70m²,1,R$ 4.300
"Centro_Belo Horizonte, Centro_QNone_BNone",1335063942.0,"Centro_Belo Horizonte, Centro",,,111m²,,R$ 280.000
"Lourdes_Belo Horizonte, Lourdes_Q4_B2",1335049966.0,"Lourdes_Belo Horizonte, Lourdes",4,2,130m²,4,R$ 2.550.000
"Lourdes_Belo Horizonte, Lourdes_Q1_B1",1334961347.0,"Lourdes_Belo Horizonte, Lourdes",1,1,50m²,1,R$ 600.000
"Lourdes_Belo Horizonte, Lourdes_Q3_B3",1334875759.0,"Lourdes_Belo Horizonte, Lourdes",3,3,93m²,2,R$ 2.769.360
"Lourdes_Belo Horizonte, Lourdes_Q3_B3",1334875748.0,"Lourdes_Belo Horizonte, Lourdes",3,3,112m²,2,R$ 3.205.800
"Lourdes_Belo Horizonte, Lourdes_Q2_B2",1334870802.0,"Lourdes_Belo Horizonte, Lourdes",2,2,65m²,2,R$ 770.000
"Lourdes_Belo Horizonte, Lourdes_Q3_B3",1334842234.0,"Lourdes_Belo Horizonte, Lourdes",3,3,95m²,2,R$ 1.100.000
"Centro_Belo Horizonte, Centro_Q3_B2",1334842232.0,"Centro_Belo Horizonte, Centro",3,2,96m²,,R$ 265.000
"Lourdes_Belo Horizonte, Lourdes_Q2_B2",1334753076.0,"Lourdes_Belo Horizonte, Lourdes",2,2,54m²,1,R$ 830.000
"Centro_Belo Horizonte, Centro_Q1_B1",1334644581.0,"Centro_Belo Horizonte, Centro",1,1,45m²,1,R$ 3.790
"Lourdes_Belo Horizonte, Lourdes_Q1_B1",1334631231.0,"Lourdes_Belo Horizonte, Lourdes",1,1,56m²,1,R$ 873.850
"Lourdes_Belo Horizonte, Lourdes_Q1_B1",1334630796.0,"Lourdes_Belo Horizonte, Lourdes",1,1,57m²,1,R$ 862.096
"Lourdes_Belo Horizonte, Lourdes_Q2_B2",1334552573.0,"Lourdes_Belo Horizonte, Lourdes",2,2,164m²,1,R$ 3.500.000
"Lourdes_Belo Horizonte, Lourdes_Q2_B2",1334552208.0,"Lourdes_Belo Horizonte, Lourdes",2,2,150m²,1,R$ 3.100.000
"Lourdes_Belo Horizonte, Lourdes_Q2_B3",1334519203.0,"Lourdes_Belo Horizonte, Lourdes",2,3,72m²,2,R$ 1.450.000
"Lourdes_Belo Horizonte, Lourdes_Q2_B2",1334433876.0,"Lourdes_Belo Horizonte, Lourdes",2,2,56m²,1,R$ 4.600
"Lourdes_Belo Horizonte, Lourdes_Q2_B1",1334433826.0,"Lourdes_Belo Horizonte, Lourdes",2,1,54m²,1,R$ 4.200
"Lourdes_Belo Horizonte, Lourdes_QNone_BNone",1334382228.0,"Lourdes_Belo Horizonte, Lourdes",,,15m²,,R$ 1.800
"Lourdes_Belo Horizonte, Lourdes_Q4_B3",1334003530.0,"Lourdes_Belo Horizonte, Lourdes",4,3,130m²,4,R$ 2.550.000
"Lourdes_Belo Horizonte, Lourdes_QNone_BNone",1333865340.0,"Lourdes_Belo Horizonte, Lourdes",,,344m²,2,R$ 1.550.000
"Lourdes_Belo Horizonte, Lourdes_QNone_BNone",1333859636.0,"Lourdes_Belo Horizonte, Lourdes",,,165m²,1,R$ 8.000
"Lourdes_Belo Horizonte, Lourdes_Q4_B4",1333817780.0,"Lourdes_Belo Horizonte, Lourdes",4,4,206m²,4,R$ 5.200.000
"Lourdes_Belo Horizonte, Lourdes_Q2_B1",1333814169.0,"Lourdes_Belo Horizonte, Lourdes",2,1,67m²,2,R$ 1.115.000
"Lourdes_Belo Horizonte, Lourdes_Q4_B5 ou mais",1333796845.0,"Lourdes_Belo Horizonte, Lourdes",4,5 ou mais,436m²,3,R$ 4.500.000
"Centro_Belo Horizonte, Centro_QNone_BNone",1333792566.0,"Centro_Belo Horizonte, Centro",,,220m²,,R$ 450.000
"Lourdes_Belo Horizonte, Lourdes_Q4_B3",1333792496.0,"Lourdes_Belo Horizonte, Lourdes",4,3,130m²,3,R$ 2.800.000
"Cidade Jardim_Belo Horizonte, Cidade Jardim_Q3_B2",1333766536.0,"Cidade Jardim_Belo Horizonte, Cidade Jardim",3,2,68m²,2,R$ 1.049.800
"Cidade Jardim_Belo Horizonte, Cidade Jardim_Q2_B2",1333766459.0,"Cidade Jardim_Belo Horizonte, Cidade Jardim",2,2,54m²,1,R$ 777.300
"Cidade Jardim_Belo Horizonte, Cidade Jardim_Q3_B2",1333756602.0,"Cidade Jardim_Belo Horizonte, Cidade Jardim",3,2,68m²,2,R$ 1.207.600
"Cidade Jardim_Belo Horizonte, Cidade Jardim_Q2_B2",1333754311.0,"Cidade Jardim_Belo Horizonte, Cidade Jardim",2,2,55m²,1,R$ 957.200
"Centro_Belo Horizonte, Centro_QNone_BNone",1333733716.0,"Centro_Belo Horizonte, Centro",,,840m²,5 ou mais,R$ 75.000
"Lourdes_Belo Horizonte, Lourdes_QNone_BNone",1333599138.0,"Lourdes_Belo Horizonte, Lourdes",,,910m²,0,R$ 33.500
"Centro_Belo Horizonte, Centro_QNone_BNone",1333584461.0,"Centro_Belo Horizonte, Centro",,,50m²,0,R$ 65.000
"Lourdes_Belo Horizonte, Lourdes_Q4_B5 ou mais",1333572693.0,"Lourdes_Belo Horizonte, Lourdes",4,5 ou mais,340m²,3,R$ 2.550.000
"Lourdes_Belo Horizonte, Lourdes_Q3_B2",1333570132.0,"Lourdes_Belo Horizonte, Lourdes",3,2,100m²,1,R$ 1.090.000
"Lourdes_Belo Horizonte, Lourdes_Q4_B3",1333568401.0,"Lourdes_Belo Horizonte, Lourdes",4,3,228m²,3,R$ 26.500
"Lourdes_Belo Horizonte, Lourdes_Q3_B2",1333546661.0,"Lourdes_Belo Horizonte, Lourdes",3,2,110m²,2,R$ 1.250.000
"Lourdes_Belo Horizonte, Lourdes_Q2_B1",1333520863.0,"Lourdes_Belo Horizonte, Lourdes",2,1,67m²,2,R$ 1.115.000
"Lourdes_Belo Horizonte, Lourdes_Q4_B5 ou mais",1333507376.0,"Lourdes_Belo Horizonte, Lourdes",4,5 ou mais,267m²,4,R$ 5.600.000
"Lourdes_Belo Horizonte, Lourdes_Q2_B2",1333506824.0,"Lourdes_Belo Horizonte, Lourdes",2,2,128m²,2,R$ 1.645.000
"Lourdes_Belo Horizonte, Lourdes_Q2_B2",1333506797.0,"Lourdes_Belo Horizonte, Lourdes",2,2,120m²,3,R$ 1.675.000
"Lourdes_Belo Horizonte, Lourdes_Q2_B2",1333506731.0,"Lourdes_Belo Horizonte, Lourdes",2,2,65m²,2,R$ 1.208.000
"Lourdes_Belo Horizonte, Lourdes_Q1_B2",1333483085.0,"Lourdes_Belo Horizonte, Lourdes",1,2,90m²,1,R$ 1.550.000
"Lourdes_Belo Horizonte, Lourdes_Q4_B3",1333482608.0,"Lourdes_Belo Horizonte, Lourdes",4,3,160m²,2,R$ 1.915.000
"Lourdes_Belo Horizonte, Lourdes_QNone_BNone",1333476384.0,"Lourdes_Belo Horizonte, Lourdes",,,415m²,5 ou mais,R$ 6.360.000
"Centro_Belo Horizonte, Centro_QNone_BNone",1333362020.0,"Centro_Belo Horizonte, Centro",,,146m²,1,R$ 5.960
"Lourdes_Belo Horizonte, Lourdes_Q1_B1",1333353247.0,"Lourdes_Belo Horizonte, Lourdes",1,1,45m²,1,R$ 2.800
"Lourdes_Belo Horizonte, Lourdes_QNone_BNone",1333336123.0,"Lourdes_Belo Horizonte, Lourdes",,,120m²,,R$ 3.500
"Lourdes_Belo Horizonte, Lourdes_Q3_B2",1333283067.0,"Lourdes_Belo Horizonte, Lourdes",3,2,85m²,2,R$ 1.510.000
"Lourdes_Belo Horizonte, Lourdes_Q4_B3",1333215610.0,"Lourdes_Belo Horizonte, Lourdes",4,3,152m²,2,R$ 1.600.000
"Lourdes_Belo Horizonte, Lourdes_Q1_B1",1333207091.0,"Lourdes_Belo Horizonte, Lourdes",1,1,88m²,2,R$ 998.000
"Lourdes_Belo Horizonte, Lourdes_QNone_BNone",1333196533.0,"Lourdes_Belo Horizonte, Lourdes",,,32m²,0,R$ 100.000
"Lourdes_Belo Horizonte, Lourdes_Q0_B5 ou mais",1333188422.0,"Lourdes_Belo Horizonte, Lourdes",0,5 ou mais,4007m²,5 ou mais,R$ 180.000
"Lourdes_Belo Horizonte, Lourdes_Q2_B2",1333162091.0,"Lourdes_Belo Horizonte, Lourdes",2,2,62m²,2,R$ 1.157.397
"Lourdes_Belo Horizonte, Lourdes_Q2_B2",1333161918.0,"Lourdes_Belo Horizonte, Lourdes",2,2,63m²,2,R$ 1.050.654
"Lourdes_Belo Horizonte, Lourdes_Q2_B2",1333161669.0,"Lourdes_Belo Horizonte, Lourdes",2,2,63m²,2,R$ 1.012.066
"Lourdes_Belo Horizonte, Lourdes_Q2_B2",1333159046.0,"Lourdes_Belo Horizonte, Lourdes",2,2,65m²,1,R$ 760.000
"Lourdes_Belo Horizonte, Lourdes_QNone_BNone",1333157301.0,"Lourdes_Belo Horizonte, Lourdes",,,660m²,3,R$ 33.000
"Lourdes_Belo Horizonte, Lourdes_QNone_BNone",1333156176.0,"Lourdes_Belo Horizonte, Lourdes",,,319m²,0,R$ 19.000
"Lourdes_Belo Horizonte, Lourdes_Q2_B3",1333153195.0,"Lourdes_Belo Horizonte, Lourdes",2,3,185m²,2,R$ 13.500
"Lourdes_Belo Horizonte, Lourdes_Q3_B3",1333148445.0,"Lourdes_Belo Horizonte, Lourdes",3,3,113m²,1,R$ 700.000
"Lourdes_Belo Horizonte, Lourdes_QNone_BNone",1333060425.0,"Lourdes_Belo Horizonte, Lourdes",,,890m²,,R$ 30.000
"Lourdes_Belo Horizonte, Lourdes_QNone_BNone",1333059156.0,"Lourdes_Belo Horizonte, Lourdes",,,314m²,,R$ 19.500
"Lourdes_Belo Horizonte, Lourdes_QNone_BNone",1333019221.0,"Lourdes_Belo Horizonte, Lourdes",,,163m²,,R$ 795.000
"Cidade Jardim_Belo Horizonte, Cidade Jardim_Q1_B1",1333015237.0,"Cidade Jardim_Belo Horizonte, Cidade Jardim",1,1,27m²,1,R$ 490.000
"Lourdes_Belo Horizonte, Lourdes_Q3_B5 ou mais",1332884428.0,"Lourdes_Belo Horizonte, Lourdes",3,5 ou mais,231m²,4,R$ 5.950.000
"Lourdes_Belo Horizonte, Lourdes_Q2_B1",1332882319.0,"Lourdes_Belo Horizonte, Lourdes",2,1,92m²,1,R$ 980.000
"Lourdes_Belo Horizonte, Lourdes_Q2_B2",1332837679.0,"Lourdes_Belo Horizonte, Lourdes",2,2,74m²,2,R$ 1.050.000
"Lourdes_Belo Horizonte, Lourdes_Q2_B2",1332832113.0,"Lourdes_Belo Horizonte, Lourdes",2,2,80m²,2,R$ 960.000
"Santo Antônio_Belo Horizonte, Santo Antônio_QNone_BNone",1332828656.0,"Santo Antônio_Belo Horizonte, Santo Antônio",,,66m²,2,R$ 599.000
"Lourdes_Belo Horizonte, Lourdes_Q2_B2",1332818620.0,"Lourdes_Belo Horizonte, Lourdes",2,2,75m²,1,R$ 700.000
"Lourdes_Belo Horizonte, Lourdes_Q3_B3",1332818389.0,"Lourdes_Belo Horizonte, Lourdes",3,3,87m²,2,R$ 1.299.000
"Lourdes_Belo Horizonte, Lourdes_Q4_B4",1332817191.0,"Lourdes_Belo Horizonte, Lourdes",4,4,172m²,2,R$ 1.690.000
"Santo Agostinho_Belo Horizonte, Santo Agostinho_QNone_BNone",1332817062.0,"Santo Agostinho_Belo Horizonte, Santo Agostinho",,,52m²,1,R$ 490.000
"Santo Agostinho_Belo Horizonte, Santo Agostinho_QNone_BNone",1332817049.0,"Santo Agostinho_Belo Horizonte, Santo Agostinho",,,52m²,1,R$ 1.600
"Cidade Jardim_Belo Horizonte, Cidade Jardim_Q4_B2",1332816297.0,"Cidade Jardim_Belo Horizonte, Cidade Jardim",4,2,170m²,2,R$ 1.400.000
"Lourdes_Belo Horizonte, Lourdes_Q2_B2",1332814620.0,"Lourdes_Belo Horizonte, Lourdes",2,2,61m²,2,R$ 1.145.116
"Lourdes_Belo Horizonte, Lourdes_Q2_B2",1332814160.0,"Lourdes_Belo Horizonte, Lourdes",2,2,67m²,2,R$ 1.144.569
"Lourdes_Belo Horizonte, Lourdes_QNone_BNone",1332811412.0,"Lourdes_Belo Horizonte, Lourdes",,,378m²,4,R$ 18.000
"Lourdes_Belo Horizonte, Lourdes_Q1_B2",1332788796.0,"Lourdes_Belo Horizonte, Lourdes",1,2,92m²,1,R$ 980.000
"Lourdes_Belo Horizonte, Lourdes_Q4_B5 ou mais",1332788697.0,"Lourdes_Belo Horizonte, Lourdes",4,5 ou mais,400m²,5 ou mais,R$ 6.000.000
"Lourdes_Belo Horizonte, Lourdes_QNone_BNone",1332529117.0,"Lourdes_Belo Horizonte, Lourdes",,,130m²,0,R$ 6.900
"Lourdes_Belo Horizonte, Lourdes_QNone_BNone",1332528688.0,"Lourdes_Belo Horizonte, Lourdes",,,113m²,0,R$ 7.500
"Lourdes_Belo Horizonte, Lourdes_Q3_B3",1332525259.0,"Lourdes_Belo Horizonte, Lourdes",3,3,100m²,2,R$ 1.750.000
"Lourdes_Belo Horizonte, Lourdes_Q4_B4",1332525074.0,"Lourdes_Belo Horizonte, Lourdes",4,4,312m²,4,R$ 7.800.000
"Lourdes_Belo Horizonte, Lourdes_Q2_B3",1332500556.0,"Lourdes_Belo Horizonte, Lourdes",2,3,102m²,2,R$ 1.600.000
"Lourdes_Belo Horizonte, Lourdes_Q2_B2",1332497276.0,"Lourdes_Belo Horizonte, Lourdes",2,2,62m²,2,R$ 4.600
"Lourdes_Belo Horizonte, Lourdes_Q2_B1",1332496166.0,"Lourdes_Belo Horizonte, Lourdes",2,1,56m²,1,R$ 4.200
"Lourdes_Belo Horizonte, Lourdes_QNone_BNone",1332483671.0,"Lourdes_Belo Horizonte, Lourdes",,,320m²,0,R$ 28.000
"Lourdes_Belo Horizonte, Lourdes_Q2_B3",1332310228.0,"Lourdes_Belo Horizonte, Lourdes",2,3,180m²,2,R$ 13.500
"Lourdes_Belo Horizonte, Lourdes_Q2_B2",1332279972.0,"Lourdes_Belo Horizonte, Lourdes",2,2,63m²,2,R$ 1.184.482
"Lourdes_Belo Horizonte, Lourdes_Q3_B4",1332236592.0,"Lourdes_Belo Horizonte, Lourdes",3,4,116m²,2,R$ 2.080.000
"Lourdes_Belo Horizonte, Lourdes_Q2_B3",1332236589.0,"Lourdes_Belo Horizonte, Lourdes",2,3,77m²,1,R$ 1.050.000
"Centro_Belo Horizonte, Centro_QNone_BNone",1332182324.0,"Centro_Belo Horizonte, Centro",,,31m²,0,R$ 400
"Lourdes_Belo Horizonte, Lourdes_Q3_B3",1332054288.0,"Lourdes_Belo Horizonte, Lourdes",3,3,100m²,2,R$ 1.750.000
"Lourdes_Belo Horizonte, Lourdes_QNone_BNone",1332053863.0,"Lourdes_Belo Horizonte, Lourdes",,,26m²,0,R$ 180.000
"Lourdes_Belo Horizonte, Lourdes_QNone_BNone",1332053757.0,"Lourdes_Belo Horizonte, Lourdes",,,14m²,1,R$ 50.000
"Lourdes_Belo Horizonte, Lourdes_Q2_B2",1332053747.0,"Lourdes_Belo Horizonte, Lourdes",2,2,74m²,2,R$ 1.050.000
"Lourdes_Belo Horizonte, Lourdes_QNone_BNone",1332053713.0,"Lourdes_Belo Horizonte, Lourdes",,,28m²,0,R$ 180.000
"Lourdes_Belo Horizonte, Lourdes_QNone_BNone",1332053704.0,"Lourdes_Belo Horizonte, Lourdes",,,28m²,0,R$ 700
"Lourdes_Belo Horizonte, Lourdes_QNone_BNone",1332053699.0,"Lourdes_Belo Horizonte, Lourdes",,,28m²,0,R$ 180.000
"Lourdes_Belo Horizonte, Lourdes_QNone_BNone",1332053700.0,"Lourdes_Belo Horizonte, Lourdes",,,95m²,0,R$ 2.400
"Lourdes_Belo Horizonte, Lourdes_Q3_B4",1332053685.0,"Lourdes_Belo Horizonte, Lourdes",3,4,109m²,2,R$ 2.571.780
"Lourdes_Belo Horizonte, Lourdes_QNone_BNone",1332053666.0,"Lourdes_Belo Horizonte, Lourdes",,,28m²,0,R$ 180.000
"Lourdes_Belo Horizonte, Lourdes_Q1_B1",1332053554.0,"Lourdes_Belo Horizonte, Lourdes",1,1,60m²,1,R$ 320.000
"Lourdes_Belo Horizonte, Lourdes_Q3_B2",1332053369.0,"Lourdes_Belo Horizonte, Lourdes",3,2,188m²,0,R$ 800.000
"Lourdes_Belo Horizonte, Lourdes_QNone_BNone",1332053366.0,"Lourdes_Belo Horizonte, Lourdes",,,2836m²,5 ou mais,R$ 22.000.000
"Lourdes_Belo Horizonte, Lourdes_QNone_BNone",1332053265.0,"Lourdes_Belo Horizonte, Lourdes",,,14m²,1,R$ 50.000
"Lourdes_Belo Horizonte, Lourdes_Q4_B5 ou mais",1332053193.0,"Lourdes_Belo Horizonte, Lourdes",4,5 ou mais,580m²,4,R$ 7.295.000
"Lourdes_Belo Horizonte, Lourdes_QNone_BNone",1332053183.0,"Lourdes_Belo Horizonte, Lourdes",,,26m²,0,R$ 180.000
"Lourdes_Belo Horizonte, Lourdes_QNone_BNone",1332053185.0,"Lourdes_Belo Horizonte, Lourdes",,,26m²,0,R$ 700
"Lourdes_Belo Horizonte, Lourdes_QNone_BNone",1332053064.0,"Lourdes_Belo Horizonte, Lourdes",,,91m²,0,R$ 690.000
"Lourdes_Belo Horizonte, Lourdes_QNone_BNone",1332053049.0,"Lourdes_Belo Horizonte, Lourdes",,,91m²,0,R$ 4.000
"Lourdes_Belo Horizonte, Lourdes_Q2_B2",1332053032.0,"Lourdes_Belo Horizonte, Lourdes",2,2,71m²,2,R$ 809.000
"Lourdes_Belo Horizonte, Lourdes_QNone_BNone",1332052999.0,"Lourdes_Belo Horizonte, Lourdes",,,26m²,0,R$ 180.000
"Centro_Belo Horizonte, Centro_QNone_BNone",1332052975.0,"Centro_Belo Horizonte, Centro",,,35m²,0,R$ 70.000
"Lourdes_Belo Horizonte, Lourdes_QNone_BNone",1332052965.0,"Lourdes_Belo Horizonte, Lourdes",,,26m²,0,R$ 700
"Lourdes_Belo Horizonte, Lourdes_Q5 ou mais_B3",1332052963.0,"Lourdes_Belo Horizonte, Lourdes",5 ou mais,3,172m²,2,R$ 2.600.000
"Lourdes_Belo Horizonte, Lourdes_QNone_BNone",1332052951.0,"Lourdes_Belo Horizonte, Lourdes",,,26m²,0,R$ 800
"Lourdes_Belo Horizonte, Lourdes_Q3_B2",1332052938.0,"Lourdes_Belo Horizonte, Lourdes",3,2,128m²,2,R$ 1.490.000
"Lourdes_Belo Horizonte, Lourdes_QNone_BNone",1332052929.0,"Lourdes_Belo Horizonte, Lourdes",,,24m²,0,R$ 220.000
"Lourdes_Belo Horizonte, Lourdes_QNone_BNone",1332052906.0,"Lourdes_Belo Horizonte, Lourdes",,,24m²,0,R$ 165.000
"Lourdes_Belo Horizonte, Lourdes_QNone_BNone",1332052865.0,"Lourdes_Belo Horizonte, Lourdes",,,110m²,2,R$ 890.000
"Centro_Belo Horizonte, Centro_QNone_BNone",1332052801.0,"Centro_Belo Horizonte, Centro",,,35m²,0,R$ 70.000
"Lourdes_Belo Horizonte, Lourdes_Q4_B5 ou mais",1332052785.0,"Lourdes_Belo Horizonte, Lourdes",4,5 ou mais,170m²,3,R$ 2.000.000
"Lourdes_Belo Horizonte, Lourdes_QNone_BNone",1332052726.0,"Lourdes_Belo Horizonte, Lourdes",,,200m²,0,R$ 1.800.000
"Lourdes_Belo Horizonte, Lourdes_QNone_BNone",1332052733.0,"Lourdes_Belo Horizonte, Lourdes",,,14m²,1,R$ 50.000
"Lourdes_Belo Horizonte, Lourdes_Q2_B2",1332052735.0,"Lourdes_Belo Horizonte, Lourdes",2,2,69m²,2,R$ 980.000
"Lourdes_Belo Horizonte, Lourdes_Q1_B1",1332052698.0,"Lourdes_Belo Horizonte, Lourdes",1,1,50m²,0,R$ 520.000
"Lourdes_Belo Horizonte, Lourdes_Q2_B3",1332052687.0,"Lourdes_Belo Horizonte, Lourdes",2,3,59m²,2,R$ 1.000.000
"Lourdes_Belo Horizonte, Lourdes_Q2_B2",1332052678.0,"Lourdes_Belo Horizonte, Lourdes",2,2,127m²,2,R$ 1.732.175
"Lourdes_Belo Horizonte, Lourdes_QNone_BNone",1332052673.0,"Lourdes_Belo Horizonte, Lourdes",,,14m²,1,R$ 50.000
"Lourdes_Belo Horizonte, Lourdes_QNone_BNone",1332052665.0,"Lourdes_Belo Horizonte, Lourdes",,,58m²,0,R$ 1.400
"Lourdes_Belo Horizonte, Lourdes_QNone_BNone",1332052656.0,"Lourdes_Belo Horizonte, Lourdes",,,200m²,0,R$ 10.000
"Lourdes_Belo Horizonte, Lourdes_QNone_BNone",1332052644.0,"Lourdes_Belo Horizonte, Lourdes",,,52m²,0,R$ 360.000
"Lourdes_Belo Horizonte, Lourdes_Q2_B2",1332052645.0,"Lourdes_Belo Horizonte, Lourdes",2,2,137m²,2,R$ 1.897.312
"Lourdes_Belo Horizonte, Lourdes_Q1_B1",1332052631.0,"Lourdes_Belo Horizonte, Lourdes",1,1,88m²,2,R$ 998.000
"Lourdes_Belo Horizonte, Lourdes_QNone_BNone",1332052641.0,"Lourdes_Belo Horizonte, Lourdes",,,173m²,2,R$ 8.000
"Lourdes_Belo Horizonte, Lourdes_QNone_BNone",1332052591.0,"Lourdes_Belo Horizonte, Lourdes",,,2621m²,5 ou mais,R$ 14.000.000
"Lourdes_Belo Horizonte, Lourdes_QNone_BNone",1332052571.0,"Lourdes_Belo Horizonte, Lourdes",,,14m²,1,R$ 50.000
"Lourdes_Belo Horizonte, Lourdes_QNone_BNone",1332052574.0,"Lourdes_Belo Horizonte, Lourdes",,,14m²,1,R$ 50.000
"Lourdes_Belo Horizonte, Lourdes_QNone_BNone",1332052577.0,"Lourdes_Belo Horizonte, Lourdes",,,58m²,0,R$ 360.000
"Lourdes_Belo Horizonte, Lourdes_Q2_B3",1332052567.0,"Lourdes_Belo Horizonte, Lourdes",2,3,66m²,2,R$ 1.644.290
"Lourdes_Belo Horizonte, Lourdes_QNone_BNone",1332052549.0,"Lourdes_Belo Horizonte, Lourdes",,,26m²,0,R$ 700
"Lourdes_Belo Horizonte, Lourdes_Q2_B3",1332052534.0,"Lourdes_Belo Horizonte, Lourdes",2,3,75m²,2,R$ 1.510.109
"Lourdes_Belo Horizonte, Lourdes_Q3_B4",1332052535.0,"Lourdes_Belo Horizonte, Lourdes",3,4,163m²,1,R$ 1.380.000
"Lourdes_Belo Horizonte, Lourdes_QNone_BNone",1332052513.0,"Lourdes_Belo Horizonte, Lourdes",,,65m²,0,R$ 1.500
"Lourdes_Belo Horizonte, Lourdes_Q4_B3",1332052514.0,"Lourdes_Belo Horizonte, Lourdes",4,3,189m²,4,R$ 2.200.000
"Lourdes_Belo Horizonte, Lourdes_Q4_B5 ou mais",1332052522.0,"Lourdes_Belo Horizonte, Lourdes",4,5 ou mais,307m²,5 ou mais,R$ 5.200.000
"Lourdes_Belo Horizonte, Lourdes_QNone_BNone",1332052483.0,"Lourdes_Belo Horizonte, Lourdes",,,52m²,0,R$ 1.800
"Lourdes_Belo Horizonte, Lourdes_QNone_BNone",1332052452.0,"Lourdes_Belo Horizonte, Lourdes",,,56m²,0,R$ 360.000
"Lourdes_Belo Horizonte, Lourdes_QNone_BNone",1332052456.0,"Lourdes_Belo Horizonte, Lourdes",,,26m²,0,R$ 180.000
"Lourdes_Belo Horizonte, Lourdes_QNone_BNone",1332052434.0,"Lourdes_Belo Horizonte, Lourdes",,,600m²,,R$ 6.000.000
"Lourdes_Belo Horizonte, Lourdes_Q3_B4",1332052422.0,"Lourdes_Belo Horizonte, Lourdes",3,4,128m²,2,R$ 3.068.296
"Lourdes_Belo Horizonte, Lourdes_QNone_BNone",1332052402.0,"Lourdes_Belo Horizonte, Lourdes",,,25m²,0,R$ 130.000
"Lourdes_Belo Horizonte, Lourdes_QNone_BNone",1332052399.0,"Lourdes_Belo Horizonte, Lourdes",,,58m²,0,R$ 1.600
"Lourdes_Belo Horizonte, Lourdes_QNone_BNone",1332052397.0,"Lourdes_Belo Horizonte, Lourdes",,,125m²,2,R$ 900.000
"Lourdes_Belo Horizonte, Lourdes_QNone_BNone",1332052379.0,"Lourdes_Belo Horizonte, Lourdes",,,58m²,0,R$ 360.000
"Lourdes_Belo Horizonte, Lourdes_Q1_B1",1332052390.0,"Lourdes_Belo Horizonte, Lourdes",1,1,79m²,2,R$ 998.000
"Lourdes_Belo Horizonte, Lourdes_Q3_B2",1332046209.0,"Lourdes_Belo Horizonte, Lourdes",3,2,95m²,2,R$ 1.555.000
"Lourdes_Belo Horizonte, Lourdes_Q2_B3",1332033776.0,"Lourdes_Belo Horizonte, Lourdes",2,3,63m²,2,R$ 1.252.471
"Lourdes_Belo Horizonte, Lourdes_Q4_B3",1331891733.0,"Lourdes_Belo Horizonte, Lourdes",4,3,228m²,3,R$ 26.500
"Lourdes_Belo Horizonte, Lourdes_Q4_B5 ou mais",1331880716.0,"Lourdes_Belo Horizonte, Lourdes",4,5 ou mais,305m²,4,R$ 4.200.000
"Lourdes_Belo Horizonte, Lourdes_Q2_B2",1331861524.0,"Lourdes_Belo Horizonte, Lourdes",2,2,62m²,2,R$ 4.790
"Lourdes_Belo Horizonte, Lourdes_Q4_B4",1331811673.0,"Lourdes_Belo Horizonte, Lourdes",4,4,228m²,3,R$ 26.500
"Lourdes_Belo Horizonte, Lourdes_Q3_B3",1331808175.0,"Lourdes_Belo Horizonte, Lourdes",3,3,100m²,2,R$ 1.750.000
"Centro_Belo Horizonte, Centro_Q1_B1",1331640549.0,"Centro_Belo Horizonte, Centro",1,1,25m²,0,R$ 386.000
"Centro_Belo Horizonte, Centro_Q2_B1",1331639744.0,"Centro_Belo Horizonte, Centro",2,1,56m²,2,R$ 609.000
"Lourdes_Belo Horizonte, Lourdes_Q2_B2",1331619468.0,"Lourdes_Belo Horizonte, Lourdes",2,2,67m²,2,R$ 1.115.000
"Lourdes_Belo Horizonte, Lourdes_Q2_B3",1331593064.0,"Lourdes_Belo Horizonte, Lourdes",2,3,133m²,2,R$ 1.780.000
"Lourdes_Belo Horizonte, Lourdes_Q1_B1",1331592102.0,"Lourdes_Belo Horizonte, Lourdes",1,1,56m²,1,R$ 530.000
"Lourdes_Belo Horizonte, Lourdes_Q3_B2",1331591966.0,"Lourdes_Belo Horizonte, Lourdes",3,2,74m²,2,R$ 2.100.000
"Lourdes_Belo Horizonte, Lourdes_Q3_B3",1331591371.0,"Lourdes_Belo Horizonte, Lourdes",3,3,110m²,2,R$ 2.300.000
"Lourdes_Belo Horizonte, Lourdes_Q1_B1",1331591363.0,"Lourdes_Belo Horizonte, Lourdes",1,1,56m²,1,R$ 470.000
"Lourdes_Belo Horizonte, Lourdes_QNone_BNone",1331504964.0,"Lourdes_Belo Horizonte, Lourdes",,,665m²,0,R$ 33.000
"Lourdes_Belo Horizonte, Lourdes_QNone_BNone",1331481083.0,"Lourdes_Belo Horizonte, Lourdes",,,33m²,1,R$ 269.000
"Lourdes_Belo Horizonte, Lourdes_Q2_B2",1331264038.0,"Lourdes_Belo Horizonte, Lourdes",2,2,75m²,2,R$ 960.000
"Lourdes_Belo Horizonte, Lourdes_Q2_B3",1331242273.0,"Lourdes_Belo Horizonte, Lourdes",2,3,160m²,1,R$ 1.380.000
"Lourdes_Belo Horizonte, Lourdes_Q3_B2",1331225245.0,"Lourdes_Belo Horizonte, Lourdes",3,2,87m²,2,R$ 1.250.000
"Lourdes_Belo Horizonte, Lourdes_Q4_B5 ou mais",1331217238.0,"Lourdes_Belo Horizonte, Lourdes",4,5 ou mais,294m²,3,R$ 2.400.000
"Lourdes_Belo Horizonte, Lourdes_Q2_B2",1331206022.0,"Lourdes_Belo Horizonte, Lourdes",2,2,79m²,2,R$ 950.000
"Cidade Jardim_Belo Horizonte, Cidade Jardim_QNone_BNone",1331205376.0,"Cidade Jardim_Belo Horizonte, Cidade Jardim",,,1196m²,,R$ 36.000
"Lourdes_Belo Horizonte, Lourdes_Q4_B2",1331199632.0,"Lourdes_Belo Horizonte, Lourdes",4,2,250m²,2,R$ 1.900.000
"Lourdes_Belo Horizonte, Lourdes_Q2_B2",1331191950.0,"Lourdes_Belo Horizonte, Lourdes",2,2,84m²,2,R$ 1.050.000
"Lourdes_Belo Horizonte, Lourdes_Q4_B4",1331179842.0,"Lourdes_Belo Horizonte, Lourdes",4,4,280m²,2,R$ 2.700.000
"Santo Agostinho_Belo Horizonte, Santo Agostinho_Q4_B4",1331177281.0,"Santo Agostinho_Belo Horizonte, Santo Agostinho",4,4,143m²,3,R$ 2.100.000
"Lourdes_Belo Horizonte, Lourdes_Q2_B1",1331148760.0,"Lourdes_Belo Horizonte, Lourdes",2,1,80m²,1,R$ 4.600
"Lourdes_Belo Horizonte, Lourdes_Q4_B3",1331146235.0,"Lourdes_Belo Horizonte, Lourdes",4,3,393m²,0,R$ 32.000
"Lourdes_Belo Horizonte, Lourdes_QNone_BNone",1331141979.0,"Lourdes_Belo Horizonte, Lourdes",,,36m²,0,R$ 1.000
"Lourdes_Belo Horizonte, Lourdes_QNone_BNone",1331123230.0,"Lourdes_Belo Horizonte, Lourdes",,,23m²,0,R$ 105.000
"Lourdes_Belo Horizonte, Lourdes_Q3_B3",1331102107.0,"Lourdes_Belo Horizonte, Lourdes",3,3,171m²,2,R$ 1.185.000
"Lourdes_Belo Horizonte, Lourdes_Q2_B2",1331101903.0,"Lourdes_Belo Horizonte, Lourdes",2,2,77m²,1,R$ 1.020.000
"Lourdes_Belo Horizonte, Lourdes_Q2_B2",1330974650.0,"Lourdes_Belo Horizonte, Lourdes",2,2,75m²,2,R$ 830.000
"Lourdes_Belo Horizonte, Lourdes_Q1_B1",1330855000.0,"Lourdes_Belo Horizonte, Lourdes",1,1,52m²,1,R$ 350.000
"Lourdes_Belo Horizonte, Lourdes_QNone_BNone",1330854213.0,"Lourdes_Belo Horizonte, Lourdes",,,44m²,0,R$ 330.000
"Lourdes_Belo Horizonte, Lourdes_Q4_B4",1330757169.0,"Lourdes_Belo Horizonte, Lourdes",4,4,170m²,2,R$ 1.500.000
"Lourdes_Belo Horizonte, Lourdes_Q3_B2",1330720760.0,"Lourdes_Belo Horizonte, Lourdes",3,2,83m²,2,R$ 1.330.000
"Lourdes_Belo Horizonte, Lourdes_Q4_B5 ou mais",1330645303.0,"Lourdes_Belo Horizonte, Lourdes",4,5 ou mais,265m²,4,R$ 3.690.000
"Lourdes_Belo Horizonte, Lourdes_QNone_BNone",1330607168.0,"Lourdes_Belo Horizonte, Lourdes",,,100m²,0,R$ 4.800
"Lourdes_Belo Horizonte, Lourdes_Q4_B5 ou mais",1330606443.0,"Lourdes_Belo Horizonte, Lourdes",4,5 ou mais,290m²,3,R$ 15.000
"Lourdes_Belo Horizonte, Lourdes_Q5 ou mais_B4",1330560058.0,"Lourdes_Belo Horizonte, Lourdes",5 ou mais,4,600m²,5 ou mais,R$ 80.000
"Lourdes_Belo Horizonte, Lourdes_Q0_B5 ou mais",1330550206.0,"Lourdes_Belo Horizonte, Lourdes",0,5 ou mais,4000m²,5 ou mais,R$ 39.975.950
"Lourdes_Belo Horizonte, Lourdes_Q1_B2",1330549749.0,"Lourdes_Belo Horizonte, Lourdes",1,2,75m²,2,R$ 4.000
"Lourdes_Belo Horizonte, Lourdes_Q2_B2",1330542850.0,"Lourdes_Belo Horizonte, Lourdes",2,2,127m²,2,R$ 1.650.000
"Lourdes_Belo Horizonte, Lourdes_Q2_B2",1330542768.0,"Lourdes_Belo Horizonte, Lourdes",2,2,127m²,2,R$ 1.670.000
"Lourdes_Belo Horizonte, Lourdes_Q2_B2",1330542524.0,"Lourdes_Belo Horizonte, Lourdes",2,2,64m²,2,R$ 1.180.000
"Lourdes_Belo Horizonte, Lourdes_Q2_B2",1330538609.0,"Lourdes_Belo Horizonte, Lourdes",2,2,64m²,2,R$ 1.470.000
"Lourdes_Belo Horizonte, Lourdes_Q2_B2",1330537762.0,"Lourdes_Belo Horizonte, Lourdes",2,2,64m²,2,R$ 1.120.000
"Lourdes_Belo Horizonte, Lourdes_Q2_B2",1330537222.0,"Lourdes_Belo Horizonte, Lourdes",2,2,64m²,2,R$ 1.450.000
"Lourdes_Belo Horizonte, Lourdes_QNone_BNone",1330523154.0,"Lourdes_Belo Horizonte, Lourdes",,,53m²,0,R$ 360.000
"Lourdes_Belo Horizonte, Lourdes_QNone_BNone",1330522896.0,"Lourdes_Belo Horizonte, Lourdes",,,41m²,0,R$ 550.000
"Centro_Belo Horizonte, Centro_QNone_BNone",1330522897.0,"Centro_Belo Horizonte, Centro",,,90m²,0,R$ 300.000
"Cidade Jardim_Belo Horizonte, Cidade Jardim_Q1_B1",1330522829.0,"Cidade Jardim_Belo Horizonte, Cidade Jardim",1,1,29m²,0,R$ 480.000
"Centro_Belo Horizonte, Centro_Q2_B3",1330518954.0,"Centro_Belo Horizonte, Centro",2,3,85m²,0,R$ 380.000
"Lourdes_Belo Horizonte, Lourdes_Q4_B5 ou mais",1330510418.0,"Lourdes_Belo Horizonte, Lourdes",4,5 ou mais,228m²,3,R$ 26.500
"Lourdes_Belo Horizonte, Lourdes_QNone_BNone",1330472283.0,"Lourdes_Belo Horizonte, Lourdes",,,30m²,,R$ 700
"Lourdes_Belo Horizonte, Lourdes_Q4_B4",1330469436.0,"Lourdes_Belo Horizonte, Lourdes",4,4,228m²,3,R$ 28.000
"Lourdes_Belo Horizonte, Lourdes_QNone_BNone",1330284387.0,"Lourdes_Belo Horizonte, Lourdes",,,841m²,5 ou mais,R$ 53.501
"Lourdes_Belo Horizonte, Lourdes_QNone_BNone",1330276649.0,"Lourdes_Belo Horizonte, Lourdes",,,498m²,5 ou mais,R$ 24.513
"Lourdes_Belo Horizonte, Lourdes_QNone_BNone",1330275480.0,"Lourdes_Belo Horizonte, Lourdes",,,211m²,3,R$ 10.546
"Lourdes_Belo Horizonte, Lourdes_QNone_BNone",1330275018.0,"Lourdes_Belo Horizonte, Lourdes",,,377m²,5 ou mais,R$ 21.221
"Lourdes_Belo Horizonte, Lourdes_QNone_BNone",1330270798.0,"Lourdes_Belo Horizonte, Lourdes",,,393m²,5 ou mais,R$ 19.824
"Lourdes_Belo Horizonte, Lourdes_Q1_B1",1330268327.0,"Lourdes_Belo Horizonte, Lourdes",1,1,94m²,1,R$ 650.000
"Lourdes_Belo Horizonte, Lourdes_QNone_BNone",1330262000.0,"Lourdes_Belo Horizonte, Lourdes",,,295m²,5 ou mais,R$ 19.809
"Lourdes_Belo Horizonte, Lourdes_QNone_BNone",1330261877.0,"Lourdes_Belo Horizonte, Lourdes",,,175m²,3,R$ 8.926
"Lourdes_Belo Horizonte, Lourdes_Q2_B1",1330067158.0,"Lourdes_Belo Horizonte, Lourdes",2,1,68m²,2,R$ 1.115.000
"Lourdes_Belo Horizonte, Lourdes_Q2_B2",1329840443.0,"Lourdes_Belo Horizonte, Lourdes",2,2,137m²,1,R$ 6.300
"Lourdes_Belo Horizonte, Lourdes_QNone_BNone",1329819848.0,"Lourdes_Belo Horizonte, Lourdes",,,313m²,,R$ 27.900
"Lourdes_Belo Horizonte, Lourdes_QNone_BNone",1329818469.0,"Lourdes_Belo Horizonte, Lourdes",,,313m²,5 ou mais,R$ 20.154
"Lourdes_Belo Horizonte, Lourdes_QNone_BNone",1329818289.0,"Lourdes_Belo Horizonte, Lourdes",,,796m²,5 ou mais,R$ 50.120
"Lourdes_Belo Horizonte, Lourdes_QNone_BNone",1329818094.0,"Lourdes_Belo Horizonte, Lourdes",,,290m²,5 ou mais,R$ 19.219
"Lourdes_Belo Horizonte, Lourdes_Q4_B4",1329805442.0,"Lourdes_Belo Horizonte, Lourdes",4,4,378m²,3,R$ 4.190.000
"Lourdes_Belo Horizonte, Lourdes_Q4_B5 ou mais",1329778012.0,"Lourdes_Belo Horizonte, Lourdes",4,5 ou mais,205m²,4,R$ 2.900.000
"Lourdes_Belo Horizonte, Lourdes_Q3_B2",1329741232.0,"Lourdes_Belo Horizonte, Lourdes",3,2,92m²,2,R$ 1.905.000
"Lourdes_Belo Horizonte, Lourdes_Q4_B2",1329733939.0,"Lourdes_Belo Horizonte, Lourdes",4,2,180m²,2,R$ 1.750.000
"Lourdes_Belo Horizonte, Lourdes_Q2_B2",1329698999.0,"Lourdes_Belo Horizonte, Lourdes",2,2,77m²,1,R$ 1.050.000
"Lourdes_Belo Horizonte, Lourdes_Q3_B3",1329698008.0,"Lourdes_Belo Horizonte, Lourdes",3,3,83m²,2,R$ 1.480.500
"Lourdes_Belo Horizonte, Lourdes_Q4_B3",1329697331.0,"Lourdes_Belo Horizonte, Lourdes",4,3,154m²,3,R$ 1.750.000
"Lourdes_Belo Horizonte, Lourdes_Q3_B2",1329697334.0,"Lourdes_Belo Horizonte, Lourdes",3,2,77m²,2,R$ 986.938
"Lourdes_Belo Horizonte, Lourdes_Q4_B2",1329697376.0,"Lourdes_Belo Horizonte, Lourdes",4,2,185m²,2,R$ 1.850.000
"Lourdes_Belo Horizonte, Lourdes_Q4_B3",1329697026.0,"Lourdes_Belo Horizonte, Lourdes",4,3,154m²,3,R$ 1.500.000
"Lourdes_Belo Horizonte, Lourdes_Q5 ou mais_B5 ou mais",1329696907.0,"Lourdes_Belo Horizonte, Lourdes",5 ou mais,5 ou mais,400m²,4,R$ 22.000
"Lourdes_Belo Horizonte, Lourdes_Q4_B2",1329696720.0,"Lourdes_Belo Horizonte, Lourdes",4,2,180m²,2,R$ 6.600
"Lourdes_Belo Horizonte, Lourdes_Q3_B3",1329696739.0,"Lourdes_Belo Horizonte, Lourdes",3,3,112m²,2,R$ 1.550.000
"Lourdes_Belo Horizonte, Lourdes_Q4_B2",1329696520.0,"Lourdes_Belo Horizonte, Lourdes",4,2,230m²,2,R$ 8.000
"Lourdes_Belo Horizonte, Lourdes_QNone_BNone",1329638605.0,"Lourdes_Belo Horizonte, Lourdes",,,85m²,,R$ 8.300
"Lourdes_Belo Horizonte, Lourdes_QNone_BNone",1329594417.0,"Lourdes_Belo Horizonte, Lourdes",,,256m²,,R$ 1.490.000
"Lourdes_Belo Horizonte, Lourdes_Q3_B3",1329590239.0,"Lourdes_Belo Horizonte, Lourdes",3,3,200m²,4,R$ 3.450.000
"Lourdes_Belo Horizonte, Lourdes_Q3_B2",1329506459.0,"Lourdes_Belo Horizonte, Lourdes",3,2,109m²,2,R$ 2.521.596
"Lourdes_Belo Horizonte, Lourdes_QNone_BNone",1329495333.0,"Lourdes_Belo Horizonte, Lourdes",,,23m²,,R$ 105.000
"Lourdes_Belo Horizonte, Lourdes_Q3_B2",1329490126.0,"Lourdes_Belo Horizonte, Lourdes",3,2,86m²,1,R$ 1.178.724
"Lourdes_Belo Horizonte, Lourdes_Q3_B2",1329485244.0,"Lourdes_Belo Horizonte, Lourdes",3,2,88m²,1,R$ 1.220.281
"Lourdes_Belo Horizonte, Lourdes_Q3_B2",1329473102.0,"Lourdes_Belo Horizonte, Lourdes",3,2,75m²,1,R$ 1.090.436
"Lourdes_Belo Horizonte, Lourdes_Q3_B2",1329469021.0,"Lourdes_Belo Horizonte, Lourdes",3,2,126m²,2,R$ 2.769.360
"Lourdes_Belo Horizonte, Lourdes_Q3_B2",1329461694.0,"Lourdes_Belo Horizonte, Lourdes",3,2,178m²,2,R$ 3.205.800
"Lourdes_Belo Horizonte, Lourdes_Q1_B1",1329456151.0,"Lourdes_Belo Horizonte, Lourdes",1,1,64m²,0,R$ 906.796
"Lourdes_Belo Horizonte, Lourdes_Q1_B1",1329449078.0,"Lourdes_Belo Horizonte, Lourdes",1,1,36m²,0,R$ 665.575
"Lourdes_Belo Horizonte, Lourdes_Q4_B3",1329422621.0,"Lourdes_Belo Horizonte, Lourdes",4,3,160m²,2,R$ 1.890.000
"Lourdes_Belo Horizonte, Lourdes_Q4_B3",1329325762.0,"Lourdes_Belo Horizonte, Lourdes",4,3,138m²,3,R$ 1.850.000
"Lourdes_Belo Horizonte, Lourdes_QNone_BNone",1329313421.0,"Lourdes_Belo Horizonte, Lourdes",,,30m²,0,R$ 150.000
"Lourdes_Belo Horizonte, Lourdes_Q4_B2",1329164518.0,"Lourdes_Belo Horizonte, Lourdes",4,2,250m²,2,R$ 12.800
"Lourdes_Belo Horizonte, Lourdes_Q3_B3",1329080854.0,"Lourdes_Belo Horizonte, Lourdes",3,3,110m²,2,R$ 1.300.000
"Centro_Belo Horizonte, Centro_Q2_B1",1328968198.0,"Centro_Belo Horizonte, Centro",2,1,51m²,2,R$ 980.000
"Lourdes_Belo Horizonte, Lourdes_QNone_BNone",1328967736.0,"Lourdes_Belo Horizonte, Lourdes",,,54m²,4,R$ 480.000
"Centro_Belo Horizonte, Centro_Q2_B1",1328967290.0,"Centro_Belo Horizonte, Centro",2,1,51m²,2,R$ 980.000
"Lourdes_Belo Horizonte, Lourdes_QNone_BNone",1328917484.0,"Lourdes_Belo Horizonte, Lourdes",,,20m²,0,R$ 110.000
"Lourdes_Belo Horizonte, Lourdes_Q2_B2",1328900111.0,"Lourdes_Belo Horizonte, Lourdes",2,2,102m²,2,R$ 1.320.000
"Lourdes_Belo Horizonte, Lourdes_Q2_B2",1328900103.0,"Lourdes_Belo Horizonte, Lourdes",2,2,102m²,2,R$ 8.000
"Lourdes_Belo Horizonte, Lourdes_Q4_B4",1328846697.0,"Lourdes_Belo Horizonte, Lourdes",4,4,280m²,4,R$ 5.200.000
"Lourdes_Belo Horizonte, Lourdes_Q4_B5 ou mais",1328846629.0,"Lourdes_Belo Horizonte, Lourdes",4,5 ou mais,312m²,4,R$ 7.800.000
"Lourdes_Belo Horizonte, Lourdes_QNone_BNone",1328828718.0,"Lourdes_Belo Horizonte, Lourdes",,,430m²,2,R$ 20.000
"Lourdes_Belo Horizonte, Lourdes_QNone_BNone",1328828273.0,"Lourdes_Belo Horizonte, Lourdes",,,151m²,,R$ 750.000
"Lourdes_Belo Horizonte, Lourdes_QNone_BNone",1328828147.0,"Lourdes_Belo Horizonte, Lourdes",,,44m²,1,R$ 275.000
"Lourdes_Belo Horizonte, Lourdes_Q4_B4",1328652518.0,"Lourdes_Belo Horizonte, Lourdes",4,4,180m²,2,R$ 1.600.000
"Lourdes_Belo Horizonte, Lourdes_Q2_B2",1328638628.0,"Lourdes_Belo Horizonte, Lourdes",2,2,63m²,2,R$ 1.159.742
"Lourdes_Belo Horizonte, Lourdes_QNone_BNone",1328587956.0,"Lourdes_Belo Horizonte, Lourdes",,,28m²,0,R$ 105.000
"Lourdes_Belo Horizonte, Lourdes_Q2_B2",1328581546.0,"Lourdes_Belo Horizonte, Lourdes",2,2,63m²,2,R$ 1.645.000
"Lourdes_Belo Horizonte, Lourdes_Q3_B2",1328577841.0,"Lourdes_Belo Horizonte, Lourdes",3,2,85m²,2,R$ 1.400.000
"Lourdes_Belo Horizonte, Lourdes_Q2_B2",1328574824.0,"Lourdes_Belo Horizonte, Lourdes",2,2,77m²,1,R$ 1.050.000
"Lourdes_Belo Horizonte, Lourdes_Q1_B1",1328553923.0,"Lourdes_Belo Horizonte, Lourdes",1,1,77m²,1,R$ 2.400
"Lourdes_Belo Horizonte, Lourdes_Q4_B3",1328538577.0,"Lourdes_Belo Horizonte, Lourdes",4,3,151m²,3,R$ 2.220.000
"Lourdes_Belo Horizonte, Lourdes_Q2_B2",1328502704.0,"Lourdes_Belo Horizonte, Lourdes",2,2,80m²,2,R$ 1.600.000
"Centro_Belo Horizonte, Centro_QNone_BNone",1328499928.0,"Centro_Belo Horizonte, Centro",,,78m²,0,R$ 350.000
"Lourdes_Belo Horizonte, Lourdes_Q4_B3",1328472171.0,"Lourdes_Belo Horizonte, Lourdes",4,3,155m²,3,R$ 1.750.000
"Lourdes_Belo Horizonte, Lourdes_Q2_B2",1328428445.0,"Lourdes_Belo Horizonte, Lourdes",2,2,120m²,2,R$ 2.800
"Lourdes_Belo Horizonte, Lourdes_QNone_BNone",1328377412.0,"Lourdes_Belo Horizonte, Lourdes",,,511m²,5 ou mais,R$ 30.000
"Centro_Belo Horizonte, Centro_Q2_B1",1328048778.0,"Centro_Belo Horizonte, Centro",2,1,72m²,0,R$ 410.000
"Lourdes_Belo Horizonte, Lourdes_Q4_B4",1327905654.0,"Lourdes_Belo Horizonte, Lourdes",4,4,151m²,3,R$ 2.220.000
"Centro_Belo Horizonte, Centro_Q1_B1",1327895224.0,"Centro_Belo Horizonte, Centro",1,1,75m²,1,R$ 550.000
"Lourdes_Belo Horizonte, Lourdes_Q3_B2",1327880005.0,"Lourdes_Belo Horizonte, Lourdes",3,2,209m²,1,R$ 5.113.150
"Lourdes_Belo Horizonte, Lourdes_Q3_B2",1327879978.0,"Lourdes_Belo Horizonte, Lourdes",3,2,109m²,1,R$ 2.707.168
"Lourdes_Belo Horizonte, Lourdes_QNone_BNone",1327830660.0,"Lourdes_Belo Horizonte, Lourdes",,,313m²,0,R$ 27.900
"Lourdes_Belo Horizonte, Lourdes_Q4_B5 ou mais",1327725406.0,"Lourdes_Belo Horizonte, Lourdes",4,5 ou mais,343m²,3,R$ 2.400.000
"Cidade Jardim_Belo Horizonte, Cidade Jardim_Q3_B3",1327716811.0,"Cidade Jardim_Belo Horizonte, Cidade Jardim",3,3,150m²,2,R$ 1.441.000
"Lourdes_Belo Horizonte, Lourdes_QNone_BNone",1327653555.0,"Lourdes_Belo Horizonte, Lourdes",,,82m²,,R$ 2.500
"Lourdes_Belo Horizonte, Lourdes_Q4_B3",1327649042.0,"Lourdes_Belo Horizonte, Lourdes",4,3,151m²,3,R$ 2.220.000
"Lourdes_Belo Horizonte, Lourdes_Q1_B2",1327640014.0,"Lourdes_Belo Horizonte, Lourdes",1,2,41m²,2,R$ 750.000
"Centro_Belo Horizonte, Centro_Q3_B2",1327614205.0,"Centro_Belo Horizonte, Centro",3,2,112m²,0,R$ 500.000
"Centro_Belo Horizonte, Centro_QNone_BNone",1327573786.0,"Centro_Belo Horizonte, Centro",,,15m²,0,R$ 557
"Centro_Belo Horizonte, Centro_QNone_BNone",1327573764.0,"Centro_Belo Horizonte, Centro",,,23m²,0,R$ 585
"Lourdes_Belo Horizonte, Lourdes_Q1_B1",1327573377.0,"Lourdes_Belo Horizonte, Lourdes",1,1,56m²,1,R$ 2.010.000
"Lourdes_Belo Horizonte, Lourdes_Q2_B3",1327573173.0,"Lourdes_Belo Horizonte, Lourdes",2,3,116m²,2,R$ 7.000
"Lourdes_Belo Horizonte, Lourdes_Q1_B1",1327573069.0,"Lourdes_Belo Horizonte, Lourdes",1,1,89m²,1,R$ 1.480.000
"Lourdes_Belo Horizonte, Lourdes_Q3_B3",1327557879.0,"Lourdes_Belo Horizonte, Lourdes",3,3,256m²,2,R$ 2.500.000
"Lourdes_Belo Horizonte, Lourdes_Q3_B3",1327557855.0,"Lourdes_Belo Horizonte, Lourdes",3,3,256m²,2,R$ 11.000
"Centro_Belo Horizonte, Centro_QNone_BNone",1327426083.0,"Centro_Belo Horizonte, Centro",,,111m²,,R$ 1.100
"Lourdes_Belo Horizonte, Lourdes_Q4_B5 ou mais",1327365779.0,"Lourdes_Belo Horizonte, Lourdes",4,5 ou mais,190m²,3,R$ 2.400.000
"Centro_Belo Horizonte, Centro_QNone_BNone",1327329763.0,"Centro_Belo Horizonte, Centro",,,30m²,0,R$ 726
"Centro_Belo Horizonte, Centro_QNone_BNone",1327329671.0,"Centro_Belo Horizonte, Centro",,,15m²,0,R$ 642
"Centro_Belo Horizonte, Centro_QNone_BNone",1327329581.0,"Centro_Belo Horizonte, Centro",,,60m²,0,R$ 990
"Lourdes_Belo Horizonte, Lourdes_Q3_B2",1327329568.0,"Lourdes_Belo Horizonte, Lourdes",3,2,75m²,1,R$ 635.000
"Centro_Belo Horizonte, Centro_QNone_BNone",1327329403.0,"Centro_Belo Horizonte, Centro",,,34m²,0,R$ 80.000
"Centro_Belo Horizonte, Centro_QNone_BNone",1327329363.0,"Centro_Belo Horizonte, Centro",,,28m²,0,R$ 650
"Lourdes_Belo Horizonte, Lourdes_QNone_BNone",1327329316.0,"Lourdes_Belo Horizonte, Lourdes",,,498m²,0,R$ 2.500.000
"Lourdes_Belo Horizonte, Lourdes_QNone_BNone",1327329260.0,"Lourdes_Belo Horizonte, Lourdes",,,248m²,1,R$ 1.300.000
"Lourdes_Belo Horizonte, Lourdes_Q1_B2",1327329268.0,"Lourdes_Belo Horizonte, Lourdes",1,2,51m²,1,R$ 650.000
"Centro_Belo Horizonte, Centro_QNone_BNone",1327329215.0,"Centro_Belo Horizonte, Centro",,,24m²,0,R$ 726
"Centro_Belo Horizonte, Centro_QNone_BNone",1327329207.0,"Centro_Belo Horizonte, Centro",,,9m²,0,R$ 700
"Centro_Belo Horizonte, Centro_QNone_BNone",1327329189.0,"Centro_Belo Horizonte, Centro",,,15m²,0,R$ 642
"Lourdes_Belo Horizonte, Lourdes_Q1_B1",1327328701.0,"Lourdes_Belo Horizonte, Lourdes",1,1,40m²,1,R$ 3.400
"Lourdes_Belo Horizonte, Lourdes_Q2_B1",1327324260.0,"Lourdes_Belo Horizonte, Lourdes",2,1,57m²,0,R$ 400.000
"Lourdes_Belo Horizonte, Lourdes_Q4_B5 ou mais",1327324257.0,"Lourdes_Belo Horizonte, Lourdes",4,5 ou mais,250m²,4,R$ 3.400.000
"Lourdes_Belo Horizonte, Lourdes_Q4_B3",1327323641.0,"Lourdes_Belo Horizonte, Lourdes",4,3,300m²,2,R$ 1.490.000
"Centro_Belo Horizonte, Centro_QNone_BNone",1327288858.0,"Centro_Belo Horizonte, Centro",,,365m²,,R$ 4.500
"Lourdes_Belo Horizonte, Lourdes_Q4_B2",1327277946.0,"Lourdes_Belo Horizonte, Lourdes",4,2,151m²,3,R$ 2.220.000
"Lourdes_Belo Horizonte, Lourdes_QNone_BNone",1327273925.0,"Lourdes_Belo Horizonte, Lourdes",,,30m²,0,R$ 150.000
"Lourdes_Belo Horizonte, Lourdes_Q2_B2",1327272134.0,"Lourdes_Belo Horizonte, Lourdes",2,2,82m²,2,R$ 1.390.000
"Centro_Belo Horizonte, Centro_QNone_BNone",1327271880.0,"Centro_Belo Horizonte, Centro",,,31m²,,R$ 90.000
"Lourdes_Belo Horizonte, Lourdes_QNone_BNone",1327267373.0,"Lourdes_Belo Horizonte, Lourdes",,,65m²,0,R$ 1.300
"Cidade Jardim_Belo Horizonte, Cidade Jardim_QNone_BNone",1327249981.0,"Cidade Jardim_Belo Horizonte, Cidade Jardim",,,1200m²,0,R$ 37.000
"Lourdes_Belo Horizonte, Lourdes_Q4_B4",1327049719.0,"Lourdes_Belo Horizonte, Lourdes",4,4,130m²,3,R$ 2.450.000
"Santo Antônio_Belo Horizonte, Santo Antônio_QNone_BNone",1326999675.0,"Santo Antônio_Belo Horizonte, Santo Antônio",,,30m²,0,R$ 220.000
"Lourdes_Belo Horizonte, Lourdes_Q4_B2",1326997508.0,"Lourdes_Belo Horizonte, Lourdes",4,2,210m²,3,R$ 4.300.000
"Lourdes_Belo Horizonte, Lourdes_Q4_B3",1326996483.0,"Lourdes_Belo Horizonte, Lourdes",4,3,151m²,3,R$ 2.200.000
"Lourdes_Belo Horizonte, Lourdes_Q2_B2",1326981106.0,"Lourdes_Belo Horizonte, Lourdes",2,2,77m²,1,R$ 1.050.000
"Lourdes_Belo Horizonte, Lourdes_Q2_B1",1326824909.0,"Lourdes_Belo Horizonte, Lourdes",2,1,60m²,1,R$ 4.200
"Lourdes_Belo Horizonte, Lourdes_Q4_B4",1326791368.0,"Lourdes_Belo Horizonte, Lourdes",4,4,234m²,2,R$ 2.200.000
"Lourdes_Belo Horizonte, Lourdes_Q2_B2",1326788841.0,"Lourdes_Belo Horizonte, Lourdes",2,2,110m²,2,R$ 1.200.000
"Lourdes_Belo Horizonte, Lourdes_Q2_B2",1326752137.0,"Lourdes_Belo Horizonte, Lourdes",2,2,65m²,2,R$ 1.270.000
"Lourdes_Belo Horizonte, Lourdes_Q2_B2",1326752009.0,"Lourdes_Belo Horizonte, Lourdes",2,2,129m²,2,R$ 1.660.000
"Lourdes_Belo Horizonte, Lourdes_Q2_B2",1326751741.0,"Lourdes_Belo Horizonte, Lourdes",2,2,121m²,3,R$ 1.700.000
"Lourdes_Belo Horizonte, Lourdes_Q2_B3",1326747971.0,"Lourdes_Belo Horizonte, Lourdes",2,3,121m²,3,R$ 2.400.000
"Lourdes_Belo Horizonte, Lourdes_QNone_BNone",1326740128.0,"Lourdes_Belo Horizonte, Lourdes",,,74m²,0,R$ 3.300
"Lourdes_Belo Horizonte, Lourdes_Q4_B3",1326720135.0,"Lourdes_Belo Horizonte, Lourdes",4,3,151m²,3,R$ 2.200.000
"Lourdes_Belo Horizonte, Lourdes_Q2_B3",1326712515.0,"Lourdes_Belo Horizonte, Lourdes",2,3,123m²,3,R$ 1.720.000
"Lourdes_Belo Horizonte, Lourdes_Q3_B3",1326707358.0,"Lourdes_Belo Horizonte, Lourdes",3,3,91m²,2,R$ 9.250
"Lourdes_Belo Horizonte, Lourdes_Q3_B3",1326707349.0,"Lourdes_Belo Horizonte, Lourdes",3,3,91m²,2,R$ 2.100.000
"Lourdes_Belo Horizonte, Lourdes_Q4_B3",1326693299.0,"Lourdes_Belo Horizonte, Lourdes",4,3,151m²,3,R$ 2.220.000
"Lourdes_Belo Horizonte, Lourdes_Q4_B5 ou mais",1326657744.0,"Lourdes_Belo Horizonte, Lourdes",4,5 ou mais,363m²,5 ou mais,R$ 28.900
"Lourdes_Belo Horizonte, Lourdes_Q1_B1",1326610966.0,"Lourdes_Belo Horizonte, Lourdes",1,1,40m²,1,R$ 4.200
"Lourdes_Belo Horizonte, Lourdes_QNone_BNone",1326589077.0,"Lourdes_Belo Horizonte, Lourdes",,,33m²,1,R$ 750
"Lourdes_Belo Horizonte, Lourdes_QNone_BNone",1326402735.0,"Lourdes_Belo Horizonte, Lourdes",,,127m²,0,R$ 4.100
"Centro_Belo Horizonte, Centro_Q0_B5 ou mais",1326089857.0,"Centro_Belo Horizonte, Centro",0,5 ou mais,3551m²,5 ou mais,R$ 150.000
"Centro_Belo Horizonte, Centro_Q0_B5 ou mais",1326060142.0,"Centro_Belo Horizonte, Centro",0,5 ou mais,3551m²,5 ou mais,R$ 42.000.000
"Lourdes_Belo Horizonte, Lourdes_QNone_BNone",1326059140.0,"Lourdes_Belo Horizonte, Lourdes",,,85m²,0,R$ 8.300
"Lourdes_Belo Horizonte, Lourdes_Q1_B2",1326023446.0,"Lourdes_Belo Horizonte, Lourdes",1,2,94m²,1,R$ 650.000
"Lourdes_Belo Horizonte, Lourdes_QNone_BNone",1325982198.0,"Lourdes_Belo Horizonte, Lourdes",,,4000m²,5 ou mais,R$ 39.997.595
"Lourdes_Belo Horizonte, Lourdes_QNone_BNone",1325982105.0,"Lourdes_Belo Horizonte, Lourdes",,,4000m²,5 ou mais,R$ 183.495
"Lourdes_Belo Horizonte, Lourdes_Q4_B3",1325976903.0,"Lourdes_Belo Horizonte, Lourdes",4,3,166m²,2,R$ 1.800.000
"Lourdes_Belo Horizonte, Lourdes_Q4_B4",1325921589.0,"Lourdes_Belo Horizonte, Lourdes",4,4,320m²,5 ou mais,R$ 4.700.000
"Santo Agostinho_Belo Horizonte, Santo Agostinho_QNone_BNone",1325920737.0,"Santo Agostinho_Belo Horizonte, Santo Agostinho",,,163m²,3,R$ 1.100.000
"Lourdes_Belo Horizonte, Lourdes_Q4_B3",1325780686.0,"Lourdes_Belo Horizonte, Lourdes",4,3,236m²,2,R$ 1.650.000
"Lourdes_Belo Horizonte, Lourdes_Q2_B2",1325753244.0,"Lourdes_Belo Horizonte, Lourdes",2,2,77m²,1,R$ 1.050.000
"Lourdes_Belo Horizonte, Lourdes_Q4_B4",1325752566.0,"Lourdes_Belo Horizonte, Lourdes",4,4,312m²,4,R$ 7.800.000
"Lourdes_Belo Horizonte, Lourdes_QNone_BNone",1325748984.0,"Lourdes_Belo Horizonte, Lourdes",,,74m²,0,R$ 3.300
"Lourdes_Belo Horizonte, Lourdes_Q2_B2",1325745693.0,"Lourdes_Belo Horizonte, Lourdes",2,2,77m²,1,R$ 1.070.000
"Lourdes_Belo Horizonte, Lourdes_Q4_B3",1325745495.0,"Lourdes_Belo Horizonte, Lourdes",4,3,200m²,2,R$ 2.580.000
"Centro_Belo Horizonte, Centro_Q3_B2",1325745468.0,"Centro_Belo Horizonte, Centro",3,2,125m²,0,R$ 450.000
"Lourdes_Belo Horizonte, Lourdes_Q2_B2",1325745431.0,"Lourdes_Belo Horizonte, Lourdes",2,2,67m²,2,R$ 1.144.569
"Lourdes_Belo Horizonte, Lourdes_Q3_B2",1325745396.0,"Lourdes_Belo Horizonte, Lourdes",3,2,85m²,2,R$ 1.510.000
"Lourdes_Belo Horizonte, Lourdes_Q2_B3",1325745302.0,"Lourdes_Belo Horizonte, Lourdes",2,3,70m²,1,R$ 760.000
"Lourdes_Belo Horizonte, Lourdes_Q2_B2",1325745245.0,"Lourdes_Belo Horizonte, Lourdes",2,2,174m²,4,R$ 2.200.000
"Lourdes_Belo Horizonte, Lourdes_Q3_B2",1325745227.0,"Lourdes_Belo Horizonte, Lourdes",3,2,89m²,2,R$ 1.385.000
"Lourdes_Belo Horizonte, Lourdes_Q2_B2",1325745195.0,"Lourdes_Belo Horizonte, Lourdes",2,2,97m²,2,R$ 1.690.000
"Lourdes_Belo Horizonte, Lourdes_Q4_B5 ou mais",1325745120.0,"Lourdes_Belo Horizonte, Lourdes",4,5 ou mais,240m²,3,R$ 2.640.000
"Lourdes_Belo Horizonte, Lourdes_Q4_B4",1325745111.0,"Lourdes_Belo Horizonte, Lourdes",4,4,234m²,2,R$ 2.200.000
"Lourdes_Belo Horizonte, Lourdes_Q3_B2",1325745106.0,"Lourdes_Belo Horizonte, Lourdes",3,2,98m²,2,R$ 1.100.000
"Lourdes_Belo Horizonte, Lourdes_Q4_B3",1325745087.0,"Lourdes_Belo Horizonte, Lourdes",4,3,190m²,2,R$ 1.700.000
"Lourdes_Belo Horizonte, Lourdes_Q3_B2",1325745089.0,"Lourdes_Belo Horizonte, Lourdes",3,2,75m²,1,R$ 635.000
"Lourdes_Belo Horizonte, Lourdes_Q4_B4",1325745072.0,"Lourdes_Belo Horizonte, Lourdes",4,4,137m²,3,R$ 1.850.000
"Lourdes_Belo Horizonte, Lourdes_Q3_B2",1325745067.0,"Lourdes_Belo Horizonte, Lourdes",3,2,116m²,2,R$ 1.290.000
"Lourdes_Belo Horizonte, Lourdes_Q4_B5 ou mais",1325745063.0,"Lourdes_Belo Horizonte, Lourdes",4,5 ou mais,205m²,4,R$ 2.900.000
"Lourdes_Belo Horizonte, Lourdes_Q4_B5 ou mais",1325745021.0,"Lourdes_Belo Horizonte, Lourdes",4,5 ou mais,366m²,5 ou mais,R$ 7.600.000
"Lourdes_Belo Horizonte, Lourdes_Q2_B2",1325744977.0,"Lourdes_Belo Horizonte, Lourdes",2,2,68m²,2,R$ 1.173.498
"Lourdes_Belo Horizonte, Lourdes_Q3_B2",1325744967.0,"Lourdes_Belo Horizonte, Lourdes",3,2,135m²,1,R$ 690.000
"Lourdes_Belo Horizonte, Lourdes_Q4_B3",1325744935.0,"Lourdes_Belo Horizonte, Lourdes",4,3,143m²,3,R$ 2.100.000
"Lourdes_Belo Horizonte, Lourdes_Q4_B4",1325744904.0,"Lourdes_Belo Horizonte, Lourdes",4,4,170m²,3,R$ 2.000.000
"Lourdes_Belo Horizonte, Lourdes_Q2_B3",1325744824.0,"Lourdes_Belo Horizonte, Lourdes",2,3,83m²,2,R$ 1.200.000
"Lourdes_Belo Horizonte, Lourdes_Q2_B2",1325744811.0,"Lourdes_Belo Horizonte, Lourdes",2,2,79m²,1,R$ 520.000
"Lourdes_Belo Horizonte, Lourdes_Q4_B3",1325744791.0,"Lourdes_Belo Horizonte, Lourdes",4,3,143m²,3,R$ 2.200.000
"Lourdes_Belo Horizonte, Lourdes_Q3_B2",1325744454.0,"Lourdes_Belo Horizonte, Lourdes",3,2,82m²,1,R$ 635.000
"Cidade Jardim_Belo Horizonte, Cidade Jardim_QNone_BNone",1325523487.0,"Cidade Jardim_Belo Horizonte, Cidade Jardim",,,1196m²,,R$ 37.000
"Lourdes_Belo Horizonte, Lourdes_QNone_BNone",1325522293.0,"Lourdes_Belo Horizonte, Lourdes",,,30m²,1,R$ 165.000
"Lourdes_Belo Horizonte, Lourdes_Q3_B2",1325480858.0,"Lourdes_Belo Horizonte, Lourdes",3,2,128m²,2,R$ 3.108.184
"Lourdes_Belo Horizonte, Lourdes_Q2_B2",1325480815.0,"Lourdes_Belo Horizonte, Lourdes",2,2,75m²,2,R$ 1.541.165
"Lourdes_Belo Horizonte, Lourdes_Q3_B2",1325480748.0,"Lourdes_Belo Horizonte, Lourdes",3,2,109m²,2,R$ 2.510.730
"Lourdes_Belo Horizonte, Lourdes_Q4_B2",1325478773.0,"Lourdes_Belo Horizonte, Lourdes",4,2,160m²,3,R$ 2.000.000
"Lourdes_Belo Horizonte, Lourdes_Q2_B2",1325447834.0,"Lourdes_Belo Horizonte, Lourdes",2,2,72m²,1,R$ 635.000
"Lourdes_Belo Horizonte, Lourdes_QNone_BNone",1325438257.0,"Lourdes_Belo Horizonte, Lourdes",,,165m²,1,R$ 8.000
"Lourdes_Belo Horizonte, Lourdes_QNone_BNone",1325421916.0,"Lourdes_Belo Horizonte, Lourdes",,,350m²,0,R$ 25.000
"Cidade Jardim_Belo Horizonte, Cidade Jardim_QNone_BNone",1325290951.0,"Cidade Jardim_Belo Horizonte, Cidade Jardim",,,1058m²,0,R$ 37.000
"Cidade Jardim_Belo Horizonte, Cidade Jardim_QNone_BNone",1325205867.0,"Cidade Jardim_Belo Horizonte, Cidade Jardim",,,1200m²,0,R$ 37.000
"Lourdes_Belo Horizonte, Lourdes_Q4_B4",1325171549.0,"Lourdes_Belo Horizonte, Lourdes",4,4,143m²,3,R$ 2.998.000
"Lourdes_Belo Horizonte, Lourdes_Q4_B4",1325169579.0,"Lourdes_Belo Horizonte, Lourdes",4,4,143m²,3,R$ 2.945.000
"Lourdes_Belo Horizonte, Lourdes_Q4_B2",1325162652.0,"Lourdes_Belo Horizonte, Lourdes",4,2,234m²,2,R$ 2.200.000
"Lourdes_Belo Horizonte, Lourdes_Q4_B2",1325161709.0,"Lourdes_Belo Horizonte, Lourdes",4,2,136m²,2,R$ 1.600.000
"Centro_Belo Horizonte, Centro_Q1_B1",1325102333.0,"Centro_Belo Horizonte, Centro",1,1,45m²,1,R$ 3.000
"Lourdes_Belo Horizonte, Lourdes_Q3_B3",1325090336.0,"Lourdes_Belo Horizonte, Lourdes",3,3,90m²,4,R$ 1.950.000
"Lourdes_Belo Horizonte, Lourdes_Q3_B2",1324956495.0,"Lourdes_Belo Horizonte, Lourdes",3,2,209m²,2,R$ 5.426.200
"Lourdes_Belo Horizonte, Lourdes_Q3_B2",1324956458.0,"Lourdes_Belo Horizonte, Lourdes",3,2,178m²,2,R$ 3.545.775
"Lourdes_Belo Horizonte, Lourdes_Q3_B2",1324956335.0,"Lourdes_Belo Horizonte, Lourdes",3,2,126m²,2,R$ 3.237.600
"Lourdes_Belo Horizonte, Lourdes_Q4_B4",1324930896.0,"Lourdes_Belo Horizonte, Lourdes",4,4,234m²,2,R$ 2.200.000
"Lourdes_Belo Horizonte, Lourdes_Q3_B2",1324919759.0,"Lourdes_Belo Horizonte, Lourdes",3,2,109m²,2,R$ 2.783.580
"Cidade Jardim_Belo Horizonte, Cidade Jardim_Q4_B5 ou mais",1324838681.0,"Cidade Jardim_Belo Horizonte, Cidade Jardim",4,5 ou mais,205m²,4,R$ 2.900.000
"Lourdes_Belo Horizonte, Lourdes_Q3_B3",1324837744.0,"Lourdes_Belo Horizonte, Lourdes",3,3,98m²,2,R$ 2.284.402
"Lourdes_Belo Horizonte, Lourdes_Q4_B5 ou mais",1324837628.0,"Lourdes_Belo Horizonte, Lourdes",4,5 ou mais,370m²,4,R$ 3.500.000
"Lourdes_Belo Horizonte, Lourdes_Q4_B3",1324812263.0,"Lourdes_Belo Horizonte, Lourdes",4,3,152m²,3,R$ 1.745.000
"Lourdes_Belo Horizonte, Lourdes_Q2_B4",1324811325.0,"Lourdes_Belo Horizonte, Lourdes",2,4,102m²,2,R$ 1.290.000
"Lourdes_Belo Horizonte, Lourdes_Q2_B3",1324807468.0,"Lourdes_Belo Horizonte, Lourdes",2,3,54m²,1,R$ 830.000
"Lourdes_Belo Horizonte, Lourdes_QNone_BNone",1324691248.0,"Lourdes_Belo Horizonte, Lourdes",,,35m²,,R$ 250.000
"Lourdes_Belo Horizonte, Lourdes_QNone_BNone",1324411725.0,"Lourdes_Belo Horizonte, Lourdes",,,127m²,0,R$ 4.100
"Lourdes_Belo Horizonte, Lourdes_Q3_B2",1324352747.0,"Lourdes_Belo Horizonte, Lourdes",3,2,197m²,2,R$ 1.390.000
"Lourdes_Belo Horizonte, Lourdes_Q4_B3",1324266538.0,"Lourdes_Belo Horizonte, Lourdes",4,3,294m²,3,R$ 4.500.000
"Lourdes_Belo Horizonte, Lourdes_Q3_B2",1324265839.0,"Lourdes_Belo Horizonte, Lourdes",3,2,83m²,2,R$ 1.270.822
"Lourdes_Belo Horizonte, Lourdes_Q3_B2",1324246009.0,"Lourdes_Belo Horizonte, Lourdes",3,2,100m²,2,R$ 1.200.000
"Lourdes_Belo Horizonte, Lourdes_QNone_BNone",1324154373.0,"Lourdes_Belo Horizonte, Lourdes",,,399m²,5 ou mais,R$ 1.500.000
"Santo Agostinho_Belo Horizonte, Santo Agostinho_Q4_B3",1324133777.0,"Santo Agostinho_Belo Horizonte, Santo Agostinho",4,3,143m²,3,R$ 2.380.000
"Centro_Belo Horizonte, Centro_Q2_B2",1324036154.0,"Centro_Belo Horizonte, Centro",2,2,78m²,1,R$ 420.000
"Lourdes_Belo Horizonte, Lourdes_Q1_B1",1324033486.0,"Lourdes_Belo Horizonte, Lourdes",1,1,50m²,1,R$ 3.200
"Lourdes_Belo Horizonte, Lourdes_QNone_BNone",1324004091.0,"Lourdes_Belo Horizonte, Lourdes",,,39m²,0,R$ 155.000
"Lourdes_Belo Horizonte, Lourdes_Q2_B1",1323918741.0,"Lourdes_Belo Horizonte, Lourdes",2,1,71m²,2,R$ 1.492.605
"Lourdes_Belo Horizonte, Lourdes_Q2_B2",1323912754.0,"Lourdes_Belo Horizonte, Lourdes",2,2,110m²,1,R$ 1.490.000
"Lourdes_Belo Horizonte, Lourdes_QNone_BNone",1323911628.0,"Lourdes_Belo Horizonte, Lourdes",,,40m²,0,R$ 188.000
"Lourdes_Belo Horizonte, Lourdes_Q1_B2",1323883548.0,"Lourdes_Belo Horizonte, Lourdes",1,2,94m²,1,R$ 695.000
"Lourdes_Belo Horizonte, Lourdes_Q4_B4",1323561596.0,"Lourdes_Belo Horizonte, Lourdes",4,4,155m²,3,R$ 2.000.000
"Centro_Belo Horizonte, Centro_QNone_BNone",1323550704.0,"Centro_Belo Horizonte, Centro",,,23m²,,R$ 50.000
"Lourdes_Belo Horizonte, Lourdes_Q3_B2",1323488660.0,"Lourdes_Belo Horizonte, Lourdes",3,2,84m²,2,R$ 1.400.000
"Lourdes_Belo Horizonte, Lourdes_Q2_B2",1323380259.0,"Lourdes_Belo Horizonte, Lourdes",2,2,65m²,2,R$ 5.500
"Lourdes_Belo Horizonte, Lourdes_Q2_B3",1323377845.0,"Lourdes_Belo Horizonte, Lourdes",2,3,140m²,3,R$ 1.790.000
"Lourdes_Belo Horizonte, Lourdes_Q2_B1",1323363242.0,"Lourdes_Belo Horizonte, Lourdes",2,1,77m²,1,R$ 6.100
"Lourdes_Belo Horizonte, Lourdes_Q2_B1",1323363230.0,"Lourdes_Belo Horizonte, Lourdes",2,1,77m²,1,R$ 1.050.000
"Lourdes_Belo Horizonte, Lourdes_Q3_B3",1323325348.0,"Lourdes_Belo Horizonte, Lourdes",3,3,120m²,2,R$ 2.600.000
"Lourdes_Belo Horizonte, Lourdes_Q2_B3",1323325294.0,"Lourdes_Belo Horizonte, Lourdes",2,3,68m²,2,R$ 1.450.000
"Lourdes_Belo Horizonte, Lourdes_Q3_B3",1323272396.0,"Lourdes_Belo Horizonte, Lourdes",3,3,152m²,2,R$ 1.950.000
"Lourdes_Belo Horizonte, Lourdes_Q4_B4",1323266475.0,"Lourdes_Belo Horizonte, Lourdes",4,4,180m²,3,R$ 1.900.000
"Lourdes_Belo Horizonte, Lourdes_QNone_BNone",1323185966.0,"Lourdes_Belo Horizonte, Lourdes",,,263m²,5 ou mais,R$ 13.000
"Centro_Belo Horizonte, Centro_Q4_B3",1323185671.0,"Centro_Belo Horizonte, Centro",4,3,228m²,1,R$ 860.000
"Lourdes_Belo Horizonte, Lourdes_Q3_B2",1323183894.0,"Lourdes_Belo Horizonte, Lourdes",3,2,120m²,0,R$ 898.000
"Lourdes_Belo Horizonte, Lourdes_QNone_BNone",1323183841.0,"Lourdes_Belo Horizonte, Lourdes",,,110m²,0,R$ 3.700
"Lourdes_Belo Horizonte, Lourdes_Q2_B3",1323085311.0,"Lourdes_Belo Horizonte, Lourdes",2,3,53m²,1,R$ 880.000
"Lourdes_Belo Horizonte, Lourdes_Q2_B1",1323084835.0,"Lourdes_Belo Horizonte, Lourdes",2,1,53m²,1,R$ 830.000
"Lourdes_Belo Horizonte, Lourdes_Q2_B3",1323084707.0,"Lourdes_Belo Horizonte, Lourdes",2,3,64m²,1,R$ 900.000
"Lourdes_Belo Horizonte, Lourdes_Q2_B3",1323083929.0,"Lourdes_Belo Horizonte, Lourdes",2,3,90m²,2,R$ 1.500.000
"Lourdes_Belo Horizonte, Lourdes_Q4_B3",1323059297.0,"Lourdes_Belo Horizonte, Lourdes",4,3,152m²,2,R$ 1.600.000
"Lourdes_Belo Horizonte, Lourdes_Q2_B2",1323054560.0,"Lourdes_Belo Horizonte, Lourdes",2,2,102m²,2,R$ 8.000
"Cidade Jardim_Belo Horizonte, Cidade Jardim_QNone_BNone",1323032012.0,"Cidade Jardim_Belo Horizonte, Cidade Jardim",,,1200m²,0,R$ 37.000
"Lourdes_Belo Horizonte, Lourdes_Q4_B5 ou mais",1322906817.0,"Lourdes_Belo Horizonte, Lourdes",4,5 ou mais,320m²,4,R$ 3.300.000
"Lourdes_Belo Horizonte, Lourdes_Q2_B2",1322662155.0,"Lourdes_Belo Horizonte, Lourdes",2,2,63m²,1,R$ 760.000
"Lourdes_Belo Horizonte, Lourdes_QNone_BNone",1322620239.0,"Lourdes_Belo Horizonte, Lourdes",,,74m²,0,R$ 3.300
"Lourdes_Belo Horizonte, Lourdes_Q3_B2",1322460134.0,"Lourdes_Belo Horizonte, Lourdes",3,2,92m²,2,R$ 1.856.740
"Lourdes_Belo Horizonte, Lourdes_Q2_B3",1322456115.0,"Lourdes_Belo Horizonte, Lourdes",2,3,90m²,2,R$ 990.000
"Lourdes_Belo Horizonte, Lourdes_Q4_B5 ou mais",1322451749.0,"Lourdes_Belo Horizonte, Lourdes",4,5 ou mais,430m²,5 ou mais,R$ 3.800.000
"Lourdes_Belo Horizonte, Lourdes_Q4_B3",1322410138.0,"Lourdes_Belo Horizonte, Lourdes",4,3,152m²,2,R$ 1.600.000
"Lourdes_Belo Horizonte, Lourdes_Q2_B2",1322410038.0,"Lourdes_Belo Horizonte, Lourdes",2,2,59m²,2,R$ 950.000
"Lourdes_Belo Horizonte, Lourdes_Q4_B2",1322409183.0,"Lourdes_Belo Horizonte, Lourdes",4,2,120m²,1,R$ 950.000
"Lourdes_Belo Horizonte, Lourdes_Q3_B3",1322404381.0,"Lourdes_Belo Horizonte, Lourdes",3,3,160m²,1,R$ 650.000
"Lourdes_Belo Horizonte, Lourdes_QNone_BNone",1322400921.0,"Lourdes_Belo Horizonte, Lourdes",,,74m²,0,R$ 3.300
"Lourdes_Belo Horizonte, Lourdes_Q2_B2",1322400721.0,"Lourdes_Belo Horizonte, Lourdes",2,2,71m²,2,R$ 5.000
"Lourdes_Belo Horizonte, Lourdes_QNone_BNone",1322242990.0,"Lourdes_Belo Horizonte, Lourdes",,,68m²,1,R$ 540.750
"Lourdes_Belo Horizonte, Lourdes_QNone_BNone",1322223893.0,"Lourdes_Belo Horizonte, Lourdes",,,70m²,1,R$ 540.750
"Lourdes_Belo Horizonte, Lourdes_QNone_BNone",1322218229.0,"Lourdes_Belo Horizonte, Lourdes",,,70m²,1,R$ 509.250
"Lourdes_Belo Horizonte, Lourdes_Q3_B2",1322157616.0,"Lourdes_Belo Horizonte, Lourdes",3,2,92m²,2,R$ 1.905.958
"Centro_Belo Horizonte, Centro_Q5 ou mais_B4",1322143040.0,"Centro_Belo Horizonte, Centro",5 ou mais,4,227m²,1,R$ 900.000
"Lourdes_Belo Horizonte, Lourdes_QNone_BNone",1322142330.0,"Lourdes_Belo Horizonte, Lourdes",,,175m²,5 ou mais,R$ 6.800
"Lourdes_Belo Horizonte, Lourdes_Q5 ou mais_B5 ou mais",1322079495.0,"Lourdes_Belo Horizonte, Lourdes",5 ou mais,5 ou mais,289m²,4,R$ 2.800.000
"Lourdes_Belo Horizonte, Lourdes_Q3_B4",1321990572.0,"Lourdes_Belo Horizonte, Lourdes",3,4,240m²,3,R$ 2.700.000
"Lourdes_Belo Horizonte, Lourdes_Q1_B1",1321986914.0,"Lourdes_Belo Horizonte, Lourdes",1,1,75m²,1,R$ 2.400
"Lourdes_Belo Horizonte, Lourdes_QNone_BNone",1321827845.0,"Lourdes_Belo Horizonte, Lourdes",,,600m²,5 ou mais,R$ 20.000
"Santo Antônio_Belo Horizonte, Santo Antônio_Q1_B1",1321811086.0,"Santo Antônio_Belo Horizonte, Santo Antônio",1,1,24m²,0,R$ 489.000
"Lourdes_Belo Horizonte, Lourdes_Q2_B3",1321810481.0,"Lourdes_Belo Horizonte, Lourdes",2,3,70m²,2,R$ 1.400.000
"Lourdes_Belo Horizonte, Lourdes_Q3_B3",1321808898.0,"Lourdes_Belo Horizonte, Lourdes",3,3,128m²,2,R$ 2.600.000
"Lourdes_Belo Horizonte, Lourdes_Q3_B2",1321803085.0,"Lourdes_Belo Horizonte, Lourdes",3,2,110m²,2,R$ 1.300.000
"Santo Antônio_Belo Horizonte, Santo Antônio_QNone_BNone",1321797667.0,"Santo Antônio_Belo Horizonte, Santo Antônio",,,800m²,1,R$ 35.000
"Lourdes_Belo Horizonte, Lourdes_Q2_B2",1321632817.0,"Lourdes_Belo Horizonte, Lourdes",2,2,54m²,1,R$ 840.000
"Lourdes_Belo Horizonte, Lourdes_Q4_B3",1321627151.0,"Lourdes_Belo Horizonte, Lourdes",4,3,307m²,5 ou mais,R$ 5.200.000
"Lourdes_Belo Horizonte, Lourdes_QNone_BNone",1321611308.0,"Lourdes_Belo Horizonte, Lourdes",,,183m²,4,R$ 2.200.000
"Lourdes_Belo Horizonte, Lourdes_Q5 ou mais_B3",1321526453.0,"Lourdes_Belo Horizonte, Lourdes",5 ou mais,3,330m²,5 ou mais,R$ 25.000
"Lourdes_Belo Horizonte, Lourdes_QNone_BNone",1321515910.0,"Lourdes_Belo Horizonte, Lourdes",,,120m²,0,R$ 3.300
"Lourdes_Belo Horizonte, Lourdes_Q2_B3",1321498344.0,"Lourdes_Belo Horizonte, Lourdes",2,3,103m²,2,R$ 1.600.000
"Lourdes_Belo Horizonte, Lourdes_Q4_B2",1321492728.0,"Lourdes_Belo Horizonte, Lourdes",4,2,160m²,2,R$ 1.900.000
"Lourdes_Belo Horizonte, Lourdes_QNone_BNone",1321490250.0,"Lourdes_Belo Horizonte, Lourdes",,,165m²,2,R$ 6.000
"Centro_Belo Horizonte, Centro_Q2_B1",1321366850.0,"Centro_Belo Horizonte, Centro",2,1,46m²,,R$ 650.000
"Lourdes_Belo Horizonte, Lourdes_QNone_BNone",1321290232.0,"Lourdes_Belo Horizonte, Lourdes",,,415m²,0,R$ 28.000
"Lourdes_Belo Horizonte, Lourdes_Q3_B2",1321264399.0,"Lourdes_Belo Horizonte, Lourdes",3,2,110m²,2,R$ 1.250.000
"Lourdes_Belo Horizonte, Lourdes_Q4_B3",1321257743.0,"Lourdes_Belo Horizonte, Lourdes",4,3,190m²,2,R$ 1.680.000
"Lourdes_Belo Horizonte, Lourdes_QNone_BNone",1321237438.0,"Lourdes_Belo Horizonte, Lourdes",,,14m²,1,R$ 70.000
"Lourdes_Belo Horizonte, Lourdes_Q4_B5 ou mais",1321213849.0,"Lourdes_Belo Horizonte, Lourdes",4,5 ou mais,363m²,5 ou mais,R$ 29.000
"Lourdes_Belo Horizonte, Lourdes_Q4_B5 ou mais",1321213840.0,"Lourdes_Belo Horizonte, Lourdes",4,5 ou mais,363m²,5 ou mais,R$ 6.500.000
"Lourdes_Belo Horizonte, Lourdes_QNone_BNone",1320769509.0,"Lourdes_Belo Horizonte, Lourdes",,,42m²,1,R$ 550.000
"Lourdes_Belo Horizonte, Lourdes_Q2_B3",1320752012.0,"Lourdes_Belo Horizonte, Lourdes",2,3,70m²,1,R$ 760.000
"Centro_Belo Horizonte, Centro_Q1_B1",1320726437.0,"Centro_Belo Horizonte, Centro",1,1,50m²,,R$ 250.000
"Lourdes_Belo Horizonte, Lourdes_Q4_B5 ou mais",1320581880.0,"Lourdes_Belo Horizonte, Lourdes",4,5 ou mais,131m²,3,R$ 2.550.000
"Lourdes_Belo Horizonte, Lourdes_Q3_B3",1320521501.0,"Lourdes_Belo Horizonte, Lourdes",3,3,160m²,0,R$ 718.000
"Lourdes_Belo Horizonte, Lourdes_Q4_B5 ou mais",1320508859.0,"Lourdes_Belo Horizonte, Lourdes",4,5 ou mais,352m²,4,R$ 3.690.000
"Lourdes_Belo Horizonte, Lourdes_Q4_B2",1320508805.0,"Lourdes_Belo Horizonte, Lourdes",4,2,130m²,1,R$ 640.000
"Lourdes_Belo Horizonte, Lourdes_Q4_B4",1320402005.0,"Lourdes_Belo Horizonte, Lourdes",4,4,209m²,4,R$ 4.750.000
"Lourdes_Belo Horizonte, Lourdes_Q4_B3",1320306328.0,"Lourdes_Belo Horizonte, Lourdes",4,3,150m²,2,R$ 1.600.000
"Lourdes_Belo Horizonte, Lourdes_Q4_B3",1320295555.0,"Lourdes_Belo Horizonte, Lourdes",4,3,340m²,3,R$ 2.420.000
"Lourdes_Belo Horizonte, Lourdes_Q4_B5 ou mais",1320291056.0,"Lourdes_Belo Horizonte, Lourdes",4,5 ou mais,286m²,4,R$ 14.500
"Lourdes_Belo Horizonte, Lourdes_Q4_B5 ou mais",1320211767.0,"Lourdes_Belo Horizonte, Lourdes",4,5 ou mais,207m²,4,R$ 4.350.000
"Cidade Jardim_Belo Horizonte, Cidade Jardim_QNone_BNone",1320199657.0,"Cidade Jardim_Belo Horizonte, Cidade Jardim",,,1196m²,,R$ 37.000
"Lourdes_Belo Horizonte, Lourdes_Q4_B4",1320176882.0,"Lourdes_Belo Horizonte, Lourdes",4,4,340m²,3,R$ 2.400.000
"Lourdes_Belo Horizonte, Lourdes_Q2_B1",1320170164.0,"Lourdes_Belo Horizonte, Lourdes",2,1,64m²,2,R$ 990.000
"Lourdes_Belo Horizonte, Lourdes_Q2_B1",1320170039.0,"Lourdes_Belo Horizonte, Lourdes",2,1,64m²,2,R$ 4.200
"Lourdes_Belo Horizonte, Lourdes_QNone_BNone",1320160016.0,"Lourdes_Belo Horizonte, Lourdes",,,100m²,,R$ 1.080.000
"Lourdes_Belo Horizonte, Lourdes_Q4_B4",1320132174.0,"Lourdes_Belo Horizonte, Lourdes",4,4,380m²,3,R$ 2.450.000
"Lourdes_Belo Horizonte, Lourdes_QNone_BNone",1320013993.0,"Lourdes_Belo Horizonte, Lourdes",,,660m²,4,R$ 33.000
"Lourdes_Belo Horizonte, Lourdes_Q3_B1",1319985025.0,"Lourdes_Belo Horizonte, Lourdes",3,1,188m²,3,R$ 1.995.000
"Lourdes_Belo Horizonte, Lourdes_Q4_B2",1319896456.0,"Lourdes_Belo Horizonte, Lourdes",4,2,150m²,2,R$ 900.000
"Lourdes_Belo Horizonte, Lourdes_Q2_B2",1319861053.0,"Lourdes_Belo Horizonte, Lourdes",2,2,69m²,2,R$ 1.400.000
"Lourdes_Belo Horizonte, Lourdes_Q2_B4",1319857429.0,"Lourdes_Belo Horizonte, Lourdes",2,4,150m²,3,R$ 2.200.000
"Lourdes_Belo Horizonte, Lourdes_Q0_B4",1319748482.0,"Lourdes_Belo Horizonte, Lourdes",0,4,170m²,1,R$ 6.000
"Lourdes_Belo Horizonte, Lourdes_Q4_B3",1319729522.0,"Lourdes_Belo Horizonte, Lourdes",4,3,152m²,2,R$ 1.600.000
"Lourdes_Belo Horizonte, Lourdes_Q2_B2",1319721709.0,"Lourdes_Belo Horizonte, Lourdes",2,2,60m²,2,R$ 950.000
"Lourdes_Belo Horizonte, Lourdes_Q1_B1",1319721111.0,"Lourdes_Belo Horizonte, Lourdes",1,1,27m²,1,R$ 450.000
"Lourdes_Belo Horizonte, Lourdes_Q1_B1",1319719300.0,"Lourdes_Belo Horizonte, Lourdes",1,1,27m²,1,R$ 450.000
"Lourdes_Belo Horizonte, Lourdes_Q1_B1",1319719307.0,"Lourdes_Belo Horizonte, Lourdes",1,1,27m²,1,R$ 450.000
"Lourdes_Belo Horizonte, Lourdes_Q1_B1",1319719090.0,"Lourdes_Belo Horizonte, Lourdes",1,1,27m²,1,R$ 450.000
"Lourdes_Belo Horizonte, Lourdes_Q1_B1",1319718975.0,"Lourdes_Belo Horizonte, Lourdes",1,1,27m²,1,R$ 450.000
"Lourdes_Belo Horizonte, Lourdes_QNone_BNone",1319718951.0,"Lourdes_Belo Horizonte, Lourdes",,,415m²,5 ou mais,R$ 28.000
"Lourdes_Belo Horizonte, Lourdes_Q1_B1",1319718919.0,"Lourdes_Belo Horizonte, Lourdes",1,1,27m²,1,R$ 450.000
"Lourdes_Belo Horizonte, Lourdes_QNone_BNone",1319718582.0,"Lourdes_Belo Horizonte, Lourdes",,,130m²,0,R$ 3.300
"Lourdes_Belo Horizonte, Lourdes_Q4_B4",1319705089.0,"Lourdes_Belo Horizonte, Lourdes",4,4,286m²,4,R$ 15.500
"Lourdes_Belo Horizonte, Lourdes_Q3_B2",1319704921.0,"Lourdes_Belo Horizonte, Lourdes",3,2,113m²,1,R$ 760.000
"Lourdes_Belo Horizonte, Lourdes_Q2_B2",1319699911.0,"Lourdes_Belo Horizonte, Lourdes",2,2,59m²,2,R$ 950.000
"Lourdes_Belo Horizonte, Lourdes_Q2_B2",1319698452.0,"Lourdes_Belo Horizonte, Lourdes",2,2,74m²,2,R$ 1.050.000
"Lourdes_Belo Horizonte, Lourdes_Q2_B2",1319697403.0,"Lourdes_Belo Horizonte, Lourdes",2,2,55m²,2,R$ 1.200.000
"Lourdes_Belo Horizonte, Lourdes_Q1_B1",1319697336.0,"Lourdes_Belo Horizonte, Lourdes",1,1,33m²,1,R$ 450.000
"Lourdes_Belo Horizonte, Lourdes_Q4_B5 ou mais",1319684354.0,"Lourdes_Belo Horizonte, Lourdes",4,5 ou mais,355m²,3,R$ 2.900.000
"Lourdes_Belo Horizonte, Lourdes_Q2_B2",1319683126.0,"Lourdes_Belo Horizonte, Lourdes",2,2,174m²,4,R$ 2.200.000
"Lourdes_Belo Horizonte, Lourdes_Q4_B5 ou mais",1319533944.0,"Lourdes_Belo Horizonte, Lourdes",4,5 ou mais,152m²,3,R$ 1.750.000
"Lourdes_Belo Horizonte, Lourdes_Q4_B2",1319436430.0,"Lourdes_Belo Horizonte, Lourdes",4,2,140m²,2,R$ 1.650.000
"Lourdes_Belo Horizonte, Lourdes_QNone_BNone",1319412785.0,"Lourdes_Belo Horizonte, Lourdes",,,107m²,,R$ 1.384.480
"Lourdes_Belo Horizonte, Lourdes_Q5 ou mais_B5 ou mais",1319173583.0,"Lourdes_Belo Horizonte, Lourdes",5 ou mais,5 ou mais,300m²,2,R$ 2.200.000
"Lourdes_Belo Horizonte, Lourdes_Q2_B2",1318917795.0,"Lourdes_Belo Horizonte, Lourdes",2,2,70m²,2,R$ 5.000
"Centro_Belo Horizonte, Centro_Q2_B1",1318793791.0,"Centro_Belo Horizonte, Centro",2,1,40m²,1,R$ 650.000
"Lourdes_Belo Horizonte, Lourdes_Q2_B3",1318792567.0,"Lourdes_Belo Horizonte, Lourdes",2,3,68m²,2,R$ 1.450.000
"Lourdes_Belo Horizonte, Lourdes_QNone_BNone",1318786913.0,"Lourdes_Belo Horizonte, Lourdes",,,170m²,1,R$ 6.200
"Lourdes_Belo Horizonte, Lourdes_QNone_BNone",1318783710.0,"Lourdes_Belo Horizonte, Lourdes",,,45m²,0,R$ 3.500
"Lourdes_Belo Horizonte, Lourdes_QNone_BNone",1318770573.0,"Lourdes_Belo Horizonte, Lourdes",,,30m²,1,R$ 1.500
"Lourdes_Belo Horizonte, Lourdes_QNone_BNone",1318770558.0,"Lourdes_Belo Horizonte, Lourdes",,,30m²,,R$ 1.200
"Lourdes_Belo Horizonte, Lourdes_Q2_B2",1318761029.0,"Lourdes_Belo Horizonte, Lourdes",2,2,95m²,2,R$ 1.071.415
"Lourdes_Belo Horizonte, Lourdes_Q2_B2",1318760939.0,"Lourdes_Belo Horizonte, Lourdes",2,2,60m²,2,R$ 895.320
"Lourdes_Belo Horizonte, Lourdes_Q2_B2",1318760845.0,"Lourdes_Belo Horizonte, Lourdes",2,2,91m²,2,R$ 1.308.690
"Lourdes_Belo Horizonte, Lourdes_QNone_BNone",1318719200.0,"Lourdes_Belo Horizonte, Lourdes",,,46m²,,R$ 120.000
"Lourdes_Belo Horizonte, Lourdes_QNone_BNone",1318719189.0,"Lourdes_Belo Horizonte, Lourdes",,,46m²,,R$ 400
"Lourdes_Belo Horizonte, Lourdes_Q4_B2",1318581562.0,"Lourdes_Belo Horizonte, Lourdes",4,2,161m²,2,R$ 1.400.000
"Lourdes_Belo Horizonte, Lourdes_QNone_BNone",1318581564.0,"Lourdes_Belo Horizonte, Lourdes",,,160m²,0,R$ 1.350.000
"Centro_Belo Horizonte, Centro_QNone_BNone",1318574138.0,"Centro_Belo Horizonte, Centro",,,71m²,0,R$ 220.000
"Centro_Belo Horizonte, Centro_QNone_BNone",1318564542.0,"Centro_Belo Horizonte, Centro",,,600m²,5 ou mais,R$ 540.000
"Lourdes_Belo Horizonte, Lourdes_Q2_B3",1318562907.0,"Lourdes_Belo Horizonte, Lourdes",2,3,99m²,2,R$ 1.200.000
"Lourdes_Belo Horizonte, Lourdes_QNone_BNone",1318561887.0,"Lourdes_Belo Horizonte, Lourdes",,,74m²,0,R$ 3.300
"Lourdes_Belo Horizonte, Lourdes_Q3_B2",1318536370.0,"Lourdes_Belo Horizonte, Lourdes",3,2,160m²,2,R$ 1.950.000
"Lourdes_Belo Horizonte, Lourdes_Q4_B2",1318530267.0,"Lourdes_Belo Horizonte, Lourdes",4,2,160m²,2,R$ 1.600.000
"Lourdes_Belo Horizonte, Lourdes_Q4_B3",1318518938.0,"Lourdes_Belo Horizonte, Lourdes",4,3,150m²,2,R$ 1.445.000
"Lourdes_Belo Horizonte, Lourdes_Q4_B3",1318518537.0,"Lourdes_Belo Horizonte, Lourdes",4,3,136m²,1,R$ 1.690.000
"Lourdes_Belo Horizonte, Lourdes_QNone_BNone",1318514911.0,"Lourdes_Belo Horizonte, Lourdes",,,720m²,0,R$ 5.850.000
"Lourdes_Belo Horizonte, Lourdes_Q2_B2",1318513743.0,"Lourdes_Belo Horizonte, Lourdes",2,2,77m²,1,R$ 1.070.000
"Lourdes_Belo Horizonte, Lourdes_Q2_B2",1318513563.0,"Lourdes_Belo Horizonte, Lourdes",2,2,72m²,2,R$ 1.100.000
"Lourdes_Belo Horizonte, Lourdes_Q2_B2",1318513458.0,"Lourdes_Belo Horizonte, Lourdes",2,2,63m²,2,R$ 1.166.000
"Lourdes_Belo Horizonte, Lourdes_Q1_B1",1318513370.0,"Lourdes_Belo Horizonte, Lourdes",1,1,80m²,2,R$ 1.000.000
"Lourdes_Belo Horizonte, Lourdes_Q2_B3",1318513338.0,"Lourdes_Belo Horizonte, Lourdes",2,3,70m²,1,R$ 760.000
"Lourdes_Belo Horizonte, Lourdes_QNone_BNone",1318513342.0,"Lourdes_Belo Horizonte, Lourdes",,,428m²,3,R$ 6.300.000
"Lourdes_Belo Horizonte, Lourdes_Q2_B3",1318513246.0,"Lourdes_Belo Horizonte, Lourdes",2,3,72m²,2,R$ 1.350.000
"Lourdes_Belo Horizonte, Lourdes_Q3_B3",1318512878.0,"Lourdes_Belo Horizonte, Lourdes",3,3,100m²,1,R$ 980.000
"Lourdes_Belo Horizonte, Lourdes_Q4_B3",1318480175.0,"Lourdes_Belo Horizonte, Lourdes",4,3,200m²,2,R$ 4.500
"Lourdes_Belo Horizonte, Lourdes_Q4_B5 ou mais",1318412730.0,"Lourdes_Belo Horizonte, Lourdes",4,5 ou mais,372m²,4,R$ 3.500.000
"Lourdes_Belo Horizonte, Lourdes_Q4_B3",1318324534.0,"Lourdes_Belo Horizonte, Lourdes",4,3,170m²,2,R$ 1.600.000
"Lourdes_Belo Horizonte, Lourdes_Q4_B5 ou mais",1318301832.0,"Lourdes_Belo Horizonte, Lourdes",4,5 ou mais,240m²,3,R$ 2.490.000
"Lourdes_Belo Horizonte, Lourdes_Q2_B3",1318292159.0,"Lourdes_Belo Horizonte, Lourdes",2,3,56m²,1,R$ 954.000
"Lourdes_Belo Horizonte, Lourdes_Q2_B3",1318288551.0,"Lourdes_Belo Horizonte, Lourdes",2,3,56m²,2,R$ 1.116.000
"Lourdes_Belo Horizonte, Lourdes_Q3_B3",1318287309.0,"Lourdes_Belo Horizonte, Lourdes",3,3,127m²,2,R$ 1.250.000
"Lourdes_Belo Horizonte, Lourdes_Q4_B2",1318280093.0,"Lourdes_Belo Horizonte, Lourdes",4,2,171m²,1,R$ 1.200.000
"Lourdes_Belo Horizonte, Lourdes_QNone_BNone",1318233309.0,"Lourdes_Belo Horizonte, Lourdes",,,67m²,0,R$ 1.000
"Lourdes_Belo Horizonte, Lourdes_QNone_BNone",1318233248.0,"Lourdes_Belo Horizonte, Lourdes",,,59m²,0,R$ 1.000
"Lourdes_Belo Horizonte, Lourdes_QNone_BNone",1318233217.0,"Lourdes_Belo Horizonte, Lourdes",,,106m²,0,R$ 1.500
"Lourdes_Belo Horizonte, Lourdes_QNone_BNone",1318224587.0,"Lourdes_Belo Horizonte, Lourdes",,,340m²,4,R$ 14.000
"Centro_Belo Horizonte, Centro_Q2_B3",1318037905.0,"Centro_Belo Horizonte, Centro",2,3,70m²,1,R$ 620.000
"Centro_Belo Horizonte, Centro_QNone_BNone",1318026458.0,"Centro_Belo Horizonte, Centro",,,78m²,0,R$ 300.000
"Lourdes_Belo Horizonte, Lourdes_Q1_B1",1317975720.0,"Lourdes_Belo Horizonte, Lourdes",1,1,41m²,1,R$ 560.000
"Lourdes_Belo Horizonte, Lourdes_QNone_BNone",1317962455.0,"Lourdes_Belo Horizonte, Lourdes",,,388m²,3,R$ 8.000.000
"Lourdes_Belo Horizonte, Lourdes_QNone_BNone",1317941304.0,"Lourdes_Belo Horizonte, Lourdes",,,19m²,0,R$ 1.200
"Lourdes_Belo Horizonte, Lourdes_Q3_B2",1317933311.0,"Lourdes_Belo Horizonte, Lourdes",3,2,100m²,2,R$ 1.600.000
"Lourdes_Belo Horizonte, Lourdes_QNone_BNone",1317930853.0,"Lourdes_Belo Horizonte, Lourdes",,,74m²,0,R$ 3.300
"Lourdes_Belo Horizonte, Lourdes_QNone_BNone",1317922607.0,"Lourdes_Belo Horizonte, Lourdes",,,221m²,0,R$ 4.100
"Lourdes_Belo Horizonte, Lourdes_Q2_B3",1317748223.0,"Lourdes_Belo Horizonte, Lourdes",2,3,95m²,2,R$ 1.699.960
"Lourdes_Belo Horizonte, Lourdes_Q2_B2",1317747788.0,"Lourdes_Belo Horizonte, Lourdes",2,2,92m²,2,R$ 1.654.520
"Lourdes_Belo Horizonte, Lourdes_Q3_B3",1317746463.0,"Lourdes_Belo Horizonte, Lourdes",3,3,135m²,2,R$ 2.329.300
"Lourdes_Belo Horizonte, Lourdes_Q3_B3",1317746452.0,"Lourdes_Belo Horizonte, Lourdes",3,3,110m²,2,R$ 1.938.540
"Lourdes_Belo Horizonte, Lourdes_Q3_B3",1317746420.0,"Lourdes_Belo Horizonte, Lourdes",3,3,129m²,2,R$ 2.249.240
"Lourdes_Belo Horizonte, Lourdes_Q2_B3",1317739829.0,"Lourdes_Belo Horizonte, Lourdes",2,3,174m²,3,R$ 1.995.000
"Lourdes_Belo Horizonte, Lourdes_Q3_B3",1317739302.0,"Lourdes_Belo Horizonte, Lourdes",3,3,176m²,2,R$ 2.099.000
"Lourdes_Belo Horizonte, Lourdes_Q3_B4",1317739086.0,"Lourdes_Belo Horizonte, Lourdes",3,4,120m²,1,R$ 920.000
"Lourdes_Belo Horizonte, Lourdes_Q3_B3",1317726227.0,"Lourdes_Belo Horizonte, Lourdes",3,3,83m²,1,R$ 820.000
"Lourdes_Belo Horizonte, Lourdes_Q3_B3",1317710739.0,"Lourdes_Belo Horizonte, Lourdes",3,3,100m²,2,R$ 1.200.000
"Lourdes_Belo Horizonte, Lourdes_Q2_B3",1317695544.0,"Lourdes_Belo Horizonte, Lourdes",2,3,104m²,2,R$ 1.856.780
"Lourdes_Belo Horizonte, Lourdes_Q3_B3",1317665043.0,"Lourdes_Belo Horizonte, Lourdes",3,3,85m²,2,R$ 1.100.000
"Lourdes_Belo Horizonte, Lourdes_QNone_BNone",1317660853.0,"Lourdes_Belo Horizonte, Lourdes",,,388m²,3,R$ 23.000
"Lourdes_Belo Horizonte, Lourdes_Q2_B2",1317605080.0,"Lourdes_Belo Horizonte, Lourdes",2,2,63m²,1,R$ 991.565
"Lourdes_Belo Horizonte, Lourdes_Q3_B2",1317604358.0,"Lourdes_Belo Horizonte, Lourdes",3,2,77m²,1,R$ 1.046.742
"Lourdes_Belo Horizonte, Lourdes_Q4_B5 ou mais",1317579650.0,"Lourdes_Belo Horizonte, Lourdes",4,5 ou mais,316m²,4,R$ 3.700.000
"Lourdes_Belo Horizonte, Lourdes_QNone_BNone",1317567086.0,"Lourdes_Belo Horizonte, Lourdes",,,162m²,3,R$ 1.490.000
"Lourdes_Belo Horizonte, Lourdes_Q4_B4",1317527686.0,"Lourdes_Belo Horizonte, Lourdes",4,4,260m²,3,R$ 2.490.000
"Centro_Belo Horizonte, Centro_QNone_BNone",1317508059.0,"Centro_Belo Horizonte, Centro",,,143m²,0,R$ 12.189
"Centro_Belo Horizonte, Centro_QNone_BNone",1317508036.0,"Centro_Belo Horizonte, Centro",,,44m²,0,R$ 2.433
"Centro_Belo Horizonte, Centro_QNone_BNone",1317507619.0,"Centro_Belo Horizonte, Centro",,,107m²,0,R$ 5.908
"Centro_Belo Horizonte, Centro_QNone_BNone",1317507604.0,"Centro_Belo Horizonte, Centro",,,267m²,0,R$ 22.757
"Centro_Belo Horizonte, Centro_QNone_BNone",1317507563.0,"Centro_Belo Horizonte, Centro",,,124m²,0,R$ 10.568
"Centro_Belo Horizonte, Centro_QNone_BNone",1317507542.0,"Centro_Belo Horizonte, Centro",,,36m²,0,R$ 1.546
"Centro_Belo Horizonte, Centro_QNone_BNone",1317507529.0,"Centro_Belo Horizonte, Centro",,,101m²,0,R$ 8.652
"Lourdes_Belo Horizonte, Lourdes_Q1_B1",1317365409.0,"Lourdes_Belo Horizonte, Lourdes",1,1,35m²,0,R$ 380.000
"Lourdes_Belo Horizonte, Lourdes_Q2_B2",1317362904.0,"Lourdes_Belo Horizonte, Lourdes",2,2,150m²,2,R$ 1.390.000
"Lourdes_Belo Horizonte, Lourdes_Q2_B2",1317362809.0,"Lourdes_Belo Horizonte, Lourdes",2,2,120m²,2,R$ 1.260.000
"Lourdes_Belo Horizonte, Lourdes_Q4_B3",1317362823.0,"Lourdes_Belo Horizonte, Lourdes",4,3,130m²,1,R$ 750.000
"Lourdes_Belo Horizonte, Lourdes_Q5 ou mais_B4",1317362704.0,"Lourdes_Belo Horizonte, Lourdes",5 ou mais,4,397m²,3,R$ 2.300.000
"Centro_Belo Horizonte, Centro_Q2_B1",1317362580.0,"Centro_Belo Horizonte, Centro",2,1,70m²,0,R$ 272.000
"Lourdes_Belo Horizonte, Lourdes_Q2_B2",1317362518.0,"Lourdes_Belo Horizonte, Lourdes",2,2,85m²,1,R$ 640.000
"Lourdes_Belo Horizonte, Lourdes_Q4_B4",1317362396.0,"Lourdes_Belo Horizonte, Lourdes",4,4,260m²,3,R$ 2.690.000
"Lourdes_Belo Horizonte, Lourdes_Q1_B1",1317362354.0,"Lourdes_Belo Horizonte, Lourdes",1,1,50m²,1,R$ 370.000
"Lourdes_Belo Horizonte, Lourdes_QNone_BNone",1317362211.0,"Lourdes_Belo Horizonte, Lourdes",,,600m²,,R$ 4.800.000
"Lourdes_Belo Horizonte, Lourdes_Q3_B2",1316915205.0,"Lourdes_Belo Horizonte, Lourdes",3,2,105m²,0,R$ 930.000
"Lourdes_Belo Horizonte, Lourdes_Q2_B2",1316914500.0,"Lourdes_Belo Horizonte, Lourdes",2,2,67m²,2,R$ 1.144.569
"Lourdes_Belo Horizonte, Lourdes_Q2_B2",1316913100.0,"Lourdes_Belo Horizonte, Lourdes",2,2,67m²,2,R$ 1.246.763
"Lourdes_Belo Horizonte, Lourdes_Q4_B3",1316845978.0,"Lourdes_Belo Horizonte, Lourdes",4,3,157m²,1,R$ 998.000
"Lourdes_Belo Horizonte, Lourdes_Q3_B1",1316636801.0,"Lourdes_Belo Horizonte, Lourdes",3,1,100m²,1,R$ 430.000
"Lourdes_Belo Horizonte, Lourdes_Q2_B2",1316576805.0,"Lourdes_Belo Horizonte, Lourdes",2,2,63m²,2,R$ 1.150.000
"Lourdes_Belo Horizonte, Lourdes_QNone_BNone",1316282398.0,"Lourdes_Belo Horizonte, Lourdes",,,300m²,0,R$ 14.000
"Lourdes_Belo Horizonte, Lourdes_QNone_BNone",1316281874.0,"Lourdes_Belo Horizonte, Lourdes",,,300m²,0,R$ 8.500.000
"Lourdes_Belo Horizonte, Lourdes_Q4_B3",1316263266.0,"Lourdes_Belo Horizonte, Lourdes",4,3,160m²,3,R$ 1.800.000
"Lourdes_Belo Horizonte, Lourdes_Q4_B5 ou mais",1316238533.0,"Lourdes_Belo Horizonte, Lourdes",4,5 ou mais,209m²,4,R$ 4.350.000
"Lourdes_Belo Horizonte, Lourdes_Q3_B3",1316185255.0,"Lourdes_Belo Horizonte, Lourdes",3,3,86m²,2,R$ 6.000
"Lourdes_Belo Horizonte, Lourdes_Q4_B4",1316023564.0,"Lourdes_Belo Horizonte, Lourdes",4,4,270m²,3,R$ 2.955.000
"Lourdes_Belo Horizonte, Lourdes_Q1_B1",1315958742.0,"Lourdes_Belo Horizonte, Lourdes",1,1,94m²,1,R$ 600.000
"Lourdes_Belo Horizonte, Lourdes_QNone_BNone",1315939623.0,"Lourdes_Belo Horizonte, Lourdes",,,113m²,0,R$ 7.500
"Lourdes_Belo Horizonte, Lourdes_Q3_B3",1315938687.0,"Lourdes_Belo Horizonte, Lourdes",3,3,105m²,3,R$ 9.850
"Lourdes_Belo Horizonte, Lourdes_Q2_B3",1315930960.0,"Lourdes_Belo Horizonte, Lourdes",2,3,64m²,2,R$ 1.252.471
"Lourdes_Belo Horizonte, Lourdes_QNone_BNone",1315928394.0,"Lourdes_Belo Horizonte, Lourdes",,,25m²,0,R$ 1.100
"Lourdes_Belo Horizonte, Lourdes_Q4_B4",1315871083.0,"Lourdes_Belo Horizonte, Lourdes",4,4,160m²,3,R$ 2.000.000
"Lourdes_Belo Horizonte, Lourdes_Q3_B2",1315713134.0,"Lourdes_Belo Horizonte, Lourdes",3,2,150m²,2,R$ 2.990.000
"Lourdes_Belo Horizonte, Lourdes_Q2_B2",1315695991.0,"Lourdes_Belo Horizonte, Lourdes",2,2,75m²,1,R$ 4.500
"Lourdes_Belo Horizonte, Lourdes_QNone_BNone",1315613961.0,"Lourdes_Belo Horizonte, Lourdes",,,25m²,1,R$ 800
"Lourdes_Belo Horizonte, Lourdes_Q2_B2",1315559304.0,"Lourdes_Belo Horizonte, Lourdes",2,2,66m²,2,R$ 1.120.000
"Lourdes_Belo Horizonte, Lourdes_Q2_B2",1315559253.0,"Lourdes_Belo Horizonte, Lourdes",2,2,66m²,2,R$ 4.390
"Lourdes_Belo Horizonte, Lourdes_Q4_B4",1315523964.0,"Lourdes_Belo Horizonte, Lourdes",4,4,280m²,4,R$ 4.750.000
"Lourdes_Belo Horizonte, Lourdes_QNone_BNone",1315468075.0,"Lourdes_Belo Horizonte, Lourdes",,,,1,R$ 180.000
"Lourdes_Belo Horizonte, Lourdes_Q2_B3",1315093823.0,"Lourdes_Belo Horizonte, Lourdes",2,3,107m²,3,R$ 1.895.663
"Lourdes_Belo Horizonte, Lourdes_Q2_B3",1315086827.0,"Lourdes_Belo Horizonte, Lourdes",2,3,61m²,2,R$ 1.090.587
"Lourdes_Belo Horizonte, Lourdes_Q2_B3",1314794105.0,"Lourdes_Belo Horizonte, Lourdes",2,3,69m²,2,R$ 1.117.617
"Lourdes_Belo Horizonte, Lourdes_Q4_B3",1314791559.0,"Lourdes_Belo Horizonte, Lourdes",4,3,200m²,3,R$ 1.650.000
"Lourdes_Belo Horizonte, Lourdes_Q3_B2",1314730165.0,"Lourdes_Belo Horizonte, Lourdes",3,2,74m²,2,R$ 1.450.000
"Lourdes_Belo Horizonte, Lourdes_Q1_B1",1314723987.0,"Lourdes_Belo Horizonte, Lourdes",1,1,45m²,1,R$ 400.000
"Lourdes_Belo Horizonte, Lourdes_Q2_B2",1314497133.0,"Lourdes_Belo Horizonte, Lourdes",2,2,65m²,2,R$ 1.208.000
"Lourdes_Belo Horizonte, Lourdes_Q2_B2",1314456692.0,"Lourdes_Belo Horizonte, Lourdes",2,2,67m²,2,R$ 1.378.000
"Lourdes_Belo Horizonte, Lourdes_Q1_B1",1314453529.0,"Lourdes_Belo Horizonte, Lourdes",1,1,33m²,1,R$ 460.000
"Lourdes_Belo Horizonte, Lourdes_Q3_B2",1314443620.0,"Lourdes_Belo Horizonte, Lourdes",3,2,112m²,2,R$ 1.550.000
"Lourdes_Belo Horizonte, Lourdes_Q2_B2",1314435683.0,"Lourdes_Belo Horizonte, Lourdes",2,2,67m²,2,R$ 1.378.000
"Lourdes_Belo Horizonte, Lourdes_Q2_B2",1314432925.0,"Lourdes_Belo Horizonte, Lourdes",2,2,67m²,2,R$ 1.378.000
"Lourdes_Belo Horizonte, Lourdes_Q2_B2",1314374290.0,"Lourdes_Belo Horizonte, Lourdes",2,2,70m²,2,R$ 1.390.000
"Cidade Jardim_Belo Horizonte, Cidade Jardim_Q3_B2",1314296882.0,"Cidade Jardim_Belo Horizonte, Cidade Jardim",3,2,90m²,1,R$ 635.000
"Lourdes_Belo Horizonte, Lourdes_Q2_B2",1314210575.0,"Lourdes_Belo Horizonte, Lourdes",2,2,75m²,2,R$ 4.620
"Lourdes_Belo Horizonte, Lourdes_Q3_B3",1314209731.0,"Lourdes_Belo Horizonte, Lourdes",3,3,287m²,3,R$ 3.820.000
"Lourdes_Belo Horizonte, Lourdes_Q3_B3",1314209077.0,"Lourdes_Belo Horizonte, Lourdes",3,3,140m²,2,R$ 1.100.000
"Lourdes_Belo Horizonte, Lourdes_Q3_B2",1314206804.0,"Lourdes_Belo Horizonte, Lourdes",3,2,89m²,2,R$ 1.385.000
"Lourdes_Belo Horizonte, Lourdes_QNone_BNone",1314206663.0,"Lourdes_Belo Horizonte, Lourdes",,,289m²,5 ou mais,R$ 21.000
"Lourdes_Belo Horizonte, Lourdes_QNone_BNone",1314206629.0,"Lourdes_Belo Horizonte, Lourdes",,,879m²,2,R$ 59.000
"Lourdes_Belo Horizonte, Lourdes_Q4_B5 ou mais",1314206408.0,"Lourdes_Belo Horizonte, Lourdes",4,5 ou mais,294m²,3,R$ 2.400.000
"Centro_Belo Horizonte, Centro_QNone_BNone",1314203167.0,"Centro_Belo Horizonte, Centro",,,3550m²,5 ou mais,R$ 150.000
"Lourdes_Belo Horizonte, Lourdes_Q4_B5 ou mais",1314173648.0,"Lourdes_Belo Horizonte, Lourdes",4,5 ou mais,373m²,4,R$ 3.000.000
"Lourdes_Belo Horizonte, Lourdes_Q2_B2",1314169735.0,"Lourdes_Belo Horizonte, Lourdes",2,2,117m²,2,R$ 7.000
"Lourdes_Belo Horizonte, Lourdes_Q2_B2",1314123831.0,"Lourdes_Belo Horizonte, Lourdes",2,2,56m²,2,R$ 1.116.000
"Lourdes_Belo Horizonte, Lourdes_Q2_B3",1314120509.0,"Lourdes_Belo Horizonte, Lourdes",2,3,100m²,2,R$ 1.000.000
"Lourdes_Belo Horizonte, Lourdes_Q2_B1",1314069708.0,"Lourdes_Belo Horizonte, Lourdes",2,1,56m²,1,R$ 4.200
"Lourdes_Belo Horizonte, Lourdes_QNone_BNone",1313816837.0,"Lourdes_Belo Horizonte, Lourdes",,,127m²,0,R$ 4.100
"Cidade Jardim_Belo Horizonte, Cidade Jardim_QNone_BNone",1313814990.0,"Cidade Jardim_Belo Horizonte, Cidade Jardim",,,1196m²,0,R$ 37.000
"Centro_Belo Horizonte, Centro_Q2_B2",1313709115.0,"Centro_Belo Horizonte, Centro",2,2,77m²,1,R$ 620.000
"Lourdes_Belo Horizonte, Lourdes_Q3_B2",1313699776.0,"Lourdes_Belo Horizonte, Lourdes",3,2,112m²,2,R$ 1.550.000
"Lourdes_Belo Horizonte, Lourdes_Q3_B4",1313243024.0,"Lourdes_Belo Horizonte, Lourdes",3,4,153m²,2,R$ 2.100.000
"Lourdes_Belo Horizonte, Lourdes_Q4_B3",1313216709.0,"Lourdes_Belo Horizonte, Lourdes",4,3,232m²,2,R$ 2.580.000
"Lourdes_Belo Horizonte, Lourdes_Q4_B4",1313154735.0,"Lourdes_Belo Horizonte, Lourdes",4,4,286m²,4,R$ 15.500
"Centro_Belo Horizonte, Centro_Q2_B2",1313130827.0,"Centro_Belo Horizonte, Centro",2,2,77m²,0,R$ 410.000
"Lourdes_Belo Horizonte, Lourdes_Q3_B3",1313113601.0,"Lourdes_Belo Horizonte, Lourdes",3,3,116m²,2,R$ 2.230.000
"Lourdes_Belo Horizonte, Lourdes_Q3_B2",1313113573.0,"Lourdes_Belo Horizonte, Lourdes",3,2,106m²,3,R$ 1.980.000
"Lourdes_Belo Horizonte, Lourdes_QNone_BNone",1313029017.0,"Lourdes_Belo Horizonte, Lourdes",,,800m²,5 ou mais,R$ 53.501
"Lourdes_Belo Horizonte, Lourdes_Q2_B3",1312851559.0,"Lourdes_Belo Horizonte, Lourdes",2,3,116m²,2,R$ 6.000
"Lourdes_Belo Horizonte, Lourdes_Q1_B2",1312849439.0,"Lourdes_Belo Horizonte, Lourdes",1,2,94m²,1,R$ 700.000
"Lourdes_Belo Horizonte, Lourdes_Q2_B2",1312835824.0,"Lourdes_Belo Horizonte, Lourdes",2,2,55m²,2,R$ 4.500
"Lourdes_Belo Horizonte, Lourdes_Q2_B2",1312835534.0,"Lourdes_Belo Horizonte, Lourdes",2,2,55m²,2,R$ 4.500
"Lourdes_Belo Horizonte, Lourdes_Q2_B2",1312835362.0,"Lourdes_Belo Horizonte, Lourdes",2,2,117m²,2,R$ 6.000
"Lourdes_Belo Horizonte, Lourdes_Q1_B2",1312834824.0,"Lourdes_Belo Horizonte, Lourdes",1,2,94m²,1,R$ 700.000
"Lourdes_Belo Horizonte, Lourdes_Q1_B2",1312832049.0,"Lourdes_Belo Horizonte, Lourdes",1,2,94m²,1,R$ 700.000
"Lourdes_Belo Horizonte, Lourdes_QNone_BNone",1312827718.0,"Lourdes_Belo Horizonte, Lourdes",,,700m²,0,R$ 45.000
"Lourdes_Belo Horizonte, Lourdes_Q3_B2",1312820737.0,"Lourdes_Belo Horizonte, Lourdes",3,2,95m²,1,R$ 720.000
"Lourdes_Belo Horizonte, Lourdes_Q2_B2",1312801280.0,"Lourdes_Belo Horizonte, Lourdes",2,2,65m²,2,R$ 1.130.000
"Lourdes_Belo Horizonte, Lourdes_Q3_B4",1312740631.0,"Lourdes_Belo Horizonte, Lourdes",3,4,100m²,2,R$ 1.750.000
"Lourdes_Belo Horizonte, Lourdes_QNone_BNone",1312672579.0,"Lourdes_Belo Horizonte, Lourdes",,,59m²,2,R$ 6.672
"Lourdes_Belo Horizonte, Lourdes_QNone_BNone",1312672363.0,"Lourdes_Belo Horizonte, Lourdes",,,62m²,2,R$ 6.216
"Lourdes_Belo Horizonte, Lourdes_Q4_B2",1312622123.0,"Lourdes_Belo Horizonte, Lourdes",4,2,135m²,,R$ 690.000
"Centro_Belo Horizonte, Centro_QNone_BNone",1312577652.0,"Centro_Belo Horizonte, Centro",,,315m²,,R$ 4.200
"Lourdes_Belo Horizonte, Lourdes_QNone_BNone",1312569366.0,"Lourdes_Belo Horizonte, Lourdes",,,1200m²,,R$ 50.000
"Lourdes_Belo Horizonte, Lourdes_Q2_B3",1312567319.0,"Lourdes_Belo Horizonte, Lourdes",2,3,116m²,2,R$ 1.250.000
"Lourdes_Belo Horizonte, Lourdes_Q2_B2",1312559188.0,"Lourdes_Belo Horizonte, Lourdes",2,2,56m²,2,R$ 779.000
"Lourdes_Belo Horizonte, Lourdes_Q2_B2",1312558292.0,"Lourdes_Belo Horizonte, Lourdes",2,2,56m²,2,R$ 779.000
"Lourdes_Belo Horizonte, Lourdes_Q4_B4",1312531416.0,"Lourdes_Belo Horizonte, Lourdes",4,4,280m²,2,R$ 1.390.000
"Lourdes_Belo Horizonte, Lourdes_Q2_B2",1312454240.0,"Lourdes_Belo Horizonte, Lourdes",2,2,63m²,2,R$ 1.045.000
"Lourdes_Belo Horizonte, Lourdes_Q4_B4",1312444121.0,"Lourdes_Belo Horizonte, Lourdes",4,4,260m²,3,R$ 2.980.000
"Lourdes_Belo Horizonte, Lourdes_Q1_B2",1312255290.0,"Lourdes_Belo Horizonte, Lourdes",1,2,90m²,2,R$ 1.540.000
"Lourdes_Belo Horizonte, Lourdes_Q3_B1",1311949656.0,"Lourdes_Belo Horizonte, Lourdes",3,1,80m²,1,R$ 478.000
"Lourdes_Belo Horizonte, Lourdes_Q2_B3",1311933214.0,"Lourdes_Belo Horizonte, Lourdes",2,3,101m²,2,R$ 1.100.000
"Lourdes_Belo Horizonte, Lourdes_Q2_B2",1311926548.0,"Lourdes_Belo Horizonte, Lourdes",2,2,65m²,2,R$ 1.130.000
"Lourdes_Belo Horizonte, Lourdes_Q3_B2",1311916964.0,"Lourdes_Belo Horizonte, Lourdes",3,2,83m²,2,R$ 1.326.880
"Lourdes_Belo Horizonte, Lourdes_Q2_B3",1311877303.0,"Lourdes_Belo Horizonte, Lourdes",2,3,116m²,2,R$ 7.000
"Lourdes_Belo Horizonte, Lourdes_Q1_B2",1311410399.0,"Lourdes_Belo Horizonte, Lourdes",1,2,88m²,2,R$ 998.000
"Cidade Jardim_Belo Horizonte, Cidade Jardim_Q4_B2",1311404518.0,"Cidade Jardim_Belo Horizonte, Cidade Jardim",4,2,170m²,2,R$ 10.000
"Lourdes_Belo Horizonte, Lourdes_Q3_B3",1311285814.0,"Lourdes_Belo Horizonte, Lourdes",3,3,110m²,2,R$ 1.200.000
"Centro_Belo Horizonte, Centro_Q3_B2",1311277863.0,"Centro_Belo Horizonte, Centro",3,2,98m²,0,R$ 455.000
"Lourdes_Belo Horizonte, Lourdes_Q4_B2",1311263118.0,"Lourdes_Belo Horizonte, Lourdes",4,2,190m²,2,R$ 1.700.000
"Centro_Belo Horizonte, Centro_Q3_B2",1311261615.0,"Centro_Belo Horizonte, Centro",3,2,98m²,0,R$ 455.000
"Lourdes_Belo Horizonte, Lourdes_Q4_B5 ou mais",1311260602.0,"Lourdes_Belo Horizonte, Lourdes",4,5 ou mais,160m²,4,R$ 2.749.000
"Lourdes_Belo Horizonte, Lourdes_QNone_BNone",1311260425.0,"Lourdes_Belo Horizonte, Lourdes",,,42m²,1,R$ 550.000
"Lourdes_Belo Horizonte, Lourdes_Q0_B5 ou mais",1311257546.0,"Lourdes_Belo Horizonte, Lourdes",0,5 ou mais,1200m²,5 ou mais,R$ 48.000
"Centro_Belo Horizonte, Centro_QNone_BNone",1311257286.0,"Centro_Belo Horizonte, Centro",,,143m²,0,R$ 12.190
"Centro_Belo Horizonte, Centro_QNone_BNone",1311256928.0,"Centro_Belo Horizonte, Centro",,,102m²,0,R$ 8.652
"Centro_Belo Horizonte, Centro_Q3_B2",1311256201.0,"Centro_Belo Horizonte, Centro",3,2,98m²,0,R$ 455.000
"Lourdes_Belo Horizonte, Lourdes_QNone_BNone",1311255900.0,"Lourdes_Belo Horizonte, Lourdes",,,600m²,5 ou mais,R$ 30.000
"Lourdes_Belo Horizonte, Lourdes_QNone_BNone",1311255533.0,"Lourdes_Belo Horizonte, Lourdes",,,360m²,0,R$ 10.000
"Lourdes_Belo Horizonte, Lourdes_QNone_BNone",1311253458.0,"Lourdes_Belo Horizonte, Lourdes",,,680m²,5 ou mais,R$ 33.000
"Lourdes_Belo Horizonte, Lourdes_Q4_B2",1311251015.0,"Lourdes_Belo Horizonte, Lourdes",4,2,150m²,1,R$ 950.000
"Lourdes_Belo Horizonte, Lourdes_Q2_B2",1311242252.0,"Lourdes_Belo Horizonte, Lourdes",2,2,121m²,2,R$ 1.650.000
"Lourdes_Belo Horizonte, Lourdes_Q2_B2",1311242102.0,"Lourdes_Belo Horizonte, Lourdes",2,2,129m²,2,R$ 1.600.000
"Lourdes_Belo Horizonte, Lourdes_Q2_B3",1311242002.0,"Lourdes_Belo Horizonte, Lourdes",2,3,65m²,2,R$ 1.130.000
"Lourdes_Belo Horizonte, Lourdes_Q2_B2",1311204126.0,"Lourdes_Belo Horizonte, Lourdes",2,2,82m²,2,R$ 1.314.743
"Lourdes_Belo Horizonte, Lourdes_Q4_B2",1311204015.0,"Lourdes_Belo Horizonte, Lourdes",4,2,100m²,,R$ 680.000
"Lourdes_Belo Horizonte, Lourdes_Q4_B4",1311203955.0,"Lourdes_Belo Horizonte, Lourdes",4,4,300m²,2,R$ 2.000.000
"Lourdes_Belo Horizonte, Lourdes_Q4_B4",1311203196.0,"Lourdes_Belo Horizonte, Lourdes",4,4,300m²,2,R$ 2.000.000
"Lourdes_Belo Horizonte, Lourdes_Q4_B2",1311202914.0,"Lourdes_Belo Horizonte, Lourdes",4,2,100m²,,R$ 680.000
"Lourdes_Belo Horizonte, Lourdes_Q4_B5 ou mais",1311202853.0,"Lourdes_Belo Horizonte, Lourdes",4,5 ou mais,308m²,5 ou mais,R$ 5.200.000
"Lourdes_Belo Horizonte, Lourdes_Q2_B2",1311202717.0,"Lourdes_Belo Horizonte, Lourdes",2,2,70m²,2,R$ 1.100.000
"Lourdes_Belo Horizonte, Lourdes_Q2_B2",1311202515.0,"Lourdes_Belo Horizonte, Lourdes",2,2,82m²,2,R$ 2.009.169
"Lourdes_Belo Horizonte, Lourdes_Q2_B2",1311202081.0,"Lourdes_Belo Horizonte, Lourdes",2,2,143m²,5 ou mais,R$ 1.350.000
"Lourdes_Belo Horizonte, Lourdes_Q2_B2",1311202034.0,"Lourdes_Belo Horizonte, Lourdes",2,2,143m²,5 ou mais,R$ 1.350.000
"Lourdes_Belo Horizonte, Lourdes_Q2_B2",1311201630.0,"Lourdes_Belo Horizonte, Lourdes",2,2,69m²,2,R$ 1.120.000
"Lourdes_Belo Horizonte, Lourdes_Q2_B2",1311201594.0,"Lourdes_Belo Horizonte, Lourdes",2,2,71m²,2,R$ 919.000
"Lourdes_Belo Horizonte, Lourdes_Q2_B2",1311201479.0,"Lourdes_Belo Horizonte, Lourdes",2,2,62m²,2,R$ 895.000
"Lourdes_Belo Horizonte, Lourdes_Q2_B2",1311200654.0,"Lourdes_Belo Horizonte, Lourdes",2,2,70m²,2,R$ 980.000
"Lourdes_Belo Horizonte, Lourdes_Q4_B3",1311200419.0,"Lourdes_Belo Horizonte, Lourdes",4,3,130m²,4,R$ 2.320.000
"Lourdes_Belo Horizonte, Lourdes_Q2_B3",1311198386.0,"Lourdes_Belo Horizonte, Lourdes",2,3,120m²,3,R$ 1.449.000
"Lourdes_Belo Horizonte, Lourdes_Q2_B2",1311197583.0,"Lourdes_Belo Horizonte, Lourdes",2,2,57m²,2,R$ 1.400.000
"Lourdes_Belo Horizonte, Lourdes_Q2_B3",1311197457.0,"Lourdes_Belo Horizonte, Lourdes",2,3,74m²,2,R$ 849.000
"Lourdes_Belo Horizonte, Lourdes_Q1_B2",1311197377.0,"Lourdes_Belo Horizonte, Lourdes",1,2,90m²,2,R$ 998.000
"Lourdes_Belo Horizonte, Lourdes_Q2_B2",1311197210.0,"Lourdes_Belo Horizonte, Lourdes",2,2,57m²,2,R$ 1.400.000
"Lourdes_Belo Horizonte, Lourdes_Q1_B2",1311196964.0,"Lourdes_Belo Horizonte, Lourdes",1,2,90m²,2,R$ 998.000
"Centro_Belo Horizonte, Centro_Q2_B3",1311196953.0,"Centro_Belo Horizonte, Centro",2,3,74m²,2,R$ 849.000
"Lourdes_Belo Horizonte, Lourdes_Q3_B4",1311196937.0,"Lourdes_Belo Horizonte, Lourdes",3,4,79m²,2,R$ 1.069.000
"Lourdes_Belo Horizonte, Lourdes_Q4_B5 ou mais",1311176130.0,"Lourdes_Belo Horizonte, Lourdes",4,5 ou mais,410m²,5 ou mais,R$ 5.900.000
"Lourdes_Belo Horizonte, Lourdes_Q4_B4",1311170642.0,"Lourdes_Belo Horizonte, Lourdes",4,4,240m²,2,R$ 2.120.000
"Lourdes_Belo Horizonte, Lourdes_QNone_BNone",1311154335.0,"Lourdes_Belo Horizonte, Lourdes",,,25m²,,R$ 1.000
"Lourdes_Belo Horizonte, Lourdes_Q4_B4",1310992557.0,"Lourdes_Belo Horizonte, Lourdes",4,4,286m²,4,R$ 18.500
"Centro_Belo Horizonte, Centro_Q3_B2",1310988605.0,"Centro_Belo Horizonte, Centro",3,2,179m²,0,R$ 589.000
"Centro_Belo Horizonte, Centro_Q1_B1",1310857585.0,"Centro_Belo Horizonte, Centro",1,1,42m²,1,R$ 3.290
"Centro_Belo Horizonte, Centro_Q3_B2",1310727800.0,"Centro_Belo Horizonte, Centro",3,2,125m²,0,R$ 450.000
"Lourdes_Belo Horizonte, Lourdes_Q3_B4",1310716725.0,"Lourdes_Belo Horizonte, Lourdes",3,4,112m²,2,R$ 1.550.000
"Lourdes_Belo Horizonte, Lourdes_QNone_BNone",1310709013.0,"Lourdes_Belo Horizonte, Lourdes",,,98m²,,R$ 2.800
"Lourdes_Belo Horizonte, Lourdes_Q1_B1",1310704451.0,"Lourdes_Belo Horizonte, Lourdes",1,1,64m²,,R$ 849.928
"Lourdes_Belo Horizonte, Lourdes_Q2_B1",1310700004.0,"Lourdes_Belo Horizonte, Lourdes",2,1,63m²,,R$ 929.379
"Lourdes_Belo Horizonte, Lourdes_Q3_B2",1310699829.0,"Lourdes_Belo Horizonte, Lourdes",3,2,86m²,,R$ 1.082.684
"Lourdes_Belo Horizonte, Lourdes_Q3_B2",1310698800.0,"Lourdes_Belo Horizonte, Lourdes",3,2,84m²,,R$ 1.062.698
"Lourdes_Belo Horizonte, Lourdes_Q1_B1",1310697414.0,"Lourdes_Belo Horizonte, Lourdes",1,1,36m²,,R$ 623.834
"Lourdes_Belo Horizonte, Lourdes_Q3_B2",1310697249.0,"Lourdes_Belo Horizonte, Lourdes",3,2,77m²,,R$ 957.697
"Lourdes_Belo Horizonte, Lourdes_QNone_BNone",1310671301.0,"Lourdes_Belo Horizonte, Lourdes",,,360m²,,R$ 40.000
"Lourdes_Belo Horizonte, Lourdes_Q4_B4",1310653529.0,"Lourdes_Belo Horizonte, Lourdes",4,4,270m²,3,R$ 2.830.000
"Lourdes_Belo Horizonte, Lourdes_Q3_B2",1310637389.0,"Lourdes_Belo Horizonte, Lourdes",3,2,113m²,2,R$ 1.550.000
"Lourdes_Belo Horizonte, Lourdes_QNone_BNone",1310549971.0,"Lourdes_Belo Horizonte, Lourdes",,,893m²,,R$ 15.000
"Lourdes_Belo Horizonte, Lourdes_Q4_B4",1310549635.0,"Lourdes_Belo Horizonte, Lourdes",4,4,250m²,4,R$ 2.749.000
"Lourdes_Belo Horizonte, Lourdes_Q4_B3",1310514060.0,"Lourdes_Belo Horizonte, Lourdes",4,3,250m²,1,R$ 2.700.000
"Lourdes_Belo Horizonte, Lourdes_Q2_B1",1310391544.0,"Lourdes_Belo Horizonte, Lourdes",2,1,55m²,1,R$ 960.000
"Lourdes_Belo Horizonte, Lourdes_Q2_B2",1310388515.0,"Lourdes_Belo Horizonte, Lourdes",2,2,58m²,2,R$ 1.166.000
"Lourdes_Belo Horizonte, Lourdes_Q4_B5 ou mais",1310369070.0,"Lourdes_Belo Horizonte, Lourdes",4,5 ou mais,307m²,5 ou mais,R$ 5.200.000
"Lourdes_Belo Horizonte, Lourdes_Q5 ou mais_B4",1310344476.0,"Lourdes_Belo Horizonte, Lourdes",5 ou mais,4,300m²,2,R$ 2.200.000
"Centro_Belo Horizonte, Centro_QNone_BNone",1310340835.0,"Centro_Belo Horizonte, Centro",,,270m²,0,R$ 12.000
"Lourdes_Belo Horizonte, Lourdes_QNone_BNone",1310336794.0,"Lourdes_Belo Horizonte, Lourdes",,,160m²,1,R$ 5.500
"Lourdes_Belo Horizonte, Lourdes_QNone_BNone",1310336702.0,"Lourdes_Belo Horizonte, Lourdes",,,884m²,0,R$ 70.000
"Lourdes_Belo Horizonte, Lourdes_Q4_B2",1310317131.0,"Lourdes_Belo Horizonte, Lourdes",4,2,150m²,2,R$ 1.600.000
"Lourdes_Belo Horizonte, Lourdes_QNone_BNone",1310010218.0,"Lourdes_Belo Horizonte, Lourdes",,,428m²,0,R$ 6.300.000
"Lourdes_Belo Horizonte, Lourdes_QNone_BNone",1310003941.0,"Lourdes_Belo Horizonte, Lourdes",,,188m²,,R$ 5.524.760
"Lourdes_Belo Horizonte, Lourdes_Q2_B2",1309989468.0,"Lourdes_Belo Horizonte, Lourdes",2,2,63m²,2,R$ 1.100.000
"Centro_Belo Horizonte, Centro_QNone_BNone",1309989243.0,"Centro_Belo Horizonte, Centro",,,100m²,0,R$ 2.000
"Lourdes_Belo Horizonte, Lourdes_Q2_B2",1309830448.0,"Lourdes_Belo Horizonte, Lourdes",2,2,64m²,2,R$ 1.195.000
"Lourdes_Belo Horizonte, Lourdes_Q4_B2",1309743954.0,"Lourdes_Belo Horizonte, Lourdes",4,2,150m²,2,R$ 1.250.000
"Lourdes_Belo Horizonte, Lourdes_QNone_BNone",1309540599.0,"Lourdes_Belo Horizonte, Lourdes",,,30m²,0,R$ 500
"Lourdes_Belo Horizonte, Lourdes_QNone_BNone",1309540515.0,"Lourdes_Belo Horizonte, Lourdes",,,30m²,0,R$ 500
"Lourdes_Belo Horizonte, Lourdes_Q1_B2",1309398887.0,"Lourdes_Belo Horizonte, Lourdes",1,2,68m²,1,R$ 370.000
"Lourdes_Belo Horizonte, Lourdes_QNone_BNone",1309352565.0,"Lourdes_Belo Horizonte, Lourdes",,,55m²,1,R$ 350.000
"Lourdes_Belo Horizonte, Lourdes_QNone_BNone",1309350278.0,"Lourdes_Belo Horizonte, Lourdes",,,37m²,0,R$ 450
"Lourdes_Belo Horizonte, Lourdes_Q1_B1",1309333313.0,"Lourdes_Belo Horizonte, Lourdes",1,1,75m²,1,R$ 2.400
"Lourdes_Belo Horizonte, Lourdes_Q3_B2",1308873397.0,"Lourdes_Belo Horizonte, Lourdes",3,2,108m²,2,R$ 2.437.830
"Lourdes_Belo Horizonte, Lourdes_QNone_BNone",1308797311.0,"Lourdes_Belo Horizonte, Lourdes",,,183m²,4,R$ 2.200.000
"Lourdes_Belo Horizonte, Lourdes_Q0_B3",1308789318.0,"Lourdes_Belo Horizonte, Lourdes",0,3,881m²,4,R$ 35.000
"Lourdes_Belo Horizonte, Lourdes_Q2_B2",1308772825.0,"Lourdes_Belo Horizonte, Lourdes",2,2,120m²,2,R$ 2.800
"Lourdes_Belo Horizonte, Lourdes_Q2_B2",1308761084.0,"Lourdes_Belo Horizonte, Lourdes",2,2,120m²,2,R$ 2.800
"Lourdes_Belo Horizonte, Lourdes_QNone_BNone",1308703425.0,"Lourdes_Belo Horizonte, Lourdes",,,50m²,0,R$ 1.650
"Lourdes_Belo Horizonte, Lourdes_QNone_BNone",1308700183.0,"Lourdes_Belo Horizonte, Lourdes",,,21m²,0,R$ 650
"Lourdes_Belo Horizonte, Lourdes_QNone_BNone",1308699718.0,"Lourdes_Belo Horizonte, Lourdes",,,20m²,0,R$ 650
"Lourdes_Belo Horizonte, Lourdes_Q4_B5 ou mais",1308682840.0,"Lourdes_Belo Horizonte, Lourdes",4,5 ou mais,500m²,4,R$ 7.290.000
"Cidade Jardim_Belo Horizonte, Cidade Jardim_QNone_BNone",1308679524.0,"Cidade Jardim_Belo Horizonte, Cidade Jardim",,,1196m²,0,R$ 37.000
"Lourdes_Belo Horizonte, Lourdes_Q2_B3",1308676989.0,"Lourdes_Belo Horizonte, Lourdes",2,3,68m²,2,R$ 1.235.195
"Centro_Belo Horizonte, Centro_QNone_BNone",1308616161.0,"Centro_Belo Horizonte, Centro",,,55m²,,R$ 190.000
"Lourdes_Belo Horizonte, Lourdes_QNone_BNone",1308605537.0,"Lourdes_Belo Horizonte, Lourdes",,,35m²,1,R$ 1.200
"Lourdes_Belo Horizonte, Lourdes_Q4_B5 ou mais",1308496712.0,"Lourdes_Belo Horizonte, Lourdes",4,5 ou mais,385m²,5 ou mais,R$ 11.550.000
"Lourdes_Belo Horizonte, Lourdes_Q4_B3",1308488895.0,"Lourdes_Belo Horizonte, Lourdes",4,3,396m²,5 ou mais,R$ 3.700.000
"Lourdes_Belo Horizonte, Lourdes_Q4_B4",1308419530.0,"Lourdes_Belo Horizonte, Lourdes",4,4,209m²,5 ou mais,R$ 4.500.000
"Lourdes_Belo Horizonte, Lourdes_Q1_B1",1308046234.0,"Lourdes_Belo Horizonte, Lourdes",1,1,94m²,1,R$ 510.000
"Lourdes_Belo Horizonte, Lourdes_Q4_B3",1307749065.0,"Lourdes_Belo Horizonte, Lourdes",4,3,220m²,2,R$ 2.120.000
"Lourdes_Belo Horizonte, Lourdes_Q2_B3",1307709617.0,"Lourdes_Belo Horizonte, Lourdes",2,3,121m²,2,R$ 1.630.000
"Lourdes_Belo Horizonte, Lourdes_Q2_B2",1307709430.0,"Lourdes_Belo Horizonte, Lourdes",2,2,65m²,2,R$ 1.124.000
"Lourdes_Belo Horizonte, Lourdes_Q2_B2",1307709280.0,"Lourdes_Belo Horizonte, Lourdes",2,2,129m²,2,R$ 1.600.000
"Lourdes_Belo Horizonte, Lourdes_Q4_B5 ou mais",1307708287.0,"Lourdes_Belo Horizonte, Lourdes",4,5 ou mais,390m²,4,R$ 3.500.000
"Lourdes_Belo Horizonte, Lourdes_Q1_B1",1307707332.0,"Lourdes_Belo Horizonte, Lourdes",1,1,50m²,1,R$ 3.500
"Lourdes_Belo Horizonte, Lourdes_Q2_B3",1307493320.0,"Lourdes_Belo Horizonte, Lourdes",2,3,100m²,2,R$ 1.390.000
"Lourdes_Belo Horizonte, Lourdes_Q3_B3",1307426832.0,"Lourdes_Belo Horizonte, Lourdes",3,3,100m²,2,R$ 1.300.000
"Lourdes_Belo Horizonte, Lourdes_Q4_B3",1307373466.0,"Lourdes_Belo Horizonte, Lourdes",4,3,163m²,3,R$ 1.730.000
"Lourdes_Belo Horizonte, Lourdes_Q2_B2",1307267659.0,"Lourdes_Belo Horizonte, Lourdes",2,2,66m²,1,R$ 3.900
"Lourdes_Belo Horizonte, Lourdes_Q1_B1",1307246410.0,"Lourdes_Belo Horizonte, Lourdes",1,1,58m²,1,R$ 1.297.820
"Centro_Belo Horizonte, Centro_QNone_BNone",1307219993.0,"Centro_Belo Horizonte, Centro",,,441m²,0,R$ 18.000
"Lourdes_Belo Horizonte, Lourdes_Q2_B2",1307096568.0,"Lourdes_Belo Horizonte, Lourdes",2,2,104m²,2,R$ 1.856.780
"Lourdes_Belo Horizonte, Lourdes_QNone_BNone",1307063019.0,"Lourdes_Belo Horizonte, Lourdes",,,40m²,0,R$ 155.000
"Centro_Belo Horizonte, Centro_QNone_BNone",1306957111.0,"Centro_Belo Horizonte, Centro",,,61m²,0,R$ 3.000
"Centro_Belo Horizonte, Centro_QNone_BNone",1306957096.0,"Centro_Belo Horizonte, Centro",,,102m²,0,R$ 10.179
"Centro_Belo Horizonte, Centro_QNone_BNone",1306957081.0,"Centro_Belo Horizonte, Centro",,,143m²,0,R$ 14.341
"Lourdes_Belo Horizonte, Lourdes_Q3_B3",1306877619.0,"Lourdes_Belo Horizonte, Lourdes",3,3,96m²,2,R$ 1.500.000
"Lourdes_Belo Horizonte, Lourdes_QNone_BNone",1306830303.0,"Lourdes_Belo Horizonte, Lourdes",,,30m²,0,R$ 850
"Lourdes_Belo Horizonte, Lourdes_Q1_B1",1306823343.0,"Lourdes_Belo Horizonte, Lourdes",1,1,94m²,1,R$ 650.000
"Lourdes_Belo Horizonte, Lourdes_Q3_B4",1306778818.0,"Lourdes_Belo Horizonte, Lourdes",3,4,175m²,3,R$ 1.980.000
"Lourdes_Belo Horizonte, Lourdes_Q4_B5 ou mais",1306749371.0,"Lourdes_Belo Horizonte, Lourdes",4,5 ou mais,413m²,4,R$ 6.500.000
"Lourdes_Belo Horizonte, Lourdes_Q3_B3",1306701942.0,"Lourdes_Belo Horizonte, Lourdes",3,3,100m²,2,R$ 1.290.000
"Lourdes_Belo Horizonte, Lourdes_Q3_B4",1306700482.0,"Lourdes_Belo Horizonte, Lourdes",3,4,175m²,3,R$ 1.980.000
"Centro_Belo Horizonte, Centro_Q2_B1",1306699415.0,"Centro_Belo Horizonte, Centro",2,1,55m²,0,R$ 280.000
"Lourdes_Belo Horizonte, Lourdes_Q4_B5 ou mais",1308877711.0,"Lourdes_Belo Horizonte, Lourdes",4,5 ou mais,165m²,2,R$ 2.500.000
"Lourdes_Belo Horizonte, Lourdes_Q2_B1",1306584851.0,"Lourdes_Belo Horizonte, Lourdes",2,1,70m²,2,R$ 4.600
"Lourdes_Belo Horizonte, Lourdes_Q3_B2",1306574864.0,"Lourdes_Belo Horizonte, Lourdes",3,2,93m²,2,R$ 1.843.700
"Centro_Belo Horizonte, Centro_Q2_B1",1306574687.0,"Centro_Belo Horizonte, Centro",2,1,72m²,0,R$ 400.000
"Lourdes_Belo Horizonte, Lourdes_Q2_B5 ou mais",1306573910.0,"Lourdes_Belo Horizonte, Lourdes",2,5 ou mais,307m²,5 ou mais,R$ 5.200.000
"Lourdes_Belo Horizonte, Lourdes_Q3_B3",1306552916.0,"Lourdes_Belo Horizonte, Lourdes",3,3,115m²,2,R$ 1.990.000
"Lourdes_Belo Horizonte, Lourdes_Q2_B1",1306332836.0,"Lourdes_Belo Horizonte, Lourdes",2,1,52m²,1,R$ 4.200
"Lourdes_Belo Horizonte, Lourdes_Q2_B2",1306332665.0,"Lourdes_Belo Horizonte, Lourdes",2,2,65m²,2,R$ 4.600
"Lourdes_Belo Horizonte, Lourdes_Q3_B3",1306292048.0,"Lourdes_Belo Horizonte, Lourdes",3,3,95m²,3,R$ 1.500.000
"Lourdes_Belo Horizonte, Lourdes_Q3_B1",1306256847.0,"Lourdes_Belo Horizonte, Lourdes",3,1,114m²,2,R$ 2.020.000
"Lourdes_Belo Horizonte, Lourdes_Q1_B2",1306256349.0,"Lourdes_Belo Horizonte, Lourdes",1,2,90m²,1,R$ 1.490.000
"Lourdes_Belo Horizonte, Lourdes_QNone_BNone",1306252645.0,"Lourdes_Belo Horizonte, Lourdes",,,680m²,4,R$ 38.000
"Centro_Belo Horizonte, Centro_QNone_BNone",1305998088.0,"Centro_Belo Horizonte, Centro",,,124m²,0,R$ 12.433
"Lourdes_Belo Horizonte, Lourdes_Q2_B2",1305901677.0,"Lourdes_Belo Horizonte, Lourdes",2,2,65m²,,R$ 1.270.000
"Lourdes_Belo Horizonte, Lourdes_Q1_B1",1305861925.0,"Lourdes_Belo Horizonte, Lourdes",1,1,26m²,0,R$ 450.000
"Lourdes_Belo Horizonte, Lourdes_QNone_BNone",1305784070.0,"Lourdes_Belo Horizonte, Lourdes",,,42m²,0,R$ 384.000
"Lourdes_Belo Horizonte, Lourdes_QNone_BNone",1305575216.0,"Lourdes_Belo Horizonte, Lourdes",,,200m²,5 ou mais,R$ 13.000
"Centro_Belo Horizonte, Centro_QNone_BNone",1305574760.0,"Centro_Belo Horizonte, Centro",,,42m²,0,R$ 2.235
"Centro_Belo Horizonte, Centro_QNone_BNone",1305574648.0,"Centro_Belo Horizonte, Centro",,,146m²,0,R$ 7.417
"Centro_Belo Horizonte, Centro_QNone_BNone",1305574643.0,"Centro_Belo Horizonte, Centro",,,50m²,0,R$ 2.323
"Centro_Belo Horizonte, Centro_QNone_BNone",1305574638.0,"Centro_Belo Horizonte, Centro",,,53m²,0,R$ 2.541
"Centro_Belo Horizonte, Centro_QNone_BNone",1305574634.0,"Centro_Belo Horizonte, Centro",,,53m²,0,R$ 2.512
"Centro_Belo Horizonte, Centro_QNone_BNone",1305574626.0,"Centro_Belo Horizonte, Centro",,,35m²,0,R$ 2.608
"Lourdes_Belo Horizonte, Lourdes_Q4_B4",1305506657.0,"Lourdes_Belo Horizonte, Lourdes",4,4,150m²,2,R$ 1.590.000
"Lourdes_Belo Horizonte, Lourdes_QNone_BNone",1305312338.0,"Lourdes_Belo Horizonte, Lourdes",,,4126m²,4,R$ 13.000
"Centro_Belo Horizonte, Centro_QNone_BNone",1305312164.0,"Centro_Belo Horizonte, Centro",,,27m²,0,R$ 1.734
"Centro_Belo Horizonte, Centro_QNone_BNone",1305312064.0,"Centro_Belo Horizonte, Centro",,,41m²,0,R$ 3.069
"Centro_Belo Horizonte, Centro_QNone_BNone",1305311955.0,"Centro_Belo Horizonte, Centro",,,31m²,0,R$ 2.361
"Lourdes_Belo Horizonte, Lourdes_Q4_B4",1305200065.0,"Lourdes_Belo Horizonte, Lourdes",4,4,180m²,2,R$ 1.500.000
"Centro_Belo Horizonte, Centro_QNone_BNone",1305152581.0,"Centro_Belo Horizonte, Centro",,,31m²,0,R$ 2.194
"Centro_Belo Horizonte, Centro_QNone_BNone",1305152561.0,"Centro_Belo Horizonte, Centro",,,34m²,0,R$ 2.572
"Lourdes_Belo Horizonte, Lourdes_QNone_BNone",1305152557.0,"Lourdes_Belo Horizonte, Lourdes",,,314m²,0,R$ 27.900
"Lourdes_Belo Horizonte, Lourdes_QNone_BNone",1305152552.0,"Lourdes_Belo Horizonte, Lourdes",,,150m²,4,R$ 6.000
"Centro_Belo Horizonte, Centro_QNone_BNone",1305152543.0,"Centro_Belo Horizonte, Centro",,,107m²,0,R$ 8.057
"Centro_Belo Horizonte, Centro_QNone_BNone",1305152548.0,"Centro_Belo Horizonte, Centro",,,25m²,0,R$ 1.728
"Centro_Belo Horizonte, Centro_QNone_BNone",1305152540.0,"Centro_Belo Horizonte, Centro",,,35m²,0,R$ 2.622
"Santo Agostinho_Belo Horizonte, Santo Agostinho_QNone_BNone",1305152490.0,"Santo Agostinho_Belo Horizonte, Santo Agostinho",,,161m²,0,R$ 15.000
"Centro_Belo Horizonte, Centro_QNone_BNone",1305152496.0,"Centro_Belo Horizonte, Centro",,,28m²,0,R$ 1.790
"Centro_Belo Horizonte, Centro_QNone_BNone",1305152499.0,"Centro_Belo Horizonte, Centro",,,31m²,0,R$ 2.194
"Centro_Belo Horizonte, Centro_QNone_BNone",1305152469.0,"Centro_Belo Horizonte, Centro",,,26m²,0,R$ 1.793
"Centro_Belo Horizonte, Centro_QNone_BNone",1305152471.0,"Centro_Belo Horizonte, Centro",,,31m²,0,R$ 2.321
"Centro_Belo Horizonte, Centro_QNone_BNone",1305152460.0,"Centro_Belo Horizonte, Centro",,,45m²,0,R$ 2.896
"Centro_Belo Horizonte, Centro_QNone_BNone",1305152446.0,"Centro_Belo Horizonte, Centro",,,44m²,0,R$ 3.114
"Centro_Belo Horizonte, Centro_QNone_BNone",1305152451.0,"Centro_Belo Horizonte, Centro",,,44m²,0,R$ 3.098
"Centro_Belo Horizonte, Centro_QNone_BNone",1305152438.0,"Centro_Belo Horizonte, Centro",,,25m²,0,R$ 1.730
"Centro_Belo Horizonte, Centro_QNone_BNone",1305152439.0,"Centro_Belo Horizonte, Centro",,,31m²,0,R$ 2.314
"Lourdes_Belo Horizonte, Lourdes_QNone_BNone",1305152427.0,"Lourdes_Belo Horizonte, Lourdes",,,557m²,5 ou mais,R$ 40.000
"Lourdes_Belo Horizonte, Lourdes_QNone_BNone",1305152414.0,"Lourdes_Belo Horizonte, Lourdes",,,212m²,0,R$ 21.000
"Centro_Belo Horizonte, Centro_QNone_BNone",1305152418.0,"Centro_Belo Horizonte, Centro",,,27m²,0,R$ 1.858
"Centro_Belo Horizonte, Centro_QNone_BNone",1305152402.0,"Centro_Belo Horizonte, Centro",,,27m²,0,R$ 1.867
"Centro_Belo Horizonte, Centro_QNone_BNone",1305152405.0,"Centro_Belo Horizonte, Centro",,,30m²,0,R$ 2.237
"Centro_Belo Horizonte, Centro_QNone_BNone",1305152393.0,"Centro_Belo Horizonte, Centro",,,25m²,0,R$ 1.605
"Lourdes_Belo Horizonte, Lourdes_QNone_BNone",1305048122.0,"Lourdes_Belo Horizonte, Lourdes",,,32m²,,R$ 1.200
"Lourdes_Belo Horizonte, Lourdes_QNone_BNone",1305048026.0,"Lourdes_Belo Horizonte, Lourdes",,,38m²,,R$ 1.300
"Lourdes_Belo Horizonte, Lourdes_QNone_BNone",1305047995.0,"Lourdes_Belo Horizonte, Lourdes",,,28m²,,R$ 950
"Lourdes_Belo Horizonte, Lourdes_Q0_B5 ou mais",1305022747.0,"Lourdes_Belo Horizonte, Lourdes",0,5 ou mais,5025m²,5 ou mais,R$ 214.600
"Lourdes_Belo Horizonte, Lourdes_QNone_BNone",1305021248.0,"Lourdes_Belo Horizonte, Lourdes",,,150m²,4,R$ 6.000
"Lourdes_Belo Horizonte, Lourdes_QNone_BNone",1305021225.0,"Lourdes_Belo Horizonte, Lourdes",,,150m²,4,R$ 6.000
"Lourdes_Belo Horizonte, Lourdes_Q4_B3",1305006430.0,"Lourdes_Belo Horizonte, Lourdes",4,3,154m²,2,R$ 6.300
"Centro_Belo Horizonte, Centro_QNone_BNone",1304993394.0,"Centro_Belo Horizonte, Centro",,,317m²,0,R$ 20.225
"Centro_Belo Horizonte, Centro_QNone_BNone",1304993300.0,"Centro_Belo Horizonte, Centro",,,243m²,0,R$ 18.225
"Lourdes_Belo Horizonte, Lourdes_QNone_BNone",1304993255.0,"Lourdes_Belo Horizonte, Lourdes",,,600m²,5 ou mais,R$ 19.500
"Lourdes_Belo Horizonte, Lourdes_QNone_BNone",1304993268.0,"Lourdes_Belo Horizonte, Lourdes",,,45m²,0,R$ 800
"Centro_Belo Horizonte, Centro_QNone_BNone",1304993244.0,"Centro_Belo Horizonte, Centro",,,156m²,0,R$ 3.120
"Lourdes_Belo Horizonte, Lourdes_QNone_BNone",1304993164.0,"Lourdes_Belo Horizonte, Lourdes",,,205m²,4,R$ 13.000
"Lourdes_Belo Horizonte, Lourdes_QNone_BNone",1304993122.0,"Lourdes_Belo Horizonte, Lourdes",,,543m²,0,R$ 32.000
"Centro_Belo Horizonte, Centro_QNone_BNone",1304993029.0,"Centro_Belo Horizonte, Centro",,,400m²,0,R$ 26.000
"Lourdes_Belo Horizonte, Lourdes_Q3_B2",1304915827.0,"Lourdes_Belo Horizonte, Lourdes",3,2,254m²,2,R$ 2.450.000
"Lourdes_Belo Horizonte, Lourdes_Q4_B3",1304877171.0,"Lourdes_Belo Horizonte, Lourdes",4,3,140m²,2,R$ 1.400.000
"Lourdes_Belo Horizonte, Lourdes_Q1_B1",1304702570.0,"Lourdes_Belo Horizonte, Lourdes",1,1,57m²,1,R$ 839.715
"Centro_Belo Horizonte, Centro_QNone_BNone",1304696960.0,"Centro_Belo Horizonte, Centro",,,42m²,0,R$ 80.000
"Lourdes_Belo Horizonte, Lourdes_Q3_B4",1304685935.0,"Lourdes_Belo Horizonte, Lourdes",3,4,137m²,2,R$ 2.357.940
"Lourdes_Belo Horizonte, Lourdes_Q2_B2",1304647644.0,"Lourdes_Belo Horizonte, Lourdes",2,2,68m²,0,R$ 1.273.490
"Lourdes_Belo Horizonte, Lourdes_QNone_BNone",1304508477.0,"Lourdes_Belo Horizonte, Lourdes",,,30m²,1,R$ 510.000
"Lourdes_Belo Horizonte, Lourdes_QNone_BNone",1304508356.0,"Lourdes_Belo Horizonte, Lourdes",,,30m²,1,R$ 280.000
"Lourdes_Belo Horizonte, Lourdes_QNone_BNone",1304487854.0,"Lourdes_Belo Horizonte, Lourdes",,,30m²,,R$ 230.000
"Lourdes_Belo Horizonte, Lourdes_Q2_B3",1304431307.0,"Lourdes_Belo Horizonte, Lourdes",2,3,106m²,2,R$ 870.000
"Centro_Belo Horizonte, Centro_QNone_BNone",1304347619.0,"Centro_Belo Horizonte, Centro",,,53m²,0,R$ 1.986
"Centro_Belo Horizonte, Centro_QNone_BNone",1304343033.0,"Centro_Belo Horizonte, Centro",,,36m²,0,R$ 1.526
"Centro_Belo Horizonte, Centro_QNone_BNone",1304342808.0,"Centro_Belo Horizonte, Centro",,,42m²,0,R$ 1.815
"Centro_Belo Horizonte, Centro_QNone_BNone",1304339595.0,"Centro_Belo Horizonte, Centro",,,37m²,0,R$ 1.581
"Centro_Belo Horizonte, Centro_QNone_BNone",1304334589.0,"Centro_Belo Horizonte, Centro",,,37m²,0,R$ 1.546
"Centro_Belo Horizonte, Centro_QNone_BNone",1304324916.0,"Centro_Belo Horizonte, Centro",,,50m²,0,R$ 1.821
"Lourdes_Belo Horizonte, Lourdes_Q3_B3",1304285551.0,"Lourdes_Belo Horizonte, Lourdes",3,3,175m²,3,R$ 2.099.000
"Lourdes_Belo Horizonte, Lourdes_Q1_B2",1304276425.0,"Lourdes_Belo Horizonte, Lourdes",1,2,80m²,1,R$ 600.000
"Lourdes_Belo Horizonte, Lourdes_Q2_B2",1304270970.0,"Lourdes_Belo Horizonte, Lourdes",2,2,59m²,2,R$ 1.100.000
"Lourdes_Belo Horizonte, Lourdes_Q4_B5 ou mais",1304141812.0,"Lourdes_Belo Horizonte, Lourdes",4,5 ou mais,307m²,5 ou mais,R$ 5.200.000
"Lourdes_Belo Horizonte, Lourdes_Q4_B4",1303975962.0,"Lourdes_Belo Horizonte, Lourdes",4,4,201m²,3,R$ 4.200.000
"Lourdes_Belo Horizonte, Lourdes_Q4_B3",1303959882.0,"Lourdes_Belo Horizonte, Lourdes",4,3,190m²,2,R$ 1.715.000
"Lourdes_Belo Horizonte, Lourdes_Q4_B2",1303958622.0,"Lourdes_Belo Horizonte, Lourdes",4,2,171m²,2,R$ 1.297.000
"Lourdes_Belo Horizonte, Lourdes_Q4_B5 ou mais",1303953771.0,"Lourdes_Belo Horizonte, Lourdes",4,5 ou mais,257m²,3,R$ 2.980.000
"Centro_Belo Horizonte, Centro_Q3_B2",1303787511.0,"Centro_Belo Horizonte, Centro",3,2,120m²,0,R$ 750.000
"Lourdes_Belo Horizonte, Lourdes_QNone_BNone",1303686628.0,"Lourdes_Belo Horizonte, Lourdes",,,42m²,1,R$ 550.000
"Lourdes_Belo Horizonte, Lourdes_Q4_B5 ou mais",1303537683.0,"Lourdes_Belo Horizonte, Lourdes",4,5 ou mais,352m²,4,R$ 3.690.000
"Lourdes_Belo Horizonte, Lourdes_Q4_B3",1303421892.0,"Lourdes_Belo Horizonte, Lourdes",4,3,307m²,5 ou mais,R$ 5.200.000
"Centro_Belo Horizonte, Centro_Q1_B1",1303333488.0,"Centro_Belo Horizonte, Centro",1,1,40m²,1,R$ 2.950
"Lourdes_Belo Horizonte, Lourdes_Q3_B2",1303269543.0,"Lourdes_Belo Horizonte, Lourdes",3,2,86m²,2,R$ 1.350.000
"Centro_Belo Horizonte, Centro_QNone_BNone",1303262587.0,"Centro_Belo Horizonte, Centro",,,35m²,0,R$ 1.923
"Centro_Belo Horizonte, Centro_QNone_BNone",1303262418.0,"Centro_Belo Horizonte, Centro",,,53m²,0,R$ 2.008
"Lourdes_Belo Horizonte, Lourdes_Q3_B3",1303189516.0,"Lourdes_Belo Horizonte, Lourdes",3,3,116m²,2,R$ 2.230.000
"Santo Agostinho_Belo Horizonte, Santo Agostinho_QNone_BNone",1303164890.0,"Santo Agostinho_Belo Horizonte, Santo Agostinho",,,90m²,1,R$ 670.000
"Lourdes_Belo Horizonte, Lourdes_Q3_B3",1303108391.0,"Lourdes_Belo Horizonte, Lourdes",3,3,114m²,2,R$ 2.080.000
"Lourdes_Belo Horizonte, Lourdes_Q3_B3",1302909251.0,"Lourdes_Belo Horizonte, Lourdes",3,3,105m²,2,R$ 2.235.353
"Lourdes_Belo Horizonte, Lourdes_Q2_B3",1302906411.0,"Lourdes_Belo Horizonte, Lourdes",2,3,121m²,2,R$ 2.400.000
"Lourdes_Belo Horizonte, Lourdes_QNone_BNone",1302895299.0,"Lourdes_Belo Horizonte, Lourdes",,,110m²,2,R$ 1.384.480
"Santo Antônio_Belo Horizonte, Santo Antônio_QNone_BNone",1302885560.0,"Santo Antônio_Belo Horizonte, Santo Antônio",,,100m²,0,R$ 3.250
"Lourdes_Belo Horizonte, Lourdes_Q4_B5 ou mais",1302698698.0,"Lourdes_Belo Horizonte, Lourdes",4,5 ou mais,280m²,2,R$ 1.400.000
"Lourdes_Belo Horizonte, Lourdes_Q3_B2",1302672247.0,"Lourdes_Belo Horizonte, Lourdes",3,2,76m²,2,R$ 1.392.000
"Lourdes_Belo Horizonte, Lourdes_QNone_BNone",1302650462.0,"Lourdes_Belo Horizonte, Lourdes",,,26m²,0,R$ 750
"Lourdes_Belo Horizonte, Lourdes_QNone_BNone",1302635526.0,"Lourdes_Belo Horizonte, Lourdes",,,41m²,0,R$ 570
"Lourdes_Belo Horizonte, Lourdes_QNone_BNone",1302602298.0,"Lourdes_Belo Horizonte, Lourdes",,,33m²,,R$ 225.360
"Lourdes_Belo Horizonte, Lourdes_QNone_BNone",1302597727.0,"Lourdes_Belo Horizonte, Lourdes",,,34m²,1,R$ 900
"Lourdes_Belo Horizonte, Lourdes_Q1_B1",1302597632.0,"Lourdes_Belo Horizonte, Lourdes",1,1,26m²,0,R$ 480.000
"Lourdes_Belo Horizonte, Lourdes_QNone_BNone",1302596860.0,"Lourdes_Belo Horizonte, Lourdes",,,53m²,1,R$ 1.500
"Centro_Belo Horizonte, Centro_QNone_BNone",1302593464.0,"Centro_Belo Horizonte, Centro",,,140m²,0,R$ 485.000
"Lourdes_Belo Horizonte, Lourdes_Q4_B5 ou mais",1302589084.0,"Lourdes_Belo Horizonte, Lourdes",4,5 ou mais,516m²,3,R$ 13.616.000
"Lourdes_Belo Horizonte, Lourdes_Q2_B1",1302588431.0,"Lourdes_Belo Horizonte, Lourdes",2,1,70m²,2,R$ 1.200.000
"Lourdes_Belo Horizonte, Lourdes_Q4_B5 ou mais",1302587484.0,"Lourdes_Belo Horizonte, Lourdes",4,5 ou mais,291m²,3,R$ 7.150.000
"Lourdes_Belo Horizonte, Lourdes_Q4_B5 ou mais",1302587116.0,"Lourdes_Belo Horizonte, Lourdes",4,5 ou mais,265m²,3,R$ 6.700.000
"Lourdes_Belo Horizonte, Lourdes_Q4_B5 ou mais",1302587060.0,"Lourdes_Belo Horizonte, Lourdes",4,5 ou mais,200m²,3,R$ 4.400.000
"Lourdes_Belo Horizonte, Lourdes_Q4_B5 ou mais",1302586817.0,"Lourdes_Belo Horizonte, Lourdes",4,5 ou mais,416m²,3,R$ 13.590.000
"Lourdes_Belo Horizonte, Lourdes_Q4_B5 ou mais",1302586735.0,"Lourdes_Belo Horizonte, Lourdes",4,5 ou mais,328m²,3,R$ 11.900.000
"Lourdes_Belo Horizonte, Lourdes_Q4_B5 ou mais",1302586612.0,"Lourdes_Belo Horizonte, Lourdes",4,5 ou mais,267m²,3,R$ 7.500.000
"Lourdes_Belo Horizonte, Lourdes_QNone_BNone",1302585948.0,"Lourdes_Belo Horizonte, Lourdes",,,165m²,1,R$ 8.000
"Lourdes_Belo Horizonte, Lourdes_Q2_B1",1302580149.0,"Lourdes_Belo Horizonte, Lourdes",2,1,54m²,1,R$ 850.000
"Lourdes_Belo Horizonte, Lourdes_Q3_B4",1302347901.0,"Lourdes_Belo Horizonte, Lourdes",3,4,403m²,4,R$ 6.500.000
"Lourdes_Belo Horizonte, Lourdes_Q4_B2",1302347323.0,"Lourdes_Belo Horizonte, Lourdes",4,2,200m²,2,R$ 1.490.000
"Lourdes_Belo Horizonte, Lourdes_Q2_B2",1302273850.0,"Lourdes_Belo Horizonte, Lourdes",2,2,70m²,2,R$ 1.359.000
"Centro_Belo Horizonte, Centro_Q2_B1",1302260621.0,"Centro_Belo Horizonte, Centro",2,1,55m²,0,R$ 280.000
"Lourdes_Belo Horizonte, Lourdes_Q3_B3",1302257880.0,"Lourdes_Belo Horizonte, Lourdes",3,3,112m²,2,R$ 2.453.041
"Lourdes_Belo Horizonte, Lourdes_Q4_B2",1302245307.0,"Lourdes_Belo Horizonte, Lourdes",4,2,419m²,4,R$ 3.950.000
"Lourdes_Belo Horizonte, Lourdes_Q3_B3",1302245073.0,"Lourdes_Belo Horizonte, Lourdes",3,3,120m²,3,R$ 2.040.000
"Lourdes_Belo Horizonte, Lourdes_Q1_B1",1302151955.0,"Lourdes_Belo Horizonte, Lourdes",1,1,75m²,2,R$ 1.150.000
"Lourdes_Belo Horizonte, Lourdes_Q2_B3",1301614980.0,"Lourdes_Belo Horizonte, Lourdes",2,3,137m²,2,R$ 6.500
"Centro_Belo Horizonte, Centro_QNone_BNone",1301588977.0,"Centro_Belo Horizonte, Centro",,,35m²,0,R$ 80.000
"Centro_Belo Horizonte, Centro_QNone_BNone",1301583896.0,"Centro_Belo Horizonte, Centro",,,124m²,0,R$ 10.568
"Lourdes_Belo Horizonte, Lourdes_QNone_BNone",1301583247.0,"Lourdes_Belo Horizonte, Lourdes",,,183m²,4,R$ 8.235
"Lourdes_Belo Horizonte, Lourdes_QNone_BNone",1301583011.0,"Lourdes_Belo Horizonte, Lourdes",,,183m²,4,R$ 2.287.500
"Centro_Belo Horizonte, Centro_QNone_BNone",1301582029.0,"Centro_Belo Horizonte, Centro",,,146m²,0,R$ 7.417
"Lourdes_Belo Horizonte, Lourdes_QNone_BNone",1301579900.0,"Lourdes_Belo Horizonte, Lourdes",,,206m²,3,R$ 2.780.000
"Lourdes_Belo Horizonte, Lourdes_QNone_BNone",1301529756.0,"Lourdes_Belo Horizonte, Lourdes",,,54m²,1,R$ 250.000
"Lourdes_Belo Horizonte, Lourdes_Q3_B5 ou mais",1301373936.0,"Lourdes_Belo Horizonte, Lourdes",3,5 ou mais,108m²,3,R$ 2.437.830
"Centro_Belo Horizonte, Centro_QNone_BNone",1301362947.0,"Centro_Belo Horizonte, Centro",,,102m²,0,R$ 8.652
"Lourdes_Belo Horizonte, Lourdes_QNone_BNone",1301362476.0,"Lourdes_Belo Horizonte, Lourdes",,,150m²,4,R$ 6.000
"Lourdes_Belo Horizonte, Lourdes_QNone_BNone",1301358529.0,"Lourdes_Belo Horizonte, Lourdes",,,150m²,4,R$ 6.000
"Centro_Belo Horizonte, Centro_QNone_BNone",1301357252.0,"Centro_Belo Horizonte, Centro",,,61m²,0,R$ 2.386
"Centro_Belo Horizonte, Centro_QNone_BNone",1301357062.0,"Centro_Belo Horizonte, Centro",,,143m²,0,R$ 12.190
"Centro_Belo Horizonte, Centro_QNone_BNone",1301357056.0,"Centro_Belo Horizonte, Centro",,,124m²,0,R$ 12.433
"Lourdes_Belo Horizonte, Lourdes_Q4_B5 ou mais",1301332654.0,"Lourdes_Belo Horizonte, Lourdes",4,5 ou mais,585m²,4,R$ 5.998.000
"Lourdes_Belo Horizonte, Lourdes_Q3_B3",1301325301.0,"Lourdes_Belo Horizonte, Lourdes",3,3,100m²,2,R$ 1.290.000
"Lourdes_Belo Horizonte, Lourdes_QNone_BNone",1301319167.0,"Lourdes_Belo Horizonte, Lourdes",,,319m²,0,R$ 30.000
"Centro_Belo Horizonte, Centro_QNone_BNone",1301100174.0,"Centro_Belo Horizonte, Centro",,,40m²,,R$ 1.200
"Centro_Belo Horizonte, Centro_QNone_BNone",1301100170.0,"Centro_Belo Horizonte, Centro",,,60m²,,R$ 1.200
"Cidade Jardim_Belo Horizonte, Cidade Jardim_Q4_B5 ou mais",1300946024.0,"Cidade Jardim_Belo Horizonte, Cidade Jardim",4,5 ou mais,550m²,4,R$ 8.800.000
"Lourdes_Belo Horizonte, Lourdes_Q2_B2",1300872223.0,"Lourdes_Belo Horizonte, Lourdes",2,2,77m²,2,R$ 1.050.000
"Centro_Belo Horizonte, Centro_Q3_B2",1300773223.0,"Centro_Belo Horizonte, Centro",3,2,166m²,0,R$ 530.000
"Lourdes_Belo Horizonte, Lourdes_QNone_BNone",1300742115.0,"Lourdes_Belo Horizonte, Lourdes",,,800m²,5 ou mais,R$ 25.000
"Lourdes_Belo Horizonte, Lourdes_QNone_BNone",1300741710.0,"Lourdes_Belo Horizonte, Lourdes",,,800m²,5 ou mais,R$ 25.000
"Lourdes_Belo Horizonte, Lourdes_Q4_B5 ou mais",1300640269.0,"Lourdes_Belo Horizonte, Lourdes",4,5 ou mais,131m²,4,R$ 2.550.000
"Lourdes_Belo Horizonte, Lourdes_QNone_BNone",1300602267.0,"Lourdes_Belo Horizonte, Lourdes",,,27m²,,R$ 680
"Lourdes_Belo Horizonte, Lourdes_Q3_B2",1300579052.0,"Lourdes_Belo Horizonte, Lourdes",3,2,85m²,2,R$ 1.480.000
"Lourdes_Belo Horizonte, Lourdes_Q4_B5 ou mais",1300560974.0,"Lourdes_Belo Horizonte, Lourdes",4,5 ou mais,307m²,5 ou mais,R$ 5.800.000
"Centro_Belo Horizonte, Centro_QNone_BNone",1300555221.0,"Centro_Belo Horizonte, Centro",,,143m²,,R$ 14.341
"Lourdes_Belo Horizonte, Lourdes_Q2_B3",1300540865.0,"Lourdes_Belo Horizonte, Lourdes",2,3,70m²,1,R$ 760.000
"Lourdes_Belo Horizonte, Lourdes_Q3_B3",1300523542.0,"Lourdes_Belo Horizonte, Lourdes",3,3,100m²,2,R$ 1.290.000
"Lourdes_Belo Horizonte, Lourdes_Q4_B4",1300503272.0,"Lourdes_Belo Horizonte, Lourdes",4,4,250m²,4,R$ 2.749.000
"Lourdes_Belo Horizonte, Lourdes_Q3_B3",1300498574.0,"Lourdes_Belo Horizonte, Lourdes",3,3,114m²,2,R$ 2.010.000
"Lourdes_Belo Horizonte, Lourdes_Q3_B3",1300486818.0,"Lourdes_Belo Horizonte, Lourdes",3,3,100m²,2,R$ 1.290.000
"Lourdes_Belo Horizonte, Lourdes_Q3_B2",1300480644.0,"Lourdes_Belo Horizonte, Lourdes",3,2,140m²,1,R$ 430.000
"Lourdes_Belo Horizonte, Lourdes_QNone_BNone",1300453505.0,"Lourdes_Belo Horizonte, Lourdes",,,36m²,0,R$ 180.000
"Lourdes_Belo Horizonte, Lourdes_QNone_BNone",1300453461.0,"Lourdes_Belo Horizonte, Lourdes",,,36m²,0,R$ 480
"Lourdes_Belo Horizonte, Lourdes_Q4_B5 ou mais",1300361972.0,"Lourdes_Belo Horizonte, Lourdes",4,5 ou mais,360m²,5 ou mais,R$ 7.600.000
"Lourdes_Belo Horizonte, Lourdes_QNone_BNone",1299961398.0,"Lourdes_Belo Horizonte, Lourdes",,,175m²,3,R$ 8.926
"Lourdes_Belo Horizonte, Lourdes_QNone_BNone",1299899065.0,"Lourdes_Belo Horizonte, Lourdes",,,800m²,5 ou mais,R$ 25.000
"Lourdes_Belo Horizonte, Lourdes_Q3_B3",1299756278.0,"Lourdes_Belo Horizonte, Lourdes",3,3,250m²,3,R$ 2.420.000
"Lourdes_Belo Horizonte, Lourdes_Q3_B3",1299684297.0,"Lourdes_Belo Horizonte, Lourdes",3,3,173m²,3,R$ 2.800.000
"Lourdes_Belo Horizonte, Lourdes_Q4_B5 ou mais",1299651179.0,"Lourdes_Belo Horizonte, Lourdes",4,5 ou mais,282m²,3,R$ 2.990.000
"Lourdes_Belo Horizonte, Lourdes_Q2_B1",1299649247.0,"Lourdes_Belo Horizonte, Lourdes",2,1,98m²,2,R$ 1.380.000
"Lourdes_Belo Horizonte, Lourdes_Q4_B5 ou mais",1299649045.0,"Lourdes_Belo Horizonte, Lourdes",4,5 ou mais,366m²,5 ou mais,R$ 7.600.000
"Lourdes_Belo Horizonte, Lourdes_Q4_B5 ou mais",1299649040.0,"Lourdes_Belo Horizonte, Lourdes",4,5 ou mais,300m²,3,R$ 1.790.000
"Lourdes_Belo Horizonte, Lourdes_Q4_B5 ou mais",1299648821.0,"Lourdes_Belo Horizonte, Lourdes",4,5 ou mais,410m²,4,R$ 3.930.000
"Lourdes_Belo Horizonte, Lourdes_Q4_B5 ou mais",1299648737.0,"Lourdes_Belo Horizonte, Lourdes",4,5 ou mais,240m²,3,R$ 2.490.000
"Lourdes_Belo Horizonte, Lourdes_Q4_B3",1299648730.0,"Lourdes_Belo Horizonte, Lourdes",4,3,190m²,2,R$ 1.700.000
"Lourdes_Belo Horizonte, Lourdes_Q4_B4",1299648703.0,"Lourdes_Belo Horizonte, Lourdes",4,4,170m²,3,R$ 2.000.000
"Lourdes_Belo Horizonte, Lourdes_Q2_B3",1299648643.0,"Lourdes_Belo Horizonte, Lourdes",2,3,160m²,2,R$ 1.290.000
"Lourdes_Belo Horizonte, Lourdes_Q4_B1",1299648478.0,"Lourdes_Belo Horizonte, Lourdes",4,1,160m²,2,R$ 1.600.000
"Lourdes_Belo Horizonte, Lourdes_Q2_B2",1299648381.0,"Lourdes_Belo Horizonte, Lourdes",2,2,102m²,2,R$ 1.320.000
"Lourdes_Belo Horizonte, Lourdes_Q4_B3",1299648340.0,"Lourdes_Belo Horizonte, Lourdes",4,3,200m²,2,R$ 2.580.000
"Lourdes_Belo Horizonte, Lourdes_Q2_B3",1299648322.0,"Lourdes_Belo Horizonte, Lourdes",2,3,100m²,2,R$ 1.500.000
"Lourdes_Belo Horizonte, Lourdes_Q4_B5 ou mais",1299614788.0,"Lourdes_Belo Horizonte, Lourdes",4,5 ou mais,189m²,3,R$ 2.750.000
"Lourdes_Belo Horizonte, Lourdes_Q4_B4",1299606878.0,"Lourdes_Belo Horizonte, Lourdes",4,4,131m²,4,R$ 2.550.000
"Cidade Jardim_Belo Horizonte, Cidade Jardim_Q2_B2",1299554463.0,"Cidade Jardim_Belo Horizonte, Cidade Jardim",2,2,80m²,1,R$ 650.000
"Lourdes_Belo Horizonte, Lourdes_QNone_BNone",1299521829.0,"Lourdes_Belo Horizonte, Lourdes",,,540m²,5 ou mais,R$ 9.480.000
"Lourdes_Belo Horizonte, Lourdes_QNone_BNone",1299422280.0,"Lourdes_Belo Horizonte, Lourdes",,,460m²,,R$ 29.000
"Lourdes_Belo Horizonte, Lourdes_Q2_B2",1299307963.0,"Lourdes_Belo Horizonte, Lourdes",2,2,164m²,2,R$ 3.500.000
"Lourdes_Belo Horizonte, Lourdes_Q2_B2",1299307183.0,"Lourdes_Belo Horizonte, Lourdes",2,2,150m²,2,R$ 3.100.000
"Lourdes_Belo Horizonte, Lourdes_Q3_B1",1299300738.0,"Lourdes_Belo Horizonte, Lourdes",3,1,84m²,2,R$ 1.184.351
"Lourdes_Belo Horizonte, Lourdes_Q3_B1",1299300356.0,"Lourdes_Belo Horizonte, Lourdes",3,1,84m²,2,R$ 1.066.173
"Centro_Belo Horizonte, Centro_QNone_BNone",1299283385.0,"Centro_Belo Horizonte, Centro",,,44m²,0,R$ 2.430
"Centro_Belo Horizonte, Centro_QNone_BNone",1299283370.0,"Centro_Belo Horizonte, Centro",,,44m²,0,R$ 3.114
"Centro_Belo Horizonte, Centro_QNone_BNone",1299283242.0,"Centro_Belo Horizonte, Centro",,,44m²,0,R$ 2.434
"Centro_Belo Horizonte, Centro_QNone_BNone",1299283182.0,"Centro_Belo Horizonte, Centro",,,45m²,0,R$ 2.896
"Lourdes_Belo Horizonte, Lourdes_QNone_BNone",1299273865.0,"Lourdes_Belo Horizonte, Lourdes",,,294m²,5 ou mais,R$ 20.154
"Lourdes_Belo Horizonte, Lourdes_QNone_BNone",1299272319.0,"Lourdes_Belo Horizonte, Lourdes",,,797m²,5 ou mais,R$ 53.501
"Lourdes_Belo Horizonte, Lourdes_Q4_B4",1299270157.0,"Lourdes_Belo Horizonte, Lourdes",4,4,270m²,3,R$ 2.830.000
"Lourdes_Belo Horizonte, Lourdes_Q4_B4",1299257969.0,"Lourdes_Belo Horizonte, Lourdes",4,4,400m²,4,R$ 25.000
"Lourdes_Belo Horizonte, Lourdes_QNone_BNone",1299252646.0,"Lourdes_Belo Horizonte, Lourdes",,,60m²,0,R$ 1.130
"Lourdes_Belo Horizonte, Lourdes_Q1_B1",1299209769.0,"Lourdes_Belo Horizonte, Lourdes",1,1,64m²,1,R$ 849.928
"Lourdes_Belo Horizonte, Lourdes_Q4_B5 ou mais",1299209499.0,"Lourdes_Belo Horizonte, Lourdes",4,5 ou mais,307m²,5 ou mais,R$ 5.200.000
"Lourdes_Belo Horizonte, Lourdes_Q4_B5 ou mais",1299191241.0,"Lourdes_Belo Horizonte, Lourdes",4,5 ou mais,375m²,4,R$ 3.900.000
"Lourdes_Belo Horizonte, Lourdes_Q2_B3",1299189204.0,"Lourdes_Belo Horizonte, Lourdes",2,3,80m²,1,R$ 760.000
"Lourdes_Belo Horizonte, Lourdes_Q3_B2",1299169665.0,"Lourdes_Belo Horizonte, Lourdes",3,2,76m²,,R$ 1.078.584
"Lourdes_Belo Horizonte, Lourdes_Q2_B2",1299149341.0,"Lourdes_Belo Horizonte, Lourdes",2,2,67m²,2,R$ 1.115.000
"Lourdes_Belo Horizonte, Lourdes_Q3_B4",1299029555.0,"Lourdes_Belo Horizonte, Lourdes",3,4,180m²,2,R$ 2.200.000
"Lourdes_Belo Horizonte, Lourdes_Q3_B4",1299021749.0,"Lourdes_Belo Horizonte, Lourdes",3,4,180m²,2,R$ 6.200
"Lourdes_Belo Horizonte, Lourdes_Q0_B4",1298959803.0,"Lourdes_Belo Horizonte, Lourdes",0,4,855m²,0,R$ 7.500.000
"Lourdes_Belo Horizonte, Lourdes_Q4_B5 ou mais",1298957607.0,"Lourdes_Belo Horizonte, Lourdes",4,5 ou mais,450m²,3,R$ 4.200.000
"Centro_Belo Horizonte, Centro_Q4_B2",1298943216.0,"Centro_Belo Horizonte, Centro",4,2,180m²,1,R$ 800.000
"Lourdes_Belo Horizonte, Lourdes_Q4_B2",1298939747.0,"Lourdes_Belo Horizonte, Lourdes",4,2,160m²,3,R$ 1.900.000
"Lourdes_Belo Horizonte, Lourdes_QNone_BNone",1298939573.0,"Lourdes_Belo Horizonte, Lourdes",,,540m²,5 ou mais,R$ 9.480.000
"Lourdes_Belo Horizonte, Lourdes_QNone_BNone",1298938759.0,"Lourdes_Belo Horizonte, Lourdes",,,330m²,5 ou mais,R$ 12.000.000
"Lourdes_Belo Horizonte, Lourdes_QNone_BNone",1298938431.0,"Lourdes_Belo Horizonte, Lourdes",,,828m²,5 ou mais,R$ 16.000.000
"Lourdes_Belo Horizonte, Lourdes_Q3_B1",1298923380.0,"Lourdes_Belo Horizonte, Lourdes",3,1,209m²,3,R$ 4.967.060
"Lourdes_Belo Horizonte, Lourdes_Q3_B3",1298912279.0,"Lourdes_Belo Horizonte, Lourdes",3,3,232m²,2,R$ 7.500
"Lourdes_Belo Horizonte, Lourdes_Q3_B2",1298854545.0,"Lourdes_Belo Horizonte, Lourdes",3,2,76m²,,R$ 1.064.836
"Lourdes_Belo Horizonte, Lourdes_Q3_B2",1298849200.0,"Lourdes_Belo Horizonte, Lourdes",3,2,76m²,,R$ 1.068.878
"Lourdes_Belo Horizonte, Lourdes_Q3_B2",1298849009.0,"Lourdes_Belo Horizonte, Lourdes",3,2,84m²,,R$ 1.229.148
"Lourdes_Belo Horizonte, Lourdes_Q3_B2",1298848969.0,"Lourdes_Belo Horizonte, Lourdes",3,2,76m²,,R$ 1.123.178
"Lourdes_Belo Horizonte, Lourdes_Q3_B2",1298837481.0,"Lourdes_Belo Horizonte, Lourdes",3,2,84m²,,R$ 1.215.414
"Lourdes_Belo Horizonte, Lourdes_Q3_B2",1298834584.0,"Lourdes_Belo Horizonte, Lourdes",3,2,76m²,,R$ 1.090.464
"Lourdes_Belo Horizonte, Lourdes_Q3_B2",1298834347.0,"Lourdes_Belo Horizonte, Lourdes",3,2,76m²,,R$ 1.066.173
"Lourdes_Belo Horizonte, Lourdes_Q3_B2",1298828316.0,"Lourdes_Belo Horizonte, Lourdes",3,2,76m²,,R$ 1.060.792
"Lourdes_Belo Horizonte, Lourdes_Q3_B2",1298824946.0,"Lourdes_Belo Horizonte, Lourdes",3,2,84m²,,R$ 1.224.570
"Lourdes_Belo Horizonte, Lourdes_Q3_B2",1298812551.0,"Lourdes_Belo Horizonte, Lourdes",3,2,76m²,,R$ 943.589
"Lourdes_Belo Horizonte, Lourdes_Q3_B2",1298808245.0,"Lourdes_Belo Horizonte, Lourdes",3,2,76m²,,R$ 1.056.749
"Lourdes_Belo Horizonte, Lourdes_Q3_B2",1298803455.0,"Lourdes_Belo Horizonte, Lourdes",3,2,84m²,,R$ 1.210.836
"Lourdes_Belo Horizonte, Lourdes_Q3_B2",1298771569.0,"Lourdes_Belo Horizonte, Lourdes",3,2,76m²,,R$ 1.046.742
"Lourdes_Belo Horizonte, Lourdes_Q3_B3",1298770751.0,"Lourdes_Belo Horizonte, Lourdes",3,3,84m²,,R$ 1.198.121
"Lourdes_Belo Horizonte, Lourdes_Q2_B2",1298646793.0,"Lourdes_Belo Horizonte, Lourdes",2,2,55m²,2,R$ 930.000
"Lourdes_Belo Horizonte, Lourdes_Q4_B3",1298641452.0,"Lourdes_Belo Horizonte, Lourdes",4,3,300m²,3,R$ 10.600
"Lourdes_Belo Horizonte, Lourdes_Q3_B2",1298639774.0,"Lourdes_Belo Horizonte, Lourdes",3,2,90m²,2,R$ 1.200.000
"Lourdes_Belo Horizonte, Lourdes_Q4_B3",1298639395.0,"Lourdes_Belo Horizonte, Lourdes",4,3,300m²,3,R$ 2.500.000
"Lourdes_Belo Horizonte, Lourdes_QNone_BNone",1298485519.0,"Lourdes_Belo Horizonte, Lourdes",,,120m²,,R$ 1.000.000
"Centro_Belo Horizonte, Centro_QNone_BNone",1298445870.0,"Centro_Belo Horizonte, Centro",,,23m²,,R$ 900
"Centro_Belo Horizonte, Centro_QNone_BNone",1298445835.0,"Centro_Belo Horizonte, Centro",,,23m²,,R$ 80.000
"Lourdes_Belo Horizonte, Lourdes_Q2_B2",1298050392.0,"Lourdes_Belo Horizonte, Lourdes",2,2,53m²,2,R$ 759.270
"Centro_Belo Horizonte, Centro_QNone_BNone",1297990051.0,"Centro_Belo Horizonte, Centro",,,146m²,0,R$ 5.958
"Centro_Belo Horizonte, Centro_QNone_BNone",1297990039.0,"Centro_Belo Horizonte, Centro",,,107m²,0,R$ 5.909
"Lourdes_Belo Horizonte, Lourdes_Q4_B4",1297962135.0,"Lourdes_Belo Horizonte, Lourdes",4,4,260m²,3,R$ 2.830.000
"Lourdes_Belo Horizonte, Lourdes_Q3_B2",1297951368.0,"Lourdes_Belo Horizonte, Lourdes",3,2,232m²,2,R$ 9.000
"Lourdes_Belo Horizonte, Lourdes_Q2_B1",1297930410.0,"Lourdes_Belo Horizonte, Lourdes",2,1,55m²,1,R$ 3.900
"Lourdes_Belo Horizonte, Lourdes_Q5 ou mais_B4",1297711726.0,"Lourdes_Belo Horizonte, Lourdes",5 ou mais,4,397m²,3,R$ 2.299.000
"Lourdes_Belo Horizonte, Lourdes_Q3_B3",1297688761.0,"Lourdes_Belo Horizonte, Lourdes",3,3,104m²,2,R$ 1.750.000
"Lourdes_Belo Horizonte, Lourdes_Q1_B2",1297677960.0,"Lourdes_Belo Horizonte, Lourdes",1,2,65m²,2,R$ 1.090.000
"Lourdes_Belo Horizonte, Lourdes_Q1_B1",1297653331.0,"Lourdes_Belo Horizonte, Lourdes",1,1,34m²,1,R$ 390.000
"Lourdes_Belo Horizonte, Lourdes_Q3_B3",1297648594.0,"Lourdes_Belo Horizonte, Lourdes",3,3,87m²,2,R$ 1.260.000
"Centro_Belo Horizonte, Centro_Q3_B1",1297648304.0,"Centro_Belo Horizonte, Centro",3,1,199m²,1,R$ 800.000
"Cidade Jardim_Belo Horizonte, Cidade Jardim_Q4_B5 ou mais",1297584708.0,"Cidade Jardim_Belo Horizonte, Cidade Jardim",4,5 ou mais,205m²,4,R$ 2.733.675
"Lourdes_Belo Horizonte, Lourdes_QNone_BNone",1297539785.0,"Lourdes_Belo Horizonte, Lourdes",,,289m²,5 ou mais,R$ 21.222
"Lourdes_Belo Horizonte, Lourdes_QNone_BNone",1297538188.0,"Lourdes_Belo Horizonte, Lourdes",,,162m²,1,R$ 5.900
"Lourdes_Belo Horizonte, Lourdes_QNone_BNone",1297532024.0,"Lourdes_Belo Horizonte, Lourdes",,,150m²,4,R$ 6.000
"Lourdes_Belo Horizonte, Lourdes_QNone_BNone",1297531966.0,"Lourdes_Belo Horizonte, Lourdes",,,400m²,4,R$ 20.000
"Lourdes_Belo Horizonte, Lourdes_Q4_B3",1297359370.0,"Lourdes_Belo Horizonte, Lourdes",4,3,137m²,4,R$ 2.200.000
"Lourdes_Belo Horizonte, Lourdes_Q3_B1",1297298587.0,"Lourdes_Belo Horizonte, Lourdes",3,1,98m²,1,R$ 430.000
"Lourdes_Belo Horizonte, Lourdes_Q1_B2",1297216529.0,"Lourdes_Belo Horizonte, Lourdes",1,2,88m²,2,R$ 998.000
"Lourdes_Belo Horizonte, Lourdes_Q2_B3",1297216428.0,"Lourdes_Belo Horizonte, Lourdes",2,3,101m²,2,R$ 1.100.000
"Lourdes_Belo Horizonte, Lourdes_Q3_B3",1297216341.0,"Lourdes_Belo Horizonte, Lourdes",3,3,100m²,2,R$ 1.750.000
"Lourdes_Belo Horizonte, Lourdes_Q3_B2",1297143536.0,"Lourdes_Belo Horizonte, Lourdes",3,2,85m²,2,R$ 1.185.000
"Lourdes_Belo Horizonte, Lourdes_Q2_B3",1297078920.0,"Lourdes_Belo Horizonte, Lourdes",2,3,132m²,2,R$ 1.700.000
"Lourdes_Belo Horizonte, Lourdes_Q4_B3",1296972227.0,"Lourdes_Belo Horizonte, Lourdes",4,3,330m²,2,R$ 2.100.000
"Lourdes_Belo Horizonte, Lourdes_Q4_B5 ou mais",1296854058.0,"Lourdes_Belo Horizonte, Lourdes",4,5 ou mais,156m²,3,R$ 2.000.000
"Lourdes_Belo Horizonte, Lourdes_Q3_B2",1296840537.0,"Lourdes_Belo Horizonte, Lourdes",3,2,106m²,,R$ 795.000
"Lourdes_Belo Horizonte, Lourdes_Q2_B2",1296668496.0,"Lourdes_Belo Horizonte, Lourdes",2,2,63m²,2,R$ 1.185.397
"Lourdes_Belo Horizonte, Lourdes_QNone_BNone",1296581097.0,"Lourdes_Belo Horizonte, Lourdes",,,885m²,0,R$ 7.500.000
"Lourdes_Belo Horizonte, Lourdes_Q5 ou mais_B5 ou mais",1296454308.0,"Lourdes_Belo Horizonte, Lourdes",5 ou mais,5 ou mais,320m²,3,R$ 3.550.000
"Lourdes_Belo Horizonte, Lourdes_Q3_B2",1295990378.0,"Lourdes_Belo Horizonte, Lourdes",3,2,106m²,1,R$ 650.000
"Santo Agostinho_Belo Horizonte, Santo Agostinho_QNone_BNone",1295948126.0,"Santo Agostinho_Belo Horizonte, Santo Agostinho",,,28m²,1,R$ 240.000
"Santo Agostinho_Belo Horizonte, Santo Agostinho_QNone_BNone",1295948013.0,"Santo Agostinho_Belo Horizonte, Santo Agostinho",,,28m²,1,R$ 240.000
"Lourdes_Belo Horizonte, Lourdes_Q2_B3",1295929530.0,"Lourdes_Belo Horizonte, Lourdes",2,3,69m²,2,R$ 1.180.000
"Lourdes_Belo Horizonte, Lourdes_Q3_B2",1295824033.0,"Lourdes_Belo Horizonte, Lourdes",3,2,85m²,2,R$ 1.400.000
"Lourdes_Belo Horizonte, Lourdes_Q4_B5 ou mais",1295757078.0,"Lourdes_Belo Horizonte, Lourdes",4,5 ou mais,204m²,4,R$ 3.650.000
"Lourdes_Belo Horizonte, Lourdes_Q4_B4",1295756391.0,"Lourdes_Belo Horizonte, Lourdes",4,4,255m²,3,R$ 2.690.000
"Lourdes_Belo Horizonte, Lourdes_Q4_B5 ou mais",1295747026.0,"Lourdes_Belo Horizonte, Lourdes",4,5 ou mais,340m²,4,R$ 5.500.000
"Lourdes_Belo Horizonte, Lourdes_Q4_B5 ou mais",1295746994.0,"Lourdes_Belo Horizonte, Lourdes",4,5 ou mais,216m²,4,R$ 3.200.000
"Lourdes_Belo Horizonte, Lourdes_Q4_B3",1295745415.0,"Lourdes_Belo Horizonte, Lourdes",4,3,135m²,3,R$ 1.690.000
"Lourdes_Belo Horizonte, Lourdes_Q4_B3",1295745403.0,"Lourdes_Belo Horizonte, Lourdes",4,3,129m²,2,R$ 1.410.000
"Lourdes_Belo Horizonte, Lourdes_Q3_B4",1295745301.0,"Lourdes_Belo Horizonte, Lourdes",3,4,115m²,3,R$ 2.200.000
"Lourdes_Belo Horizonte, Lourdes_Q3_B3",1295745207.0,"Lourdes_Belo Horizonte, Lourdes",3,3,102m²,3,R$ 1.500.000
"Lourdes_Belo Horizonte, Lourdes_Q3_B3",1295745147.0,"Lourdes_Belo Horizonte, Lourdes",3,3,104m²,2,R$ 1.690.000
"Lourdes_Belo Horizonte, Lourdes_Q4_B3",1295745056.0,"Lourdes_Belo Horizonte, Lourdes",4,3,155m²,2,R$ 1.700.000
"Lourdes_Belo Horizonte, Lourdes_Q4_B5 ou mais",1295744582.0,"Lourdes_Belo Horizonte, Lourdes",4,5 ou mais,200m²,4,R$ 4.500.000
"Lourdes_Belo Horizonte, Lourdes_Q4_B4",1295744380.0,"Lourdes_Belo Horizonte, Lourdes",4,4,135m²,2,R$ 1.790.000
"Lourdes_Belo Horizonte, Lourdes_Q3_B3",1295744125.0,"Lourdes_Belo Horizonte, Lourdes",3,3,112m²,2,R$ 1.630.000
"Lourdes_Belo Horizonte, Lourdes_Q3_B3",1295744056.0,"Lourdes_Belo Horizonte, Lourdes",3,3,210m²,3,R$ 2.600.000
"Lourdes_Belo Horizonte, Lourdes_Q3_B3",1295744033.0,"Lourdes_Belo Horizonte, Lourdes",3,3,84m²,2,R$ 1.490.000
"Santo Agostinho_Belo Horizonte, Santo Agostinho_Q4_B5 ou mais",1295743733.0,"Santo Agostinho_Belo Horizonte, Santo Agostinho",4,5 ou mais,149m²,3,R$ 2.890.000
"Lourdes_Belo Horizonte, Lourdes_Q3_B3",1295743663.0,"Lourdes_Belo Horizonte, Lourdes",3,3,100m²,3,R$ 1.490.000
"Lourdes_Belo Horizonte, Lourdes_Q3_B3",1295743642.0,"Lourdes_Belo Horizonte, Lourdes",3,3,90m²,3,R$ 1.850.000
"Lourdes_Belo Horizonte, Lourdes_Q3_B3",1295732950.0,"Lourdes_Belo Horizonte, Lourdes",3,3,232m²,2,R$ 7.500
"Lourdes_Belo Horizonte, Lourdes_Q4_B3",1295732497.0,"Lourdes_Belo Horizonte, Lourdes",4,3,264m²,3,R$ 2.900.000
"Santo Antônio_Belo Horizonte, Santo Antônio_QNone_BNone",1295671264.0,"Santo Antônio_Belo Horizonte, Santo Antônio",,,42m²,0,R$ 230.000
"Lourdes_Belo Horizonte, Lourdes_Q4_B5 ou mais",1295652466.0,"Lourdes_Belo Horizonte, Lourdes",4,5 ou mais,252m²,4,R$ 3.200.000
"Lourdes_Belo Horizonte, Lourdes_QNone_BNone",1295647208.0,"Lourdes_Belo Horizonte, Lourdes",,,200m²,,R$ 3.350
"Lourdes_Belo Horizonte, Lourdes_Q4_B3",1295632884.0,"Lourdes_Belo Horizonte, Lourdes",4,3,190m²,2,R$ 1.700.000
"Lourdes_Belo Horizonte, Lourdes_Q3_B3",1295588355.0,"Lourdes_Belo Horizonte, Lourdes",3,3,109m²,2,R$ 2.250.000
"Lourdes_Belo Horizonte, Lourdes_QNone_BNone",1295371213.0,"Lourdes_Belo Horizonte, Lourdes",,,35m²,1,R$ 270.000
"Lourdes_Belo Horizonte, Lourdes_Q2_B2",1295344079.0,"Lourdes_Belo Horizonte, Lourdes",2,2,67m²,2,R$ 1.273.824
"Lourdes_Belo Horizonte, Lourdes_Q2_B2",1295316136.0,"Lourdes_Belo Horizonte, Lourdes",2,2,144m²,2,R$ 2.200.000
"Lourdes_Belo Horizonte, Lourdes_Q3_B3",1295315553.0,"Lourdes_Belo Horizonte, Lourdes",3,3,93m²,2,R$ 1.806.737
"Lourdes_Belo Horizonte, Lourdes_Q4_B4",1295240616.0,"Lourdes_Belo Horizonte, Lourdes",4,4,190m²,2,R$ 1.715.000
"Lourdes_Belo Horizonte, Lourdes_QNone_BNone",1295178455.0,"Lourdes_Belo Horizonte, Lourdes",,,15m²,0,R$ 150.000
"Lourdes_Belo Horizonte, Lourdes_QNone_BNone",1295178306.0,"Lourdes_Belo Horizonte, Lourdes",,,377m²,5 ou mais,R$ 19.121
"Lourdes_Belo Horizonte, Lourdes_QNone_BNone",1295178254.0,"Lourdes_Belo Horizonte, Lourdes",,,15m²,0,R$ 800
"Lourdes_Belo Horizonte, Lourdes_Q1_B1",1295177299.0,"Lourdes_Belo Horizonte, Lourdes",1,1,32m²,1,R$ 2.200
"Lourdes_Belo Horizonte, Lourdes_QNone_BNone",1295175698.0,"Lourdes_Belo Horizonte, Lourdes",,,180m²,4,R$ 5.000
"Lourdes_Belo Horizonte, Lourdes_QNone_BNone",1295175150.0,"Lourdes_Belo Horizonte, Lourdes",,,90m²,0,R$ 690.000
"Lourdes_Belo Horizonte, Lourdes_Q2_B2",1295117720.0,"Lourdes_Belo Horizonte, Lourdes",2,2,65m²,2,R$ 1.270.000
"Cidade Jardim_Belo Horizonte, Cidade Jardim_QNone_BNone",1295054978.0,"Cidade Jardim_Belo Horizonte, Cidade Jardim",,,287m²,0,R$ 6.000
"Lourdes_Belo Horizonte, Lourdes_QNone_BNone",1295019794.0,"Lourdes_Belo Horizonte, Lourdes",,,70m²,0,R$ 900
"Lourdes_Belo Horizonte, Lourdes_QNone_BNone",1294997283.0,"Lourdes_Belo Horizonte, Lourdes",,,270m²,1,R$ 13.000
"Lourdes_Belo Horizonte, Lourdes_QNone_BNone",1294997274.0,"Lourdes_Belo Horizonte, Lourdes",,,40m²,0,R$ 800
"Lourdes_Belo Horizonte, Lourdes_QNone_BNone",1294997090.0,"Lourdes_Belo Horizonte, Lourdes",,,40m²,0,R$ 140.000
"Lourdes_Belo Horizonte, Lourdes_Q4_B3",1294990499.0,"Lourdes_Belo Horizonte, Lourdes",4,3,157m²,4,R$ 1.590.000
"Lourdes_Belo Horizonte, Lourdes_Q1_B3",1294936573.0,"Lourdes_Belo Horizonte, Lourdes",1,3,58m²,1,R$ 1.289.738
"Centro_Belo Horizonte, Centro_Q1_B1",1294932684.0,"Centro_Belo Horizonte, Centro",1,1,45m²,1,R$ 3.790
"Lourdes_Belo Horizonte, Lourdes_Q2_B1",1294829358.0,"Lourdes_Belo Horizonte, Lourdes",2,1,101m²,1,R$ 1.100.000
"Centro_Belo Horizonte, Centro_Q2_B2",1294790777.0,"Centro_Belo Horizonte, Centro",2,2,120m²,0,R$ 420.000
"Lourdes_Belo Horizonte, Lourdes_Q2_B2",1294743331.0,"Lourdes_Belo Horizonte, Lourdes",2,2,133m²,2,R$ 1.290.000
"Lourdes_Belo Horizonte, Lourdes_Q3_B3",1294742066.0,"Lourdes_Belo Horizonte, Lourdes",3,3,100m²,2,R$ 1.600.000
"Lourdes_Belo Horizonte, Lourdes_QNone_BNone",1294632313.0,"Lourdes_Belo Horizonte, Lourdes",,,526m²,,R$ 35.000
"Lourdes_Belo Horizonte, Lourdes_Q2_B3",1294433150.0,"Lourdes_Belo Horizonte, Lourdes",2,3,69m²,2,R$ 1.390.000
"Lourdes_Belo Horizonte, Lourdes_Q1_B2",1294236041.0,"Lourdes_Belo Horizonte, Lourdes",1,2,65m²,1,R$ 370.000
"Lourdes_Belo Horizonte, Lourdes_Q4_B4",1294032672.0,"Lourdes_Belo Horizonte, Lourdes",4,4,220m²,3,R$ 3.350.000
"Lourdes_Belo Horizonte, Lourdes_Q3_B2",1294017482.0,"Lourdes_Belo Horizonte, Lourdes",3,2,85m²,2,R$ 1.480.000
"Lourdes_Belo Horizonte, Lourdes_QNone_BNone",1294012579.0,"Lourdes_Belo Horizonte, Lourdes",,,175m²,3,R$ 8.926
"Lourdes_Belo Horizonte, Lourdes_QNone_BNone",1294009292.0,"Lourdes_Belo Horizonte, Lourdes",,,393m²,5 ou mais,R$ 19.824
"Lourdes_Belo Horizonte, Lourdes_Q4_B4",1293999839.0,"Lourdes_Belo Horizonte, Lourdes",4,4,350m²,3,R$ 3.300.000
"Lourdes_Belo Horizonte, Lourdes_QNone_BNone",1293992115.0,"Lourdes_Belo Horizonte, Lourdes",,,393m²,5 ou mais,R$ 19.824
"Lourdes_Belo Horizonte, Lourdes_QNone_BNone",1293985670.0,"Lourdes_Belo Horizonte, Lourdes",,,394m²,3,R$ 19.694
"Lourdes_Belo Horizonte, Lourdes_QNone_BNone",1293972885.0,"Lourdes_Belo Horizonte, Lourdes",,,23m²,,R$ 185.000
"Lourdes_Belo Horizonte, Lourdes_Q3_B3",1293956005.0,"Lourdes_Belo Horizonte, Lourdes",3,3,83m²,2,R$ 1.210.000
"Lourdes_Belo Horizonte, Lourdes_Q2_B1",1293916216.0,"Lourdes_Belo Horizonte, Lourdes",2,1,67m²,2,R$ 1.115.000
"Lourdes_Belo Horizonte, Lourdes_Q2_B2",1293913257.0,"Lourdes_Belo Horizonte, Lourdes",2,2,90m²,2,R$ 1.350.000
"Lourdes_Belo Horizonte, Lourdes_Q1_B2",1293901453.0,"Lourdes_Belo Horizonte, Lourdes",1,2,57m²,1,R$ 839.715
"Centro_Belo Horizonte, Centro_Q3_B2",1293839143.0,"Centro_Belo Horizonte, Centro",3,2,85m²,1,R$ 460.000
"Santo Antônio_Belo Horizonte, Santo Antônio_QNone_BNone",1293729932.0,"Santo Antônio_Belo Horizonte, Santo Antônio",,,138m²,,R$ 6.800
"Lourdes_Belo Horizonte, Lourdes_Q3_B3",1293723985.0,"Lourdes_Belo Horizonte, Lourdes",3,3,176m²,3,R$ 1.980.000
"Centro_Belo Horizonte, Centro_QNone_BNone",1293518897.0,"Centro_Belo Horizonte, Centro",,,220m²,0,R$ 480.000
"Lourdes_Belo Horizonte, Lourdes_QNone_BNone",1293501531.0,"Lourdes_Belo Horizonte, Lourdes",,,55m²,0,R$ 530.000
"Lourdes_Belo Horizonte, Lourdes_Q4_B5 ou mais",1293460343.0,"Lourdes_Belo Horizonte, Lourdes",4,5 ou mais,235m²,2,R$ 12.000
"Lourdes_Belo Horizonte, Lourdes_Q1_B5 ou mais",1293442556.0,"Lourdes_Belo Horizonte, Lourdes",1,5 ou mais,394m²,5 ou mais,R$ 3.200.000
"Lourdes_Belo Horizonte, Lourdes_Q0_B4",1293436944.0,"Lourdes_Belo Horizonte, Lourdes",0,4,855m²,0,R$ 35.000
"Lourdes_Belo Horizonte, Lourdes_Q2_B2",1293395900.0,"Lourdes_Belo Horizonte, Lourdes",2,2,56m²,1,R$ 1.116.000
"Lourdes_Belo Horizonte, Lourdes_Q2_B1",1293395792.0,"Lourdes_Belo Horizonte, Lourdes",2,1,54m²,1,R$ 954.000
"Lourdes_Belo Horizonte, Lourdes_Q2_B2",1293395469.0,"Lourdes_Belo Horizonte, Lourdes",2,2,56m²,1,R$ 1.166.000
"Lourdes_Belo Horizonte, Lourdes_Q2_B1",1293395415.0,"Lourdes_Belo Horizonte, Lourdes",2,1,54m²,1,R$ 984.000
"Lourdes_Belo Horizonte, Lourdes_QNone_BNone",1293319348.0,"Lourdes_Belo Horizonte, Lourdes",,,885m²,0,R$ 35.000
"Lourdes_Belo Horizonte, Lourdes_Q4_B5 ou mais",1293245223.0,"Lourdes_Belo Horizonte, Lourdes",4,5 ou mais,420m²,5 ou mais,R$ 6.000.000
"Lourdes_Belo Horizonte, Lourdes_Q1_B2",1293223915.0,"Lourdes_Belo Horizonte, Lourdes",1,2,66m²,2,R$ 1.000.000
"Lourdes_Belo Horizonte, Lourdes_Q2_B2",1293223808.0,"Lourdes_Belo Horizonte, Lourdes",2,2,63m²,2,R$ 1.086.725
"Lourdes_Belo Horizonte, Lourdes_Q2_B2",1293223770.0,"Lourdes_Belo Horizonte, Lourdes",2,2,72m²,2,R$ 1.399.000
"Lourdes_Belo Horizonte, Lourdes_QNone_BNone",1293223644.0,"Lourdes_Belo Horizonte, Lourdes",,,118m²,3,R$ 1.130.000
"Lourdes_Belo Horizonte, Lourdes_Q4_B4",1293127114.0,"Lourdes_Belo Horizonte, Lourdes",4,4,151m²,3,R$ 1.750.000
"Lourdes_Belo Horizonte, Lourdes_Q3_B3",1293118757.0,"Lourdes_Belo Horizonte, Lourdes",3,3,90m²,2,R$ 1.250.000
"Lourdes_Belo Horizonte, Lourdes_Q3_B3",1292922729.0,"Lourdes_Belo Horizonte, Lourdes",3,3,82m²,2,R$ 1.215.300
"Lourdes_Belo Horizonte, Lourdes_QNone_BNone",1292857387.0,"Lourdes_Belo Horizonte, Lourdes",,,498m²,5 ou mais,R$ 24.513
"Lourdes_Belo Horizonte, Lourdes_QNone_BNone",1292825520.0,"Lourdes_Belo Horizonte, Lourdes",,,2700m²,5 ou mais,R$ 100.000
"Lourdes_Belo Horizonte, Lourdes_QNone_BNone",1292825452.0,"Lourdes_Belo Horizonte, Lourdes",,,2700m²,5 ou mais,R$ 24.000.000
"Lourdes_Belo Horizonte, Lourdes_Q4_B3",1292821253.0,"Lourdes_Belo Horizonte, Lourdes",4,3,160m²,3,R$ 1.800.000
"Santo Antônio_Belo Horizonte, Santo Antônio_QNone_BNone",1292816564.0,"Santo Antônio_Belo Horizonte, Santo Antônio",,,30m²,0,R$ 215.000
"Lourdes_Belo Horizonte, Lourdes_QNone_BNone",1292806074.0,"Lourdes_Belo Horizonte, Lourdes",,,120m²,,R$ 1.700
"Lourdes_Belo Horizonte, Lourdes_Q2_B2",1292796755.0,"Lourdes_Belo Horizonte, Lourdes",2,2,94m²,2,R$ 1.038.158
"Lourdes_Belo Horizonte, Lourdes_Q2_B2",1292791694.0,"Lourdes_Belo Horizonte, Lourdes",2,2,64m²,2,R$ 1.134.176
"Lourdes_Belo Horizonte, Lourdes_QNone_BNone",1292780006.0,"Lourdes_Belo Horizonte, Lourdes",,,45m²,0,R$ 1.200
"Lourdes_Belo Horizonte, Lourdes_QNone_BNone",1292779121.0,"Lourdes_Belo Horizonte, Lourdes",,,40m²,1,R$ 900
"Lourdes_Belo Horizonte, Lourdes_QNone_BNone",1292779106.0,"Lourdes_Belo Horizonte, Lourdes",,,37m²,0,R$ 1.260
"Lourdes_Belo Horizonte, Lourdes_QNone_BNone",1292779002.0,"Lourdes_Belo Horizonte, Lourdes",,,22m²,1,R$ 1.000
"Centro_Belo Horizonte, Centro_QNone_BNone",1292778988.0,"Centro_Belo Horizonte, Centro",,,90m²,0,R$ 700
"Lourdes_Belo Horizonte, Lourdes_QNone_BNone",1292778833.0,"Lourdes_Belo Horizonte, Lourdes",,,30m²,0,R$ 1.100
"Lourdes_Belo Horizonte, Lourdes_QNone_BNone",1292778680.0,"Lourdes_Belo Horizonte, Lourdes",,,32m²,0,R$ 550
"Lourdes_Belo Horizonte, Lourdes_QNone_BNone",1292778546.0,"Lourdes_Belo Horizonte, Lourdes",,,37m²,0,R$ 1.260
"Lourdes_Belo Horizonte, Lourdes_Q4_B5 ou mais",1292720600.0,"Lourdes_Belo Horizonte, Lourdes",4,5 ou mais,190m²,3,R$ 2.650.000
"Lourdes_Belo Horizonte, Lourdes_Q3_B2",1292581636.0,"Lourdes_Belo Horizonte, Lourdes",3,2,87m²,2,R$ 1.150.000
"Lourdes_Belo Horizonte, Lourdes_QNone_BNone",1292513977.0,"Lourdes_Belo Horizonte, Lourdes",,,53m²,2,R$ 480.000
"Lourdes_Belo Horizonte, Lourdes_Q4_B4",1292513902.0,"Lourdes_Belo Horizonte, Lourdes",4,4,207m²,4,R$ 4.100.000
"Lourdes_Belo Horizonte, Lourdes_Q3_B2",1292491668.0,"Lourdes_Belo Horizonte, Lourdes",3,2,128m²,2,R$ 1.390.000
"Lourdes_Belo Horizonte, Lourdes_Q4_B1",1292486906.0,"Lourdes_Belo Horizonte, Lourdes",4,1,180m²,2,R$ 1.490.000
"Lourdes_Belo Horizonte, Lourdes_QNone_BNone",1292481860.0,"Lourdes_Belo Horizonte, Lourdes",,,600m²,,R$ 4.000.000
"Lourdes_Belo Horizonte, Lourdes_QNone_BNone",1292474882.0,"Lourdes_Belo Horizonte, Lourdes",,,175m²,1,R$ 5.500
"Lourdes_Belo Horizonte, Lourdes_Q2_B2",1291997549.0,"Lourdes_Belo Horizonte, Lourdes",2,2,90m²,2,R$ 1.308.690
"Lourdes_Belo Horizonte, Lourdes_Q2_B2",1291991839.0,"Lourdes_Belo Horizonte, Lourdes",2,2,60m²,2,R$ 895.320
"Lourdes_Belo Horizonte, Lourdes_Q2_B2",1291991832.0,"Lourdes_Belo Horizonte, Lourdes",2,2,175m²,2,R$ 1.283.833
"Lourdes_Belo Horizonte, Lourdes_Q2_B2",1291991818.0,"Lourdes_Belo Horizonte, Lourdes",2,2,67m²,2,R$ 922.325
"Lourdes_Belo Horizonte, Lourdes_Q2_B2",1291991537.0,"Lourdes_Belo Horizonte, Lourdes",2,2,102m²,2,R$ 1.401.404
"Lourdes_Belo Horizonte, Lourdes_Q2_B2",1291991492.0,"Lourdes_Belo Horizonte, Lourdes",2,2,60m²,2,R$ 919.320
"Lourdes_Belo Horizonte, Lourdes_Q2_B2",1291991402.0,"Lourdes_Belo Horizonte, Lourdes",2,2,71m²,2,R$ 1.047.404
"Lourdes_Belo Horizonte, Lourdes_Q2_B2",1291991352.0,"Lourdes_Belo Horizonte, Lourdes",2,2,66m²,2,R$ 967.507
"Lourdes_Belo Horizonte, Lourdes_Q2_B2",1291991347.0,"Lourdes_Belo Horizonte, Lourdes",2,2,94m²,2,R$ 1.071.415
"Lourdes_Belo Horizonte, Lourdes_Q2_B2",1291991329.0,"Lourdes_Belo Horizonte, Lourdes",2,2,60m²,2,R$ 907.320
"Lourdes_Belo Horizonte, Lourdes_Q2_B2",1291991309.0,"Lourdes_Belo Horizonte, Lourdes",2,2,66m²,2,R$ 979.507
"Lourdes_Belo Horizonte, Lourdes_Q2_B2",1291991212.0,"Lourdes_Belo Horizonte, Lourdes",2,2,71m²,2,R$ 1.030.355
"Lourdes_Belo Horizonte, Lourdes_Q2_B2",1291991178.0,"Lourdes_Belo Horizonte, Lourdes",2,2,67m²,2,R$ 964.165
"Lourdes_Belo Horizonte, Lourdes_Q2_B3",1291988013.0,"Lourdes_Belo Horizonte, Lourdes",2,3,69m²,2,R$ 1.295.126
"Lourdes_Belo Horizonte, Lourdes_Q1_B2",1291976146.0,"Lourdes_Belo Horizonte, Lourdes",1,2,106m²,1,R$ 1.460.000
"Lourdes_Belo Horizonte, Lourdes_Q3_B3",1291976016.0,"Lourdes_Belo Horizonte, Lourdes",3,3,114m²,2,R$ 2.090.000
"Centro_Belo Horizonte, Centro_QNone_BNone",1291975613.0,"Centro_Belo Horizonte, Centro",,,400m²,0,R$ 6.400.000
"Lourdes_Belo Horizonte, Lourdes_Q4_B1",1291931280.0,"Lourdes_Belo Horizonte, Lourdes",4,1,160m²,2,R$ 1.600.000
"Lourdes_Belo Horizonte, Lourdes_Q4_B1",1291924707.0,"Lourdes_Belo Horizonte, Lourdes",4,1,160m²,2,R$ 1.600.000
"Lourdes_Belo Horizonte, Lourdes_QNone_BNone",1291891945.0,"Lourdes_Belo Horizonte, Lourdes",,,79m²,1,R$ 500.000
"Lourdes_Belo Horizonte, Lourdes_Q3_B3",1291861728.0,"Lourdes_Belo Horizonte, Lourdes",3,3,109m²,2,R$ 2.522.000
"Lourdes_Belo Horizonte, Lourdes_Q3_B3",1291858257.0,"Lourdes_Belo Horizonte, Lourdes",3,3,125m²,2,R$ 2.770.000
"Lourdes_Belo Horizonte, Lourdes_Q3_B3",1291853562.0,"Lourdes_Belo Horizonte, Lourdes",3,3,178m²,2,R$ 3.205.800
"Lourdes_Belo Horizonte, Lourdes_Q3_B3",1291715581.0,"Lourdes_Belo Horizonte, Lourdes",3,3,114m²,2,R$ 1.990.000
"Lourdes_Belo Horizonte, Lourdes_Q3_B3",1291715481.0,"Lourdes_Belo Horizonte, Lourdes",3,3,114m²,2,R$ 2.030.000
"Lourdes_Belo Horizonte, Lourdes_Q4_B4",1291684852.0,"Lourdes_Belo Horizonte, Lourdes",4,4,280m²,4,R$ 2.900.000
"Lourdes_Belo Horizonte, Lourdes_Q2_B3",1291555789.0,"Lourdes_Belo Horizonte, Lourdes",2,3,67m²,2,R$ 1.246.763
"Lourdes_Belo Horizonte, Lourdes_Q2_B3",1291555680.0,"Lourdes_Belo Horizonte, Lourdes",2,3,71m²,2,R$ 1.254.184
"Lourdes_Belo Horizonte, Lourdes_Q2_B2",1291555676.0,"Lourdes_Belo Horizonte, Lourdes",2,2,108m²,3,R$ 1.895.663
"Lourdes_Belo Horizonte, Lourdes_Q2_B2",1291555597.0,"Lourdes_Belo Horizonte, Lourdes",2,2,68m²,2,R$ 1.185.447
"Lourdes_Belo Horizonte, Lourdes_Q3_B3",1291462057.0,"Lourdes_Belo Horizonte, Lourdes",3,3,195m²,2,R$ 1.790.000
"Lourdes_Belo Horizonte, Lourdes_Q4_B3",1291445442.0,"Lourdes_Belo Horizonte, Lourdes",4,3,154m²,3,R$ 1.750.000
"Lourdes_Belo Horizonte, Lourdes_Q2_B2",1291402249.0,"Lourdes_Belo Horizonte, Lourdes",2,2,63m²,2,R$ 1.041.832
"Lourdes_Belo Horizonte, Lourdes_QNone_BNone",1291399406.0,"Lourdes_Belo Horizonte, Lourdes",,,25m²,0,R$ 600
"Lourdes_Belo Horizonte, Lourdes_Q2_B3",1291250875.0,"Lourdes_Belo Horizonte, Lourdes",2,3,121m²,3,R$ 1.615.000
"Lourdes_Belo Horizonte, Lourdes_Q2_B2",1291250851.0,"Lourdes_Belo Horizonte, Lourdes",2,2,65m²,2,R$ 1.120.000
"Lourdes_Belo Horizonte, Lourdes_Q2_B3",1291250832.0,"Lourdes_Belo Horizonte, Lourdes",2,3,69m²,2,R$ 1.117.617
"Lourdes_Belo Horizonte, Lourdes_Q2_B2",1291250824.0,"Lourdes_Belo Horizonte, Lourdes",2,2,129m²,2,R$ 1.587.000
"Lourdes_Belo Horizonte, Lourdes_QNone_BNone",1291179041.0,"Lourdes_Belo Horizonte, Lourdes",,,41m²,0,R$ 1.000
"Lourdes_Belo Horizonte, Lourdes_Q3_B2",1291176578.0,"Lourdes_Belo Horizonte, Lourdes",3,2,114m²,2,R$ 2.100.000
"Lourdes_Belo Horizonte, Lourdes_Q1_B1",1291176566.0,"Lourdes_Belo Horizonte, Lourdes",1,1,90m²,1,R$ 1.550.000
"Lourdes_Belo Horizonte, Lourdes_QNone_BNone",1291176206.0,"Lourdes_Belo Horizonte, Lourdes",,,79m²,1,R$ 590.000
"Lourdes_Belo Horizonte, Lourdes_QNone_BNone",1291175835.0,"Lourdes_Belo Horizonte, Lourdes",,,160m²,3,R$ 1.390.000
"Lourdes_Belo Horizonte, Lourdes_Q4_B5 ou mais",1291154620.0,"Lourdes_Belo Horizonte, Lourdes",4,5 ou mais,540m²,5 ou mais,R$ 5.900.000
"Lourdes_Belo Horizonte, Lourdes_Q3_B2",1291128663.0,"Lourdes_Belo Horizonte, Lourdes",3,2,85m²,0,R$ 1.043.444
"Lourdes_Belo Horizonte, Lourdes_Q4_B3",1291122725.0,"Lourdes_Belo Horizonte, Lourdes",4,3,143m²,3,R$ 2.998.000
"Lourdes_Belo Horizonte, Lourdes_Q5 ou mais_B4",1291099225.0,"Lourdes_Belo Horizonte, Lourdes",5 ou mais,4,317m²,4,R$ 2.400.000
"Lourdes_Belo Horizonte, Lourdes_Q3_B2",1291046092.0,"Lourdes_Belo Horizonte, Lourdes",3,2,114m²,2,R$ 2.100.000
"Lourdes_Belo Horizonte, Lourdes_QNone_BNone",1290964142.0,"Lourdes_Belo Horizonte, Lourdes",,,796m²,5 ou mais,R$ 53.501
"Lourdes_Belo Horizonte, Lourdes_QNone_BNone",1290964108.0,"Lourdes_Belo Horizonte, Lourdes",,,290m²,5 ou mais,R$ 19.219
"Lourdes_Belo Horizonte, Lourdes_QNone_BNone",1290964110.0,"Lourdes_Belo Horizonte, Lourdes",,,289m²,5 ou mais,R$ 21.221
"Lourdes_Belo Horizonte, Lourdes_QNone_BNone",1290964027.0,"Lourdes_Belo Horizonte, Lourdes",,,380m²,5 ou mais,R$ 21.518
"Lourdes_Belo Horizonte, Lourdes_QNone_BNone",1290964019.0,"Lourdes_Belo Horizonte, Lourdes",,,294m²,5 ou mais,R$ 20.154
"Lourdes_Belo Horizonte, Lourdes_QNone_BNone",1290964020.0,"Lourdes_Belo Horizonte, Lourdes",,,734m²,5 ou mais,R$ 50.120
"Lourdes_Belo Horizonte, Lourdes_QNone_BNone",1290963986.0,"Lourdes_Belo Horizonte, Lourdes",,,295m²,5 ou mais,R$ 19.809
"Santo Antônio_Belo Horizonte, Santo Antônio_QNone_BNone",1290865873.0,"Santo Antônio_Belo Horizonte, Santo Antônio",,,1050m²,4,R$ 40.000
"Santo Antônio_Belo Horizonte, Santo Antônio_QNone_BNone",1290865746.0,"Santo Antônio_Belo Horizonte, Santo Antônio",,,362m²,5 ou mais,R$ 4.300.000
"Lourdes_Belo Horizonte, Lourdes_Q4_B4",1290856873.0,"Lourdes_Belo Horizonte, Lourdes",4,4,137m²,4,R$ 2.550.000
"Lourdes_Belo Horizonte, Lourdes_Q4_B2",1290467351.0,"Lourdes_Belo Horizonte, Lourdes",4,2,227m²,2,R$ 1.590.000
"Lourdes_Belo Horizonte, Lourdes_Q1_B1",1290353443.0,"Lourdes_Belo Horizonte, Lourdes",1,1,58m²,1,R$ 1.051.349
"Lourdes_Belo Horizonte, Lourdes_Q4_B5 ou mais",1290353334.0,"Lourdes_Belo Horizonte, Lourdes",4,5 ou mais,580m²,4,R$ 7.295.000
"Lourdes_Belo Horizonte, Lourdes_Q2_B2",1290353324.0,"Lourdes_Belo Horizonte, Lourdes",2,2,67m²,2,R$ 959.917
"Lourdes_Belo Horizonte, Lourdes_Q3_B1",1290353317.0,"Lourdes_Belo Horizonte, Lourdes",3,1,122m²,2,R$ 2.209.680
"Lourdes_Belo Horizonte, Lourdes_QNone_BNone",1290353212.0,"Lourdes_Belo Horizonte, Lourdes",,,510m²,5 ou mais,R$ 4.900.000
"Lourdes_Belo Horizonte, Lourdes_Q2_B1",1290353162.0,"Lourdes_Belo Horizonte, Lourdes",2,1,85m²,2,R$ 1.100.000
"Lourdes_Belo Horizonte, Lourdes_Q4_B1",1290353140.0,"Lourdes_Belo Horizonte, Lourdes",4,1,440m²,4,R$ 2.500.000
"Lourdes_Belo Horizonte, Lourdes_Q2_B1",1290353014.0,"Lourdes_Belo Horizonte, Lourdes",2,1,101m²,2,R$ 1.953.002
"Santo Antônio_Belo Horizonte, Santo Antônio_QNone_BNone",1290352758.0,"Santo Antônio_Belo Horizonte, Santo Antônio",,,48m²,1,R$ 250.000
"Lourdes_Belo Horizonte, Lourdes_Q2_B2",1290352498.0,"Lourdes_Belo Horizonte, Lourdes",2,2,67m²,2,R$ 927.227
"Lourdes_Belo Horizonte, Lourdes_Q2_B2",1290352308.0,"Lourdes_Belo Horizonte, Lourdes",2,2,111m²,2,R$ 1.943.706
"Lourdes_Belo Horizonte, Lourdes_Q2_B2",1290352233.0,"Lourdes_Belo Horizonte, Lourdes",2,2,170m²,2,R$ 1.390.000
"Cidade Jardim_Belo Horizonte, Cidade Jardim_QNone_BNone",1290352172.0,"Cidade Jardim_Belo Horizonte, Cidade Jardim",,,205m²,4,R$ 3.830.000
"Lourdes_Belo Horizonte, Lourdes_QNone_BNone",1290352129.0,"Lourdes_Belo Horizonte, Lourdes",,,213m²,,R$ 22.000
"Lourdes_Belo Horizonte, Lourdes_Q3_B3",1290352113.0,"Lourdes_Belo Horizonte, Lourdes",3,3,95m²,2,R$ 2.200.000
"Lourdes_Belo Horizonte, Lourdes_Q3_B1",1290352074.0,"Lourdes_Belo Horizonte, Lourdes",3,1,103m²,2,R$ 2.035.467
"Lourdes_Belo Horizonte, Lourdes_Q4_B3",1290352050.0,"Lourdes_Belo Horizonte, Lourdes",4,3,172m²,3,R$ 2.500.000
"Lourdes_Belo Horizonte, Lourdes_QNone_BNone",1290352009.0,"Lourdes_Belo Horizonte, Lourdes",,,151m²,,R$ 650.000
"Lourdes_Belo Horizonte, Lourdes_Q4_B4",1290330372.0,"Lourdes_Belo Horizonte, Lourdes",4,4,131m²,4,R$ 2.250.000
"Lourdes_Belo Horizonte, Lourdes_Q4_B5 ou mais",1290290973.0,"Lourdes_Belo Horizonte, Lourdes",4,5 ou mais,210m²,2,R$ 2.450.000
"Lourdes_Belo Horizonte, Lourdes_Q4_B4",1290238403.0,"Lourdes_Belo Horizonte, Lourdes",4,4,210m²,2,R$ 1.800.000
"Lourdes_Belo Horizonte, Lourdes_Q2_B3",1290100283.0,"Lourdes_Belo Horizonte, Lourdes",2,3,83m²,2,R$ 1.200.000
"Lourdes_Belo Horizonte, Lourdes_Q2_B2",1290072978.0,"Lourdes_Belo Horizonte, Lourdes",2,2,67m²,2,R$ 1.215.000
"Lourdes_Belo Horizonte, Lourdes_QNone_BNone",1290065288.0,"Lourdes_Belo Horizonte, Lourdes",,,797m²,5 ou mais,R$ 53.501
"Lourdes_Belo Horizonte, Lourdes_QNone_BNone",1290064883.0,"Lourdes_Belo Horizonte, Lourdes",,,250m²,1,R$ 15.000
"Lourdes_Belo Horizonte, Lourdes_QNone_BNone",1290057992.0,"Lourdes_Belo Horizonte, Lourdes",,,45m²,,R$ 2.500
"Lourdes_Belo Horizonte, Lourdes_QNone_BNone",1289762832.0,"Lourdes_Belo Horizonte, Lourdes",,,175m²,,R$ 8.926
"Lourdes_Belo Horizonte, Lourdes_QNone_BNone",1289762647.0,"Lourdes_Belo Horizonte, Lourdes",,,211m²,,R$ 10.546
"Cidade Jardim_Belo Horizonte, Cidade Jardim_Q4_B5 ou mais",1289466059.0,"Cidade Jardim_Belo Horizonte, Cidade Jardim",4,5 ou mais,210m²,4,R$ 2.900.000
"Lourdes_Belo Horizonte, Lourdes_Q2_B2",1289372619.0,"Lourdes_Belo Horizonte, Lourdes",2,2,82m²,2,R$ 1.390.000
"Lourdes_Belo Horizonte, Lourdes_Q3_B2",1289369507.0,"Lourdes_Belo Horizonte, Lourdes",3,2,115m²,1,R$ 980.000
"Lourdes_Belo Horizonte, Lourdes_Q2_B2",1289104904.0,"Lourdes_Belo Horizonte, Lourdes",2,2,93m²,2,R$ 1.817.000
"Lourdes_Belo Horizonte, Lourdes_Q2_B2",1289104724.0,"Lourdes_Belo Horizonte, Lourdes",2,2,93m²,2,R$ 1.905.187
"Lourdes_Belo Horizonte, Lourdes_Q2_B2",1289104160.0,"Lourdes_Belo Horizonte, Lourdes",2,2,62m²,2,R$ 1.364.444
"Lourdes_Belo Horizonte, Lourdes_Q2_B2",1289103036.0,"Lourdes_Belo Horizonte, Lourdes",2,2,63m²,2,R$ 1.379.043
"Lourdes_Belo Horizonte, Lourdes_Q2_B2",1289103029.0,"Lourdes_Belo Horizonte, Lourdes",2,2,62m²,2,R$ 1.129.332
"Lourdes_Belo Horizonte, Lourdes_Q2_B3",1289100849.0,"Lourdes_Belo Horizonte, Lourdes",2,3,108m²,0,R$ 1.490.000
"Lourdes_Belo Horizonte, Lourdes_Q4_B5 ou mais",1289052774.0,"Lourdes_Belo Horizonte, Lourdes",4,5 ou mais,373m²,4,R$ 3.990.000
"Lourdes_Belo Horizonte, Lourdes_Q3_B3",1289028732.0,"Lourdes_Belo Horizonte, Lourdes",3,3,131m²,2,R$ 1.150.000
"Lourdes_Belo Horizonte, Lourdes_Q5 ou mais_B5 ou mais",1288998182.0,"Lourdes_Belo Horizonte, Lourdes",5 ou mais,5 ou mais,300m²,5 ou mais,R$ 1.790.000
"Lourdes_Belo Horizonte, Lourdes_Q4_B4",1288955355.0,"Lourdes_Belo Horizonte, Lourdes",4,4,306m²,4,R$ 4.200.000
"Lourdes_Belo Horizonte, Lourdes_Q0_B1",1288955345.0,"Lourdes_Belo Horizonte, Lourdes",0,1,428m²,3,R$ 4.200.000
"Lourdes_Belo Horizonte, Lourdes_Q2_B2",1288953818.0,"Lourdes_Belo Horizonte, Lourdes",2,2,107m²,2,R$ 1.895.663
"Lourdes_Belo Horizonte, Lourdes_Q4_B4",1288953413.0,"Lourdes_Belo Horizonte, Lourdes",4,4,410m²,4,R$ 3.930.000
"Lourdes_Belo Horizonte, Lourdes_Q3_B3",1288953056.0,"Lourdes_Belo Horizonte, Lourdes",3,3,200m²,2,R$ 1.800.000
"Lourdes_Belo Horizonte, Lourdes_Q2_B1",1288952997.0,"Lourdes_Belo Horizonte, Lourdes",2,1,71m²,2,R$ 990.990
"Lourdes_Belo Horizonte, Lourdes_QNone_BNone",1288952869.0,"Lourdes_Belo Horizonte, Lourdes",,,543m²,0,R$ 6.000.000
"Santo Antônio_Belo Horizonte, Santo Antônio_Q0_BNone",1288952420.0,"Santo Antônio_Belo Horizonte, Santo Antônio",0,,428m²,0,R$ 4.200.000
"Lourdes_Belo Horizonte, Lourdes_Q4_B4",1288952293.0,"Lourdes_Belo Horizonte, Lourdes",4,4,306m²,4,R$ 4.500.000
"Lourdes_Belo Horizonte, Lourdes_Q3_B2",1288952181.0,"Lourdes_Belo Horizonte, Lourdes",3,2,84m²,2,R$ 1.037.109
"Lourdes_Belo Horizonte, Lourdes_Q2_B2",1288952030.0,"Lourdes_Belo Horizonte, Lourdes",2,2,69m²,2,R$ 1.050.000
"Lourdes_Belo Horizonte, Lourdes_Q2_B2",1288951009.0,"Lourdes_Belo Horizonte, Lourdes",2,2,80m²,1,R$ 1.014.486
"Lourdes_Belo Horizonte, Lourdes_Q3_B4",1288950709.0,"Lourdes_Belo Horizonte, Lourdes",3,4,208m²,3,R$ 5.330.118
"Lourdes_Belo Horizonte, Lourdes_Q3_B2",1288950185.0,"Lourdes_Belo Horizonte, Lourdes",3,2,93m²,2,R$ 1.692.563
"Lourdes_Belo Horizonte, Lourdes_Q1_B1",1288949895.0,"Lourdes_Belo Horizonte, Lourdes",1,1,54m²,2,R$ 1.050.000
"Lourdes_Belo Horizonte, Lourdes_Q3_B2",1288949636.0,"Lourdes_Belo Horizonte, Lourdes",3,2,85m²,2,R$ 1.037.064
"Lourdes_Belo Horizonte, Lourdes_Q1_B1",1288949348.0,"Lourdes_Belo Horizonte, Lourdes",1,1,90m²,1,R$ 1.420.000
"Lourdes_Belo Horizonte, Lourdes_Q2_B2",1288949307.0,"Lourdes_Belo Horizonte, Lourdes",2,2,67m²,2,R$ 1.115.000
"Lourdes_Belo Horizonte, Lourdes_Q1_B1",1288949256.0,"Lourdes_Belo Horizonte, Lourdes",1,1,25m²,1,R$ 390.000
"Lourdes_Belo Horizonte, Lourdes_Q4_B3",1288949221.0,"Lourdes_Belo Horizonte, Lourdes",4,3,154m²,2,R$ 1.750.000
"Lourdes_Belo Horizonte, Lourdes_Q5 ou mais_B4",1288948941.0,"Lourdes_Belo Horizonte, Lourdes",5 ou mais,4,198m²,2,R$ 2.500.000
"Lourdes_Belo Horizonte, Lourdes_Q2_B2",1288948926.0,"Lourdes_Belo Horizonte, Lourdes",2,2,63m²,2,R$ 949.191
"Centro_Belo Horizonte, Centro_Q2_B2",1288869062.0,"Centro_Belo Horizonte, Centro",2,2,64m²,2,R$ 730.000
"Lourdes_Belo Horizonte, Lourdes_Q2_B2",1288514088.0,"Lourdes_Belo Horizonte, Lourdes",2,2,63m²,2,R$ 4.800
"Lourdes_Belo Horizonte, Lourdes_Q1_B1",1288309498.0,"Lourdes_Belo Horizonte, Lourdes",1,1,35m²,1,R$ 3.500
"Lourdes_Belo Horizonte, Lourdes_Q1_B1",1288309497.0,"Lourdes_Belo Horizonte, Lourdes",1,1,35m²,1,R$ 3.500
"Lourdes_Belo Horizonte, Lourdes_Q1_B1",1288309480.0,"Lourdes_Belo Horizonte, Lourdes",1,1,35m²,1,R$ 4.000
"Lourdes_Belo Horizonte, Lourdes_Q3_B3",1288282925.0,"Lourdes_Belo Horizonte, Lourdes",3,3,280m²,3,R$ 2.600.000
"Lourdes_Belo Horizonte, Lourdes_Q4_B3",1288273106.0,"Lourdes_Belo Horizonte, Lourdes",4,3,155m²,3,R$ 1.492.000
"Lourdes_Belo Horizonte, Lourdes_QNone_BNone",1288212672.0,"Lourdes_Belo Horizonte, Lourdes",,,20m²,0,R$ 130.000
"Centro_Belo Horizonte, Centro_QNone_BNone",1288191923.0,"Centro_Belo Horizonte, Centro",,,37m²,0,R$ 600
"Centro_Belo Horizonte, Centro_QNone_BNone",1288176308.0,"Centro_Belo Horizonte, Centro",,,102m²,0,R$ 1.800
"Lourdes_Belo Horizonte, Lourdes_Q3_B2",1288094162.0,"Lourdes_Belo Horizonte, Lourdes",3,2,85m²,2,R$ 1.169.809
"Lourdes_Belo Horizonte, Lourdes_QNone_BNone",1288091496.0,"Lourdes_Belo Horizonte, Lourdes",,,30m²,0,R$ 500
"Lourdes_Belo Horizonte, Lourdes_Q5 ou mais_B4",1288037973.0,"Lourdes_Belo Horizonte, Lourdes",5 ou mais,4,198m²,2,R$ 8.500
"Lourdes_Belo Horizonte, Lourdes_Q1_B1",1287979655.0,"Lourdes_Belo Horizonte, Lourdes",1,1,64m²,1,R$ 893.037
"Lourdes_Belo Horizonte, Lourdes_Q2_B2",1287979506.0,"Lourdes_Belo Horizonte, Lourdes",2,2,63m²,2,R$ 976.520
"Centro_Belo Horizonte, Centro_QNone_BNone",1287972263.0,"Centro_Belo Horizonte, Centro",,,31m²,,R$ 675
"Lourdes_Belo Horizonte, Lourdes_Q3_B3",1287960488.0,"Lourdes_Belo Horizonte, Lourdes",3,3,117m²,2,R$ 1.400.000
"Lourdes_Belo Horizonte, Lourdes_QNone_BNone",1287951977.0,"Lourdes_Belo Horizonte, Lourdes",,,4486m²,5 ou mais,R$ 28.000.000
"Lourdes_Belo Horizonte, Lourdes_Q3_B4",1287889303.0,"Lourdes_Belo Horizonte, Lourdes",3,4,98m²,2,R$ 2.250.000
"Lourdes_Belo Horizonte, Lourdes_QNone_BNone",1287865586.0,"Lourdes_Belo Horizonte, Lourdes",,,110m²,2,R$ 450.000
"Lourdes_Belo Horizonte, Lourdes_Q3_B4",1287786259.0,"Lourdes_Belo Horizonte, Lourdes",3,4,160m²,4,R$ 1.790.000
"Lourdes_Belo Horizonte, Lourdes_Q2_B2",1287759965.0,"Lourdes_Belo Horizonte, Lourdes",2,2,65m²,2,R$ 1.270.000
"Lourdes_Belo Horizonte, Lourdes_Q2_B2",1287756176.0,"Lourdes_Belo Horizonte, Lourdes",2,2,129m²,2,R$ 1.660.000
"Lourdes_Belo Horizonte, Lourdes_Q2_B3",1287755778.0,"Lourdes_Belo Horizonte, Lourdes",2,3,121m²,3,R$ 1.615.000
"Lourdes_Belo Horizonte, Lourdes_Q4_B5 ou mais",1287703342.0,"Lourdes_Belo Horizonte, Lourdes",4,5 ou mais,363m²,5 ou mais,R$ 7.300.000
"Lourdes_Belo Horizonte, Lourdes_Q4_B5 ou mais",1287680480.0,"Lourdes_Belo Horizonte, Lourdes",4,5 ou mais,364m²,5 ou mais,R$ 8.000.000
"Lourdes_Belo Horizonte, Lourdes_Q4_B5 ou mais",1287629254.0,"Lourdes_Belo Horizonte, Lourdes",4,5 ou mais,131m²,4,R$ 2.800.000
"Lourdes_Belo Horizonte, Lourdes_QNone_BNone",1287568109.0,"Lourdes_Belo Horizonte, Lourdes",,,380m²,0,R$ 1.200.000
"Lourdes_Belo Horizonte, Lourdes_Q2_B2",1287457724.0,"Lourdes_Belo Horizonte, Lourdes",2,2,63m²,2,R$ 1.086.917
"Lourdes_Belo Horizonte, Lourdes_Q3_B4",1287391059.0,"Lourdes_Belo Horizonte, Lourdes",3,4,116m²,2,R$ 1.980.000
"Lourdes_Belo Horizonte, Lourdes_Q4_B3",1287351592.0,"Lourdes_Belo Horizonte, Lourdes",4,3,175m²,1,R$ 980.000
"Lourdes_Belo Horizonte, Lourdes_QNone_BNone",1287350944.0,"Lourdes_Belo Horizonte, Lourdes",,,23m²,0,R$ 140.000
"Lourdes_Belo Horizonte, Lourdes_Q5 ou mais_B3",1287350859.0,"Lourdes_Belo Horizonte, Lourdes",5 ou mais,3,340m²,3,R$ 2.490.000
"Lourdes_Belo Horizonte, Lourdes_Q4_B4",1287350798.0,"Lourdes_Belo Horizonte, Lourdes",4,4,274m²,3,R$ 3.000.000
"Lourdes_Belo Horizonte, Lourdes_QNone_BNone",1287350696.0,"Lourdes_Belo Horizonte, Lourdes",,,30m²,0,R$ 185.000
"Lourdes_Belo Horizonte, Lourdes_Q3_B2",1287350498.0,"Lourdes_Belo Horizonte, Lourdes",3,2,114m²,2,R$ 2.100.000
"Lourdes_Belo Horizonte, Lourdes_Q1_B1",1287350297.0,"Lourdes_Belo Horizonte, Lourdes",1,1,90m²,1,R$ 1.550.000
"Centro_Belo Horizonte, Centro_Q2_B1",1287328149.0,"Centro_Belo Horizonte, Centro",2,1,88m²,0,R$ 580.000
"Lourdes_Belo Horizonte, Lourdes_Q4_B4",1287254388.0,"Lourdes_Belo Horizonte, Lourdes",4,4,390m²,4,R$ 3.900.000
"Lourdes_Belo Horizonte, Lourdes_Q2_B2",1287253963.0,"Lourdes_Belo Horizonte, Lourdes",2,2,135m²,2,R$ 1.415.055
"Lourdes_Belo Horizonte, Lourdes_Q2_B2",1287253941.0,"Lourdes_Belo Horizonte, Lourdes",2,2,63m²,2,R$ 1.075.156
"Lourdes_Belo Horizonte, Lourdes_QNone_BNone",1287176424.0,"Lourdes_Belo Horizonte, Lourdes",,,252m²,0,R$ 5.500
"Lourdes_Belo Horizonte, Lourdes_QNone_BNone",1287134977.0,"Lourdes_Belo Horizonte, Lourdes",,,30m²,0,R$ 369.000
"Lourdes_Belo Horizonte, Lourdes_Q4_B3",1287073768.0,"Lourdes_Belo Horizonte, Lourdes",4,3,165m²,3,R$ 1.750.000
"Lourdes_Belo Horizonte, Lourdes_Q3_B3",1286706867.0,"Lourdes_Belo Horizonte, Lourdes",3,3,90m²,1,R$ 690.000
"Lourdes_Belo Horizonte, Lourdes_Q4_B3",1286259245.0,"Lourdes_Belo Horizonte, Lourdes",4,3,215m²,2,R$ 6.600
"Lourdes_Belo Horizonte, Lourdes_Q4_B3",1286259203.0,"Lourdes_Belo Horizonte, Lourdes",4,3,215m²,2,R$ 1.750.000
"Lourdes_Belo Horizonte, Lourdes_QNone_BNone",1286151296.0,"Lourdes_Belo Horizonte, Lourdes",,,77m²,,R$ 550.000
"Lourdes_Belo Horizonte, Lourdes_Q3_B3",1286028812.0,"Lourdes_Belo Horizonte, Lourdes",3,3,104m²,1,R$ 1.490.000
"Lourdes_Belo Horizonte, Lourdes_Q2_B2",1285967045.0,"Lourdes_Belo Horizonte, Lourdes",2,2,62m²,2,R$ 1.490.000
"Lourdes_Belo Horizonte, Lourdes_Q3_B2",1285966994.0,"Lourdes_Belo Horizonte, Lourdes",3,2,78m²,2,R$ 1.750.000
"Lourdes_Belo Horizonte, Lourdes_Q2_B4",1285956858.0,"Lourdes_Belo Horizonte, Lourdes",2,4,135m²,3,R$ 2.200.000
"Lourdes_Belo Horizonte, Lourdes_Q3_B2",1285938749.0,"Lourdes_Belo Horizonte, Lourdes",3,2,104m²,1,R$ 1.490.000
"Lourdes_Belo Horizonte, Lourdes_Q4_B5 ou mais",1285786435.0,"Lourdes_Belo Horizonte, Lourdes",4,5 ou mais,252m²,4,R$ 4.150.000
"Lourdes_Belo Horizonte, Lourdes_Q3_B3",1285591076.0,"Lourdes_Belo Horizonte, Lourdes",3,3,90m²,1,R$ 680.000
"Lourdes_Belo Horizonte, Lourdes_Q2_B2",1285487940.0,"Lourdes_Belo Horizonte, Lourdes",2,2,65m²,2,R$ 954.000
"Lourdes_Belo Horizonte, Lourdes_QNone_BNone",1285481844.0,"Lourdes_Belo Horizonte, Lourdes",,,60m²,,R$ 2.800
"Lourdes_Belo Horizonte, Lourdes_Q4_B5 ou mais",1285419460.0,"Lourdes_Belo Horizonte, Lourdes",4,5 ou mais,289m²,3,R$ 14.000
"Lourdes_Belo Horizonte, Lourdes_Q4_B5 ou mais",1285419272.0,"Lourdes_Belo Horizonte, Lourdes",4,5 ou mais,289m²,3,R$ 4.000.000
"Lourdes_Belo Horizonte, Lourdes_QNone_BNone",1285362306.0,"Lourdes_Belo Horizonte, Lourdes",,,4126m²,5 ou mais,R$ 130.000
"Lourdes_Belo Horizonte, Lourdes_QNone_BNone",1285344576.0,"Lourdes_Belo Horizonte, Lourdes",,,52m²,1,R$ 490.000
"Lourdes_Belo Horizonte, Lourdes_QNone_BNone",1285339439.0,"Lourdes_Belo Horizonte, Lourdes",,,775m²,5 ou mais,R$ 23.000
"Lourdes_Belo Horizonte, Lourdes_Q3_B3",1285334050.0,"Lourdes_Belo Horizonte, Lourdes",3,3,116m²,2,R$ 2.230.000
"Lourdes_Belo Horizonte, Lourdes_Q4_B5 ou mais",1285300539.0,"Lourdes_Belo Horizonte, Lourdes",4,5 ou mais,143m²,0,R$ 2.510.527
"Lourdes_Belo Horizonte, Lourdes_Q2_B2",1285195534.0,"Lourdes_Belo Horizonte, Lourdes",2,2,100m²,2,R$ 1.475.000
"Lourdes_Belo Horizonte, Lourdes_Q5 ou mais_B5 ou mais",1285189211.0,"Lourdes_Belo Horizonte, Lourdes",5 ou mais,5 ou mais,410m²,5 ou mais,R$ 4.950.000
"Lourdes_Belo Horizonte, Lourdes_Q2_B3",1285188897.0,"Lourdes_Belo Horizonte, Lourdes",2,3,160m²,1,R$ 1.380.000
"Lourdes_Belo Horizonte, Lourdes_Q3_B3",1285188836.0,"Lourdes_Belo Horizonte, Lourdes",3,3,180m²,3,R$ 1.995.000
"Lourdes_Belo Horizonte, Lourdes_Q4_B5 ou mais",1285188823.0,"Lourdes_Belo Horizonte, Lourdes",4,5 ou mais,405m²,4,R$ 3.930.000
"Lourdes_Belo Horizonte, Lourdes_Q2_B2",1285188636.0,"Lourdes_Belo Horizonte, Lourdes",2,2,68m²,2,R$ 1.100.000
"Cidade Jardim_Belo Horizonte, Cidade Jardim_Q1_B1",1285187753.0,"Cidade Jardim_Belo Horizonte, Cidade Jardim",1,1,37m²,1,R$ 418.000
"Santo Agostinho_Belo Horizonte, Santo Agostinho_QNone_BNone",1285002048.0,"Santo Agostinho_Belo Horizonte, Santo Agostinho",,,90m²,1,R$ 670.000
"Lourdes_Belo Horizonte, Lourdes_Q2_B2",1284988050.0,"Lourdes_Belo Horizonte, Lourdes",2,2,67m²,2,R$ 1.250.000
"Lourdes_Belo Horizonte, Lourdes_Q2_B3",1284791905.0,"Lourdes_Belo Horizonte, Lourdes",2,3,75m²,2,R$ 1.496.913
"Lourdes_Belo Horizonte, Lourdes_Q2_B2",1284606797.0,"Lourdes_Belo Horizonte, Lourdes",2,2,67m²,2,R$ 1.115.000
"Lourdes_Belo Horizonte, Lourdes_Q3_B4",1284210331.0,"Lourdes_Belo Horizonte, Lourdes",3,4,115m²,2,R$ 2.300.000
"Lourdes_Belo Horizonte, Lourdes_Q3_B2",1284114798.0,"Lourdes_Belo Horizonte, Lourdes",3,2,134m²,2,R$ 2.329.300
"Lourdes_Belo Horizonte, Lourdes_Q3_B2",1283913091.0,"Lourdes_Belo Horizonte, Lourdes",3,2,116m²,2,R$ 2.230.000
"Lourdes_Belo Horizonte, Lourdes_Q1_B1",1283905574.0,"Lourdes_Belo Horizonte, Lourdes",1,1,41m²,1,R$ 569.000
"Lourdes_Belo Horizonte, Lourdes_Q3_B4",1283802980.0,"Lourdes_Belo Horizonte, Lourdes",3,4,261m²,3,R$ 3.500.000
"Centro_Belo Horizonte, Centro_QNone_BNone",1283785741.0,"Centro_Belo Horizonte, Centro",,,556m²,,R$ 1.900.000
"Lourdes_Belo Horizonte, Lourdes_Q3_B2",1283761063.0,"Lourdes_Belo Horizonte, Lourdes",3,2,86m²,2,R$ 1.500.000
"Lourdes_Belo Horizonte, Lourdes_Q3_B4",1283627206.0,"Lourdes_Belo Horizonte, Lourdes",3,4,261m²,3,R$ 3.500.000
"Lourdes_Belo Horizonte, Lourdes_QNone_BNone",1283572683.0,"Lourdes_Belo Horizonte, Lourdes",,,600m²,,R$ 3.999.999
"Lourdes_Belo Horizonte, Lourdes_Q3_B3",1283532983.0,"Lourdes_Belo Horizonte, Lourdes",3,3,95m²,2,R$ 1.250.000
"Centro_Belo Horizonte, Centro_Q3_B3",1283429111.0,"Centro_Belo Horizonte, Centro",3,3,150m²,0,R$ 760.000
"Lourdes_Belo Horizonte, Lourdes_QNone_BNone",1283415358.0,"Lourdes_Belo Horizonte, Lourdes",,,600m²,0,R$ 3.000.000
"Lourdes_Belo Horizonte, Lourdes_Q3_B3",1283403676.0,"Lourdes_Belo Horizonte, Lourdes",3,3,79m²,2,R$ 1.270.822
"Lourdes_Belo Horizonte, Lourdes_Q1_B1",1283201001.0,"Lourdes_Belo Horizonte, Lourdes",1,1,40m²,1,R$ 3.800
"Lourdes_Belo Horizonte, Lourdes_Q3_B2",1283182660.0,"Lourdes_Belo Horizonte, Lourdes",3,2,218m²,3,R$ 1.995.000
"Lourdes_Belo Horizonte, Lourdes_Q3_B4",1283099481.0,"Lourdes_Belo Horizonte, Lourdes",3,4,116m²,2,R$ 2.230.000
"Lourdes_Belo Horizonte, Lourdes_QNone_BNone",1282857873.0,"Lourdes_Belo Horizonte, Lourdes",,,393m²,,R$ 19.824
"Lourdes_Belo Horizonte, Lourdes_Q4_B4",1282807869.0,"Lourdes_Belo Horizonte, Lourdes",4,4,320m²,2,R$ 10.000
"Santo Agostinho_Belo Horizonte, Santo Agostinho_QNone_BNone",1282658629.0,"Santo Agostinho_Belo Horizonte, Santo Agostinho",,,513m²,0,R$ 41.040
"Lourdes_Belo Horizonte, Lourdes_QNone_BNone",1282413681.0,"Lourdes_Belo Horizonte, Lourdes",,,69m²,0,R$ 700
"Lourdes_Belo Horizonte, Lourdes_Q5 ou mais_B4",1282347974.0,"Lourdes_Belo Horizonte, Lourdes",5 ou mais,4,397m²,3,R$ 2.300.000
"Lourdes_Belo Horizonte, Lourdes_Q4_B3",1281969569.0,"Lourdes_Belo Horizonte, Lourdes",4,3,113m²,1,R$ 767.000
"Lourdes_Belo Horizonte, Lourdes_QNone_BNone",1281846936.0,"Lourdes_Belo Horizonte, Lourdes",,,109m²,2,R$ 1.307.140
"Centro_Belo Horizonte, Centro_Q2_B1",1281777828.0,"Centro_Belo Horizonte, Centro",2,1,84m²,0,R$ 350.000
"Lourdes_Belo Horizonte, Lourdes_Q2_B2",1281750300.0,"Lourdes_Belo Horizonte, Lourdes",2,2,64m²,2,R$ 1.252.471
"Lourdes_Belo Horizonte, Lourdes_Q4_B2",1284026038.0,"Lourdes_Belo Horizonte, Lourdes",4,2,180m²,2,R$ 1.350.000
"Lourdes_Belo Horizonte, Lourdes_Q2_B2",1281659030.0,"Lourdes_Belo Horizonte, Lourdes",2,2,67m²,2,R$ 1.125.000
"Lourdes_Belo Horizonte, Lourdes_Q4_B4",1281649184.0,"Lourdes_Belo Horizonte, Lourdes",4,4,130m²,4,R$ 2.450.000
"Lourdes_Belo Horizonte, Lourdes_Q2_B2",1281649089.0,"Lourdes_Belo Horizonte, Lourdes",2,2,67m²,2,R$ 1.115.000
"Lourdes_Belo Horizonte, Lourdes_Q1_B1",1281592519.0,"Lourdes_Belo Horizonte, Lourdes",1,1,28m²,1,R$ 450.000
"Lourdes_Belo Horizonte, Lourdes_QNone_BNone",1281498501.0,"Lourdes_Belo Horizonte, Lourdes",,,27m²,0,R$ 160.000
"Lourdes_Belo Horizonte, Lourdes_Q4_B2",1281451283.0,"Lourdes_Belo Horizonte, Lourdes",4,2,143m²,3,R$ 2.943.948
"Lourdes_Belo Horizonte, Lourdes_Q4_B3",1281423523.0,"Lourdes_Belo Horizonte, Lourdes",4,3,131m²,4,R$ 2.450.000
"Lourdes_Belo Horizonte, Lourdes_Q1_B1",1281068497.0,"Lourdes_Belo Horizonte, Lourdes",1,1,50m²,0,R$ 350.000
"Lourdes_Belo Horizonte, Lourdes_Q2_B2",1281058784.0,"Lourdes_Belo Horizonte, Lourdes",2,2,70m²,1,R$ 1.050.000
"Centro_Belo Horizonte, Centro_QNone_BNone",1281057100.0,"Centro_Belo Horizonte, Centro",,,35m²,0,R$ 400
"Lourdes_Belo Horizonte, Lourdes_Q4_B3",1281033395.0,"Lourdes_Belo Horizonte, Lourdes",4,3,230m²,2,R$ 2.750.000
"Lourdes_Belo Horizonte, Lourdes_Q3_B3",1280672996.0,"Lourdes_Belo Horizonte, Lourdes",3,3,110m²,2,R$ 1.200.000
"Lourdes_Belo Horizonte, Lourdes_Q3_B3",1280238697.0,"Lourdes_Belo Horizonte, Lourdes",3,3,185m²,4,R$ 1.980.000
"Lourdes_Belo Horizonte, Lourdes_QNone_BNone",1280137734.0,"Lourdes_Belo Horizonte, Lourdes",,,680m²,3,R$ 33.000
"Lourdes_Belo Horizonte, Lourdes_Q3_B2",1279993788.0,"Lourdes_Belo Horizonte, Lourdes",3,2,89m²,2,R$ 1.380.000
"Lourdes_Belo Horizonte, Lourdes_Q2_B2",1279795749.0,"Lourdes_Belo Horizonte, Lourdes",2,2,129m²,2,R$ 1.660.000
"Lourdes_Belo Horizonte, Lourdes_QNone_BNone",1279792569.0,"Lourdes_Belo Horizonte, Lourdes",,,250m²,2,R$ 15.000
"Lourdes_Belo Horizonte, Lourdes_QNone_BNone",1279664657.0,"Lourdes_Belo Horizonte, Lourdes",,,68m²,1,R$ 605.000
"Lourdes_Belo Horizonte, Lourdes_QNone_BNone",1279664523.0,"Lourdes_Belo Horizonte, Lourdes",,,68m²,1,R$ 600.000
"Lourdes_Belo Horizonte, Lourdes_Q3_B3",1279664412.0,"Lourdes_Belo Horizonte, Lourdes",3,3,109m²,2,R$ 2.250.000
"Lourdes_Belo Horizonte, Lourdes_Q4_B3",1279663994.0,"Lourdes_Belo Horizonte, Lourdes",4,3,163m²,1,R$ 950.000
"Lourdes_Belo Horizonte, Lourdes_QNone_BNone",1279663185.0,"Lourdes_Belo Horizonte, Lourdes",,,681m²,0,R$ 50.000
"Lourdes_Belo Horizonte, Lourdes_QNone_BNone",1279661766.0,"Lourdes_Belo Horizonte, Lourdes",,,70m²,1,R$ 610.000
"Lourdes_Belo Horizonte, Lourdes_QNone_BNone",1279661663.0,"Lourdes_Belo Horizonte, Lourdes",,,92m²,5 ou mais,R$ 23.350
"Lourdes_Belo Horizonte, Lourdes_QNone_BNone",1279661148.0,"Lourdes_Belo Horizonte, Lourdes",,,70m²,1,R$ 600.000
"Lourdes_Belo Horizonte, Lourdes_Q3_B3",1279613718.0,"Lourdes_Belo Horizonte, Lourdes",3,3,59m²,2,R$ 1.850.790
"Lourdes_Belo Horizonte, Lourdes_Q3_B2",1279461674.0,"Lourdes_Belo Horizonte, Lourdes",3,2,116m²,2,R$ 2.000.000
"Lourdes_Belo Horizonte, Lourdes_Q2_B2",1278598886.0,"Lourdes_Belo Horizonte, Lourdes",2,2,64m²,2,R$ 1.050.000
"Lourdes_Belo Horizonte, Lourdes_Q2_B2",1278598868.0,"Lourdes_Belo Horizonte, Lourdes",2,2,67m²,2,R$ 1.115.000
"Lourdes_Belo Horizonte, Lourdes_Q2_B2",1278598840.0,"Lourdes_Belo Horizonte, Lourdes",2,2,67m²,2,R$ 1.125.000
"Lourdes_Belo Horizonte, Lourdes_Q2_B2",1278598759.0,"Lourdes_Belo Horizonte, Lourdes",2,2,63m²,2,R$ 1.120.000
"Lourdes_Belo Horizonte, Lourdes_Q4_B4",1278374079.0,"Lourdes_Belo Horizonte, Lourdes",4,4,250m²,2,R$ 1.580.000
"Lourdes_Belo Horizonte, Lourdes_QNone_BNone",1278367703.0,"Lourdes_Belo Horizonte, Lourdes",,,41m²,0,R$ 150.000
"Lourdes_Belo Horizonte, Lourdes_QNone_BNone",1278366890.0,"Lourdes_Belo Horizonte, Lourdes",,,90m²,2,R$ 829.000
"Centro_Belo Horizonte, Centro_QNone_BNone",1278366884.0,"Centro_Belo Horizonte, Centro",,,290m²,0,R$ 650.000
"Lourdes_Belo Horizonte, Lourdes_QNone_BNone",1278366771.0,"Lourdes_Belo Horizonte, Lourdes",,,39m²,0,R$ 250.000
"Lourdes_Belo Horizonte, Lourdes_QNone_BNone",1278366732.0,"Lourdes_Belo Horizonte, Lourdes",,,35m²,1,R$ 360.000
"Lourdes_Belo Horizonte, Lourdes_QNone_BNone",1278366298.0,"Lourdes_Belo Horizonte, Lourdes",,,41m²,0,R$ 260.000
"Lourdes_Belo Horizonte, Lourdes_QNone_BNone",1278364950.0,"Lourdes_Belo Horizonte, Lourdes",,,22m²,0,R$ 450
"Lourdes_Belo Horizonte, Lourdes_Q1_B2",1278356556.0,"Lourdes_Belo Horizonte, Lourdes",1,2,91m²,2,R$ 1.308.690
"Lourdes_Belo Horizonte, Lourdes_QNone_BNone",1278330348.0,"Lourdes_Belo Horizonte, Lourdes",,,82m²,0,R$ 1.400
"Lourdes_Belo Horizonte, Lourdes_QNone_BNone",1278329407.0,"Lourdes_Belo Horizonte, Lourdes",,,4m²,1,R$ 250
"Lourdes_Belo Horizonte, Lourdes_QNone_BNone",1278329207.0,"Lourdes_Belo Horizonte, Lourdes",,,34m²,0,R$ 600
"Lourdes_Belo Horizonte, Lourdes_QNone_BNone",1278329126.0,"Lourdes_Belo Horizonte, Lourdes",,,22m²,0,R$ 450
"Lourdes_Belo Horizonte, Lourdes_QNone_BNone",1278329058.0,"Lourdes_Belo Horizonte, Lourdes",,,17m²,0,R$ 350
"Lourdes_Belo Horizonte, Lourdes_QNone_BNone",1278328980.0,"Lourdes_Belo Horizonte, Lourdes",,,29m²,0,R$ 550
"Lourdes_Belo Horizonte, Lourdes_QNone_BNone",1278328749.0,"Lourdes_Belo Horizonte, Lourdes",,,3m²,,R$ 400
"Lourdes_Belo Horizonte, Lourdes_QNone_BNone",1278328736.0,"Lourdes_Belo Horizonte, Lourdes",,,34m²,0,R$ 600
"Lourdes_Belo Horizonte, Lourdes_QNone_BNone",1278244051.0,"Lourdes_Belo Horizonte, Lourdes",,,86m²,,R$ 2.800
"Lourdes_Belo Horizonte, Lourdes_Q2_B2",1278242956.0,"Lourdes_Belo Horizonte, Lourdes",2,2,81m²,2,R$ 1.450.000
"Lourdes_Belo Horizonte, Lourdes_Q5 ou mais_B4",1278227737.0,"Lourdes_Belo Horizonte, Lourdes",5 ou mais,4,320m²,3,R$ 2.300.000
"Lourdes_Belo Horizonte, Lourdes_Q4_B3",1278223470.0,"Lourdes_Belo Horizonte, Lourdes",4,3,273m²,3,R$ 3.000.000
"Lourdes_Belo Horizonte, Lourdes_QNone_BNone",1278222685.0,"Lourdes_Belo Horizonte, Lourdes",,,25m²,1,R$ 270.000
"Lourdes_Belo Horizonte, Lourdes_Q2_B2",1278222635.0,"Lourdes_Belo Horizonte, Lourdes",2,2,80m²,1,R$ 570.000
"Centro_Belo Horizonte, Centro_Q3_B2",1278221511.0,"Centro_Belo Horizonte, Centro",3,2,166m²,0,R$ 650.000
"Lourdes_Belo Horizonte, Lourdes_Q2_B3",1278218613.0,"Lourdes_Belo Horizonte, Lourdes",2,3,64m²,2,R$ 1.150.000
"Lourdes_Belo Horizonte, Lourdes_Q3_B3",1278108110.0,"Lourdes_Belo Horizonte, Lourdes",3,3,100m²,2,R$ 1.600.000
"Lourdes_Belo Horizonte, Lourdes_QNone_BNone",1278072796.0,"Lourdes_Belo Horizonte, Lourdes",,,76m²,2,R$ 1.970.000
"Lourdes_Belo Horizonte, Lourdes_QNone_BNone",1278072660.0,"Lourdes_Belo Horizonte, Lourdes",,,76m²,2,R$ 5.500
"Lourdes_Belo Horizonte, Lourdes_Q3_B3",1278064638.0,"Lourdes_Belo Horizonte, Lourdes",3,3,99m²,2,R$ 1.150.000
"Lourdes_Belo Horizonte, Lourdes_Q3_B4",1278064214.0,"Lourdes_Belo Horizonte, Lourdes",3,4,136m²,2,R$ 1.600.000
"Lourdes_Belo Horizonte, Lourdes_Q4_B4",1278064196.0,"Lourdes_Belo Horizonte, Lourdes",4,4,202m²,2,R$ 1.300.000
"Lourdes_Belo Horizonte, Lourdes_Q3_B4",1278064178.0,"Lourdes_Belo Horizonte, Lourdes",3,4,116m²,2,R$ 2.180.000
"Lourdes_Belo Horizonte, Lourdes_Q4_B5 ou mais",1278064078.0,"Lourdes_Belo Horizonte, Lourdes",4,5 ou mais,240m²,3,R$ 2.490.000
"Lourdes_Belo Horizonte, Lourdes_Q2_B2",1278064040.0,"Lourdes_Belo Horizonte, Lourdes",2,2,62m²,2,R$ 1.077.419
"Lourdes_Belo Horizonte, Lourdes_Q3_B3",1278063962.0,"Lourdes_Belo Horizonte, Lourdes",3,3,100m²,1,R$ 1.150.000
"Lourdes_Belo Horizonte, Lourdes_Q4_B5 ou mais",1278063947.0,"Lourdes_Belo Horizonte, Lourdes",4,5 ou mais,300m²,3,R$ 1.790.000
"Lourdes_Belo Horizonte, Lourdes_Q2_B3",1278063892.0,"Lourdes_Belo Horizonte, Lourdes",2,3,131m²,2,R$ 1.700.000
"Lourdes_Belo Horizonte, Lourdes_Q2_B2",1278063841.0,"Lourdes_Belo Horizonte, Lourdes",2,2,62m²,2,R$ 1.086.725
"Lourdes_Belo Horizonte, Lourdes_Q3_B3",1278063794.0,"Lourdes_Belo Horizonte, Lourdes",3,3,95m²,1,R$ 869.000
"Lourdes_Belo Horizonte, Lourdes_Q2_B2",1278063780.0,"Lourdes_Belo Horizonte, Lourdes",2,2,71m²,2,R$ 1.297.431
"Lourdes_Belo Horizonte, Lourdes_Q4_B2",1278063722.0,"Lourdes_Belo Horizonte, Lourdes",4,2,160m²,3,R$ 1.900.000
"Lourdes_Belo Horizonte, Lourdes_Q2_B2",1278063673.0,"Lourdes_Belo Horizonte, Lourdes",2,2,63m²,2,R$ 1.116.000
"Lourdes_Belo Horizonte, Lourdes_Q4_B3",1278063672.0,"Lourdes_Belo Horizonte, Lourdes",4,3,170m²,2,R$ 1.300.000
"Lourdes_Belo Horizonte, Lourdes_Q2_B2",1278063605.0,"Lourdes_Belo Horizonte, Lourdes",2,2,89m²,1,R$ 1.350.000
"Lourdes_Belo Horizonte, Lourdes_Q2_B3",1278063525.0,"Lourdes_Belo Horizonte, Lourdes",2,3,150m²,1,R$ 1.380.000
"Lourdes_Belo Horizonte, Lourdes_Q4_B4",1278063516.0,"Lourdes_Belo Horizonte, Lourdes",4,4,300m²,2,R$ 3.900.000
"Lourdes_Belo Horizonte, Lourdes_Q2_B3",1278063477.0,"Lourdes_Belo Horizonte, Lourdes",2,3,72m²,2,R$ 1.350.000
"Lourdes_Belo Horizonte, Lourdes_Q4_B4",1278063418.0,"Lourdes_Belo Horizonte, Lourdes",4,4,270m²,4,R$ 4.390.000
"Lourdes_Belo Horizonte, Lourdes_Q4_B3",1278063423.0,"Lourdes_Belo Horizonte, Lourdes",4,3,249m²,2,R$ 1.590.000
"Lourdes_Belo Horizonte, Lourdes_Q4_B4",1278063386.0,"Lourdes_Belo Horizonte, Lourdes",4,4,151m²,3,R$ 1.750.000
"Lourdes_Belo Horizonte, Lourdes_Q3_B4",1278063404.0,"Lourdes_Belo Horizonte, Lourdes",3,4,226m²,4,R$ 1.889.000
"Lourdes_Belo Horizonte, Lourdes_Q3_B5 ou mais",1278063308.0,"Lourdes_Belo Horizonte, Lourdes",3,5 ou mais,550m²,5 ou mais,R$ 7.300.000
"Lourdes_Belo Horizonte, Lourdes_Q4_B5 ou mais",1278063293.0,"Lourdes_Belo Horizonte, Lourdes",4,5 ou mais,260m²,3,R$ 2.990.000
"Lourdes_Belo Horizonte, Lourdes_Q2_B3",1278063303.0,"Lourdes_Belo Horizonte, Lourdes",2,3,100m²,2,R$ 1.100.000
"Lourdes_Belo Horizonte, Lourdes_Q2_B2",1278063177.0,"Lourdes_Belo Horizonte, Lourdes",2,2,62m²,2,R$ 1.062.454
"Lourdes_Belo Horizonte, Lourdes_Q2_B3",1278063153.0,"Lourdes_Belo Horizonte, Lourdes",2,3,160m²,2,R$ 1.290.000
"Lourdes_Belo Horizonte, Lourdes_Q3_B2",1278063132.0,"Lourdes_Belo Horizonte, Lourdes",3,2,115m²,0,R$ 800.000
"Lourdes_Belo Horizonte, Lourdes_Q3_B2",1278062977.0,"Lourdes_Belo Horizonte, Lourdes",3,2,116m²,2,R$ 2.230.000
"Lourdes_Belo Horizonte, Lourdes_Q4_B5 ou mais",1278062947.0,"Lourdes_Belo Horizonte, Lourdes",4,5 ou mais,355m²,3,R$ 2.900.000
"Lourdes_Belo Horizonte, Lourdes_Q4_B2",1278062936.0,"Lourdes_Belo Horizonte, Lourdes",4,2,120m²,2,R$ 2.200.000
"Lourdes_Belo Horizonte, Lourdes_Q4_B2",1278062843.0,"Lourdes_Belo Horizonte, Lourdes",4,2,118m²,2,R$ 1.600.000
"Lourdes_Belo Horizonte, Lourdes_Q2_B2",1278062815.0,"Lourdes_Belo Horizonte, Lourdes",2,2,62m²,2,R$ 1.050.653
"Lourdes_Belo Horizonte, Lourdes_QNone_BNone",1278062772.0,"Lourdes_Belo Horizonte, Lourdes",,,644m²,,R$ 6.000.000
"Lourdes_Belo Horizonte, Lourdes_Q4_B1",1278062737.0,"Lourdes_Belo Horizonte, Lourdes",4,1,130m²,1,R$ 760.000
"Lourdes_Belo Horizonte, Lourdes_Q3_B3",1278062676.0,"Lourdes_Belo Horizonte, Lourdes",3,3,90m²,2,R$ 1.750.000
"Lourdes_Belo Horizonte, Lourdes_Q2_B3",1278062678.0,"Lourdes_Belo Horizonte, Lourdes",2,3,63m²,2,R$ 1.150.000
"Lourdes_Belo Horizonte, Lourdes_Q5 ou mais_B4",1278062669.0,"Lourdes_Belo Horizonte, Lourdes",5 ou mais,4,250m²,2,R$ 2.100.000
"Lourdes_Belo Horizonte, Lourdes_Q3_B2",1278062632.0,"Lourdes_Belo Horizonte, Lourdes",3,2,95m²,1,R$ 655.000
"Lourdes_Belo Horizonte, Lourdes_Q2_B2",1278062505.0,"Lourdes_Belo Horizonte, Lourdes",2,2,63m²,2,R$ 1.220.000
"Lourdes_Belo Horizonte, Lourdes_Q2_B2",1278062486.0,"Lourdes_Belo Horizonte, Lourdes",2,2,56m²,2,R$ 1.050.000
"Lourdes_Belo Horizonte, Lourdes_Q4_B4",1278062347.0,"Lourdes_Belo Horizonte, Lourdes",4,4,575m²,5 ou mais,R$ 6.300.000
"Lourdes_Belo Horizonte, Lourdes_Q4_B2",1278062325.0,"Lourdes_Belo Horizonte, Lourdes",4,2,160m²,1,R$ 1.170.000
"Lourdes_Belo Horizonte, Lourdes_Q2_B2",1278062284.0,"Lourdes_Belo Horizonte, Lourdes",2,2,72m²,2,R$ 1.100.000
"Lourdes_Belo Horizonte, Lourdes_Q2_B2",1278062214.0,"Lourdes_Belo Horizonte, Lourdes",2,2,56m²,2,R$ 954.000
"Lourdes_Belo Horizonte, Lourdes_Q4_B4",1278062203.0,"Lourdes_Belo Horizonte, Lourdes",4,4,352m²,5 ou mais,R$ 3.000.000
"Lourdes_Belo Horizonte, Lourdes_Q1_B1",1278062170.0,"Lourdes_Belo Horizonte, Lourdes",1,1,80m²,2,R$ 1.000.000
"Lourdes_Belo Horizonte, Lourdes_Q3_B3",1278062137.0,"Lourdes_Belo Horizonte, Lourdes",3,3,120m²,2,R$ 1.260.000
"Lourdes_Belo Horizonte, Lourdes_Q2_B3",1278062141.0,"Lourdes_Belo Horizonte, Lourdes",2,3,100m²,2,R$ 1.500.000
"Lourdes_Belo Horizonte, Lourdes_Q3_B4",1278062142.0,"Lourdes_Belo Horizonte, Lourdes",3,4,250m²,2,R$ 2.350.000
"Lourdes_Belo Horizonte, Lourdes_Q4_B3",1278062095.0,"Lourdes_Belo Horizonte, Lourdes",4,3,320m²,3,R$ 3.425.000
"Lourdes_Belo Horizonte, Lourdes_Q4_B2",1278062090.0,"Lourdes_Belo Horizonte, Lourdes",4,2,161m²,2,R$ 1.400.000
"Lourdes_Belo Horizonte, Lourdes_Q4_B5 ou mais",1278062049.0,"Lourdes_Belo Horizonte, Lourdes",4,5 ou mais,301m²,4,R$ 3.200.000
"Lourdes_Belo Horizonte, Lourdes_Q4_B2",1278061950.0,"Lourdes_Belo Horizonte, Lourdes",4,2,150m²,1,R$ 950.000
"Lourdes_Belo Horizonte, Lourdes_Q2_B2",1278061919.0,"Lourdes_Belo Horizonte, Lourdes",2,2,68m²,2,R$ 1.157.532
"Lourdes_Belo Horizonte, Lourdes_Q3_B3",1278061796.0,"Lourdes_Belo Horizonte, Lourdes",3,3,122m²,1,R$ 660.000
"Lourdes_Belo Horizonte, Lourdes_Q2_B3",1278061745.0,"Lourdes_Belo Horizonte, Lourdes",2,3,122m²,2,R$ 1.490.000
"Lourdes_Belo Horizonte, Lourdes_Q2_B1",1278061685.0,"Lourdes_Belo Horizonte, Lourdes",2,1,98m²,2,R$ 1.380.000
"Lourdes_Belo Horizonte, Lourdes_Q3_B3",1278061638.0,"Lourdes_Belo Horizonte, Lourdes",3,3,95m²,2,R$ 1.482.000
"Lourdes_Belo Horizonte, Lourdes_Q4_B3",1278061484.0,"Lourdes_Belo Horizonte, Lourdes",4,3,157m²,4,R$ 1.590.000
"Lourdes_Belo Horizonte, Lourdes_Q2_B2",1278061461.0,"Lourdes_Belo Horizonte, Lourdes",2,2,63m²,2,R$ 1.190.000
"Lourdes_Belo Horizonte, Lourdes_Q4_B5 ou mais",1278061455.0,"Lourdes_Belo Horizonte, Lourdes",4,5 ou mais,207m²,4,R$ 4.350.000
"Lourdes_Belo Horizonte, Lourdes_Q4_B5 ou mais",1278061375.0,"Lourdes_Belo Horizonte, Lourdes",4,5 ou mais,306m²,4,R$ 4.200.000
"Lourdes_Belo Horizonte, Lourdes_Q4_B2",1278061344.0,"Lourdes_Belo Horizonte, Lourdes",4,2,160m²,0,R$ 620.000
"Lourdes_Belo Horizonte, Lourdes_Q4_B4",1278061341.0,"Lourdes_Belo Horizonte, Lourdes",4,4,396m²,5 ou mais,R$ 3.700.000
"Lourdes_Belo Horizonte, Lourdes_Q2_B2",1278061307.0,"Lourdes_Belo Horizonte, Lourdes",2,2,63m²,2,R$ 1.166.000
"Lourdes_Belo Horizonte, Lourdes_Q3_B3",1278061275.0,"Lourdes_Belo Horizonte, Lourdes",3,3,92m²,2,R$ 1.925.017
"Lourdes_Belo Horizonte, Lourdes_Q4_B3",1278061259.0,"Lourdes_Belo Horizonte, Lourdes",4,3,175m²,2,R$ 1.590.000
"Lourdes_Belo Horizonte, Lourdes_Q2_B3",1278061229.0,"Lourdes_Belo Horizonte, Lourdes",2,3,63m²,2,R$ 1.080.000
"Lourdes_Belo Horizonte, Lourdes_Q4_B4",1278061199.0,"Lourdes_Belo Horizonte, Lourdes",4,4,234m²,2,R$ 1.800.000
"Lourdes_Belo Horizonte, Lourdes_Q4_B2",1278061076.0,"Lourdes_Belo Horizonte, Lourdes",4,2,280m²,0,R$ 1.200.000
"Lourdes_Belo Horizonte, Lourdes_Q2_B3",1278061056.0,"Lourdes_Belo Horizonte, Lourdes",2,3,69m²,2,R$ 1.080.000
"Lourdes_Belo Horizonte, Lourdes_Q4_B1",1278060954.0,"Lourdes_Belo Horizonte, Lourdes",4,1,340m²,3,R$ 2.700.000
"Lourdes_Belo Horizonte, Lourdes_Q4_B3",1278060914.0,"Lourdes_Belo Horizonte, Lourdes",4,3,170m²,3,R$ 1.800.000
"Lourdes_Belo Horizonte, Lourdes_Q3_B3",1278060872.0,"Lourdes_Belo Horizonte, Lourdes",3,3,215m²,3,R$ 1.996.000
"Lourdes_Belo Horizonte, Lourdes_QNone_BNone",1277875683.0,"Lourdes_Belo Horizonte, Lourdes",,,34m²,,R$ 280.000
"Lourdes_Belo Horizonte, Lourdes_Q4_B5 ou mais",1277847743.0,"Lourdes_Belo Horizonte, Lourdes",4,5 ou mais,468m²,4,R$ 3.800.000
"Lourdes_Belo Horizonte, Lourdes_Q4_B3",1277811002.0,"Lourdes_Belo Horizonte, Lourdes",4,3,320m²,3,R$ 3.400.000
"Lourdes_Belo Horizonte, Lourdes_Q4_B4",1277468732.0,"Lourdes_Belo Horizonte, Lourdes",4,4,310m²,4,R$ 3.700.000
"Lourdes_Belo Horizonte, Lourdes_Q4_B5 ou mais",1277468548.0,"Lourdes_Belo Horizonte, Lourdes",4,5 ou mais,156m²,3,R$ 2.100.000
"Lourdes_Belo Horizonte, Lourdes_Q4_B4",1277429691.0,"Lourdes_Belo Horizonte, Lourdes",4,4,290m²,4,R$ 19.500
"Lourdes_Belo Horizonte, Lourdes_Q4_B5 ou mais",1277428843.0,"Lourdes_Belo Horizonte, Lourdes",4,5 ou mais,131m²,4,R$ 2.580.000
"Lourdes_Belo Horizonte, Lourdes_Q4_B5 ou mais",1277428746.0,"Lourdes_Belo Horizonte, Lourdes",4,5 ou mais,131m²,4,R$ 2.490.000
"Lourdes_Belo Horizonte, Lourdes_Q4_B5 ou mais",1277428579.0,"Lourdes_Belo Horizonte, Lourdes",4,5 ou mais,131m²,4,R$ 2.550.000
"Lourdes_Belo Horizonte, Lourdes_Q2_B2",1277428278.0,"Lourdes_Belo Horizonte, Lourdes",2,2,75m²,2,R$ 1.446.151
"Lourdes_Belo Horizonte, Lourdes_Q2_B2",1277420843.0,"Lourdes_Belo Horizonte, Lourdes",2,2,68m²,2,R$ 1.144.569
"Lourdes_Belo Horizonte, Lourdes_Q3_B2",1277420733.0,"Lourdes_Belo Horizonte, Lourdes",3,2,124m²,2,R$ 1.500.000
"Lourdes_Belo Horizonte, Lourdes_Q2_B2",1277420662.0,"Lourdes_Belo Horizonte, Lourdes",2,2,107m²,2,R$ 1.895.663
"Lourdes_Belo Horizonte, Lourdes_Q3_B3",1277420573.0,"Lourdes_Belo Horizonte, Lourdes",3,3,120m²,3,R$ 2.040.000
"Lourdes_Belo Horizonte, Lourdes_Q4_B2",1277420533.0,"Lourdes_Belo Horizonte, Lourdes",4,2,419m²,4,R$ 3.950.000
"Lourdes_Belo Horizonte, Lourdes_QNone_BNone",1277414082.0,"Lourdes_Belo Horizonte, Lourdes",,,146m²,0,R$ 1.250.000
"Lourdes_Belo Horizonte, Lourdes_Q3_B3",1277297599.0,"Lourdes_Belo Horizonte, Lourdes",3,3,136m²,3,R$ 2.350.000
"Lourdes_Belo Horizonte, Lourdes_Q3_B4",1277096875.0,"Lourdes_Belo Horizonte, Lourdes",3,4,175m²,3,R$ 1.900.000
"Santo Antônio_Belo Horizonte, Santo Antônio_QNone_BNone",1277027427.0,"Santo Antônio_Belo Horizonte, Santo Antônio",,,202m²,1,R$ 6.490
"Lourdes_Belo Horizonte, Lourdes_QNone_BNone",1277027236.0,"Lourdes_Belo Horizonte, Lourdes",,,50m²,0,R$ 2.650
"Lourdes_Belo Horizonte, Lourdes_Q2_B3",1277026966.0,"Lourdes_Belo Horizonte, Lourdes",2,3,67m²,2,R$ 1.350.000
"Lourdes_Belo Horizonte, Lourdes_QNone_BNone",1277026953.0,"Lourdes_Belo Horizonte, Lourdes",,,1104m²,0,R$ 35.258
"Lourdes_Belo Horizonte, Lourdes_Q5 ou mais_B5 ou mais",1276963412.0,"Lourdes_Belo Horizonte, Lourdes",5 ou mais,5 ou mais,500m²,5 ou mais,R$ 4.500.000
"Lourdes_Belo Horizonte, Lourdes_Q4_B5 ou mais",1276948914.0,"Lourdes_Belo Horizonte, Lourdes",4,5 ou mais,240m²,3,R$ 2.490.000
"Cidade Jardim_Belo Horizonte, Cidade Jardim_Q4_B3",1276485258.0,"Cidade Jardim_Belo Horizonte, Cidade Jardim",4,3,140m²,2,R$ 816.000
"Lourdes_Belo Horizonte, Lourdes_QNone_BNone",1276327719.0,"Lourdes_Belo Horizonte, Lourdes",,,35m²,1,R$ 1.200
"Lourdes_Belo Horizonte, Lourdes_Q4_B5 ou mais",1276252864.0,"Lourdes_Belo Horizonte, Lourdes",4,5 ou mais,390m²,4,R$ 2.900.000
"Lourdes_Belo Horizonte, Lourdes_Q4_B5 ou mais",1276183215.0,"Lourdes_Belo Horizonte, Lourdes",4,5 ou mais,390m²,4,R$ 5.500.000
"Lourdes_Belo Horizonte, Lourdes_Q4_B4",1275998425.0,"Lourdes_Belo Horizonte, Lourdes",4,4,215m²,2,R$ 6.600
"Lourdes_Belo Horizonte, Lourdes_Q4_B5 ou mais",1275974239.0,"Lourdes_Belo Horizonte, Lourdes",4,5 ou mais,287m²,4,R$ 3.500.000
"Lourdes_Belo Horizonte, Lourdes_Q2_B1",1275930743.0,"Lourdes_Belo Horizonte, Lourdes",2,1,70m²,2,R$ 1.390.000
"Lourdes_Belo Horizonte, Lourdes_Q2_B2",1275703161.0,"Lourdes_Belo Horizonte, Lourdes",2,2,72m²,2,R$ 1.476.000
"Lourdes_Belo Horizonte, Lourdes_Q1_B2",1275384622.0,"Lourdes_Belo Horizonte, Lourdes",1,2,75m²,2,R$ 1.150.000
"Lourdes_Belo Horizonte, Lourdes_Q1_B2",1275320154.0,"Lourdes_Belo Horizonte, Lourdes",1,2,88m²,2,R$ 998.000
"Lourdes_Belo Horizonte, Lourdes_Q4_B5 ou mais",1275309522.0,"Lourdes_Belo Horizonte, Lourdes",4,5 ou mais,302m²,4,R$ 3.200.000
"Lourdes_Belo Horizonte, Lourdes_QNone_BNone",1275302407.0,"Lourdes_Belo Horizonte, Lourdes",,,25m²,0,R$ 700
"Lourdes_Belo Horizonte, Lourdes_Q3_B2",1274971949.0,"Lourdes_Belo Horizonte, Lourdes",3,2,100m²,1,R$ 980.000
"Lourdes_Belo Horizonte, Lourdes_Q1_B1",1274953473.0,"Lourdes_Belo Horizonte, Lourdes",1,1,66m²,1,R$ 449.000
"Lourdes_Belo Horizonte, Lourdes_Q3_B3",1274945394.0,"Lourdes_Belo Horizonte, Lourdes",3,3,176m²,3,R$ 1.980.000
"Lourdes_Belo Horizonte, Lourdes_QNone_BNone",1274935483.0,"Lourdes_Belo Horizonte, Lourdes",,,250m²,,R$ 15.000
"Lourdes_Belo Horizonte, Lourdes_Q5 ou mais_B4",1274302986.0,"Lourdes_Belo Horizonte, Lourdes",5 ou mais,4,320m²,3,R$ 2.490.000
"Lourdes_Belo Horizonte, Lourdes_Q5 ou mais_B4",1274277849.0,"Lourdes_Belo Horizonte, Lourdes",5 ou mais,4,330m²,5 ou mais,R$ 11.000.000
"Lourdes_Belo Horizonte, Lourdes_Q4_B4",1274232882.0,"Lourdes_Belo Horizonte, Lourdes",4,4,160m²,3,R$ 1.750.000
"Lourdes_Belo Horizonte, Lourdes_Q3_B3",1274182936.0,"Lourdes_Belo Horizonte, Lourdes",3,3,118m²,2,R$ 1.370.000
"Lourdes_Belo Horizonte, Lourdes_Q4_B5 ou mais",1274143538.0,"Lourdes_Belo Horizonte, Lourdes",4,5 ou mais,302m²,4,R$ 3.000.000
"Lourdes_Belo Horizonte, Lourdes_QNone_BNone",1274096399.0,"Lourdes_Belo Horizonte, Lourdes",,,378m²,4,R$ 18.000
"Lourdes_Belo Horizonte, Lourdes_Q4_B5 ou mais",1273977006.0,"Lourdes_Belo Horizonte, Lourdes",4,5 ou mais,560m²,5 ou mais,R$ 5.500.000
"Lourdes_Belo Horizonte, Lourdes_Q4_B4",1273929801.0,"Lourdes_Belo Horizonte, Lourdes",4,4,240m²,3,R$ 2.490.000
"Lourdes_Belo Horizonte, Lourdes_Q2_B3",1273835607.0,"Lourdes_Belo Horizonte, Lourdes",2,3,61m²,2,R$ 1.220.000
"Lourdes_Belo Horizonte, Lourdes_Q3_B3",1273829772.0,"Lourdes_Belo Horizonte, Lourdes",3,3,109m²,2,R$ 2.250.000
"Lourdes_Belo Horizonte, Lourdes_Q4_B3",1273819218.0,"Lourdes_Belo Horizonte, Lourdes",4,3,234m²,2,R$ 1.800.000
"Lourdes_Belo Horizonte, Lourdes_Q2_B3",1273806968.0,"Lourdes_Belo Horizonte, Lourdes",2,3,95m²,2,R$ 1.350.000
"Lourdes_Belo Horizonte, Lourdes_QNone_BNone",1273724226.0,"Lourdes_Belo Horizonte, Lourdes",,,40m²,0,R$ 1.000
"Lourdes_Belo Horizonte, Lourdes_Q3_B4",1273657373.0,"Lourdes_Belo Horizonte, Lourdes",3,4,103m²,2,R$ 2.700.000
"Lourdes_Belo Horizonte, Lourdes_Q1_B1",1273524549.0,"Lourdes_Belo Horizonte, Lourdes",1,1,14m²,1,R$ 250.000
"Lourdes_Belo Horizonte, Lourdes_Q3_B3",1273493715.0,"Lourdes_Belo Horizonte, Lourdes",3,3,77m²,0,R$ 1.452.000
"Lourdes_Belo Horizonte, Lourdes_Q4_B5 ou mais",1273493713.0,"Lourdes_Belo Horizonte, Lourdes",4,5 ou mais,315m²,0,R$ 8.989.143
"Lourdes_Belo Horizonte, Lourdes_Q3_B3",1273493668.0,"Lourdes_Belo Horizonte, Lourdes",3,3,76m²,0,R$ 1.380.000
"Lourdes_Belo Horizonte, Lourdes_Q3_B3",1273493539.0,"Lourdes_Belo Horizonte, Lourdes",3,3,95m²,0,R$ 1.482.000
"Lourdes_Belo Horizonte, Lourdes_Q4_B5 ou mais",1273252050.0,"Lourdes_Belo Horizonte, Lourdes",4,5 ou mais,240m²,3,R$ 2.600.000
"Lourdes_Belo Horizonte, Lourdes_Q4_B4",1273240273.0,"Lourdes_Belo Horizonte, Lourdes",4,4,235m²,2,R$ 1.850.000
"Lourdes_Belo Horizonte, Lourdes_QNone_BNone",1273180157.0,"Lourdes_Belo Horizonte, Lourdes",,,313m²,0,R$ 27.900
"Lourdes_Belo Horizonte, Lourdes_QNone_BNone",1273179883.0,"Lourdes_Belo Horizonte, Lourdes",,,556m²,5 ou mais,R$ 40.000
"Lourdes_Belo Horizonte, Lourdes_QNone_BNone",1273179707.0,"Lourdes_Belo Horizonte, Lourdes",,,900m²,5 ou mais,R$ 45.000
"Centro_Belo Horizonte, Centro_QNone_BNone",1273172308.0,"Centro_Belo Horizonte, Centro",,,775m²,5 ou mais,R$ 21.000
"Santo Agostinho_Belo Horizonte, Santo Agostinho_QNone_BNone",1273171806.0,"Santo Agostinho_Belo Horizonte, Santo Agostinho",,,281m²,0,R$ 1.200.000
"Lourdes_Belo Horizonte, Lourdes_Q5 ou mais_B4",1273084243.0,"Lourdes_Belo Horizonte, Lourdes",5 ou mais,4,320m²,3,R$ 2.300.000
"Lourdes_Belo Horizonte, Lourdes_Q2_B2",1273084038.0,"Lourdes_Belo Horizonte, Lourdes",2,2,77m²,1,R$ 1.020.000
"Lourdes_Belo Horizonte, Lourdes_Q4_B3",1272985367.0,"Lourdes_Belo Horizonte, Lourdes",4,3,160m²,1,R$ 950.000
"Lourdes_Belo Horizonte, Lourdes_Q2_B3",1272976812.0,"Lourdes_Belo Horizonte, Lourdes",2,3,122m²,2,R$ 1.690.000
"Lourdes_Belo Horizonte, Lourdes_Q2_B3",1272298572.0,"Lourdes_Belo Horizonte, Lourdes",2,3,123m²,2,R$ 1.490.000
"Lourdes_Belo Horizonte, Lourdes_Q2_B1",1272139978.0,"Lourdes_Belo Horizonte, Lourdes",2,1,55m²,2,R$ 890.000
"Lourdes_Belo Horizonte, Lourdes_QNone_BNone",1272020886.0,"Lourdes_Belo Horizonte, Lourdes",,,289m²,,R$ 22.308
"Lourdes_Belo Horizonte, Lourdes_Q4_B3",1271989346.0,"Lourdes_Belo Horizonte, Lourdes",4,3,154m²,3,R$ 1.750.000
"Lourdes_Belo Horizonte, Lourdes_Q2_B2",1271988134.0,"Lourdes_Belo Horizonte, Lourdes",2,2,55m²,2,R$ 830.000
"Lourdes_Belo Horizonte, Lourdes_Q3_B3",1271981745.0,"Lourdes_Belo Horizonte, Lourdes",3,3,79m²,2,R$ 1.100.000
"Lourdes_Belo Horizonte, Lourdes_Q2_B3",1271973445.0,"Lourdes_Belo Horizonte, Lourdes",2,3,163m²,1,R$ 1.380.000
"Lourdes_Belo Horizonte, Lourdes_Q4_B4",1271973208.0,"Lourdes_Belo Horizonte, Lourdes",4,4,156m²,3,R$ 1.500.000
"Lourdes_Belo Horizonte, Lourdes_Q4_B5 ou mais",1271972865.0,"Lourdes_Belo Horizonte, Lourdes",4,5 ou mais,302m²,4,R$ 3.200.000
"Lourdes_Belo Horizonte, Lourdes_Q3_B3",1271708932.0,"Lourdes_Belo Horizonte, Lourdes",3,3,220m²,2,R$ 1.700.000
"Lourdes_Belo Horizonte, Lourdes_QNone_BNone",1271708491.0,"Lourdes_Belo Horizonte, Lourdes",,,23m²,1,R$ 280.000
"Lourdes_Belo Horizonte, Lourdes_Q4_B4",1271693973.0,"Lourdes_Belo Horizonte, Lourdes",4,4,161m²,2,R$ 1.450.000
"Lourdes_Belo Horizonte, Lourdes_Q3_B2",1271646292.0,"Lourdes_Belo Horizonte, Lourdes",3,2,70m²,3,R$ 1.900.000
"Lourdes_Belo Horizonte, Lourdes_QNone_BNone",1271432310.0,"Lourdes_Belo Horizonte, Lourdes",,,40m²,,R$ 400
"Lourdes_Belo Horizonte, Lourdes_Q2_B2",1271362617.0,"Lourdes_Belo Horizonte, Lourdes",2,2,105m²,2,R$ 1.100.000
"Centro_Belo Horizonte, Centro_QNone_BNone",1271336930.0,"Centro_Belo Horizonte, Centro",,,775m²,5 ou mais,R$ 5.500.000
"Lourdes_Belo Horizonte, Lourdes_QNone_BNone",1271330348.0,"Lourdes_Belo Horizonte, Lourdes",,,100m²,,R$ 4.300
"Lourdes_Belo Horizonte, Lourdes_Q2_B2",1270799167.0,"Lourdes_Belo Horizonte, Lourdes",2,2,63m²,2,R$ 970.000
"Lourdes_Belo Horizonte, Lourdes_Q2_B2",1270635780.0,"Lourdes_Belo Horizonte, Lourdes",2,2,128m²,2,R$ 1.938.042
"Lourdes_Belo Horizonte, Lourdes_Q4_B3",1270476006.0,"Lourdes_Belo Horizonte, Lourdes",4,3,151m²,3,R$ 2.425.000
"Lourdes_Belo Horizonte, Lourdes_Q4_B5 ou mais",1270338500.0,"Lourdes_Belo Horizonte, Lourdes",4,5 ou mais,300m²,3,R$ 5.900.000
"Lourdes_Belo Horizonte, Lourdes_Q4_B1",1269807317.0,"Lourdes_Belo Horizonte, Lourdes",4,1,130m²,2,R$ 1.100.000
"Lourdes_Belo Horizonte, Lourdes_Q2_B1",1269804202.0,"Lourdes_Belo Horizonte, Lourdes",2,1,98m²,2,R$ 1.380.000
"Santo Agostinho_Belo Horizonte, Santo Agostinho_QNone_BNone",1269513911.0,"Santo Agostinho_Belo Horizonte, Santo Agostinho",,,108m²,2,R$ 1.298.000
"Santo Agostinho_Belo Horizonte, Santo Agostinho_QNone_BNone",1269513850.0,"Santo Agostinho_Belo Horizonte, Santo Agostinho",,,204m²,2,R$ 2.440.000
"Santo Agostinho_Belo Horizonte, Santo Agostinho_QNone_BNone",1269513854.0,"Santo Agostinho_Belo Horizonte, Santo Agostinho",,,115m²,2,R$ 1.380.000
"Lourdes_Belo Horizonte, Lourdes_Q4_B3",1269489608.0,"Lourdes_Belo Horizonte, Lourdes",4,3,156m²,3,R$ 1.900.000
"Centro_Belo Horizonte, Centro_Q1_B1",1269488528.0,"Centro_Belo Horizonte, Centro",1,1,50m²,1,R$ 3.000
"Centro_Belo Horizonte, Centro_Q1_B1",1269488522.0,"Centro_Belo Horizonte, Centro",1,1,50m²,1,R$ 3.000
"Lourdes_Belo Horizonte, Lourdes_Q2_B2",1269166893.0,"Lourdes_Belo Horizonte, Lourdes",2,2,63m²,2,R$ 6.000
"Lourdes_Belo Horizonte, Lourdes_Q3_B3",1269121653.0,"Lourdes_Belo Horizonte, Lourdes",3,3,175m²,3,R$ 1.980.000
"Lourdes_Belo Horizonte, Lourdes_QNone_BNone",1269119699.0,"Lourdes_Belo Horizonte, Lourdes",,,127m²,,R$ 4.800
"Lourdes_Belo Horizonte, Lourdes_Q2_B2",1268891326.0,"Lourdes_Belo Horizonte, Lourdes",2,2,97m²,2,R$ 1.690.000
"Lourdes_Belo Horizonte, Lourdes_Q2_B2",1268808730.0,"Lourdes_Belo Horizonte, Lourdes",2,2,51m²,1,R$ 850.000
"Lourdes_Belo Horizonte, Lourdes_Q3_B2",1268622296.0,"Lourdes_Belo Horizonte, Lourdes",3,2,100m²,2,R$ 1.600.000
"Lourdes_Belo Horizonte, Lourdes_Q2_B2",1268622286.0,"Lourdes_Belo Horizonte, Lourdes",2,2,124m²,1,R$ 1.250.000
"Lourdes_Belo Horizonte, Lourdes_Q2_B2",1268444715.0,"Lourdes_Belo Horizonte, Lourdes",2,2,85m²,2,R$ 970.000
"Lourdes_Belo Horizonte, Lourdes_Q3_B2",1268434954.0,"Lourdes_Belo Horizonte, Lourdes",3,2,200m²,2,R$ 1.300.000
"Lourdes_Belo Horizonte, Lourdes_Q4_B5 ou mais",1268332813.0,"Lourdes_Belo Horizonte, Lourdes",4,5 ou mais,351m²,4,R$ 3.690.000
"Cidade Jardim_Belo Horizonte, Cidade Jardim_QNone_BNone",1268272316.0,"Cidade Jardim_Belo Horizonte, Cidade Jardim",,,44m²,1,R$ 1.650
"Centro_Belo Horizonte, Centro_QNone_BNone",1267794927.0,"Centro_Belo Horizonte, Centro",,,20m²,,R$ 690
"Lourdes_Belo Horizonte, Lourdes_QNone_BNone",1267679244.0,"Lourdes_Belo Horizonte, Lourdes",,,350m²,0,R$ 19.238
"Lourdes_Belo Horizonte, Lourdes_Q2_B2",1267673891.0,"Lourdes_Belo Horizonte, Lourdes",2,2,63m²,2,R$ 1.166.000
"Lourdes_Belo Horizonte, Lourdes_QNone_BNone",1267670185.0,"Lourdes_Belo Horizonte, Lourdes",,,127m²,0,R$ 4.800
"Lourdes_Belo Horizonte, Lourdes_QNone_BNone",1267418142.0,"Lourdes_Belo Horizonte, Lourdes",,,394m²,5 ou mais,R$ 19.824
"Lourdes_Belo Horizonte, Lourdes_Q3_B2",1267376803.0,"Lourdes_Belo Horizonte, Lourdes",3,2,76m²,2,R$ 1.382.000
"Lourdes_Belo Horizonte, Lourdes_Q3_B3",1267283565.0,"Lourdes_Belo Horizonte, Lourdes",3,3,253m²,2,R$ 2.450.000
"Lourdes_Belo Horizonte, Lourdes_QNone_BNone",1267123088.0,"Lourdes_Belo Horizonte, Lourdes",,,120m²,,R$ 550.000
"Lourdes_Belo Horizonte, Lourdes_Q4_B3",1267056067.0,"Lourdes_Belo Horizonte, Lourdes",4,3,130m²,4,R$ 2.450.000
"Lourdes_Belo Horizonte, Lourdes_Q3_B3",1267033008.0,"Lourdes_Belo Horizonte, Lourdes",3,3,64m²,2,R$ 1.160.000
"Lourdes_Belo Horizonte, Lourdes_Q2_B3",1267024382.0,"Lourdes_Belo Horizonte, Lourdes",2,3,82m²,2,R$ 1.654.520
"Lourdes_Belo Horizonte, Lourdes_Q2_B2",1267024220.0,"Lourdes_Belo Horizonte, Lourdes",2,2,110m²,2,R$ 1.938.540
"Lourdes_Belo Horizonte, Lourdes_Q3_B4",1266804028.0,"Lourdes_Belo Horizonte, Lourdes",3,4,93m²,2,R$ 1.766.737
"Lourdes_Belo Horizonte, Lourdes_Q2_B2",1266716893.0,"Lourdes_Belo Horizonte, Lourdes",2,2,70m²,1,R$ 1.050.000
"Lourdes_Belo Horizonte, Lourdes_QNone_BNone",1266698953.0,"Lourdes_Belo Horizonte, Lourdes",,,630m²,0,R$ 45.000
"Lourdes_Belo Horizonte, Lourdes_QNone_BNone",1265776604.0,"Lourdes_Belo Horizonte, Lourdes",,,35m²,2,R$ 1.100
"Lourdes_Belo Horizonte, Lourdes_QNone_BNone",1265742945.0,"Lourdes_Belo Horizonte, Lourdes",,,400m²,,R$ 16.000
"Lourdes_Belo Horizonte, Lourdes_QNone_BNone",1265661344.0,"Lourdes_Belo Horizonte, Lourdes",,,250m²,,R$ 9.000
"Lourdes_Belo Horizonte, Lourdes_QNone_BNone",1265661332.0,"Lourdes_Belo Horizonte, Lourdes",,,140m²,,R$ 4.800
"Lourdes_Belo Horizonte, Lourdes_Q2_B1",1265443034.0,"Lourdes_Belo Horizonte, Lourdes",2,1,65m²,2,R$ 1.270.000
"Lourdes_Belo Horizonte, Lourdes_QNone_BNone",1265282789.0,"Lourdes_Belo Horizonte, Lourdes",,,162m²,3,R$ 1.490.000
"Centro_Belo Horizonte, Centro_QNone_BNone",1265282738.0,"Centro_Belo Horizonte, Centro",,,510m²,0,R$ 2.700.000
"Lourdes_Belo Horizonte, Lourdes_Q2_B1",1265282425.0,"Lourdes_Belo Horizonte, Lourdes",2,1,69m²,2,R$ 1.410.490
"Lourdes_Belo Horizonte, Lourdes_Q4_B3",1265282272.0,"Lourdes_Belo Horizonte, Lourdes",4,3,352m²,5 ou mais,R$ 3.000.000
"Cidade Jardim_Belo Horizonte, Cidade Jardim_Q4_B5 ou mais",1265282214.0,"Cidade Jardim_Belo Horizonte, Cidade Jardim",4,5 ou mais,205m²,4,R$ 4.100.000
"Lourdes_Belo Horizonte, Lourdes_Q3_B2",1265282170.0,"Lourdes_Belo Horizonte, Lourdes",3,2,114m²,2,R$ 2.100.000
"Lourdes_Belo Horizonte, Lourdes_QNone_BNone",1265281842.0,"Lourdes_Belo Horizonte, Lourdes",,,32m²,1,R$ 300.000
"Lourdes_Belo Horizonte, Lourdes_Q5 ou mais_B3",1265281481.0,"Lourdes_Belo Horizonte, Lourdes",5 ou mais,3,170m²,2,R$ 1.850.000
"Centro_Belo Horizonte, Centro_QNone_BNone",1265281003.0,"Centro_Belo Horizonte, Centro",,,290m²,0,R$ 730.000
"Lourdes_Belo Horizonte, Lourdes_QNone_BNone",1265279003.0,"Lourdes_Belo Horizonte, Lourdes",,,584m²,5 ou mais,R$ 9.480.000
"Lourdes_Belo Horizonte, Lourdes_Q3_B3",1265278829.0,"Lourdes_Belo Horizonte, Lourdes",3,3,83m²,2,R$ 1.270.822
"Centro_Belo Horizonte, Centro_QNone_BNone",1265156556.0,"Centro_Belo Horizonte, Centro",,,800m²,5 ou mais,R$ 20.000
"Lourdes_Belo Horizonte, Lourdes_Q1_B1",1264690893.0,"Lourdes_Belo Horizonte, Lourdes",1,1,50m²,1,R$ 3.100
"Lourdes_Belo Horizonte, Lourdes_QNone_BNone",1264486980.0,"Lourdes_Belo Horizonte, Lourdes",,,183m²,4,R$ 8.235
"Lourdes_Belo Horizonte, Lourdes_QNone_BNone",1264287390.0,"Lourdes_Belo Horizonte, Lourdes",,,35m²,0,R$ 1.500
"Lourdes_Belo Horizonte, Lourdes_QNone_BNone",1264018944.0,"Lourdes_Belo Horizonte, Lourdes",,,40m²,,R$ 5.000
"Lourdes_Belo Horizonte, Lourdes_QNone_BNone",1263952886.0,"Lourdes_Belo Horizonte, Lourdes",,,229m²,0,R$ 1.200.000
"Lourdes_Belo Horizonte, Lourdes_QNone_BNone",1263922790.0,"Lourdes_Belo Horizonte, Lourdes",,,100m²,,R$ 4.700
"Lourdes_Belo Horizonte, Lourdes_Q4_B4",1263452267.0,"Lourdes_Belo Horizonte, Lourdes",4,4,210m²,4,R$ 4.100.000
"Lourdes_Belo Horizonte, Lourdes_Q4_B4",1263377958.0,"Lourdes_Belo Horizonte, Lourdes",4,4,137m²,4,R$ 2.100.000
"Lourdes_Belo Horizonte, Lourdes_Q4_B4",1263363427.0,"Lourdes_Belo Horizonte, Lourdes",4,4,540m²,5 ou mais,R$ 2.300.000
"Lourdes_Belo Horizonte, Lourdes_Q4_B4",1263362857.0,"Lourdes_Belo Horizonte, Lourdes",4,4,540m²,5 ou mais,R$ 2.300.000
"Lourdes_Belo Horizonte, Lourdes_Q4_B5 ou mais",1262688556.0,"Lourdes_Belo Horizonte, Lourdes",4,5 ou mais,363m²,5 ou mais,R$ 8.000.000
"Lourdes_Belo Horizonte, Lourdes_Q3_B3",1262687734.0,"Lourdes_Belo Horizonte, Lourdes",3,3,180m²,2,R$ 1.300.000
"Lourdes_Belo Horizonte, Lourdes_Q2_B4",1262686952.0,"Lourdes_Belo Horizonte, Lourdes",2,4,167m²,0,R$ 1.250.000
"Lourdes_Belo Horizonte, Lourdes_Q3_B4",1262686859.0,"Lourdes_Belo Horizonte, Lourdes",3,4,116m²,2,R$ 2.230.000
"Lourdes_Belo Horizonte, Lourdes_Q4_B3",1262609485.0,"Lourdes_Belo Horizonte, Lourdes",4,3,154m²,3,R$ 1.800.000
"Lourdes_Belo Horizonte, Lourdes_Q4_B2",1262609480.0,"Lourdes_Belo Horizonte, Lourdes",4,2,160m²,2,R$ 2.120.000
"Lourdes_Belo Horizonte, Lourdes_QNone_BNone",1262608392.0,"Lourdes_Belo Horizonte, Lourdes",,,480m²,4,R$ 25.000
"Lourdes_Belo Horizonte, Lourdes_Q4_B5 ou mais",1262603462.0,"Lourdes_Belo Horizonte, Lourdes",4,5 ou mais,580m²,4,R$ 7.290.000
"Lourdes_Belo Horizonte, Lourdes_Q4_B1",1262585775.0,"Lourdes_Belo Horizonte, Lourdes",4,1,390m²,4,R$ 6.000.000
"Lourdes_Belo Horizonte, Lourdes_Q5 ou mais_B4",1262414180.0,"Lourdes_Belo Horizonte, Lourdes",5 ou mais,4,300m²,2,R$ 2.200.000
"Centro_Belo Horizonte, Centro_QNone_BNone",1262262908.0,"Centro_Belo Horizonte, Centro",,,14m²,1,R$ 28.000
"Lourdes_Belo Horizonte, Lourdes_Q2_B2",1262261484.0,"Lourdes_Belo Horizonte, Lourdes",2,2,135m²,2,R$ 1.415.056
"Lourdes_Belo Horizonte, Lourdes_Q4_B5 ou mais",1262099938.0,"Lourdes_Belo Horizonte, Lourdes",4,5 ou mais,287m²,4,R$ 4.500.000
"Lourdes_Belo Horizonte, Lourdes_QNone_BNone",1261908018.0,"Lourdes_Belo Horizonte, Lourdes",,,100m²,0,R$ 3.800
"Lourdes_Belo Horizonte, Lourdes_Q4_B3",1261907726.0,"Lourdes_Belo Horizonte, Lourdes",4,3,270m²,2,R$ 1.900.000
"Lourdes_Belo Horizonte, Lourdes_Q2_B2",1261907656.0,"Lourdes_Belo Horizonte, Lourdes",2,2,63m²,2,R$ 1.250.000
"Lourdes_Belo Horizonte, Lourdes_Q2_B3",1261907659.0,"Lourdes_Belo Horizonte, Lourdes",2,3,105m²,2,R$ 1.420.000
"Lourdes_Belo Horizonte, Lourdes_Q3_B2",1261907547.0,"Lourdes_Belo Horizonte, Lourdes",3,2,83m²,2,R$ 1.270.822
"Lourdes_Belo Horizonte, Lourdes_Q4_B5 ou mais",1261907557.0,"Lourdes_Belo Horizonte, Lourdes",4,5 ou mais,290m²,4,R$ 3.700.000
"Lourdes_Belo Horizonte, Lourdes_Q4_B5 ou mais",1261907573.0,"Lourdes_Belo Horizonte, Lourdes",4,5 ou mais,400m²,4,R$ 5.200.000
"Lourdes_Belo Horizonte, Lourdes_Q2_B3",1261907512.0,"Lourdes_Belo Horizonte, Lourdes",2,3,144m²,3,R$ 1.400.000
"Lourdes_Belo Horizonte, Lourdes_Q4_B5 ou mais",1261907515.0,"Lourdes_Belo Horizonte, Lourdes",4,5 ou mais,190m²,3,R$ 3.200.000
"Lourdes_Belo Horizonte, Lourdes_Q4_B4",1261907494.0,"Lourdes_Belo Horizonte, Lourdes",4,4,214m²,2,R$ 6.000
"Lourdes_Belo Horizonte, Lourdes_Q4_B4",1261907334.0,"Lourdes_Belo Horizonte, Lourdes",4,4,214m²,2,R$ 1.750.000
"Lourdes_Belo Horizonte, Lourdes_Q4_B2",1261907093.0,"Lourdes_Belo Horizonte, Lourdes",4,2,304m²,4,R$ 3.600.000
"Lourdes_Belo Horizonte, Lourdes_Q4_B5 ou mais",1261906992.0,"Lourdes_Belo Horizonte, Lourdes",4,5 ou mais,394m²,5 ou mais,R$ 5.560.000
"Lourdes_Belo Horizonte, Lourdes_Q3_B3",1261906934.0,"Lourdes_Belo Horizonte, Lourdes",3,3,124m²,0,R$ 1.530.000
"Lourdes_Belo Horizonte, Lourdes_Q2_B2",1261906946.0,"Lourdes_Belo Horizonte, Lourdes",2,2,83m²,2,R$ 1.750.000
"Lourdes_Belo Horizonte, Lourdes_Q3_B5 ou mais",1261906910.0,"Lourdes_Belo Horizonte, Lourdes",3,5 ou mais,252m²,4,R$ 4.200.000
"Centro_Belo Horizonte, Centro_QNone_BNone",1261906928.0,"Centro_Belo Horizonte, Centro",,,40m²,0,R$ 650.000
"Centro_Belo Horizonte, Centro_QNone_BNone",1261906820.0,"Centro_Belo Horizonte, Centro",,,40m²,0,R$ 3.500
"Lourdes_Belo Horizonte, Lourdes_Q4_B3",1261730964.0,"Lourdes_Belo Horizonte, Lourdes",4,3,180m²,2,R$ 1.750.000
"Lourdes_Belo Horizonte, Lourdes_QNone_BNone",1261532686.0,"Lourdes_Belo Horizonte, Lourdes",,,45m²,,R$ 700
"Lourdes_Belo Horizonte, Lourdes_Q4_B4",1261265645.0,"Lourdes_Belo Horizonte, Lourdes",4,4,163m²,4,R$ 2.749.000
"Lourdes_Belo Horizonte, Lourdes_QNone_BNone",1261203379.0,"Lourdes_Belo Horizonte, Lourdes",,,638m²,5 ou mais,R$ 24.343
"Lourdes_Belo Horizonte, Lourdes_Q3_B2",1260519569.0,"Lourdes_Belo Horizonte, Lourdes",3,2,76m²,0,R$ 1.119.013
"Lourdes_Belo Horizonte, Lourdes_Q3_B3",1260425436.0,"Lourdes_Belo Horizonte, Lourdes",3,3,95m²,1,R$ 869.000
"Lourdes_Belo Horizonte, Lourdes_Q3_B2",1260424662.0,"Lourdes_Belo Horizonte, Lourdes",3,2,76m²,0,R$ 1.086.420
"Lourdes_Belo Horizonte, Lourdes_Q3_B3",1260424636.0,"Lourdes_Belo Horizonte, Lourdes",3,3,120m²,2,R$ 1.260.000
"Lourdes_Belo Horizonte, Lourdes_Q4_B3",1260407222.0,"Lourdes_Belo Horizonte, Lourdes",4,3,249m²,2,R$ 1.590.000
"Lourdes_Belo Horizonte, Lourdes_Q4_B2",1260407207.0,"Lourdes_Belo Horizonte, Lourdes",4,2,160m²,3,R$ 1.900.000
"Lourdes_Belo Horizonte, Lourdes_Q3_B2",1260407193.0,"Lourdes_Belo Horizonte, Lourdes",3,2,115m²,0,R$ 800.000
"Lourdes_Belo Horizonte, Lourdes_Q3_B2",1260407184.0,"Lourdes_Belo Horizonte, Lourdes",3,2,84m²,0,R$ 1.198.121
"Lourdes_Belo Horizonte, Lourdes_Q4_B5 ou mais",1260407165.0,"Lourdes_Belo Horizonte, Lourdes",4,5 ou mais,260m²,3,R$ 2.990.000
"Lourdes_Belo Horizonte, Lourdes_Q3_B4",1260407147.0,"Lourdes_Belo Horizonte, Lourdes",3,4,116m²,2,R$ 2.180.000
"Lourdes_Belo Horizonte, Lourdes_Q3_B2",1260407136.0,"Lourdes_Belo Horizonte, Lourdes",3,2,76m²,0,R$ 1.068.878
"Lourdes_Belo Horizonte, Lourdes_Q3_B2",1260407113.0,"Lourdes_Belo Horizonte, Lourdes",3,2,76m²,0,R$ 1.056.749
"Lourdes_Belo Horizonte, Lourdes_Q4_B3",1260405617.0,"Lourdes_Belo Horizonte, Lourdes",4,3,320m²,3,R$ 3.425.000
"Lourdes_Belo Horizonte, Lourdes_Q3_B2",1260405620.0,"Lourdes_Belo Horizonte, Lourdes",3,2,84m²,0,R$ 1.224.570
"Lourdes_Belo Horizonte, Lourdes_Q4_B2",1260405622.0,"Lourdes_Belo Horizonte, Lourdes",4,2,150m²,1,R$ 950.000
"Lourdes_Belo Horizonte, Lourdes_Q3_B2",1260405625.0,"Lourdes_Belo Horizonte, Lourdes",3,2,76m²,0,R$ 1.055.070
"Lourdes_Belo Horizonte, Lourdes_Q4_B4",1260405609.0,"Lourdes_Belo Horizonte, Lourdes",4,4,396m²,5 ou mais,R$ 3.700.000
"Lourdes_Belo Horizonte, Lourdes_Q3_B2",1260405577.0,"Lourdes_Belo Horizonte, Lourdes",3,2,87m²,0,R$ 1.192.018
"Lourdes_Belo Horizonte, Lourdes_Q3_B2",1260405521.0,"Lourdes_Belo Horizonte, Lourdes",3,2,76m²,0,R$ 1.060.792
"Lourdes_Belo Horizonte, Lourdes_Q3_B3",1260405514.0,"Lourdes_Belo Horizonte, Lourdes",3,3,161m²,2,R$ 2.913.000
"Lourdes_Belo Horizonte, Lourdes_Q4_B2",1260405513.0,"Lourdes_Belo Horizonte, Lourdes",4,2,280m²,0,R$ 1.200.000
"Lourdes_Belo Horizonte, Lourdes_Q3_B2",1260405502.0,"Lourdes_Belo Horizonte, Lourdes",3,2,88m²,0,R$ 1.220.281
"Lourdes_Belo Horizonte, Lourdes_Q3_B4",1260405482.0,"Lourdes_Belo Horizonte, Lourdes",3,4,136m²,2,R$ 1.600.000
"Lourdes_Belo Horizonte, Lourdes_Q3_B3",1260405483.0,"Lourdes_Belo Horizonte, Lourdes",3,3,122m²,1,R$ 660.000
"Lourdes_Belo Horizonte, Lourdes_Q4_B2",1260405467.0,"Lourdes_Belo Horizonte, Lourdes",4,2,120m²,2,R$ 2.200.000
"Lourdes_Belo Horizonte, Lourdes_Q3_B3",1260405435.0,"Lourdes_Belo Horizonte, Lourdes",3,3,100m²,1,R$ 1.150.000
"Lourdes_Belo Horizonte, Lourdes_Q3_B2",1260405440.0,"Lourdes_Belo Horizonte, Lourdes",3,2,84m²,0,R$ 1.206.258
"Lourdes_Belo Horizonte, Lourdes_Q4_B1",1260405428.0,"Lourdes_Belo Horizonte, Lourdes",4,1,130m²,1,R$ 760.000
"Lourdes_Belo Horizonte, Lourdes_Q4_B4",1260405321.0,"Lourdes_Belo Horizonte, Lourdes",4,4,234m²,2,R$ 1.800.000
"Lourdes_Belo Horizonte, Lourdes_Q3_B2",1260405295.0,"Lourdes_Belo Horizonte, Lourdes",3,2,76m²,0,R$ 1.123.178
"Lourdes_Belo Horizonte, Lourdes_Q3_B2",1260405231.0,"Lourdes_Belo Horizonte, Lourdes",3,2,103m²,2,R$ 2.076.278
"Lourdes_Belo Horizonte, Lourdes_Q4_B5 ou mais",1260405066.0,"Lourdes_Belo Horizonte, Lourdes",4,5 ou mais,306m²,4,R$ 4.200.000
"Lourdes_Belo Horizonte, Lourdes_Q3_B2",1260405064.0,"Lourdes_Belo Horizonte, Lourdes",3,2,84m²,0,R$ 1.210.836
"Lourdes_Belo Horizonte, Lourdes_Q3_B2",1260405021.0,"Lourdes_Belo Horizonte, Lourdes",3,2,120m²,0,R$ 898.000
"Lourdes_Belo Horizonte, Lourdes_Q3_B2",1260405027.0,"Lourdes_Belo Horizonte, Lourdes",3,2,84m²,0,R$ 1.219.992
"Lourdes_Belo Horizonte, Lourdes_Q3_B2",1260405006.0,"Lourdes_Belo Horizonte, Lourdes",3,2,95m²,1,R$ 655.000
"Lourdes_Belo Horizonte, Lourdes_Q4_B2",1260404976.0,"Lourdes_Belo Horizonte, Lourdes",4,2,160m²,1,R$ 1.170.000
"Lourdes_Belo Horizonte, Lourdes_Q3_B2",1260404979.0,"Lourdes_Belo Horizonte, Lourdes",3,2,116m²,2,R$ 2.230.000
"Lourdes_Belo Horizonte, Lourdes_Q4_B4",1260404981.0,"Lourdes_Belo Horizonte, Lourdes",4,4,151m²,3,R$ 1.750.000
"Lourdes_Belo Horizonte, Lourdes_Q3_B3",1260404984.0,"Lourdes_Belo Horizonte, Lourdes",3,3,231m²,2,R$ 3.545.000
"Lourdes_Belo Horizonte, Lourdes_Q3_B2",1260404960.0,"Lourdes_Belo Horizonte, Lourdes",3,2,84m²,0,R$ 1.215.414
"Lourdes_Belo Horizonte, Lourdes_Q3_B3",1260404968.0,"Lourdes_Belo Horizonte, Lourdes",3,3,104m²,1,R$ 1.490.000
"Lourdes_Belo Horizonte, Lourdes_Q4_B2",1260404944.0,"Lourdes_Belo Horizonte, Lourdes",4,2,161m²,2,R$ 1.400.000
"Lourdes_Belo Horizonte, Lourdes_Q3_B2",1260404949.0,"Lourdes_Belo Horizonte, Lourdes",3,2,86m²,0,R$ 1.178.724
"Lourdes_Belo Horizonte, Lourdes_Q3_B2",1260404951.0,"Lourdes_Belo Horizonte, Lourdes",3,2,76m²,0,R$ 1.090.464
"Lourdes_Belo Horizonte, Lourdes_Q3_B2",1260404954.0,"Lourdes_Belo Horizonte, Lourdes",3,2,122m²,2,R$ 2.275.970
"Lourdes_Belo Horizonte, Lourdes_Q4_B4",1260404929.0,"Lourdes_Belo Horizonte, Lourdes",4,4,202m²,2,R$ 1.300.000
"Lourdes_Belo Horizonte, Lourdes_Q4_B3",1260404934.0,"Lourdes_Belo Horizonte, Lourdes",4,3,175m²,2,R$ 1.590.000
"Lourdes_Belo Horizonte, Lourdes_Q3_B3",1260404901.0,"Lourdes_Belo Horizonte, Lourdes",3,3,92m²,2,R$ 1.925.017
"Lourdes_Belo Horizonte, Lourdes_Q3_B2",1260404905.0,"Lourdes_Belo Horizonte, Lourdes",3,2,84m²,0,R$ 1.229.148
"Lourdes_Belo Horizonte, Lourdes_Q3_B2",1260404910.0,"Lourdes_Belo Horizonte, Lourdes",3,2,76m²,0,R$ 1.064.836
"Lourdes_Belo Horizonte, Lourdes_Q4_B5 ou mais",1260404887.0,"Lourdes_Belo Horizonte, Lourdes",4,5 ou mais,355m²,3,R$ 2.900.000
"Lourdes_Belo Horizonte, Lourdes_Q3_B2",1260404888.0,"Lourdes_Belo Horizonte, Lourdes",3,2,116m²,2,R$ 1.290.000
"Lourdes_Belo Horizonte, Lourdes_Q3_B2",1260404861.0,"Lourdes_Belo Horizonte, Lourdes",3,2,100m²,1,R$ 950.000
"Centro_Belo Horizonte, Centro_Q3_B2",1260377399.0,"Centro_Belo Horizonte, Centro",3,2,143m²,0,R$ 500.000
"Lourdes_Belo Horizonte, Lourdes_QNone_BNone",1260113525.0,"Lourdes_Belo Horizonte, Lourdes",,,150m²,0,R$ 4.800
"Lourdes_Belo Horizonte, Lourdes_QNone_BNone",1260104507.0,"Lourdes_Belo Horizonte, Lourdes",,,301m²,4,R$ 18.000
"Lourdes_Belo Horizonte, Lourdes_QNone_BNone",1259795539.0,"Lourdes_Belo Horizonte, Lourdes",,,232m²,1,R$ 6.500
"Lourdes_Belo Horizonte, Lourdes_Q3_B2",1259521382.0,"Lourdes_Belo Horizonte, Lourdes",3,2,82m²,2,R$ 1.270.822
"Centro_Belo Horizonte, Centro_QNone_BNone",1259429848.0,"Centro_Belo Horizonte, Centro",,,400m²,0,R$ 27.500
"Lourdes_Belo Horizonte, Lourdes_Q2_B2",1259414245.0,"Lourdes_Belo Horizonte, Lourdes",2,2,64m²,2,R$ 6.000
"Lourdes_Belo Horizonte, Lourdes_QNone_BNone",1259403577.0,"Lourdes_Belo Horizonte, Lourdes",,,179m²,3,R$ 10.000
"Lourdes_Belo Horizonte, Lourdes_QNone_BNone",1258967011.0,"Lourdes_Belo Horizonte, Lourdes",,,428m²,3,R$ 4.900.000
"Lourdes_Belo Horizonte, Lourdes_Q2_B2",1258962354.0,"Lourdes_Belo Horizonte, Lourdes",2,2,80m²,1,R$ 570.000
"Lourdes_Belo Horizonte, Lourdes_Q4_B3",1258960975.0,"Lourdes_Belo Horizonte, Lourdes",4,3,170m²,2,R$ 1.800.000
"Lourdes_Belo Horizonte, Lourdes_Q4_B3",1258142788.0,"Lourdes_Belo Horizonte, Lourdes",4,3,197m²,2,R$ 2.600.000
"Lourdes_Belo Horizonte, Lourdes_Q2_B3",1258099589.0,"Lourdes_Belo Horizonte, Lourdes",2,3,120m²,2,R$ 2.050.000
"Lourdes_Belo Horizonte, Lourdes_QNone_BNone",1258090051.0,"Lourdes_Belo Horizonte, Lourdes",,,70m²,,R$ 1.000
"Lourdes_Belo Horizonte, Lourdes_Q3_B2",1257979593.0,"Lourdes_Belo Horizonte, Lourdes",3,2,105m²,1,R$ 720.000
"Lourdes_Belo Horizonte, Lourdes_Q4_B3",1257945533.0,"Lourdes_Belo Horizonte, Lourdes",4,3,130m²,1,R$ 950.000
"Lourdes_Belo Horizonte, Lourdes_Q4_B3",1257936883.0,"Lourdes_Belo Horizonte, Lourdes",4,3,154m²,3,R$ 1.750.000
"Lourdes_Belo Horizonte, Lourdes_Q3_B3",1257924892.0,"Lourdes_Belo Horizonte, Lourdes",3,3,109m²,2,R$ 2.250.000
"Lourdes_Belo Horizonte, Lourdes_QNone_BNone",1257444258.0,"Lourdes_Belo Horizonte, Lourdes",,,100m²,2,R$ 3.750
"Lourdes_Belo Horizonte, Lourdes_Q2_B2",1257233485.0,"Lourdes_Belo Horizonte, Lourdes",2,2,82m²,2,R$ 1.390.000
"Lourdes_Belo Horizonte, Lourdes_QNone_BNone",1257226492.0,"Lourdes_Belo Horizonte, Lourdes",,,100m²,0,R$ 4.000
"Lourdes_Belo Horizonte, Lourdes_Q3_B3",1257213294.0,"Lourdes_Belo Horizonte, Lourdes",3,3,86m²,2,R$ 1.750.000
"Lourdes_Belo Horizonte, Lourdes_Q1_B1",1257152893.0,"Lourdes_Belo Horizonte, Lourdes",1,1,50m²,1,R$ 2.800
"Lourdes_Belo Horizonte, Lourdes_Q4_B4",1256945796.0,"Lourdes_Belo Horizonte, Lourdes",4,4,238m²,4,R$ 2.400.000
"Lourdes_Belo Horizonte, Lourdes_Q4_B1",1256943070.0,"Lourdes_Belo Horizonte, Lourdes",4,1,274m²,4,R$ 3.000.000
"Lourdes_Belo Horizonte, Lourdes_Q4_B5 ou mais",1256853552.0,"Lourdes_Belo Horizonte, Lourdes",4,5 ou mais,282m²,3,R$ 2.990.000
"Lourdes_Belo Horizonte, Lourdes_QNone_BNone",1256762875.0,"Lourdes_Belo Horizonte, Lourdes",,,320m²,,R$ 28.000
"Santo Agostinho_Belo Horizonte, Santo Agostinho_QNone_BNone",1256020404.0,"Santo Agostinho_Belo Horizonte, Santo Agostinho",,,145m²,3,R$ 5.000
"Lourdes_Belo Horizonte, Lourdes_Q4_B5 ou mais",1256019549.0,"Lourdes_Belo Horizonte, Lourdes",4,5 ou mais,306m²,4,R$ 4.200.000
"Lourdes_Belo Horizonte, Lourdes_Q2_B3",1256019482.0,"Lourdes_Belo Horizonte, Lourdes",2,3,116m²,2,R$ 2.014.000
"Lourdes_Belo Horizonte, Lourdes_Q4_B5 ou mais",1255996390.0,"Lourdes_Belo Horizonte, Lourdes",4,5 ou mais,207m²,4,R$ 4.350.000
"Lourdes_Belo Horizonte, Lourdes_Q2_B2",1255996285.0,"Lourdes_Belo Horizonte, Lourdes",2,2,89m²,1,R$ 1.350.000
"Lourdes_Belo Horizonte, Lourdes_Q3_B3",1255996228.0,"Lourdes_Belo Horizonte, Lourdes",3,3,69m²,2,R$ 1.400.000
"Lourdes_Belo Horizonte, Lourdes_Q3_B3",1255996073.0,"Lourdes_Belo Horizonte, Lourdes",3,3,90m²,2,R$ 1.750.000
"Lourdes_Belo Horizonte, Lourdes_Q1_B1",1255995757.0,"Lourdes_Belo Horizonte, Lourdes",1,1,35m²,1,R$ 450.000
"Lourdes_Belo Horizonte, Lourdes_Q4_B4",1255995643.0,"Lourdes_Belo Horizonte, Lourdes",4,4,575m²,5 ou mais,R$ 6.300.000
"Lourdes_Belo Horizonte, Lourdes_Q2_B3",1255995602.0,"Lourdes_Belo Horizonte, Lourdes",2,3,63m²,2,R$ 1.150.000
"Lourdes_Belo Horizonte, Lourdes_Q3_B5 ou mais",1255995501.0,"Lourdes_Belo Horizonte, Lourdes",3,5 ou mais,550m²,5 ou mais,R$ 7.300.000
"Lourdes_Belo Horizonte, Lourdes_Q1_B1",1255995362.0,"Lourdes_Belo Horizonte, Lourdes",1,1,38m²,1,R$ 420.000
"Lourdes_Belo Horizonte, Lourdes_Q5 ou mais_B2",1255995153.0,"Lourdes_Belo Horizonte, Lourdes",5 ou mais,2,250m²,2,R$ 1.750.000
"Lourdes_Belo Horizonte, Lourdes_Q4_B3",1255995146.0,"Lourdes_Belo Horizonte, Lourdes",4,3,170m²,3,R$ 1.800.000
"Lourdes_Belo Horizonte, Lourdes_Q4_B4",1255994742.0,"Lourdes_Belo Horizonte, Lourdes",4,4,151m²,3,R$ 1.750.000
"Lourdes_Belo Horizonte, Lourdes_Q2_B2",1255919886.0,"Lourdes_Belo Horizonte, Lourdes",2,2,98m²,2,R$ 1.300.000
"Lourdes_Belo Horizonte, Lourdes_Q2_B2",1255869012.0,"Lourdes_Belo Horizonte, Lourdes",2,2,71m²,2,R$ 1.145.000
"Lourdes_Belo Horizonte, Lourdes_Q1_B2",1255837052.0,"Lourdes_Belo Horizonte, Lourdes",1,2,63m²,0,R$ 906.796
"Lourdes_Belo Horizonte, Lourdes_Q3_B2",1255836466.0,"Lourdes_Belo Horizonte, Lourdes",3,2,86m²,0,R$ 1.178.724
"Lourdes_Belo Horizonte, Lourdes_Q2_B2",1255834881.0,"Lourdes_Belo Horizonte, Lourdes",2,2,73m²,0,R$ 948.076
"Lourdes_Belo Horizonte, Lourdes_Q3_B2",1255687466.0,"Lourdes_Belo Horizonte, Lourdes",3,2,60m²,2,R$ 906.796
"Lourdes_Belo Horizonte, Lourdes_Q3_B2",1255687443.0,"Lourdes_Belo Horizonte, Lourdes",3,2,85m²,2,R$ 1.191.623
"Lourdes_Belo Horizonte, Lourdes_Q3_B2",1255687304.0,"Lourdes_Belo Horizonte, Lourdes",3,2,77m²,2,R$ 1.046.742
"Lourdes_Belo Horizonte, Lourdes_Q3_B2",1255687279.0,"Lourdes_Belo Horizonte, Lourdes",3,2,60m²,2,R$ 991.565
"Lourdes_Belo Horizonte, Lourdes_Q2_B3",1255686654.0,"Lourdes_Belo Horizonte, Lourdes",2,3,85m²,2,R$ 1.000.000
"Lourdes_Belo Horizonte, Lourdes_Q2_B2",1255609406.0,"Lourdes_Belo Horizonte, Lourdes",2,2,62m²,2,R$ 971.000
"Lourdes_Belo Horizonte, Lourdes_Q2_B2",1255609352.0,"Lourdes_Belo Horizonte, Lourdes",2,2,98m²,2,R$ 1.417.000
"Lourdes_Belo Horizonte, Lourdes_Q4_B4",1255401817.0,"Lourdes_Belo Horizonte, Lourdes",4,4,180m²,2,R$ 1.650.000
"Lourdes_Belo Horizonte, Lourdes_Q2_B3",1254984303.0,"Lourdes_Belo Horizonte, Lourdes",2,3,130m²,3,R$ 1.200.000
"Lourdes_Belo Horizonte, Lourdes_Q1_B1",1254979156.0,"Lourdes_Belo Horizonte, Lourdes",1,1,88m²,2,R$ 998.000
"Lourdes_Belo Horizonte, Lourdes_Q3_B3",1254973125.0,"Lourdes_Belo Horizonte, Lourdes",3,3,100m²,2,R$ 1.600.000
"Lourdes_Belo Horizonte, Lourdes_QNone_BNone",1254951346.0,"Lourdes_Belo Horizonte, Lourdes",,,88m²,0,R$ 3.400
"Lourdes_Belo Horizonte, Lourdes_Q1_B1",1254939745.0,"Lourdes_Belo Horizonte, Lourdes",1,1,42m²,1,R$ 807.985
"Lourdes_Belo Horizonte, Lourdes_Q4_B5 ou mais",1254855088.0,"Lourdes_Belo Horizonte, Lourdes",4,5 ou mais,306m²,4,R$ 4.500.000
"Lourdes_Belo Horizonte, Lourdes_Q1_B1",1254657127.0,"Lourdes_Belo Horizonte, Lourdes",1,1,42m²,1,R$ 780.169
"Lourdes_Belo Horizonte, Lourdes_Q2_B2",1253906289.0,"Lourdes_Belo Horizonte, Lourdes",2,2,65m²,2,R$ 1.116.000
"Lourdes_Belo Horizonte, Lourdes_Q2_B2",1253906085.0,"Lourdes_Belo Horizonte, Lourdes",2,2,56m²,1,R$ 954.000
"Lourdes_Belo Horizonte, Lourdes_Q1_B2",1253875610.0,"Lourdes_Belo Horizonte, Lourdes",1,2,69m²,1,R$ 660.520
"Lourdes_Belo Horizonte, Lourdes_Q4_B3",1253611166.0,"Lourdes_Belo Horizonte, Lourdes",4,3,161m²,2,R$ 1.550.000
"Centro_Belo Horizonte, Centro_QNone_BNone",1253592085.0,"Centro_Belo Horizonte, Centro",,,200m²,0,R$ 20.000
"Lourdes_Belo Horizonte, Lourdes_QNone_BNone",1253569098.0,"Lourdes_Belo Horizonte, Lourdes",,,485m²,,R$ 28.000
"Lourdes_Belo Horizonte, Lourdes_Q1_B1",1253554443.0,"Lourdes_Belo Horizonte, Lourdes",1,1,33m²,1,R$ 450.000
"Lourdes_Belo Horizonte, Lourdes_Q1_B1",1253015752.0,"Lourdes_Belo Horizonte, Lourdes",1,1,52m²,0,R$ 477.000
"Lourdes_Belo Horizonte, Lourdes_Q2_B3",1253002363.0,"Lourdes_Belo Horizonte, Lourdes",2,3,130m²,2,R$ 2.100.000
"Lourdes_Belo Horizonte, Lourdes_QNone_BNone",1252688904.0,"Lourdes_Belo Horizonte, Lourdes",,,405m²,0,R$ 1.700.000
"Lourdes_Belo Horizonte, Lourdes_QNone_BNone",1252683668.0,"Lourdes_Belo Horizonte, Lourdes",,,800m²,1,R$ 28.000
"Lourdes_Belo Horizonte, Lourdes_QNone_BNone",1252682959.0,"Lourdes_Belo Horizonte, Lourdes",,,660m²,4,R$ 33.000
"Lourdes_Belo Horizonte, Lourdes_Q1_B1",1252169275.0,"Lourdes_Belo Horizonte, Lourdes",1,1,50m²,1,R$ 3.400
"Lourdes_Belo Horizonte, Lourdes_Q4_B3",1251960173.0,"Lourdes_Belo Horizonte, Lourdes",4,3,280m²,3,R$ 2.290.000
"Lourdes_Belo Horizonte, Lourdes_Q4_B5 ou mais",1251920604.0,"Lourdes_Belo Horizonte, Lourdes",4,5 ou mais,282m²,3,R$ 2.990.000
"Lourdes_Belo Horizonte, Lourdes_Q3_B3",1251918683.0,"Lourdes_Belo Horizonte, Lourdes",3,3,100m²,1,R$ 980.000
"Lourdes_Belo Horizonte, Lourdes_Q4_B2",1251916818.0,"Lourdes_Belo Horizonte, Lourdes",4,2,340m²,3,R$ 2.420.000
"Lourdes_Belo Horizonte, Lourdes_Q3_B3",1251609289.0,"Lourdes_Belo Horizonte, Lourdes",3,3,116m²,2,R$ 2.180.000
"Lourdes_Belo Horizonte, Lourdes_Q2_B3",1251565500.0,"Lourdes_Belo Horizonte, Lourdes",2,3,70m²,2,R$ 930.000
"Lourdes_Belo Horizonte, Lourdes_Q1_B1",1251418484.0,"Lourdes_Belo Horizonte, Lourdes",1,1,90m²,1,R$ 1.550.000
"Lourdes_Belo Horizonte, Lourdes_Q4_B2",1251416026.0,"Lourdes_Belo Horizonte, Lourdes",4,2,225m²,2,R$ 1.900.000
"Lourdes_Belo Horizonte, Lourdes_Q2_B2",1251238979.0,"Lourdes_Belo Horizonte, Lourdes",2,2,71m²,2,R$ 990.000
"Lourdes_Belo Horizonte, Lourdes_Q3_B5 ou mais",1251209937.0,"Lourdes_Belo Horizonte, Lourdes",3,5 ou mais,208m²,3,R$ 5.330.118
"Lourdes_Belo Horizonte, Lourdes_QNone_BNone",1250928562.0,"Lourdes_Belo Horizonte, Lourdes",,,160m²,,R$ 5.000
"Lourdes_Belo Horizonte, Lourdes_QNone_BNone",1250927631.0,"Lourdes_Belo Horizonte, Lourdes",,,35m²,1,R$ 280.000
"Lourdes_Belo Horizonte, Lourdes_QNone_BNone",1250925450.0,"Lourdes_Belo Horizonte, Lourdes",,,550m²,,R$ 2.400.000
"Lourdes_Belo Horizonte, Lourdes_Q4_B3",1250923606.0,"Lourdes_Belo Horizonte, Lourdes",4,3,170m²,3,R$ 2.000.000
"Lourdes_Belo Horizonte, Lourdes_QNone_BNone",1250922589.0,"Lourdes_Belo Horizonte, Lourdes",,,35m²,1,R$ 750
"Lourdes_Belo Horizonte, Lourdes_QNone_BNone",1250921601.0,"Lourdes_Belo Horizonte, Lourdes",,,4440m²,5 ou mais,R$ 160.000
"Lourdes_Belo Horizonte, Lourdes_QNone_BNone",1250921303.0,"Lourdes_Belo Horizonte, Lourdes",,,184m²,1,R$ 1.800.000
"Lourdes_Belo Horizonte, Lourdes_QNone_BNone",1250919666.0,"Lourdes_Belo Horizonte, Lourdes",,,350m²,,R$ 4.000.000
"Lourdes_Belo Horizonte, Lourdes_QNone_BNone",1250919049.0,"Lourdes_Belo Horizonte, Lourdes",,,550m²,,R$ 16.000
"Lourdes_Belo Horizonte, Lourdes_Q1_B1",1250918473.0,"Lourdes_Belo Horizonte, Lourdes",1,1,58m²,1,R$ 1.304.748
"Lourdes_Belo Horizonte, Lourdes_Q4_B4",1250902603.0,"Lourdes_Belo Horizonte, Lourdes",4,4,215m²,2,R$ 1.750.000
"Lourdes_Belo Horizonte, Lourdes_QNone_BNone",1250900613.0,"Lourdes_Belo Horizonte, Lourdes",,,580m²,3,R$ 33.000
"Lourdes_Belo Horizonte, Lourdes_Q3_B4",1250868170.0,"Lourdes_Belo Horizonte, Lourdes",3,4,108m²,2,R$ 2.533.230
"Lourdes_Belo Horizonte, Lourdes_Q4_B5 ou mais",1250560298.0,"Lourdes_Belo Horizonte, Lourdes",4,5 ou mais,142m²,3,R$ 2.190.000
"Lourdes_Belo Horizonte, Lourdes_Q5 ou mais_B5 ou mais",1250547091.0,"Lourdes_Belo Horizonte, Lourdes",5 ou mais,5 ou mais,372m²,5 ou mais,R$ 1.920.000
"Lourdes_Belo Horizonte, Lourdes_Q2_B1",1250544461.0,"Lourdes_Belo Horizonte, Lourdes",2,1,141m²,2,R$ 1.057.492
"Lourdes_Belo Horizonte, Lourdes_Q4_B1",1249786454.0,"Lourdes_Belo Horizonte, Lourdes",4,1,373m²,4,R$ 3.200.000
"Lourdes_Belo Horizonte, Lourdes_Q3_B3",1249785859.0,"Lourdes_Belo Horizonte, Lourdes",3,3,176m²,3,R$ 2.099.000
"Lourdes_Belo Horizonte, Lourdes_Q5 ou mais_B4",1249785502.0,"Lourdes_Belo Horizonte, Lourdes",5 ou mais,4,397m²,3,R$ 2.300.000
"Centro_Belo Horizonte, Centro_QNone_BNone",1249743826.0,"Centro_Belo Horizonte, Centro",,,90m²,0,R$ 1.300
"Centro_Belo Horizonte, Centro_QNone_BNone",1249743803.0,"Centro_Belo Horizonte, Centro",,,180m²,0,R$ 2.600
"Lourdes_Belo Horizonte, Lourdes_Q4_B4",1249413110.0,"Lourdes_Belo Horizonte, Lourdes",4,4,364m²,5 ou mais,R$ 8.000.000
"Lourdes_Belo Horizonte, Lourdes_QNone_BNone",1249308932.0,"Lourdes_Belo Horizonte, Lourdes",,,68m²,1,R$ 540.750
"Lourdes_Belo Horizonte, Lourdes_QNone_BNone",1249285348.0,"Lourdes_Belo Horizonte, Lourdes",,,70m²,1,R$ 509.250
"Lourdes_Belo Horizonte, Lourdes_Q2_B2",1249109414.0,"Lourdes_Belo Horizonte, Lourdes",2,2,63m²,2,R$ 1.129.331
"Lourdes_Belo Horizonte, Lourdes_Q4_B3",1248954618.0,"Lourdes_Belo Horizonte, Lourdes",4,3,160m²,3,R$ 1.800.000
"Lourdes_Belo Horizonte, Lourdes_Q2_B3",1248895975.0,"Lourdes_Belo Horizonte, Lourdes",2,3,61m²,2,R$ 1.190.000
"Lourdes_Belo Horizonte, Lourdes_QNone_BNone",1248880433.0,"Lourdes_Belo Horizonte, Lourdes",,,272m²,5 ou mais,R$ 1.200.000
"Lourdes_Belo Horizonte, Lourdes_Q4_B4",1248820714.0,"Lourdes_Belo Horizonte, Lourdes",4,4,273m²,3,R$ 3.000.000
"Lourdes_Belo Horizonte, Lourdes_Q2_B3",1248817565.0,"Lourdes_Belo Horizonte, Lourdes",2,3,67m²,2,R$ 1.100.000
"Lourdes_Belo Horizonte, Lourdes_Q3_B2",1248641532.0,"Lourdes_Belo Horizonte, Lourdes",3,2,105m²,2,R$ 1.370.000
"Lourdes_Belo Horizonte, Lourdes_Q2_B2",1248595336.0,"Lourdes_Belo Horizonte, Lourdes",2,2,95m²,2,R$ 1.071.415
"Lourdes_Belo Horizonte, Lourdes_QNone_BNone",1247732933.0,"Lourdes_Belo Horizonte, Lourdes",,,60m²,1,R$ 1.200
"Lourdes_Belo Horizonte, Lourdes_QNone_BNone",1247439402.0,"Lourdes_Belo Horizonte, Lourdes",,,248m²,0,R$ 1.300.000
"Lourdes_Belo Horizonte, Lourdes_Q4_B3",1247439140.0,"Lourdes_Belo Horizonte, Lourdes",4,3,175m²,2,R$ 1.690.000
"Lourdes_Belo Horizonte, Lourdes_Q4_B4",1247438406.0,"Lourdes_Belo Horizonte, Lourdes",4,4,529m²,3,R$ 6.800.000
"Lourdes_Belo Horizonte, Lourdes_Q4_B2",1247438022.0,"Lourdes_Belo Horizonte, Lourdes",4,2,165m²,2,R$ 1.750.000
"Lourdes_Belo Horizonte, Lourdes_Q2_B2",1247436839.0,"Lourdes_Belo Horizonte, Lourdes",2,2,64m²,2,R$ 1.125.000
"Lourdes_Belo Horizonte, Lourdes_Q0_BNone",1247436640.0,"Lourdes_Belo Horizonte, Lourdes",0,,2700m²,0,R$ 24.000.000
"Lourdes_Belo Horizonte, Lourdes_QNone_BNone",1247436222.0,"Lourdes_Belo Horizonte, Lourdes",,,600m²,5 ou mais,R$ 4.290.000
"Lourdes_Belo Horizonte, Lourdes_QNone_BNone",1247436086.0,"Lourdes_Belo Horizonte, Lourdes",,,110m²,2,R$ 1.307.140
"Lourdes_Belo Horizonte, Lourdes_Q5 ou mais_B5 ou mais",1247436056.0,"Lourdes_Belo Horizonte, Lourdes",5 ou mais,5 ou mais,179m²,0,R$ 1.100.000
"Lourdes_Belo Horizonte, Lourdes_QNone_BNone",1247435952.0,"Lourdes_Belo Horizonte, Lourdes",,,80m²,0,R$ 1.390.000
"Lourdes_Belo Horizonte, Lourdes_QNone_BNone",1247435543.0,"Lourdes_Belo Horizonte, Lourdes",,,799m²,0,R$ 6.500.000
"Lourdes_Belo Horizonte, Lourdes_Q4_B4",1247434860.0,"Lourdes_Belo Horizonte, Lourdes",4,4,154m²,3,R$ 1.750.000
"Lourdes_Belo Horizonte, Lourdes_Q5 ou mais_B3",1247434723.0,"Lourdes_Belo Horizonte, Lourdes",5 ou mais,3,540m²,5 ou mais,R$ 2.500.000
"Lourdes_Belo Horizonte, Lourdes_Q4_B4",1247434439.0,"Lourdes_Belo Horizonte, Lourdes",4,4,302m²,4,R$ 3.200.000
"Lourdes_Belo Horizonte, Lourdes_Q3_B2",1247434233.0,"Lourdes_Belo Horizonte, Lourdes",3,2,125m²,3,R$ 3.819.792
"Centro_Belo Horizonte, Centro_QNone_BNone",1247434080.0,"Centro_Belo Horizonte, Centro",,,557m²,0,R$ 1.200.000
"Lourdes_Belo Horizonte, Lourdes_QNone_BNone",1247434103.0,"Lourdes_Belo Horizonte, Lourdes",,,83m²,1,R$ 590.000
"Cidade Jardim_Belo Horizonte, Cidade Jardim_QNone_BNone",1247433929.0,"Cidade Jardim_Belo Horizonte, Cidade Jardim",,,270m²,0,R$ 2.000.000
"Lourdes_Belo Horizonte, Lourdes_Q2_B2",1247433862.0,"Lourdes_Belo Horizonte, Lourdes",2,2,64m²,2,R$ 1.075.000
"Lourdes_Belo Horizonte, Lourdes_QNone_BNone",1247433749.0,"Lourdes_Belo Horizonte, Lourdes",,,21m²,1,R$ 750.000
"Lourdes_Belo Horizonte, Lourdes_Q4_B4",1247433385.0,"Lourdes_Belo Horizonte, Lourdes",4,4,306m²,4,R$ 4.200.000
"Lourdes_Belo Horizonte, Lourdes_Q3_B2",1247433389.0,"Lourdes_Belo Horizonte, Lourdes",3,2,89m²,2,R$ 1.400.000
"Lourdes_Belo Horizonte, Lourdes_Q4_B2",1247433339.0,"Lourdes_Belo Horizonte, Lourdes",4,2,160m²,2,R$ 1.800.000
"Lourdes_Belo Horizonte, Lourdes_Q3_B2",1247433195.0,"Lourdes_Belo Horizonte, Lourdes",3,2,89m²,2,R$ 1.383.375
"Lourdes_Belo Horizonte, Lourdes_Q4_B5 ou mais",1247433132.0,"Lourdes_Belo Horizonte, Lourdes",4,5 ou mais,340m²,3,R$ 3.000.000
"Lourdes_Belo Horizonte, Lourdes_Q3_B3",1247433049.0,"Lourdes_Belo Horizonte, Lourdes",3,3,104m²,1,R$ 1.390.000
"Lourdes_Belo Horizonte, Lourdes_Q4_B4",1247432941.0,"Lourdes_Belo Horizonte, Lourdes",4,4,306m²,4,R$ 4.500.000
"Lourdes_Belo Horizonte, Lourdes_Q2_B2",1247432950.0,"Lourdes_Belo Horizonte, Lourdes",2,2,80m²,1,R$ 950.000
"Lourdes_Belo Horizonte, Lourdes_Q4_B5 ou mais",1247432923.0,"Lourdes_Belo Horizonte, Lourdes",4,5 ou mais,289m²,3,R$ 2.850.000
"Lourdes_Belo Horizonte, Lourdes_QNone_BNone",1247432766.0,"Lourdes_Belo Horizonte, Lourdes",,,400m²,0,R$ 2.490.000
"Lourdes_Belo Horizonte, Lourdes_Q4_B3",1247432687.0,"Lourdes_Belo Horizonte, Lourdes",4,3,130m²,1,R$ 950.000
"Lourdes_Belo Horizonte, Lourdes_Q4_B3",1247432625.0,"Lourdes_Belo Horizonte, Lourdes",4,3,140m²,1,R$ 799.000
"Centro_Belo Horizonte, Centro_QNone_BNone",1247432591.0,"Centro_Belo Horizonte, Centro",,,557m²,0,R$ 1.500.000
"Lourdes_Belo Horizonte, Lourdes_Q4_B4",1247432498.0,"Lourdes_Belo Horizonte, Lourdes",4,4,162m²,4,R$ 2.749.000
"Lourdes_Belo Horizonte, Lourdes_Q3_B2",1247432449.0,"Lourdes_Belo Horizonte, Lourdes",3,2,130m²,0,R$ 900.000
"Lourdes_Belo Horizonte, Lourdes_QNone_BNone",1247432249.0,"Lourdes_Belo Horizonte, Lourdes",,,315m²,5 ou mais,R$ 10.000.000
"Lourdes_Belo Horizonte, Lourdes_Q3_B3",1247432251.0,"Lourdes_Belo Horizonte, Lourdes",3,3,150m²,2,R$ 1.450.000
"Lourdes_Belo Horizonte, Lourdes_Q2_B2",1247432217.0,"Lourdes_Belo Horizonte, Lourdes",2,2,72m²,2,R$ 1.400.000
"Lourdes_Belo Horizonte, Lourdes_Q4_B4",1247432086.0,"Lourdes_Belo Horizonte, Lourdes",4,4,340m²,3,R$ 2.700.000
"Lourdes_Belo Horizonte, Lourdes_Q2_B3",1247432039.0,"Lourdes_Belo Horizonte, Lourdes",2,3,83m²,2,R$ 1.400.000
"Centro_Belo Horizonte, Centro_Q3_B3",1247431941.0,"Centro_Belo Horizonte, Centro",3,3,170m²,0,R$ 800.000
"Lourdes_Belo Horizonte, Lourdes_Q4_B2",1247431868.0,"Lourdes_Belo Horizonte, Lourdes",4,2,340m²,3,R$ 2.720.000
"Lourdes_Belo Horizonte, Lourdes_Q4_B3",1247431841.0,"Lourdes_Belo Horizonte, Lourdes",4,3,198m²,2,R$ 1.490.000
"Lourdes_Belo Horizonte, Lourdes_Q2_B4",1247431491.0,"Lourdes_Belo Horizonte, Lourdes",2,4,150m²,1,R$ 1.380.000
"Lourdes_Belo Horizonte, Lourdes_QNone_BNone",1247402019.0,"Lourdes_Belo Horizonte, Lourdes",,,30m²,0,R$ 1.200
"Lourdes_Belo Horizonte, Lourdes_Q2_B3",1247380576.0,"Lourdes_Belo Horizonte, Lourdes",2,3,77m²,1,R$ 1.050.000
"Lourdes_Belo Horizonte, Lourdes_Q4_B3",1247374611.0,"Lourdes_Belo Horizonte, Lourdes",4,3,170m²,2,R$ 1.300.000
"Lourdes_Belo Horizonte, Lourdes_QNone_BNone",1247232611.0,"Lourdes_Belo Horizonte, Lourdes",,,742m²,2,R$ 28.000
"Lourdes_Belo Horizonte, Lourdes_Q4_B5 ou mais",1247027080.0,"Lourdes_Belo Horizonte, Lourdes",4,5 ou mais,373m²,4,R$ 4.200.000
"Lourdes_Belo Horizonte, Lourdes_Q4_B4",1246579605.0,"Lourdes_Belo Horizonte, Lourdes",4,4,288m²,4,R$ 3.000.000
"Centro_Belo Horizonte, Centro_Q2_B1",1246308819.0,"Centro_Belo Horizonte, Centro",2,1,64m²,2,R$ 790.000
"Lourdes_Belo Horizonte, Lourdes_Q2_B2",1246298503.0,"Lourdes_Belo Horizonte, Lourdes",2,2,119m²,2,R$ 1.443.498
"Lourdes_Belo Horizonte, Lourdes_QNone_BNone",1246260989.0,"Lourdes_Belo Horizonte, Lourdes",,,887m²,5 ou mais,R$ 44.300
"Lourdes_Belo Horizonte, Lourdes_Q2_B1",1245520366.0,"Lourdes_Belo Horizonte, Lourdes",2,1,56m²,1,R$ 732.709
"Lourdes_Belo Horizonte, Lourdes_Q2_B2",1245520176.0,"Lourdes_Belo Horizonte, Lourdes",2,2,66m²,1,R$ 856.796
"Lourdes_Belo Horizonte, Lourdes_Q3_B3",1245516941.0,"Lourdes_Belo Horizonte, Lourdes",3,3,176m²,3,R$ 2.099.000
"Lourdes_Belo Horizonte, Lourdes_Q5 ou mais_B3",1245229786.0,"Lourdes_Belo Horizonte, Lourdes",5 ou mais,3,412m²,5 ou mais,R$ 4.400.000
"Lourdes_Belo Horizonte, Lourdes_Q3_B4",1244887347.0,"Lourdes_Belo Horizonte, Lourdes",3,4,116m²,2,R$ 1.990.000
"Lourdes_Belo Horizonte, Lourdes_Q3_B4",1244862795.0,"Lourdes_Belo Horizonte, Lourdes",3,4,226m²,4,R$ 1.889.000
"Lourdes_Belo Horizonte, Lourdes_QNone_BNone",1244724899.0,"Lourdes_Belo Horizonte, Lourdes",,,25m²,1,R$ 750
"Lourdes_Belo Horizonte, Lourdes_Q3_B2",1244678287.0,"Lourdes_Belo Horizonte, Lourdes",3,2,90m²,2,R$ 950.000
"Centro_Belo Horizonte, Centro_Q3_B4",1244585632.0,"Centro_Belo Horizonte, Centro",3,4,220m²,1,R$ 636.000
"Lourdes_Belo Horizonte, Lourdes_QNone_BNone",1244231085.0,"Lourdes_Belo Horizonte, Lourdes",,,40m²,0,R$ 1.500
"Lourdes_Belo Horizonte, Lourdes_QNone_BNone",1244224952.0,"Lourdes_Belo Horizonte, Lourdes",,,612m²,1,R$ 28.000
"Lourdes_Belo Horizonte, Lourdes_QNone_BNone",1244143606.0,"Lourdes_Belo Horizonte, Lourdes",,,,1,R$ 9.500
"Centro_Belo Horizonte, Centro_QNone_BNone",1242857773.0,"Centro_Belo Horizonte, Centro",,,43m²,0,R$ 350
"Santo Agostinho_Belo Horizonte, Santo Agostinho_QNone_BNone",1242848241.0,"Santo Agostinho_Belo Horizonte, Santo Agostinho",,,136m²,3,R$ 1.200.000
"Santo Agostinho_Belo Horizonte, Santo Agostinho_QNone_BNone",1242847960.0,"Santo Agostinho_Belo Horizonte, Santo Agostinho",,,108m²,0,R$ 1.298.000
"Lourdes_Belo Horizonte, Lourdes_Q2_B3",1242840302.0,"Lourdes_Belo Horizonte, Lourdes",2,3,61m²,1,R$ 1.140.000
"Lourdes_Belo Horizonte, Lourdes_QNone_BNone",1242612650.0,"Lourdes_Belo Horizonte, Lourdes",,,56m²,0,R$ 500.000
"Lourdes_Belo Horizonte, Lourdes_QNone_BNone",1242554164.0,"Lourdes_Belo Horizonte, Lourdes",,,500m²,0,R$ 28.000
"Lourdes_Belo Horizonte, Lourdes_Q4_B3",1242287146.0,"Lourdes_Belo Horizonte, Lourdes",4,3,170m²,2,R$ 1.750.000
"Lourdes_Belo Horizonte, Lourdes_QNone_BNone",1242255704.0,"Lourdes_Belo Horizonte, Lourdes",,,130m²,,R$ 7.000
"Lourdes_Belo Horizonte, Lourdes_QNone_BNone",1241486440.0,"Lourdes_Belo Horizonte, Lourdes",,,26m²,,R$ 140.000
"Lourdes_Belo Horizonte, Lourdes_Q2_B3",1241168498.0,"Lourdes_Belo Horizonte, Lourdes",2,3,76m²,1,R$ 1.388.000
"Lourdes_Belo Horizonte, Lourdes_Q2_B2",1240686257.0,"Lourdes_Belo Horizonte, Lourdes",2,2,117m²,2,R$ 1.364.444
"Lourdes_Belo Horizonte, Lourdes_Q1_B2",1240686244.0,"Lourdes_Belo Horizonte, Lourdes",1,2,62m²,2,R$ 1.129.332
"Lourdes_Belo Horizonte, Lourdes_Q2_B2",1240685980.0,"Lourdes_Belo Horizonte, Lourdes",2,2,63m²,2,R$ 1.044.973
"Lourdes_Belo Horizonte, Lourdes_Q2_B3",1240546764.0,"Lourdes_Belo Horizonte, Lourdes",2,3,85m²,2,R$ 1.000.000
"Lourdes_Belo Horizonte, Lourdes_QNone_BNone",1240314055.0,"Lourdes_Belo Horizonte, Lourdes",,,583m²,3,R$ 38.000
"Lourdes_Belo Horizonte, Lourdes_QNone_BNone",1240057282.0,"Lourdes_Belo Horizonte, Lourdes",,,162m²,3,R$ 1.490.000
"Lourdes_Belo Horizonte, Lourdes_QNone_BNone",1240003597.0,"Lourdes_Belo Horizonte, Lourdes",,,120m²,0,R$ 3.200
"Lourdes_Belo Horizonte, Lourdes_Q3_B3",1239962474.0,"Lourdes_Belo Horizonte, Lourdes",3,3,120m²,2,R$ 1.260.000
"Lourdes_Belo Horizonte, Lourdes_Q4_B4",1239931319.0,"Lourdes_Belo Horizonte, Lourdes",4,4,270m²,4,R$ 4.390.000
"Centro_Belo Horizonte, Centro_QNone_BNone",1239891219.0,"Centro_Belo Horizonte, Centro",,,60m²,0,R$ 5.500
"Lourdes_Belo Horizonte, Lourdes_Q3_B3",1239851595.0,"Lourdes_Belo Horizonte, Lourdes",3,3,69m²,2,R$ 1.400.000
"Centro_Belo Horizonte, Centro_Q2_B1",1239849575.0,"Centro_Belo Horizonte, Centro",2,1,64m²,2,R$ 790.000
"Lourdes_Belo Horizonte, Lourdes_Q4_B1",1239835913.0,"Lourdes_Belo Horizonte, Lourdes",4,1,130m²,1,R$ 760.000
"Lourdes_Belo Horizonte, Lourdes_QNone_BNone",1239019387.0,"Lourdes_Belo Horizonte, Lourdes",,,160m²,3,R$ 1.490.000
"Lourdes_Belo Horizonte, Lourdes_QNone_BNone",1239007581.0,"Lourdes_Belo Horizonte, Lourdes",,,20m²,0,R$ 110.000
"Lourdes_Belo Horizonte, Lourdes_QNone_BNone",1239006889.0,"Lourdes_Belo Horizonte, Lourdes",,,162m²,3,R$ 1.380.000
"Lourdes_Belo Horizonte, Lourdes_Q4_B5 ou mais",1238987998.0,"Lourdes_Belo Horizonte, Lourdes",4,5 ou mais,410m²,5 ou mais,R$ 4.950.000
"Lourdes_Belo Horizonte, Lourdes_Q2_B2",1238957186.0,"Lourdes_Belo Horizonte, Lourdes",2,2,180m²,3,R$ 1.800.000
"Centro_Belo Horizonte, Centro_Q3_B2",1238923584.0,"Centro_Belo Horizonte, Centro",3,2,150m²,1,R$ 860.000
"Lourdes_Belo Horizonte, Lourdes_Q2_B2",1238655999.0,"Lourdes_Belo Horizonte, Lourdes",2,2,70m²,1,R$ 1.100.000
"Lourdes_Belo Horizonte, Lourdes_Q4_B3",1238620865.0,"Lourdes_Belo Horizonte, Lourdes",4,3,162m²,2,R$ 1.490.000
"Lourdes_Belo Horizonte, Lourdes_QNone_BNone",1238611668.0,"Lourdes_Belo Horizonte, Lourdes",,,20m²,,R$ 150.000
"Lourdes_Belo Horizonte, Lourdes_Q3_B2",1238582330.0,"Lourdes_Belo Horizonte, Lourdes",3,2,71m²,2,R$ 1.905.958
"Centro_Belo Horizonte, Centro_Q4_B3",1238575104.0,"Centro_Belo Horizonte, Centro",4,3,227m²,1,R$ 900.000
"Lourdes_Belo Horizonte, Lourdes_Q4_B5 ou mais",1238561344.0,"Lourdes_Belo Horizonte, Lourdes",4,5 ou mais,204m²,4,R$ 3.650.000
"Lourdes_Belo Horizonte, Lourdes_Q3_B2",1238554278.0,"Lourdes_Belo Horizonte, Lourdes",3,2,155m²,2,R$ 1.290.000
"Lourdes_Belo Horizonte, Lourdes_Q4_B5 ou mais",1238553496.0,"Lourdes_Belo Horizonte, Lourdes",4,5 ou mais,195m²,2,R$ 2.650.000
"Lourdes_Belo Horizonte, Lourdes_Q3_B3",1238550041.0,"Lourdes_Belo Horizonte, Lourdes",3,3,90m²,1,R$ 840.000
"Lourdes_Belo Horizonte, Lourdes_Q4_B5 ou mais",1238402166.0,"Lourdes_Belo Horizonte, Lourdes",4,5 ou mais,300m²,3,R$ 3.000.000
"Lourdes_Belo Horizonte, Lourdes_Q4_B5 ou mais",1238296039.0,"Lourdes_Belo Horizonte, Lourdes",4,5 ou mais,151m²,3,R$ 1.750.000
"Lourdes_Belo Horizonte, Lourdes_Q4_B5 ou mais",1238288027.0,"Lourdes_Belo Horizonte, Lourdes",4,5 ou mais,300m²,3,R$ 3.000.000
"Lourdes_Belo Horizonte, Lourdes_Q4_B5 ou mais",1238251704.0,"Lourdes_Belo Horizonte, Lourdes",4,5 ou mais,300m²,3,R$ 3.000.000
"Lourdes_Belo Horizonte, Lourdes_QNone_BNone",1238026125.0,"Lourdes_Belo Horizonte, Lourdes",,,200m²,2,R$ 6.000
"Lourdes_Belo Horizonte, Lourdes_Q3_B3",1237921098.0,"Lourdes_Belo Horizonte, Lourdes",3,3,84m²,2,R$ 1.490.000
"Lourdes_Belo Horizonte, Lourdes_Q2_B3",1237887893.0,"Lourdes_Belo Horizonte, Lourdes",2,3,50m²,2,R$ 4.500
"Lourdes_Belo Horizonte, Lourdes_QNone_BNone",1237554889.0,"Lourdes_Belo Horizonte, Lourdes",,,42m²,1,R$ 420.000
"Santo Agostinho_Belo Horizonte, Santo Agostinho_QNone_BNone",1237467153.0,"Santo Agostinho_Belo Horizonte, Santo Agostinho",,,138m²,1,R$ 5.950
"Lourdes_Belo Horizonte, Lourdes_Q4_B3",1237463999.0,"Lourdes_Belo Horizonte, Lourdes",4,3,137m²,2,R$ 1.900.000
"Lourdes_Belo Horizonte, Lourdes_Q3_B3",1237258001.0,"Lourdes_Belo Horizonte, Lourdes",3,3,175m²,3,R$ 1.950.000
"Lourdes_Belo Horizonte, Lourdes_Q1_B1",1236824873.0,"Lourdes_Belo Horizonte, Lourdes",1,1,83m²,2,R$ 1.000.000
"Lourdes_Belo Horizonte, Lourdes_Q1_B1",1236821985.0,"Lourdes_Belo Horizonte, Lourdes",1,1,80m²,2,R$ 1.000.000
"Lourdes_Belo Horizonte, Lourdes_QNone_BNone",1236631339.0,"Lourdes_Belo Horizonte, Lourdes",,,21m²,1,R$ 900.000
"Lourdes_Belo Horizonte, Lourdes_Q3_B2",1236574482.0,"Lourdes_Belo Horizonte, Lourdes",3,2,104m²,2,R$ 1.200.000
"Lourdes_Belo Horizonte, Lourdes_Q2_B3",1236447438.0,"Lourdes_Belo Horizonte, Lourdes",2,3,100m²,2,R$ 1.100.000
"Lourdes_Belo Horizonte, Lourdes_Q2_B2",1236434559.0,"Lourdes_Belo Horizonte, Lourdes",2,2,65m²,2,R$ 1.208.000
"Cidade Jardim_Belo Horizonte, Cidade Jardim_Q4_B3",1236424622.0,"Cidade Jardim_Belo Horizonte, Cidade Jardim",4,3,131m²,0,R$ 2.450.000
"Santo Antônio_Belo Horizonte, Santo Antônio_Q3_B2",1236375252.0,"Santo Antônio_Belo Horizonte, Santo Antônio",3,2,180m²,1,R$ 450.000
"Lourdes_Belo Horizonte, Lourdes_QNone_BNone",1236328829.0,"Lourdes_Belo Horizonte, Lourdes",,,258m²,4,R$ 1.453.000
"Lourdes_Belo Horizonte, Lourdes_Q2_B2",1236305662.0,"Lourdes_Belo Horizonte, Lourdes",2,2,69m²,2,R$ 930.000
"Lourdes_Belo Horizonte, Lourdes_Q4_B2",1236152343.0,"Lourdes_Belo Horizonte, Lourdes",4,2,172m²,3,R$ 2.900.000
"Lourdes_Belo Horizonte, Lourdes_Q1_B2",1235985495.0,"Lourdes_Belo Horizonte, Lourdes",1,2,39m²,1,R$ 806.620
"Lourdes_Belo Horizonte, Lourdes_QNone_BNone",1235859045.0,"Lourdes_Belo Horizonte, Lourdes",,,350m²,3,R$ 11.900
"Lourdes_Belo Horizonte, Lourdes_Q2_B2",1235692546.0,"Lourdes_Belo Horizonte, Lourdes",2,2,69m²,2,R$ 980.000
"Lourdes_Belo Horizonte, Lourdes_QNone_BNone",1235689439.0,"Lourdes_Belo Horizonte, Lourdes",,,320m²,,R$ 27.900
"Lourdes_Belo Horizonte, Lourdes_QNone_BNone",1235687466.0,"Lourdes_Belo Horizonte, Lourdes",,,460m²,,R$ 29.000
"Lourdes_Belo Horizonte, Lourdes_QNone_BNone",1235637252.0,"Lourdes_Belo Horizonte, Lourdes",,,354m²,,R$ 35.000
"Centro_Belo Horizonte, Centro_QNone_BNone",1235560940.0,"Centro_Belo Horizonte, Centro",,,86m²,,R$ 8.000
"Lourdes_Belo Horizonte, Lourdes_Q2_B4",1235508982.0,"Lourdes_Belo Horizonte, Lourdes",2,4,170m²,2,R$ 1.390.000
"Centro_Belo Horizonte, Centro_QNone_BNone",1235302655.0,"Centro_Belo Horizonte, Centro",,,170m²,0,R$ 3.000
"Lourdes_Belo Horizonte, Lourdes_QNone_BNone",1235103807.0,"Lourdes_Belo Horizonte, Lourdes",,,20m²,,R$ 1.000
"Lourdes_Belo Horizonte, Lourdes_QNone_BNone",1234039364.0,"Lourdes_Belo Horizonte, Lourdes",,,90m²,1,R$ 670.000
"Lourdes_Belo Horizonte, Lourdes_Q2_B2",1233982131.0,"Lourdes_Belo Horizonte, Lourdes",2,2,64m²,2,R$ 1.252.471
"Lourdes_Belo Horizonte, Lourdes_Q1_B1",1233951965.0,"Lourdes_Belo Horizonte, Lourdes",1,1,74m²,1,R$ 640.000
"Lourdes_Belo Horizonte, Lourdes_Q5 ou mais_B5 ou mais",1233942000.0,"Lourdes_Belo Horizonte, Lourdes",5 ou mais,5 ou mais,405m²,,R$ 1.600.000
"Lourdes_Belo Horizonte, Lourdes_Q2_B2",1233935649.0,"Lourdes_Belo Horizonte, Lourdes",2,2,60m²,2,R$ 716.256
"Lourdes_Belo Horizonte, Lourdes_QNone_BNone",1233922734.0,"Lourdes_Belo Horizonte, Lourdes",,,524m²,,R$ 30.000
"Lourdes_Belo Horizonte, Lourdes_Q2_B2",1233918970.0,"Lourdes_Belo Horizonte, Lourdes",2,2,130m²,1,R$ 950.000
"Lourdes_Belo Horizonte, Lourdes_Q4_B4",1233890304.0,"Lourdes_Belo Horizonte, Lourdes",4,4,143m²,3,R$ 2.790.000
"Lourdes_Belo Horizonte, Lourdes_Q2_B2",1233884209.0,"Lourdes_Belo Horizonte, Lourdes",2,2,67m²,2,R$ 1.081.131
"Centro_Belo Horizonte, Centro_QNone_BNone",1233694972.0,"Centro_Belo Horizonte, Centro",,,40m²,0,R$ 130.000
"Lourdes_Belo Horizonte, Lourdes_Q4_B3",1233581766.0,"Lourdes_Belo Horizonte, Lourdes",4,3,138m²,5 ou mais,R$ 2.200.000
"Lourdes_Belo Horizonte, Lourdes_QNone_BNone",1233096335.0,"Lourdes_Belo Horizonte, Lourdes",,,64m²,2,R$ 3.150
"Lourdes_Belo Horizonte, Lourdes_Q2_B2",1232677933.0,"Lourdes_Belo Horizonte, Lourdes",2,2,90m²,2,R$ 6.200
"Lourdes_Belo Horizonte, Lourdes_Q2_B2",1231786215.0,"Lourdes_Belo Horizonte, Lourdes",2,2,56m²,2,R$ 1.050.000
"Lourdes_Belo Horizonte, Lourdes_Q2_B2",1231786218.0,"Lourdes_Belo Horizonte, Lourdes",2,2,56m²,2,R$ 954.000
"Lourdes_Belo Horizonte, Lourdes_Q2_B2",1231786209.0,"Lourdes_Belo Horizonte, Lourdes",2,2,63m²,2,R$ 1.166.000
"Lourdes_Belo Horizonte, Lourdes_Q2_B2",1231786208.0,"Lourdes_Belo Horizonte, Lourdes",2,2,63m²,2,R$ 1.116.000
"Lourdes_Belo Horizonte, Lourdes_Q2_B3",1231580992.0,"Lourdes_Belo Horizonte, Lourdes",2,3,63m²,2,R$ 1.150.000
"Lourdes_Belo Horizonte, Lourdes_Q2_B2",1231455174.0,"Lourdes_Belo Horizonte, Lourdes",2,2,60m²,2,R$ 907.320
"Lourdes_Belo Horizonte, Lourdes_Q2_B2",1231455175.0,"Lourdes_Belo Horizonte, Lourdes",2,2,100m²,2,R$ 1.390.000
"Lourdes_Belo Horizonte, Lourdes_Q4_B4",1231435828.0,"Lourdes_Belo Horizonte, Lourdes",4,4,154m²,4,R$ 1.500.000
"Lourdes_Belo Horizonte, Lourdes_QNone_BNone",1231435762.0,"Lourdes_Belo Horizonte, Lourdes",,,28m²,0,R$ 1.200
"Lourdes_Belo Horizonte, Lourdes_QNone_BNone",1231082869.0,"Lourdes_Belo Horizonte, Lourdes",,,35m²,,R$ 1.155
"Lourdes_Belo Horizonte, Lourdes_QNone_BNone",1231010579.0,"Lourdes_Belo Horizonte, Lourdes",,,86m²,2,R$ 950.000
"Lourdes_Belo Horizonte, Lourdes_Q2_B3",1230933136.0,"Lourdes_Belo Horizonte, Lourdes",2,3,64m²,2,R$ 1.150.000
"Lourdes_Belo Horizonte, Lourdes_Q2_B2",1230678686.0,"Lourdes_Belo Horizonte, Lourdes",2,2,70m²,2,R$ 1.250.000
"Lourdes_Belo Horizonte, Lourdes_QNone_BNone",1230321616.0,"Lourdes_Belo Horizonte, Lourdes",,,660m²,4,R$ 50.000
"Lourdes_Belo Horizonte, Lourdes_Q2_B2",1229414480.0,"Lourdes_Belo Horizonte, Lourdes",2,2,67m²,2,R$ 1.115.000
"Lourdes_Belo Horizonte, Lourdes_Q3_B3",1229338648.0,"Lourdes_Belo Horizonte, Lourdes",3,3,144m²,2,R$ 2.090.000
"Lourdes_Belo Horizonte, Lourdes_Q4_B5 ou mais",1229216604.0,"Lourdes_Belo Horizonte, Lourdes",4,5 ou mais,290m²,3,R$ 3.800.000
"Lourdes_Belo Horizonte, Lourdes_QNone_BNone",1229142116.0,"Lourdes_Belo Horizonte, Lourdes",,,68m²,1,R$ 250.000
"Lourdes_Belo Horizonte, Lourdes_QNone_BNone",1229136910.0,"Lourdes_Belo Horizonte, Lourdes",,,107m²,2,R$ 1.500.000
"Lourdes_Belo Horizonte, Lourdes_QNone_BNone",1228958146.0,"Lourdes_Belo Horizonte, Lourdes",,,36m²,0,R$ 109.000
"Lourdes_Belo Horizonte, Lourdes_QNone_BNone",1228864509.0,"Lourdes_Belo Horizonte, Lourdes",,,40m²,,R$ 1.220
"Lourdes_Belo Horizonte, Lourdes_Q4_B3",1228600830.0,"Lourdes_Belo Horizonte, Lourdes",4,3,165m²,2,R$ 1.700.000
"Lourdes_Belo Horizonte, Lourdes_QNone_BNone",1228458919.0,"Lourdes_Belo Horizonte, Lourdes",,,2040m²,5 ou mais,R$ 102.000
"Lourdes_Belo Horizonte, Lourdes_Q2_B2",1228012792.0,"Lourdes_Belo Horizonte, Lourdes",2,2,69m²,2,R$ 998.000
"Lourdes_Belo Horizonte, Lourdes_Q2_B2",1228012366.0,"Lourdes_Belo Horizonte, Lourdes",2,2,51m²,0,R$ 850.000
"Lourdes_Belo Horizonte, Lourdes_Q3_B2",1228011659.0,"Lourdes_Belo Horizonte, Lourdes",3,2,83m²,2,R$ 1.149.572
"Lourdes_Belo Horizonte, Lourdes_Q2_B2",1228011341.0,"Lourdes_Belo Horizonte, Lourdes",2,2,71m²,2,R$ 1.081.000
"Lourdes_Belo Horizonte, Lourdes_Q4_B2",1228000229.0,"Lourdes_Belo Horizonte, Lourdes",4,2,158m²,1,R$ 775.000
"Lourdes_Belo Horizonte, Lourdes_QNone_BNone",1227828781.0,"Lourdes_Belo Horizonte, Lourdes",,,400m²,3,R$ 24.000
"Lourdes_Belo Horizonte, Lourdes_QNone_BNone",1227826894.0,"Lourdes_Belo Horizonte, Lourdes",,,130m²,0,R$ 5.550
"Lourdes_Belo Horizonte, Lourdes_QNone_BNone",1227826859.0,"Lourdes_Belo Horizonte, Lourdes",,,320m²,0,R$ 28.000
"Lourdes_Belo Horizonte, Lourdes_QNone_BNone",1227825549.0,"Lourdes_Belo Horizonte, Lourdes",,,100m²,0,R$ 4.500
"Lourdes_Belo Horizonte, Lourdes_QNone_BNone",1227824978.0,"Lourdes_Belo Horizonte, Lourdes",,,25m²,1,R$ 1.000
"Lourdes_Belo Horizonte, Lourdes_QNone_BNone",1227819584.0,"Lourdes_Belo Horizonte, Lourdes",,,65m²,0,R$ 1.520
"Lourdes_Belo Horizonte, Lourdes_Q3_B3",1227616073.0,"Lourdes_Belo Horizonte, Lourdes",3,3,164m²,1,R$ 1.250.000
"Lourdes_Belo Horizonte, Lourdes_QNone_BNone",1227599249.0,"Lourdes_Belo Horizonte, Lourdes",,,68m²,0,R$ 1.000
"Lourdes_Belo Horizonte, Lourdes_QNone_BNone",1227578953.0,"Lourdes_Belo Horizonte, Lourdes",,,127m²,3,R$ 4.500
"Lourdes_Belo Horizonte, Lourdes_Q4_B5 ou mais",1227574782.0,"Lourdes_Belo Horizonte, Lourdes",4,5 ou mais,172m²,3,R$ 2.980.000
"Lourdes_Belo Horizonte, Lourdes_Q2_B2",1226701624.0,"Lourdes_Belo Horizonte, Lourdes",2,2,78m²,2,R$ 850.000
"Lourdes_Belo Horizonte, Lourdes_Q4_B5 ou mais",1226699245.0,"Lourdes_Belo Horizonte, Lourdes",4,5 ou mais,400m²,5 ou mais,R$ 5.500.000
"Lourdes_Belo Horizonte, Lourdes_Q3_B3",1226302239.0,"Lourdes_Belo Horizonte, Lourdes",3,3,83m²,2,R$ 1.215.303
"Lourdes_Belo Horizonte, Lourdes_Q1_B1",1226251032.0,"Lourdes_Belo Horizonte, Lourdes",1,1,40m²,1,R$ 3.100
"Lourdes_Belo Horizonte, Lourdes_Q2_B2",1226157174.0,"Lourdes_Belo Horizonte, Lourdes",2,2,65m²,2,R$ 1.270.000
"Lourdes_Belo Horizonte, Lourdes_Q3_B5 ou mais",1226052591.0,"Lourdes_Belo Horizonte, Lourdes",3,5 ou mais,550m²,5 ou mais,R$ 7.300.000
"Lourdes_Belo Horizonte, Lourdes_Q2_B2",1226002191.0,"Lourdes_Belo Horizonte, Lourdes",2,2,71m²,2,R$ 1.090.000
"Lourdes_Belo Horizonte, Lourdes_QNone_BNone",1225878030.0,"Lourdes_Belo Horizonte, Lourdes",,,27m²,0,R$ 550
"Lourdes_Belo Horizonte, Lourdes_Q4_B3",1225585677.0,"Lourdes_Belo Horizonte, Lourdes",4,3,180m²,2,R$ 6.000
"Lourdes_Belo Horizonte, Lourdes_Q5 ou mais_B2",1225428715.0,"Lourdes_Belo Horizonte, Lourdes",5 ou mais,2,397m²,3,R$ 2.490.000
"Lourdes_Belo Horizonte, Lourdes_Q4_B2",1225382289.0,"Lourdes_Belo Horizonte, Lourdes",4,2,154m²,1,R$ 1.300.000
"Lourdes_Belo Horizonte, Lourdes_Q5 ou mais_B4",1225219199.0,"Lourdes_Belo Horizonte, Lourdes",5 ou mais,4,198m²,2,R$ 2.800.000
"Lourdes_Belo Horizonte, Lourdes_QNone_BNone",1225157286.0,"Lourdes_Belo Horizonte, Lourdes",,,27m²,1,R$ 1.900
"Lourdes_Belo Horizonte, Lourdes_Q4_B4",1224826233.0,"Lourdes_Belo Horizonte, Lourdes",4,4,290m²,4,R$ 3.500.000
"Centro_Belo Horizonte, Centro_QNone_BNone",1224281281.0,"Centro_Belo Horizonte, Centro",,,308m²,0,R$ 730.000
"Centro_Belo Horizonte, Centro_Q4_B2",1223984533.0,"Centro_Belo Horizonte, Centro",4,2,160m²,0,R$ 600.000
"Lourdes_Belo Horizonte, Lourdes_Q2_B2",1223979282.0,"Lourdes_Belo Horizonte, Lourdes",2,2,64m²,2,R$ 1.164.502
"Lourdes_Belo Horizonte, Lourdes_Q2_B2",1223979280.0,"Lourdes_Belo Horizonte, Lourdes",2,2,63m²,2,R$ 1.097.787
"Lourdes_Belo Horizonte, Lourdes_Q4_B4",1223563405.0,"Lourdes_Belo Horizonte, Lourdes",4,4,330m²,5 ou mais,R$ 3.500.000
"Lourdes_Belo Horizonte, Lourdes_QNone_BNone",1223559891.0,"Lourdes_Belo Horizonte, Lourdes",,,35m²,0,R$ 275.000
"Lourdes_Belo Horizonte, Lourdes_QNone_BNone",1223124400.0,"Lourdes_Belo Horizonte, Lourdes",,,681m²,3,R$ 33.000
"Lourdes_Belo Horizonte, Lourdes_Q2_B2",1221727477.0,"Lourdes_Belo Horizonte, Lourdes",2,2,62m²,2,R$ 1.185.397
"Lourdes_Belo Horizonte, Lourdes_Q2_B2",1221703455.0,"Lourdes_Belo Horizonte, Lourdes",2,2,100m²,1,R$ 1.390.000
"Lourdes_Belo Horizonte, Lourdes_Q4_B4",1221416141.0,"Lourdes_Belo Horizonte, Lourdes",4,4,396m²,5 ou mais,R$ 3.700.000
"Lourdes_Belo Horizonte, Lourdes_Q2_B3",1221392898.0,"Lourdes_Belo Horizonte, Lourdes",2,3,69m²,2,R$ 1.384.609
"Lourdes_Belo Horizonte, Lourdes_Q2_B3",1221392738.0,"Lourdes_Belo Horizonte, Lourdes",2,3,316m²,4,R$ 3.202.041
"Lourdes_Belo Horizonte, Lourdes_Q2_B3",1221392718.0,"Lourdes_Belo Horizonte, Lourdes",2,3,121m²,3,R$ 1.700.000
"Lourdes_Belo Horizonte, Lourdes_Q2_B2",1221392612.0,"Lourdes_Belo Horizonte, Lourdes",2,2,66m²,2,R$ 934.558
"Lourdes_Belo Horizonte, Lourdes_Q2_B2",1221392590.0,"Lourdes_Belo Horizonte, Lourdes",2,2,64m²,2,R$ 1.252.471
"Lourdes_Belo Horizonte, Lourdes_Q2_B2",1221392512.0,"Lourdes_Belo Horizonte, Lourdes",2,2,95m²,2,R$ 1.071.415
"Lourdes_Belo Horizonte, Lourdes_Q1_B2",1221392452.0,"Lourdes_Belo Horizonte, Lourdes",1,2,91m²,2,R$ 1.308.690
"Lourdes_Belo Horizonte, Lourdes_Q1_B2",1221392390.0,"Lourdes_Belo Horizonte, Lourdes",1,2,71m²,2,R$ 990.000
"Lourdes_Belo Horizonte, Lourdes_Q2_B2",1221392374.0,"Lourdes_Belo Horizonte, Lourdes",2,2,65m²,2,R$ 1.270.000
"Lourdes_Belo Horizonte, Lourdes_Q3_B3",1221191749.0,"Lourdes_Belo Horizonte, Lourdes",3,3,180m²,1,R$ 6.000
"Lourdes_Belo Horizonte, Lourdes_Q4_B4",1221035673.0,"Lourdes_Belo Horizonte, Lourdes",4,4,131m²,4,R$ 2.550.000
"Lourdes_Belo Horizonte, Lourdes_QNone_BNone",1221034410.0,"Lourdes_Belo Horizonte, Lourdes",,,20m²,0,R$ 110.000
"Lourdes_Belo Horizonte, Lourdes_QNone_BNone",1221033225.0,"Lourdes_Belo Horizonte, Lourdes",,,200m²,2,R$ 720.000
"Lourdes_Belo Horizonte, Lourdes_Q2_B1",1221031592.0,"Lourdes_Belo Horizonte, Lourdes",2,1,55m²,2,R$ 1.112.800
"Lourdes_Belo Horizonte, Lourdes_QNone_BNone",1221022727.0,"Lourdes_Belo Horizonte, Lourdes",,,128m²,0,R$ 5.500
"Lourdes_Belo Horizonte, Lourdes_Q1_B1",1220338834.0,"Lourdes_Belo Horizonte, Lourdes",1,1,90m²,1,R$ 1.550.000
"Lourdes_Belo Horizonte, Lourdes_Q2_B2",1220149697.0,"Lourdes_Belo Horizonte, Lourdes",2,2,61m²,3,R$ 1.362.211
"Lourdes_Belo Horizonte, Lourdes_Q1_B1",1219824069.0,"Lourdes_Belo Horizonte, Lourdes",1,1,88m²,2,R$ 998.000
"Centro_Belo Horizonte, Centro_Q3_B1",1219708036.0,"Centro_Belo Horizonte, Centro",3,1,90m²,0,R$ 450.000
"Lourdes_Belo Horizonte, Lourdes_QNone_BNone",1219517911.0,"Lourdes_Belo Horizonte, Lourdes",,,56m²,0,R$ 400.000
"Lourdes_Belo Horizonte, Lourdes_Q3_B2",1219045367.0,"Lourdes_Belo Horizonte, Lourdes",3,2,93m²,2,R$ 1.925.018
"Lourdes_Belo Horizonte, Lourdes_Q3_B2",1219045362.0,"Lourdes_Belo Horizonte, Lourdes",3,2,93m²,2,R$ 1.824.804
"Lourdes_Belo Horizonte, Lourdes_Q3_B2",1219045356.0,"Lourdes_Belo Horizonte, Lourdes",3,2,93m²,2,R$ 1.875.307
"Lourdes_Belo Horizonte, Lourdes_QNone_BNone",1218780163.0,"Lourdes_Belo Horizonte, Lourdes",,,103m²,0,R$ 801.456
"Lourdes_Belo Horizonte, Lourdes_Q2_B2",1218750032.0,"Lourdes_Belo Horizonte, Lourdes",2,2,67m²,2,R$ 1.115.000
"Centro_Belo Horizonte, Centro_QNone_BNone",1218727105.0,"Centro_Belo Horizonte, Centro",,,160m²,0,R$ 10.000
"Santo Antônio_Belo Horizonte, Santo Antônio_Q5 ou mais_B5 ou mais",1218314856.0,"Santo Antônio_Belo Horizonte, Santo Antônio",5 ou mais,5 ou mais,900m²,3,R$ 11.300
"Lourdes_Belo Horizonte, Lourdes_QNone_BNone",1218303660.0,"Lourdes_Belo Horizonte, Lourdes",,,90m²,,R$ 3.200
"Lourdes_Belo Horizonte, Lourdes_QNone_BNone",1218077671.0,"Lourdes_Belo Horizonte, Lourdes",,,27m²,,R$ 180.000
"Lourdes_Belo Horizonte, Lourdes_Q0_BNone",1217961465.0,"Lourdes_Belo Horizonte, Lourdes",0,,639m²,0,R$ 6.800.000
"Lourdes_Belo Horizonte, Lourdes_Q4_B3",1217430013.0,"Lourdes_Belo Horizonte, Lourdes",4,3,155m²,3,R$ 1.750.000
"Lourdes_Belo Horizonte, Lourdes_QNone_BNone",1217284519.0,"Lourdes_Belo Horizonte, Lourdes",,,165m²,1,R$ 1.200.000
"Lourdes_Belo Horizonte, Lourdes_Q2_B3",1217120341.0,"Lourdes_Belo Horizonte, Lourdes",2,3,108m²,2,R$ 1.520.000
"Lourdes_Belo Horizonte, Lourdes_Q2_B2",1217013896.0,"Lourdes_Belo Horizonte, Lourdes",2,2,82m²,2,R$ 1.390.000
"Lourdes_Belo Horizonte, Lourdes_QNone_BNone",1216980665.0,"Lourdes_Belo Horizonte, Lourdes",,,498m²,3,R$ 3.735.225
"Lourdes_Belo Horizonte, Lourdes_Q1_B2",1216542331.0,"Lourdes_Belo Horizonte, Lourdes",1,2,84m²,2,R$ 998.000
"Lourdes_Belo Horizonte, Lourdes_Q2_B3",1216540128.0,"Lourdes_Belo Horizonte, Lourdes",2,3,101m²,2,R$ 1.100.000
"Lourdes_Belo Horizonte, Lourdes_Q1_B2",1216354760.0,"Lourdes_Belo Horizonte, Lourdes",1,2,78m²,2,R$ 998.000
"Lourdes_Belo Horizonte, Lourdes_Q4_B4",1216054363.0,"Lourdes_Belo Horizonte, Lourdes",4,4,161m²,2,R$ 1.550.000
"Lourdes_Belo Horizonte, Lourdes_Q3_B3",1216041862.0,"Lourdes_Belo Horizonte, Lourdes",3,3,63m²,2,R$ 1.150.000
"Lourdes_Belo Horizonte, Lourdes_Q4_B4",1215511106.0,"Lourdes_Belo Horizonte, Lourdes",4,4,575m²,5 ou mais,R$ 5.500.000
"Lourdes_Belo Horizonte, Lourdes_Q4_B3",1215454595.0,"Lourdes_Belo Horizonte, Lourdes",4,3,232m²,2,R$ 2.580.000
"Lourdes_Belo Horizonte, Lourdes_QNone_BNone",1215382866.0,"Lourdes_Belo Horizonte, Lourdes",,,20m²,1,R$ 270.000
"Lourdes_Belo Horizonte, Lourdes_Q4_B3",1215336119.0,"Lourdes_Belo Horizonte, Lourdes",4,3,340m²,3,R$ 2.450.000
"Lourdes_Belo Horizonte, Lourdes_Q4_B4",1215256719.0,"Lourdes_Belo Horizonte, Lourdes",4,4,90m²,4,R$ 2.749.000
"Lourdes_Belo Horizonte, Lourdes_Q2_B4",1215247532.0,"Lourdes_Belo Horizonte, Lourdes",2,4,160m²,3,R$ 2.200.000
"Lourdes_Belo Horizonte, Lourdes_Q2_B2",1215207861.0,"Lourdes_Belo Horizonte, Lourdes",2,2,69m²,2,R$ 930.000
"Lourdes_Belo Horizonte, Lourdes_QNone_BNone",1215095685.0,"Lourdes_Belo Horizonte, Lourdes",,,588m²,,R$ 14.000
"Lourdes_Belo Horizonte, Lourdes_Q2_B3",1214705253.0,"Lourdes_Belo Horizonte, Lourdes",2,3,128m²,2,R$ 1.100.000
"Lourdes_Belo Horizonte, Lourdes_Q4_B4",1214544528.0,"Lourdes_Belo Horizonte, Lourdes",4,4,133m²,3,R$ 2.292.000
"Lourdes_Belo Horizonte, Lourdes_Q4_B5 ou mais",1214498851.0,"Lourdes_Belo Horizonte, Lourdes",4,5 ou mais,343m²,3,R$ 2.500.000
"Lourdes_Belo Horizonte, Lourdes_Q2_B2",1214030048.0,"Lourdes_Belo Horizonte, Lourdes",2,2,63m²,2,R$ 1.270.000
"Lourdes_Belo Horizonte, Lourdes_Q5 ou mais_B3",1213882038.0,"Lourdes_Belo Horizonte, Lourdes",5 ou mais,3,540m²,3,R$ 3.900.000
"Lourdes_Belo Horizonte, Lourdes_Q4_B4",1213701333.0,"Lourdes_Belo Horizonte, Lourdes",4,4,180m²,2,R$ 1.350.000
"Lourdes_Belo Horizonte, Lourdes_Q1_B1",1213342906.0,"Lourdes_Belo Horizonte, Lourdes",1,1,14m²,0,R$ 250.000
"Lourdes_Belo Horizonte, Lourdes_Q1_B1",1213331962.0,"Lourdes_Belo Horizonte, Lourdes",1,1,14m²,0,R$ 250.000
"Lourdes_Belo Horizonte, Lourdes_Q1_B1",1213311140.0,"Lourdes_Belo Horizonte, Lourdes",1,1,14m²,0,R$ 250.000
"Lourdes_Belo Horizonte, Lourdes_Q3_B3",1213288666.0,"Lourdes_Belo Horizonte, Lourdes",3,3,95m²,1,R$ 869.000
"Lourdes_Belo Horizonte, Lourdes_Q4_B3",1213206835.0,"Lourdes_Belo Horizonte, Lourdes",4,3,340m²,3,R$ 2.450.000
"Lourdes_Belo Horizonte, Lourdes_Q2_B2",1213003209.0,"Lourdes_Belo Horizonte, Lourdes",2,2,100m²,2,R$ 1.450.000
"Lourdes_Belo Horizonte, Lourdes_Q2_B2",1212939429.0,"Lourdes_Belo Horizonte, Lourdes",2,2,67m²,2,R$ 1.180.000
"Lourdes_Belo Horizonte, Lourdes_Q5 ou mais_B4",1212924921.0,"Lourdes_Belo Horizonte, Lourdes",5 ou mais,4,420m²,4,R$ 3.980.000
"Lourdes_Belo Horizonte, Lourdes_Q2_B2",1212839442.0,"Lourdes_Belo Horizonte, Lourdes",2,2,63m²,2,R$ 1.190.000
"Lourdes_Belo Horizonte, Lourdes_Q2_B2",1212831945.0,"Lourdes_Belo Horizonte, Lourdes",2,2,63m²,2,R$ 1.020.000
"Lourdes_Belo Horizonte, Lourdes_Q2_B2",1212824859.0,"Lourdes_Belo Horizonte, Lourdes",2,2,63m²,2,R$ 1.040.000
"Lourdes_Belo Horizonte, Lourdes_Q2_B2",1212810987.0,"Lourdes_Belo Horizonte, Lourdes",2,2,76m²,2,R$ 899.000
"Lourdes_Belo Horizonte, Lourdes_Q3_B4",1212798617.0,"Lourdes_Belo Horizonte, Lourdes",3,4,250m²,2,R$ 2.350.000
"Lourdes_Belo Horizonte, Lourdes_Q2_B2",1212778849.0,"Lourdes_Belo Horizonte, Lourdes",2,2,63m²,2,R$ 1.060.000
"Lourdes_Belo Horizonte, Lourdes_Q2_B2",1212778804.0,"Lourdes_Belo Horizonte, Lourdes",2,2,63m²,2,R$ 1.080.000
"Lourdes_Belo Horizonte, Lourdes_Q2_B2",1212763084.0,"Lourdes_Belo Horizonte, Lourdes",2,2,89m²,1,R$ 1.250.000
"Lourdes_Belo Horizonte, Lourdes_Q2_B2",1212763062.0,"Lourdes_Belo Horizonte, Lourdes",2,2,63m²,2,R$ 1.220.000
"Lourdes_Belo Horizonte, Lourdes_Q2_B2",1212762789.0,"Lourdes_Belo Horizonte, Lourdes",2,2,63m²,2,R$ 1.050.000
"Lourdes_Belo Horizonte, Lourdes_Q2_B2",1212762743.0,"Lourdes_Belo Horizonte, Lourdes",2,2,63m²,2,R$ 1.080.000
"Lourdes_Belo Horizonte, Lourdes_Q4_B3",1212762456.0,"Lourdes_Belo Horizonte, Lourdes",4,3,170m²,3,R$ 1.800.000
"Lourdes_Belo Horizonte, Lourdes_QNone_BNone",1212762443.0,"Lourdes_Belo Horizonte, Lourdes",,,30m²,0,R$ 100.000
"Lourdes_Belo Horizonte, Lourdes_QNone_BNone",1212611045.0,"Lourdes_Belo Horizonte, Lourdes",,,165m²,1,R$ 8.000
"Lourdes_Belo Horizonte, Lourdes_QNone_BNone",1212610958.0,"Lourdes_Belo Horizonte, Lourdes",,,165m²,1,R$ 2.250.000
"Lourdes_Belo Horizonte, Lourdes_Q2_B3",1212577119.0,"Lourdes_Belo Horizonte, Lourdes",2,3,62m²,2,R$ 1.185.397
"Lourdes_Belo Horizonte, Lourdes_Q2_B2",1211993709.0,"Lourdes_Belo Horizonte, Lourdes",2,2,67m²,2,R$ 1.115.000
"Centro_Belo Horizonte, Centro_Q2_B2",1211966236.0,"Centro_Belo Horizonte, Centro",2,2,64m²,2,R$ 750.000
"Lourdes_Belo Horizonte, Lourdes_Q1_B1",1211959372.0,"Lourdes_Belo Horizonte, Lourdes",1,1,14m²,,R$ 250.000
"Lourdes_Belo Horizonte, Lourdes_Q4_B5 ou mais",1210495386.0,"Lourdes_Belo Horizonte, Lourdes",4,5 ou mais,231m²,4,R$ 5.950.000
"Lourdes_Belo Horizonte, Lourdes_Q5 ou mais_B4",1210442072.0,"Lourdes_Belo Horizonte, Lourdes",5 ou mais,4,264m²,5 ou mais,R$ 5.000.000
"Lourdes_Belo Horizonte, Lourdes_Q3_B2",1210088335.0,"Lourdes_Belo Horizonte, Lourdes",3,2,104m²,2,R$ 1.290.000
"Lourdes_Belo Horizonte, Lourdes_Q4_B3",1210030195.0,"Lourdes_Belo Horizonte, Lourdes",4,3,163m²,1,R$ 1.250.000
"Lourdes_Belo Horizonte, Lourdes_Q4_B5 ou mais",1209256924.0,"Lourdes_Belo Horizonte, Lourdes",4,5 ou mais,580m²,4,R$ 7.290.000
"Lourdes_Belo Horizonte, Lourdes_Q5 ou mais_B5 ou mais",1209223715.0,"Lourdes_Belo Horizonte, Lourdes",5 ou mais,5 ou mais,376m²,2,R$ 2.200.000
"Lourdes_Belo Horizonte, Lourdes_Q2_B2",1209158004.0,"Lourdes_Belo Horizonte, Lourdes",2,2,67m²,2,R$ 1.115.000
"Lourdes_Belo Horizonte, Lourdes_Q2_B2",1208665145.0,"Lourdes_Belo Horizonte, Lourdes",2,2,79m²,1,R$ 520.000
"Lourdes_Belo Horizonte, Lourdes_Q3_B3",1208661895.0,"Lourdes_Belo Horizonte, Lourdes",3,3,100m²,1,R$ 980.000
"Lourdes_Belo Horizonte, Lourdes_Q3_B3",1208561092.0,"Lourdes_Belo Horizonte, Lourdes",3,3,91m²,4,R$ 2.200.000
"Lourdes_Belo Horizonte, Lourdes_Q4_B3",1208026316.0,"Lourdes_Belo Horizonte, Lourdes",4,3,175m²,1,R$ 1.080.000
"Lourdes_Belo Horizonte, Lourdes_Q1_B1",1207708199.0,"Lourdes_Belo Horizonte, Lourdes",1,1,88m²,2,R$ 998.000
"Lourdes_Belo Horizonte, Lourdes_Q1_B1",1207708146.0,"Lourdes_Belo Horizonte, Lourdes",1,1,32m²,1,R$ 460.000
"Lourdes_Belo Horizonte, Lourdes_Q2_B2",1207672847.0,"Lourdes_Belo Horizonte, Lourdes",2,2,72m²,2,R$ 1.100.000
"Lourdes_Belo Horizonte, Lourdes_QNone_BNone",1207294979.0,"Lourdes_Belo Horizonte, Lourdes",,,68m²,1,R$ 410.000
"Lourdes_Belo Horizonte, Lourdes_QNone_BNone",1207290978.0,"Lourdes_Belo Horizonte, Lourdes",,,215m²,3,R$ 5.500
"Lourdes_Belo Horizonte, Lourdes_Q3_B3",1207269216.0,"Lourdes_Belo Horizonte, Lourdes",3,3,122m²,1,R$ 660.000
"Lourdes_Belo Horizonte, Lourdes_Q2_B3",1206932510.0,"Lourdes_Belo Horizonte, Lourdes",2,3,69m²,2,R$ 980.000
"Lourdes_Belo Horizonte, Lourdes_Q2_B2",1206932480.0,"Lourdes_Belo Horizonte, Lourdes",2,2,74m²,2,R$ 1.050.000
"Lourdes_Belo Horizonte, Lourdes_Q2_B2",1206828350.0,"Lourdes_Belo Horizonte, Lourdes",2,2,67m²,2,R$ 1.115.000
"Lourdes_Belo Horizonte, Lourdes_Q2_B2",1206767717.0,"Lourdes_Belo Horizonte, Lourdes",2,2,71m²,2,R$ 990.000
"Lourdes_Belo Horizonte, Lourdes_Q1_B1",1205971022.0,"Lourdes_Belo Horizonte, Lourdes",1,1,87m²,2,R$ 1.232.000
"Lourdes_Belo Horizonte, Lourdes_Q4_B2",1205938307.0,"Lourdes_Belo Horizonte, Lourdes",4,2,161m²,2,R$ 1.590.000
"Lourdes_Belo Horizonte, Lourdes_Q2_B2",1205877303.0,"Lourdes_Belo Horizonte, Lourdes",2,2,67m²,2,R$ 1.115.000
"Lourdes_Belo Horizonte, Lourdes_QNone_BNone",1205872975.0,"Lourdes_Belo Horizonte, Lourdes",,,350m²,0,R$ 5.000.000
"Lourdes_Belo Horizonte, Lourdes_QNone_BNone",1205468298.0,"Lourdes_Belo Horizonte, Lourdes",,,26m²,0,R$ 180.000
"Lourdes_Belo Horizonte, Lourdes_Q3_B2",1205465285.0,"Lourdes_Belo Horizonte, Lourdes",3,2,83m²,2,R$ 1.326.880
"Santo Antônio_Belo Horizonte, Santo Antônio_Q1_B1",1205462366.0,"Santo Antônio_Belo Horizonte, Santo Antônio",1,1,27m²,0,R$ 550.000
"Lourdes_Belo Horizonte, Lourdes_Q4_B5 ou mais",1205462304.0,"Lourdes_Belo Horizonte, Lourdes",4,5 ou mais,273m²,3,R$ 3.000.000
"Lourdes_Belo Horizonte, Lourdes_Q3_B2",1204999758.0,"Lourdes_Belo Horizonte, Lourdes",3,2,113m²,2,R$ 2.090.000
"Lourdes_Belo Horizonte, Lourdes_Q2_B2",1204956341.0,"Lourdes_Belo Horizonte, Lourdes",2,2,66m²,2,R$ 1.350.000
"Lourdes_Belo Horizonte, Lourdes_QNone_BNone",1204926593.0,"Lourdes_Belo Horizonte, Lourdes",,,183m²,2,R$ 8.235
"Lourdes_Belo Horizonte, Lourdes_Q2_B2",1204926037.0,"Lourdes_Belo Horizonte, Lourdes",2,2,63m²,2,R$ 1.270.000
"Lourdes_Belo Horizonte, Lourdes_Q3_B3",1204920080.0,"Lourdes_Belo Horizonte, Lourdes",3,3,93m²,2,R$ 3.296.700
"Lourdes_Belo Horizonte, Lourdes_QNone_BNone",1204919300.0,"Lourdes_Belo Horizonte, Lourdes",,,45m²,,R$ 2.500
"Lourdes_Belo Horizonte, Lourdes_Q3_B3",1204918537.0,"Lourdes_Belo Horizonte, Lourdes",3,3,109m²,2,R$ 2.510.680
"Santo Agostinho_Belo Horizonte, Santo Agostinho_QNone_BNone",1204859801.0,"Santo Agostinho_Belo Horizonte, Santo Agostinho",,,28m²,0,R$ 235.000
"Lourdes_Belo Horizonte, Lourdes_Q2_B2",1204835167.0,"Lourdes_Belo Horizonte, Lourdes",2,2,100m²,2,R$ 1.390.000
"Santo Agostinho_Belo Horizonte, Santo Agostinho_QNone_BNone",1204834568.0,"Santo Agostinho_Belo Horizonte, Santo Agostinho",,,35m²,0,R$ 250.000
"Lourdes_Belo Horizonte, Lourdes_Q4_B5 ou mais",1204788318.0,"Lourdes_Belo Horizonte, Lourdes",4,5 ou mais,301m²,4,R$ 3.200.000
"Lourdes_Belo Horizonte, Lourdes_Q2_B2",1204784710.0,"Lourdes_Belo Horizonte, Lourdes",2,2,107m²,2,R$ 1.895.663
"Lourdes_Belo Horizonte, Lourdes_Q3_B2",1204617217.0,"Lourdes_Belo Horizonte, Lourdes",3,2,78m²,2,R$ 4.999
"Lourdes_Belo Horizonte, Lourdes_Q5 ou mais_B4",1204391902.0,"Lourdes_Belo Horizonte, Lourdes",5 ou mais,4,373m²,4,R$ 2.900.000
"Lourdes_Belo Horizonte, Lourdes_Q3_B2",1204368036.0,"Lourdes_Belo Horizonte, Lourdes",3,2,89m²,2,R$ 1.383.375
"Cidade Jardim_Belo Horizonte, Cidade Jardim_QNone_BNone",1203919658.0,"Cidade Jardim_Belo Horizonte, Cidade Jardim",,,32m²,0,R$ 2.450
"Cidade Jardim_Belo Horizonte, Cidade Jardim_QNone_BNone",1203919596.0,"Cidade Jardim_Belo Horizonte, Cidade Jardim",,,45m²,0,R$ 2.500
"Lourdes_Belo Horizonte, Lourdes_Q2_B2",1203911780.0,"Lourdes_Belo Horizonte, Lourdes",2,2,67m²,2,R$ 1.246.763
"Lourdes_Belo Horizonte, Lourdes_QNone_BNone",1203500906.0,"Lourdes_Belo Horizonte, Lourdes",,,330m²,5 ou mais,R$ 25.000
"Lourdes_Belo Horizonte, Lourdes_Q5 ou mais_B5 ou mais",1203096077.0,"Lourdes_Belo Horizonte, Lourdes",5 ou mais,5 ou mais,410m²,5 ou mais,R$ 4.950.000
"Lourdes_Belo Horizonte, Lourdes_Q3_B1",1202948930.0,"Lourdes_Belo Horizonte, Lourdes",3,1,77m²,2,R$ 1.280.000
"Lourdes_Belo Horizonte, Lourdes_Q1_B3",1202923058.0,"Lourdes_Belo Horizonte, Lourdes",1,3,58m²,1,R$ 1.316.295
"Lourdes_Belo Horizonte, Lourdes_QNone_BNone",1202908243.0,"Lourdes_Belo Horizonte, Lourdes",,,30m²,0,R$ 1.800
"Lourdes_Belo Horizonte, Lourdes_Q4_B2",1201912366.0,"Lourdes_Belo Horizonte, Lourdes",4,2,151m²,3,R$ 1.750.000
"Lourdes_Belo Horizonte, Lourdes_Q3_B3",1201894666.0,"Lourdes_Belo Horizonte, Lourdes",3,3,100m²,1,R$ 1.150.000
"Lourdes_Belo Horizonte, Lourdes_Q2_B3",1201877520.0,"Lourdes_Belo Horizonte, Lourdes",2,3,120m²,2,R$ 1.500.000
"Lourdes_Belo Horizonte, Lourdes_Q1_B2",1201867954.0,"Lourdes_Belo Horizonte, Lourdes",1,2,45m²,1,R$ 370.000
"Santo Antônio_Belo Horizonte, Santo Antônio_QNone_BNone",1201427210.0,"Santo Antônio_Belo Horizonte, Santo Antônio",,,280m²,,R$ 6.500
"Lourdes_Belo Horizonte, Lourdes_Q2_B2",1200792187.0,"Lourdes_Belo Horizonte, Lourdes",2,2,120m²,2,R$ 1.400.000
"Lourdes_Belo Horizonte, Lourdes_Q2_B2",1200591578.0,"Lourdes_Belo Horizonte, Lourdes",2,2,71m²,2,R$ 990.000
"Lourdes_Belo Horizonte, Lourdes_Q1_B2",1200348720.0,"Lourdes_Belo Horizonte, Lourdes",1,2,33m²,1,R$ 460.000
"Lourdes_Belo Horizonte, Lourdes_Q2_B2",1200305197.0,"Lourdes_Belo Horizonte, Lourdes",2,2,133m²,2,R$ 1.290.000
"Lourdes_Belo Horizonte, Lourdes_Q2_B2",1200103546.0,"Lourdes_Belo Horizonte, Lourdes",2,2,60m²,2,R$ 907.320
"Lourdes_Belo Horizonte, Lourdes_Q1_B1",1200044330.0,"Lourdes_Belo Horizonte, Lourdes",1,1,40m²,,R$ 535.000
"Lourdes_Belo Horizonte, Lourdes_Q2_B3",1199991084.0,"Lourdes_Belo Horizonte, Lourdes",2,3,115m²,2,R$ 1.400.000
"Lourdes_Belo Horizonte, Lourdes_Q0_B3",1198654043.0,"Lourdes_Belo Horizonte, Lourdes",0,3,460m²,0,R$ 29.000
"Lourdes_Belo Horizonte, Lourdes_QNone_BNone",1198618108.0,"Lourdes_Belo Horizonte, Lourdes",,,744m²,5 ou mais,R$ 50.121
"Lourdes_Belo Horizonte, Lourdes_Q2_B2",1198354232.0,"Lourdes_Belo Horizonte, Lourdes",2,2,160m²,2,R$ 1.290.000
"Santo Agostinho_Belo Horizonte, Santo Agostinho_QNone_BNone",1198179652.0,"Santo Agostinho_Belo Horizonte, Santo Agostinho",,,145m²,3,R$ 1.100.000
"Lourdes_Belo Horizonte, Lourdes_Q3_B3",1197709837.0,"Lourdes_Belo Horizonte, Lourdes",3,3,96m²,3,R$ 1.350.000
"Lourdes_Belo Horizonte, Lourdes_Q4_B3",1197691333.0,"Lourdes_Belo Horizonte, Lourdes",4,3,200m²,1,R$ 1.100.000
"Lourdes_Belo Horizonte, Lourdes_Q4_B4",1197248352.0,"Lourdes_Belo Horizonte, Lourdes",4,4,154m²,4,R$ 1.500.000
"Lourdes_Belo Horizonte, Lourdes_QNone_BNone",1197185005.0,"Lourdes_Belo Horizonte, Lourdes",,,313m²,,R$ 27.900
"Lourdes_Belo Horizonte, Lourdes_QNone_BNone",1197101436.0,"Lourdes_Belo Horizonte, Lourdes",,,588m²,,R$ 13.900
"Lourdes_Belo Horizonte, Lourdes_QNone_BNone",1197075412.0,"Lourdes_Belo Horizonte, Lourdes",,,588m²,4,R$ 14.100
"Lourdes_Belo Horizonte, Lourdes_QNone_BNone",1196283627.0,"Lourdes_Belo Horizonte, Lourdes",,,45m²,0,R$ 2.700
"Lourdes_Belo Horizonte, Lourdes_QNone_BNone",1196283473.0,"Lourdes_Belo Horizonte, Lourdes",,,30m²,0,R$ 1.800
"Lourdes_Belo Horizonte, Lourdes_Q4_B3",1196192099.0,"Lourdes_Belo Horizonte, Lourdes",4,3,320m²,4,R$ 3.950.000
"Lourdes_Belo Horizonte, Lourdes_Q4_B3",1195497711.0,"Lourdes_Belo Horizonte, Lourdes",4,3,160m²,3,R$ 1.900.000
"Lourdes_Belo Horizonte, Lourdes_Q2_B3",1195103455.0,"Lourdes_Belo Horizonte, Lourdes",2,3,120m²,2,R$ 1.400.000
"Cidade Jardim_Belo Horizonte, Cidade Jardim_Q3_B3",1195086370.0,"Cidade Jardim_Belo Horizonte, Cidade Jardim",3,3,162m²,2,R$ 1.600.000
"Lourdes_Belo Horizonte, Lourdes_QNone_BNone",1195060690.0,"Lourdes_Belo Horizonte, Lourdes",,,105m²,2,R$ 865.000
"Centro_Belo Horizonte, Centro_QNone_BNone",1194606369.0,"Centro_Belo Horizonte, Centro",,,30m²,0,R$ 1.000
"Centro_Belo Horizonte, Centro_QNone_BNone",1194603996.0,"Centro_Belo Horizonte, Centro",,,30m²,0,R$ 800
"Lourdes_Belo Horizonte, Lourdes_Q4_B5 ou mais",1194467186.0,"Lourdes_Belo Horizonte, Lourdes",4,5 ou mais,350m²,5 ou mais,R$ 8.000.000
"Lourdes_Belo Horizonte, Lourdes_Q3_B4",1194387387.0,"Lourdes_Belo Horizonte, Lourdes",3,4,115m²,2,R$ 1.740.000
"Lourdes_Belo Horizonte, Lourdes_Q2_B2",1194343511.0,"Lourdes_Belo Horizonte, Lourdes",2,2,69m²,2,R$ 1.150.000
"Lourdes_Belo Horizonte, Lourdes_Q3_B2",1193748633.0,"Lourdes_Belo Horizonte, Lourdes",3,2,95m²,3,R$ 1.350.000
"Lourdes_Belo Horizonte, Lourdes_QNone_BNone",1193580663.0,"Lourdes_Belo Horizonte, Lourdes",,,35m²,1,R$ 900
"Lourdes_Belo Horizonte, Lourdes_Q2_B3",1193441699.0,"Lourdes_Belo Horizonte, Lourdes",2,3,63m²,2,R$ 1.190.000
"Lourdes_Belo Horizonte, Lourdes_QNone_BNone",1193436358.0,"Lourdes_Belo Horizonte, Lourdes",,,39m²,0,R$ 300.000
"Lourdes_Belo Horizonte, Lourdes_Q2_B2",1192995819.0,"Lourdes_Belo Horizonte, Lourdes",2,2,72m²,2,R$ 1.100.000
"Lourdes_Belo Horizonte, Lourdes_Q2_B3",1191840642.0,"Lourdes_Belo Horizonte, Lourdes",2,3,160m²,2,R$ 1.290.000
"Lourdes_Belo Horizonte, Lourdes_Q2_B3",1191810404.0,"Lourdes_Belo Horizonte, Lourdes",2,3,72m²,2,R$ 1.350.000
"Lourdes_Belo Horizonte, Lourdes_Q2_B3",1191474576.0,"Lourdes_Belo Horizonte, Lourdes",2,3,100m²,2,R$ 1.500.000
"Santo Agostinho_Belo Horizonte, Santo Agostinho_Q4_B4",1191119892.0,"Santo Agostinho_Belo Horizonte, Santo Agostinho",4,4,328m²,2,R$ 1.800.000
"Lourdes_Belo Horizonte, Lourdes_Q2_B2",1190413486.0,"Lourdes_Belo Horizonte, Lourdes",2,2,98m²,2,R$ 1.700.000
"Lourdes_Belo Horizonte, Lourdes_Q1_B1",1190124075.0,"Lourdes_Belo Horizonte, Lourdes",1,1,50m²,1,R$ 360.000
"Lourdes_Belo Horizonte, Lourdes_Q3_B3",1189889528.0,"Lourdes_Belo Horizonte, Lourdes",3,3,93m²,2,R$ 1.824.804
"Lourdes_Belo Horizonte, Lourdes_Q3_B3",1189590306.0,"Lourdes_Belo Horizonte, Lourdes",3,3,200m²,,R$ 767.000
"Lourdes_Belo Horizonte, Lourdes_QNone_BNone",1189313812.0,"Lourdes_Belo Horizonte, Lourdes",,,165m²,1,R$ 6.000
"Lourdes_Belo Horizonte, Lourdes_Q2_B2",1189311252.0,"Lourdes_Belo Horizonte, Lourdes",2,2,64m²,2,R$ 1.252.471
"Lourdes_Belo Horizonte, Lourdes_QNone_BNone",1188911219.0,"Lourdes_Belo Horizonte, Lourdes",,,380m²,0,R$ 3.900
"Lourdes_Belo Horizonte, Lourdes_QNone_BNone",1188850035.0,"Lourdes_Belo Horizonte, Lourdes",,,380m²,0,R$ 3.900
"Lourdes_Belo Horizonte, Lourdes_Q2_B2",1188420674.0,"Lourdes_Belo Horizonte, Lourdes",2,2,62m²,2,R$ 1.086.725
"Lourdes_Belo Horizonte, Lourdes_Q2_B2",1188407930.0,"Lourdes_Belo Horizonte, Lourdes",2,2,61m²,2,R$ 974.799
"Santo Antônio_Belo Horizonte, Santo Antônio_QNone_BNone",1187696798.0,"Santo Antônio_Belo Horizonte, Santo Antônio",,,360m²,,R$ 5.500.000
"Lourdes_Belo Horizonte, Lourdes_Q2_B3",1187692051.0,"Lourdes_Belo Horizonte, Lourdes",2,3,63m²,2,R$ 1.086.725
"Lourdes_Belo Horizonte, Lourdes_QNone_BNone",1187653801.0,"Lourdes_Belo Horizonte, Lourdes",,,170m²,0,R$ 2.300
"Lourdes_Belo Horizonte, Lourdes_QNone_BNone",1187643767.0,"Lourdes_Belo Horizonte, Lourdes",,,40m²,0,R$ 135.000
"Lourdes_Belo Horizonte, Lourdes_Q2_B2",1187516626.0,"Lourdes_Belo Horizonte, Lourdes",2,2,52m²,1,R$ 1.000.000
"Lourdes_Belo Horizonte, Lourdes_Q2_B2",1187498202.0,"Lourdes_Belo Horizonte, Lourdes",2,2,62m²,2,R$ 985.109
"Lourdes_Belo Horizonte, Lourdes_Q4_B2",1186814133.0,"Lourdes_Belo Horizonte, Lourdes",4,2,150m²,2,R$ 1.550.000
"Lourdes_Belo Horizonte, Lourdes_Q1_B1",1186608162.0,"Lourdes_Belo Horizonte, Lourdes",1,1,42m²,1,R$ 780.150
"Centro_Belo Horizonte, Centro_Q2_B2",1186232401.0,"Centro_Belo Horizonte, Centro",2,2,64m²,2,R$ 750.000
"Lourdes_Belo Horizonte, Lourdes_Q5 ou mais_B2",1185978924.0,"Lourdes_Belo Horizonte, Lourdes",5 ou mais,2,320m²,2,R$ 2.300.000
"Lourdes_Belo Horizonte, Lourdes_Q3_B3",1185673904.0,"Lourdes_Belo Horizonte, Lourdes",3,3,170m²,1,R$ 1.400.000
"Lourdes_Belo Horizonte, Lourdes_Q4_B5 ou mais",1185346270.0,"Lourdes_Belo Horizonte, Lourdes",4,5 ou mais,131m²,4,R$ 2.580.000
"Lourdes_Belo Horizonte, Lourdes_Q4_B5 ou mais",1185346273.0,"Lourdes_Belo Horizonte, Lourdes",4,5 ou mais,131m²,4,R$ 2.490.000
"Lourdes_Belo Horizonte, Lourdes_Q3_B2",1184904724.0,"Lourdes_Belo Horizonte, Lourdes",3,2,102m²,2,R$ 1.471.721
"Lourdes_Belo Horizonte, Lourdes_Q2_B2",1184901439.0,"Lourdes_Belo Horizonte, Lourdes",2,2,149m²,2,R$ 2.007.427
"Lourdes_Belo Horizonte, Lourdes_Q3_B2",1184832374.0,"Lourdes_Belo Horizonte, Lourdes",3,2,83m²,5 ou mais,R$ 1.250.000
"Lourdes_Belo Horizonte, Lourdes_Q3_B3",1184822313.0,"Lourdes_Belo Horizonte, Lourdes",3,3,135m²,5 ou mais,R$ 1.250.000
"Lourdes_Belo Horizonte, Lourdes_QNone_BNone",1184784635.0,"Lourdes_Belo Horizonte, Lourdes",,,44m²,0,R$ 330.000
"Lourdes_Belo Horizonte, Lourdes_QNone_BNone",1184752652.0,"Lourdes_Belo Horizonte, Lourdes",,,33m²,0,R$ 238.000
"Centro_Belo Horizonte, Centro_QNone_BNone",1184740142.0,"Centro_Belo Horizonte, Centro",,,510m²,0,R$ 10.000
"Centro_Belo Horizonte, Centro_QNone_BNone",1184740133.0,"Centro_Belo Horizonte, Centro",,,510m²,0,R$ 10.000
"Lourdes_Belo Horizonte, Lourdes_Q4_B2",1184724897.0,"Lourdes_Belo Horizonte, Lourdes",4,2,230m²,2,R$ 2.580.000
"Lourdes_Belo Horizonte, Lourdes_Q3_B1",1184723215.0,"Lourdes_Belo Horizonte, Lourdes",3,1,113m²,2,R$ 2.040.000
"Lourdes_Belo Horizonte, Lourdes_Q2_B3",1184664537.0,"Lourdes_Belo Horizonte, Lourdes",2,3,69m²,2,R$ 1.190.000
"Lourdes_Belo Horizonte, Lourdes_Q3_B1",1184659883.0,"Lourdes_Belo Horizonte, Lourdes",3,1,142m²,2,R$ 2.050.000
"Lourdes_Belo Horizonte, Lourdes_Q1_B1",1184303519.0,"Lourdes_Belo Horizonte, Lourdes",1,1,63m²,2,R$ 895.000
"Lourdes_Belo Horizonte, Lourdes_Q4_B2",1184134999.0,"Lourdes_Belo Horizonte, Lourdes",4,2,130m²,1,R$ 1.380.000
"Lourdes_Belo Horizonte, Lourdes_Q4_B1",1184132782.0,"Lourdes_Belo Horizonte, Lourdes",4,1,125m²,2,R$ 1.600.000
"Lourdes_Belo Horizonte, Lourdes_Q2_B2",1183850974.0,"Lourdes_Belo Horizonte, Lourdes",2,2,86m²,2,R$ 1.300.000
"Lourdes_Belo Horizonte, Lourdes_Q2_B1",1183848618.0,"Lourdes_Belo Horizonte, Lourdes",2,1,129m²,2,R$ 1.387.000
"Lourdes_Belo Horizonte, Lourdes_QNone_BNone",1183839499.0,"Lourdes_Belo Horizonte, Lourdes",,,600m²,0,R$ 29.000
"Lourdes_Belo Horizonte, Lourdes_Q2_B3",1183709271.0,"Lourdes_Belo Horizonte, Lourdes",2,3,62m²,2,R$ 1.249.000
"Lourdes_Belo Horizonte, Lourdes_QNone_BNone",1183368426.0,"Lourdes_Belo Horizonte, Lourdes",,,23m²,0,R$ 140.000
"Lourdes_Belo Horizonte, Lourdes_Q0_BNone",1183359956.0,"Lourdes_Belo Horizonte, Lourdes",0,,654m²,0,R$ 5.324.400
"Lourdes_Belo Horizonte, Lourdes_Q2_B3",1183359874.0,"Lourdes_Belo Horizonte, Lourdes",2,3,69m²,2,R$ 1.250.000
"Lourdes_Belo Horizonte, Lourdes_QNone_BNone",1183355549.0,"Lourdes_Belo Horizonte, Lourdes",,,23m²,0,R$ 140.000
"Lourdes_Belo Horizonte, Lourdes_Q1_B1",1183192846.0,"Lourdes_Belo Horizonte, Lourdes",1,1,40m²,1,R$ 3.300
"Lourdes_Belo Horizonte, Lourdes_Q2_B3",1182850607.0,"Lourdes_Belo Horizonte, Lourdes",2,3,121m²,2,R$ 2.100.000
"Lourdes_Belo Horizonte, Lourdes_Q3_B3",1182842746.0,"Lourdes_Belo Horizonte, Lourdes",3,3,118m²,2,R$ 1.773.252
"Lourdes_Belo Horizonte, Lourdes_Q4_B5 ou mais",1182842646.0,"Lourdes_Belo Horizonte, Lourdes",4,5 ou mais,131m²,4,R$ 2.630.000
"Lourdes_Belo Horizonte, Lourdes_Q0_BNone",1182842480.0,"Lourdes_Belo Horizonte, Lourdes",0,,433m²,0,R$ 6.223.230
"Lourdes_Belo Horizonte, Lourdes_Q2_B2",1182842265.0,"Lourdes_Belo Horizonte, Lourdes",2,2,73m²,2,R$ 1.350.000
"Lourdes_Belo Horizonte, Lourdes_Q2_B2",1182842191.0,"Lourdes_Belo Horizonte, Lourdes",2,2,84m²,2,R$ 1.500.000
"Lourdes_Belo Horizonte, Lourdes_Q0_BNone",1182841443.0,"Lourdes_Belo Horizonte, Lourdes",0,,291m²,0,R$ 4.245.351
"Lourdes_Belo Horizonte, Lourdes_Q3_B2",1182841179.0,"Lourdes_Belo Horizonte, Lourdes",3,2,123m²,2,R$ 2.253.874
"Lourdes_Belo Horizonte, Lourdes_Q3_B2",1182841155.0,"Lourdes_Belo Horizonte, Lourdes",3,2,103m²,2,R$ 2.076.278
"Lourdes_Belo Horizonte, Lourdes_Q0_B3",1182841141.0,"Lourdes_Belo Horizonte, Lourdes",0,3,670m²,5 ou mais,R$ 4.500.000
"Lourdes_Belo Horizonte, Lourdes_Q1_B1",1182841001.0,"Lourdes_Belo Horizonte, Lourdes",1,1,58m²,1,R$ 1.177.737
"Lourdes_Belo Horizonte, Lourdes_Q4_B5 ou mais",1182840995.0,"Lourdes_Belo Horizonte, Lourdes",4,5 ou mais,131m²,4,R$ 2.450.000
"Lourdes_Belo Horizonte, Lourdes_Q2_B2",1182840918.0,"Lourdes_Belo Horizonte, Lourdes",2,2,110m²,2,R$ 1.475.000
"Lourdes_Belo Horizonte, Lourdes_Q0_BNone",1182840495.0,"Lourdes_Belo Horizonte, Lourdes",0,,305m²,0,R$ 4.445.220
"Lourdes_Belo Horizonte, Lourdes_Q4_B5 ou mais",1182840437.0,"Lourdes_Belo Horizonte, Lourdes",4,5 ou mais,131m²,4,R$ 2.630.000
"Lourdes_Belo Horizonte, Lourdes_Q0_BNone",1182840051.0,"Lourdes_Belo Horizonte, Lourdes",0,,320m²,0,R$ 5.031.164
"Lourdes_Belo Horizonte, Lourdes_Q4_B5 ou mais",1182840023.0,"Lourdes_Belo Horizonte, Lourdes",4,5 ou mais,312m²,4,R$ 7.800.000
"Lourdes_Belo Horizonte, Lourdes_QNone_BNone",1182839897.0,"Lourdes_Belo Horizonte, Lourdes",,,24m²,0,R$ 220.000
"Lourdes_Belo Horizonte, Lourdes_Q3_B3",1182839826.0,"Lourdes_Belo Horizonte, Lourdes",3,3,144m²,2,R$ 2.049.000
"Lourdes_Belo Horizonte, Lourdes_Q3_B4",1182839747.0,"Lourdes_Belo Horizonte, Lourdes",3,4,116m²,2,R$ 2.230.000
"Lourdes_Belo Horizonte, Lourdes_Q0_BNone",1182839706.0,"Lourdes_Belo Horizonte, Lourdes",0,,334m²,0,R$ 4.838.200
"Lourdes_Belo Horizonte, Lourdes_Q2_B1",1182839399.0,"Lourdes_Belo Horizonte, Lourdes",2,1,66m²,2,R$ 967.506
"Lourdes_Belo Horizonte, Lourdes_Q2_B3",1182838999.0,"Lourdes_Belo Horizonte, Lourdes",2,3,117m²,2,R$ 1.780.000
"Lourdes_Belo Horizonte, Lourdes_Q4_B4",1182069778.0,"Lourdes_Belo Horizonte, Lourdes",4,4,274m²,3,R$ 3.000.000
"Lourdes_Belo Horizonte, Lourdes_Q2_B1",1181534013.0,"Lourdes_Belo Horizonte, Lourdes",2,1,68m²,,R$ 900.000
"Lourdes_Belo Horizonte, Lourdes_Q2_B1",1180321834.0,"Lourdes_Belo Horizonte, Lourdes",2,1,71m²,2,R$ 1.391.002
"Lourdes_Belo Horizonte, Lourdes_Q2_B2",1178888888.0,"Lourdes_Belo Horizonte, Lourdes",2,2,75m²,2,R$ 1.350.000
"Lourdes_Belo Horizonte, Lourdes_Q0_BNone",1178476291.0,"Lourdes_Belo Horizonte, Lourdes",0,,1606m²,0,R$ 83.000
"Lourdes_Belo Horizonte, Lourdes_QNone_BNone",1177709782.0,"Lourdes_Belo Horizonte, Lourdes",,,68m²,1,R$ 410.000
"Lourdes_Belo Horizonte, Lourdes_Q4_B3",1177364070.0,"Lourdes_Belo Horizonte, Lourdes",4,3,152m²,3,R$ 1.745.000
"Lourdes_Belo Horizonte, Lourdes_Q2_B2",1175761396.0,"Lourdes_Belo Horizonte, Lourdes",2,2,77m²,1,R$ 1.070.000
"Lourdes_Belo Horizonte, Lourdes_Q1_B1",1175708561.0,"Lourdes_Belo Horizonte, Lourdes",1,1,50m²,0,R$ 400.000
"Lourdes_Belo Horizonte, Lourdes_QNone_BNone",1175015471.0,"Lourdes_Belo Horizonte, Lourdes",,,39m²,1,R$ 230.000
"Lourdes_Belo Horizonte, Lourdes_Q3_B2",1174839042.0,"Lourdes_Belo Horizonte, Lourdes",3,2,109m²,2,R$ 2.521.596
"Lourdes_Belo Horizonte, Lourdes_Q1_B1",1174830730.0,"Lourdes_Belo Horizonte, Lourdes",1,1,30m²,1,R$ 350.000
"Lourdes_Belo Horizonte, Lourdes_Q1_B1",1174830718.0,"Lourdes_Belo Horizonte, Lourdes",1,1,58m²,1,R$ 1.297.000
"Lourdes_Belo Horizonte, Lourdes_Q3_B2",1174830307.0,"Lourdes_Belo Horizonte, Lourdes",3,2,123m²,2,R$ 2.088.148
"Lourdes_Belo Horizonte, Lourdes_QNone_BNone",1174412527.0,"Lourdes_Belo Horizonte, Lourdes",,,66m²,0,R$ 330.000
"Lourdes_Belo Horizonte, Lourdes_QNone_BNone",1174012212.0,"Lourdes_Belo Horizonte, Lourdes",,,28m²,,R$ 160.000
"Lourdes_Belo Horizonte, Lourdes_QNone_BNone",1174012215.0,"Lourdes_Belo Horizonte, Lourdes",,,28m²,,R$ 650
"Lourdes_Belo Horizonte, Lourdes_Q4_B5 ou mais",994412004.0,"Lourdes_Belo Horizonte, Lourdes",4,5 ou mais,310m²,4,R$ 4.300.000
"Lourdes_Belo Horizonte, Lourdes_QNone_BNone",992511046.0,"Lourdes_Belo Horizonte, Lourdes",,,20m²,,R$ 2.500
"Lourdes_Belo Horizonte, Lourdes_QNone_BNone",995797812.0,"Lourdes_Belo Horizonte, Lourdes",,,45m²,2,R$ 519.000
"Lourdes_Belo Horizonte, Lourdes_Q5 ou mais_B3",1061845688.0,"Lourdes_Belo Horizonte, Lourdes",5 ou mais,3,540m²,5 ou mais,R$ 2.450.000
"Lourdes_Belo Horizonte, Lourdes_Q4_B4",1143575622.0,"Lourdes_Belo Horizonte, Lourdes",4,4,131m²,4,R$ 2.550.000
"Lourdes_Belo Horizonte, Lourdes_QNone_BNone",1008792862.0,"Lourdes_Belo Horizonte, Lourdes",,,168m²,3,R$ 11.000
"Lourdes_Belo Horizonte, Lourdes_Q4_B3",1157530689.0,"Lourdes_Belo Horizonte, Lourdes",4,3,183m²,2,R$ 1.820.000
"Lourdes_Belo Horizonte, Lourdes_Q4_B5 ou mais",999762356.0,"Lourdes_Belo Horizonte, Lourdes",4,5 ou mais,131m²,4,R$ 3.600.000
"Lourdes_Belo Horizonte, Lourdes_Q4_B3",985957816.0,"Lourdes_Belo Horizonte, Lourdes",4,3,216m²,2,R$ 3.300.000
"Lourdes_Belo Horizonte, Lourdes_QNone_BNone",931273185.0,"Lourdes_Belo Horizonte, Lourdes",,,90m²,1,R$ 480.000
"Lourdes_Belo Horizonte, Lourdes_Q3_B2",1080595551.0,"Lourdes_Belo Horizonte, Lourdes",3,2,91m²,2,R$ 1.324.000
"Centro_Belo Horizonte, Centro_Q2_B1",1127231752.0,"Centro_Belo Horizonte, Centro",2,1,60m²,0,R$ 265.000
"Lourdes_Belo Horizonte, Lourdes_Q4_B3",992973102.0,"Lourdes_Belo Horizonte, Lourdes",4,3,130m²,4,R$ 2.550.000
"Lourdes_Belo Horizonte, Lourdes_QNone_BNone",1052279958.0,"Lourdes_Belo Horizonte, Lourdes",,,30m²,1,R$ 380.000
"Lourdes_Belo Horizonte, Lourdes_Q5 ou mais_B5 ou mais",1038336951.0,"Lourdes_Belo Horizonte, Lourdes",5 ou mais,5 ou mais,383m²,4,R$ 2.800.000
"Lourdes_Belo Horizonte, Lourdes_Q2_B1",996799367.0,"Lourdes_Belo Horizonte, Lourdes",2,1,105m²,2,R$ 1.450.000
"Lourdes_Belo Horizonte, Lourdes_QNone_BNone",1141940675.0,"Lourdes_Belo Horizonte, Lourdes",,,65m²,,R$ 450.000
"Lourdes_Belo Horizonte, Lourdes_Q1_B1",1049570573.0,"Lourdes_Belo Horizonte, Lourdes",1,1,66m²,1,R$ 450.000
"Lourdes_Belo Horizonte, Lourdes_QNone_BNone",1095219927.0,"Lourdes_Belo Horizonte, Lourdes",,,22m²,,R$ 118.000
"Lourdes_Belo Horizonte, Lourdes_Q4_B4",1080513264.0,"Lourdes_Belo Horizonte, Lourdes",4,4,172m²,2,R$ 1.498.000
"Lourdes_Belo Horizonte, Lourdes_Q4_B4",1080922898.0,"Lourdes_Belo Horizonte, Lourdes",4,4,573m²,3,R$ 3.190.000
"Lourdes_Belo Horizonte, Lourdes_QNone_BNone",996632311.0,"Lourdes_Belo Horizonte, Lourdes",,,30m²,0,R$ 500
"Lourdes_Belo Horizonte, Lourdes_Q2_B2",1112730827.0,"Lourdes_Belo Horizonte, Lourdes",2,2,81m²,2,R$ 1.300.000
"Lourdes_Belo Horizonte, Lourdes_QNone_BNone",1026738425.0,"Lourdes_Belo Horizonte, Lourdes",,,289m²,5 ou mais,R$ 19.220
"Lourdes_Belo Horizonte, Lourdes_Q2_B3",1123924894.0,"Lourdes_Belo Horizonte, Lourdes",2,3,164m²,1,R$ 1.250.000
"Lourdes_Belo Horizonte, Lourdes_Q4_B5 ou mais",1145735679.0,"Lourdes_Belo Horizonte, Lourdes",4,5 ou mais,368m²,5 ou mais,R$ 8.000.000
"Lourdes_Belo Horizonte, Lourdes_QNone_BNone",945619100.0,"Lourdes_Belo Horizonte, Lourdes",,,35m²,0,R$ 800
"Lourdes_Belo Horizonte, Lourdes_QNone_BNone",945619140.0,"Lourdes_Belo Horizonte, Lourdes",,,35m²,0,R$ 150.000
"Lourdes_Belo Horizonte, Lourdes_QNone_BNone",991886919.0,"Lourdes_Belo Horizonte, Lourdes",,,130m²,,R$ 5.000
"Lourdes_Belo Horizonte, Lourdes_QNone_BNone",991921212.0,"Lourdes_Belo Horizonte, Lourdes",,,20m²,0,R$ 140.000
"Lourdes_Belo Horizonte, Lourdes_Q2_B2",1060773239.0,"Lourdes_Belo Horizonte, Lourdes",2,2,102m²,1,R$ 1.350.000
"Lourdes_Belo Horizonte, Lourdes_Q3_B2",1004900142.0,"Lourdes_Belo Horizonte, Lourdes",3,2,79m²,2,R$ 1.215.303
"Lourdes_Belo Horizonte, Lourdes_QNone_BNone",1157002812.0,"Lourdes_Belo Horizonte, Lourdes",,,90m²,1,R$ 740.000
"Lourdes_Belo Horizonte, Lourdes_Q0_B5 ou mais",1160272957.0,"Lourdes_Belo Horizonte, Lourdes",0,5 ou mais,2590m²,0,R$ 90.000
"Lourdes_Belo Horizonte, Lourdes_QNone_BNone",1008790123.0,"Lourdes_Belo Horizonte, Lourdes",,,40m²,0,R$ 300.000
"Lourdes_Belo Horizonte, Lourdes_Q4_B4",1124925764.0,"Lourdes_Belo Horizonte, Lourdes",4,4,234m²,2,R$ 1.790.000
"Lourdes_Belo Horizonte, Lourdes_Q4_B2",1008790368.0,"Lourdes_Belo Horizonte, Lourdes",4,2,155m²,4,R$ 1.500.000
"Cidade Jardim_Belo Horizonte, Cidade Jardim_QNone_BNone",1099876630.0,"Cidade Jardim_Belo Horizonte, Cidade Jardim",,,36m²,,R$ 190.000
"Lourdes_Belo Horizonte, Lourdes_QNone_BNone",990611837.0,"Lourdes_Belo Horizonte, Lourdes",,,1200m²,,R$ 45.000
"Lourdes_Belo Horizonte, Lourdes_Q3_B3",1080922889.0,"Lourdes_Belo Horizonte, Lourdes",3,3,184m²,2,R$ 1.100.000
"Centro_Belo Horizonte, Centro_QNone_BNone",1169231014.0,"Centro_Belo Horizonte, Centro",,,23m²,0,R$ 50.000
"Lourdes_Belo Horizonte, Lourdes_Q3_B4",1014389207.0,"Lourdes_Belo Horizonte, Lourdes",3,4,170m²,2,R$ 1.700.000
"Lourdes_Belo Horizonte, Lourdes_Q2_B3",1096260878.0,"Lourdes_Belo Horizonte, Lourdes",2,3,218m²,3,R$ 1.990.000
"Lourdes_Belo Horizonte, Lourdes_QNone_BNone",1055684344.0,"Lourdes_Belo Horizonte, Lourdes",,,43m²,5 ou mais,R$ 300.000
"Lourdes_Belo Horizonte, Lourdes_QNone_BNone",981394543.0,"Lourdes_Belo Horizonte, Lourdes",,,400m²,4,R$ 20.000
"Lourdes_Belo Horizonte, Lourdes_Q1_B1",1102252443.0,"Lourdes_Belo Horizonte, Lourdes",1,1,56m²,1,R$ 550.000
"Lourdes_Belo Horizonte, Lourdes_Q4_B3",1119046270.0,"Lourdes_Belo Horizonte, Lourdes",4,3,130m²,3,R$ 2.800.000
"Santo Agostinho_Belo Horizonte, Santo Agostinho_Q1_B1",909643252.0,"Santo Agostinho_Belo Horizonte, Santo Agostinho",1,1,25m²,1,R$ 370.000
"Lourdes_Belo Horizonte, Lourdes_Q4_B3",975323146.0,"Lourdes_Belo Horizonte, Lourdes",4,3,161m²,2,R$ 1.550.000
"Lourdes_Belo Horizonte, Lourdes_Q4_B3",1142156609.0,"Lourdes_Belo Horizonte, Lourdes",4,3,180m²,2,R$ 1.490.000
"Centro_Belo Horizonte, Centro_QNone_BNone",1069864026.0,"Centro_Belo Horizonte, Centro",,,20m²,,R$ 500
"Centro_Belo Horizonte, Centro_Q3_B2",1148122491.0,"Centro_Belo Horizonte, Centro",3,2,160m²,0,R$ 530.000
"Lourdes_Belo Horizonte, Lourdes_Q4_B4",985810322.0,"Lourdes_Belo Horizonte, Lourdes",4,4,315m²,4,R$ 3.700.000
"Lourdes_Belo Horizonte, Lourdes_Q4_B3",1162668674.0,"Lourdes_Belo Horizonte, Lourdes",4,3,198m²,2,R$ 2.000.000
"Lourdes_Belo Horizonte, Lourdes_Q4_B5 ou mais",950459278.0,"Lourdes_Belo Horizonte, Lourdes",4,5 ou mais,305m²,4,R$ 4.200.000
"Lourdes_Belo Horizonte, Lourdes_QNone_BNone",1014240490.0,"Lourdes_Belo Horizonte, Lourdes",,,484m²,5 ou mais,R$ 6.410.000
"Lourdes_Belo Horizonte, Lourdes_Q5 ou mais_B5 ou mais",1029585817.0,"Lourdes_Belo Horizonte, Lourdes",5 ou mais,5 ou mais,345m²,4,R$ 25.000
"Lourdes_Belo Horizonte, Lourdes_Q2_B2",1173165498.0,"Lourdes_Belo Horizonte, Lourdes",2,2,107m²,2,R$ 1.895.663
"Lourdes_Belo Horizonte, Lourdes_Q2_B2",1173130653.0,"Lourdes_Belo Horizonte, Lourdes",2,2,69m²,2,R$ 1.216.511
"Lourdes_Belo Horizonte, Lourdes_Q2_B2",1173127490.0,"Lourdes_Belo Horizonte, Lourdes",2,2,68m²,2,R$ 1.144.569
"Lourdes_Belo Horizonte, Lourdes_Q2_B2",995070829.0,"Lourdes_Belo Horizonte, Lourdes",2,2,109m²,2,R$ 1.850.790
"Lourdes_Belo Horizonte, Lourdes_Q4_B4",1089265290.0,"Lourdes_Belo Horizonte, Lourdes",4,4,231m²,4,R$ 6.100.000
"Lourdes_Belo Horizonte, Lourdes_Q3_B3",1029666942.0,"Lourdes_Belo Horizonte, Lourdes",3,3,287m²,3,R$ 3.819.000
"Lourdes_Belo Horizonte, Lourdes_Q2_B1",1060384275.0,"Lourdes_Belo Horizonte, Lourdes",2,1,62m²,2,R$ 1.086.000
"Lourdes_Belo Horizonte, Lourdes_QNone_BNone",1092183993.0,"Lourdes_Belo Horizonte, Lourdes",,,30m²,,R$ 900
"Centro_Belo Horizonte, Centro_QNone_BNone",1069864027.0,"Centro_Belo Horizonte, Centro",,,20m²,,R$ 70.000
"Lourdes_Belo Horizonte, Lourdes_Q3_B2",1079749471.0,"Lourdes_Belo Horizonte, Lourdes",3,2,83m²,2,R$ 1.450.000
"Lourdes_Belo Horizonte, Lourdes_QNone_BNone",979637949.0,"Lourdes_Belo Horizonte, Lourdes",,,183m²,4,R$ 2.287.000
"Lourdes_Belo Horizonte, Lourdes_QNone_BNone",991216080.0,"Lourdes_Belo Horizonte, Lourdes",,,130m²,2,R$ 900.000
"Lourdes_Belo Horizonte, Lourdes_QNone_BNone",1155654621.0,"Lourdes_Belo Horizonte, Lourdes",,,303m²,5 ou mais,R$ 3.787.500
"Lourdes_Belo Horizonte, Lourdes_Q3_B3",1166901575.0,"Lourdes_Belo Horizonte, Lourdes",3,3,89m²,2,R$ 1.500.000
"Centro_Belo Horizonte, Centro_QNone_BNone",996719145.0,"Centro_Belo Horizonte, Centro",,,257m²,0,R$ 2.500
"Lourdes_Belo Horizonte, Lourdes_Q1_B1",925364538.0,"Lourdes_Belo Horizonte, Lourdes",1,1,42m²,1,R$ 3.200
"Lourdes_Belo Horizonte, Lourdes_Q1_B1",1173053310.0,"Lourdes_Belo Horizonte, Lourdes",1,1,41m²,2,R$ 580.000
"Lourdes_Belo Horizonte, Lourdes_Q3_B4",1055471514.0,"Lourdes_Belo Horizonte, Lourdes",3,4,212m²,4,R$ 3.470.900
"Lourdes_Belo Horizonte, Lourdes_QNone_BNone",1169238836.0,"Lourdes_Belo Horizonte, Lourdes",,,588m²,4,R$ 15.500
"Lourdes_Belo Horizonte, Lourdes_QNone_BNone",1173001313.0,"Lourdes_Belo Horizonte, Lourdes",,,45m²,,R$ 330.000
"Lourdes_Belo Horizonte, Lourdes_Q2_B3",1103588598.0,"Lourdes_Belo Horizonte, Lourdes",2,3,64m²,2,R$ 1.227.792
"Lourdes_Belo Horizonte, Lourdes_Q4_B5 ou mais",1150450293.0,"Lourdes_Belo Horizonte, Lourdes",4,5 ou mais,320m²,4,R$ 3.900.000
"Lourdes_Belo Horizonte, Lourdes_QNone_BNone",1105218635.0,"Lourdes_Belo Horizonte, Lourdes",,,10196m²,,R$ 52.220.000
"Lourdes_Belo Horizonte, Lourdes_QNone_BNone",992576878.0,"Lourdes_Belo Horizonte, Lourdes",,,26m²,0,R$ 600
"Lourdes_Belo Horizonte, Lourdes_QNone_BNone",1058984372.0,"Lourdes_Belo Horizonte, Lourdes",,,70m²,1,R$ 509.250
"Lourdes_Belo Horizonte, Lourdes_QNone_BNone",996783490.0,"Lourdes_Belo Horizonte, Lourdes",,,588m²,4,R$ 15.500
"Lourdes_Belo Horizonte, Lourdes_QNone_BNone",1103931851.0,"Lourdes_Belo Horizonte, Lourdes",,,10196m²,,R$ 52.220.000
"Lourdes_Belo Horizonte, Lourdes_Q4_B4",976891550.0,"Lourdes_Belo Horizonte, Lourdes",4,4,260m²,4,R$ 2.900.000
"Lourdes_Belo Horizonte, Lourdes_Q4_B5 ou mais",950459247.0,"Lourdes_Belo Horizonte, Lourdes",4,5 ou mais,305m²,4,R$ 4.200.000
"Lourdes_Belo Horizonte, Lourdes_QNone_BNone",1157335687.0,"Lourdes_Belo Horizonte, Lourdes",,,200m²,3,R$ 15.000
"Lourdes_Belo Horizonte, Lourdes_QNone_BNone",996777365.0,"Lourdes_Belo Horizonte, Lourdes",,,588m²,4,R$ 15.500
"Lourdes_Belo Horizonte, Lourdes_Q2_B3",1052910241.0,"Lourdes_Belo Horizonte, Lourdes",2,3,160m²,1,R$ 1.380.000
"Lourdes_Belo Horizonte, Lourdes_QNone_BNone",1155656077.0,"Lourdes_Belo Horizonte, Lourdes",,,318m²,5 ou mais,R$ 3.975.000
"Santo Agostinho_Belo Horizonte, Santo Agostinho_Q1_B1",909643202.0,"Santo Agostinho_Belo Horizonte, Santo Agostinho",1,1,25m²,1,R$ 3.500
"Lourdes_Belo Horizonte, Lourdes_QNone_BNone",1106006856.0,"Lourdes_Belo Horizonte, Lourdes",,,68m²,1,R$ 540.750
"Lourdes_Belo Horizonte, Lourdes_QNone_BNone",1005448009.0,"Lourdes_Belo Horizonte, Lourdes",,,90m²,2,R$ 1.300.000
"Lourdes_Belo Horizonte, Lourdes_QNone_BNone",979877441.0,"Lourdes_Belo Horizonte, Lourdes",,,194m²,5 ou mais,R$ 8.700
"Lourdes_Belo Horizonte, Lourdes_Q2_B2",1015151770.0,"Lourdes_Belo Horizonte, Lourdes",2,2,101m²,2,R$ 1.100.000
"Lourdes_Belo Horizonte, Lourdes_QNone_BNone",1102252278.0,"Lourdes_Belo Horizonte, Lourdes",,,21m²,0,R$ 180.000
"Lourdes_Belo Horizonte, Lourdes_Q4_B5 ou mais",962088242.0,"Lourdes_Belo Horizonte, Lourdes",4,5 ou mais,400m²,5 ou mais,R$ 4.800.000
"Santo Antônio_Belo Horizonte, Santo Antônio_QNone_BNone",1099264852.0,"Santo Antônio_Belo Horizonte, Santo Antônio",,,408m²,0,R$ 6.500.000
"Lourdes_Belo Horizonte, Lourdes_Q2_B2",1084380897.0,"Lourdes_Belo Horizonte, Lourdes",2,2,60m²,2,R$ 1.401.045
"Lourdes_Belo Horizonte, Lourdes_Q4_B5 ou mais",950459225.0,"Lourdes_Belo Horizonte, Lourdes",4,5 ou mais,312m²,4,R$ 3.700.000
"Lourdes_Belo Horizonte, Lourdes_QNone_BNone",1155672734.0,"Lourdes_Belo Horizonte, Lourdes",,,40m²,0,R$ 3.100
"Lourdes_Belo Horizonte, Lourdes_Q2_B3",1007356035.0,"Lourdes_Belo Horizonte, Lourdes",2,3,160m²,3,R$ 1.995.000
"Centro_Belo Horizonte, Centro_QNone_BNone",979659954.0,"Centro_Belo Horizonte, Centro",,,150m²,,R$ 6.500
"Lourdes_Belo Horizonte, Lourdes_Q4_B4",1136212600.0,"Lourdes_Belo Horizonte, Lourdes",4,4,287m²,,R$ 4.000.000
"Lourdes_Belo Horizonte, Lourdes_QNone_BNone",1010166337.0,"Lourdes_Belo Horizonte, Lourdes",,,28m²,0,R$ 110.000
"Lourdes_Belo Horizonte, Lourdes_QNone_BNone",996699858.0,"Lourdes_Belo Horizonte, Lourdes",,,500m²,,R$ 20.000
"Lourdes_Belo Horizonte, Lourdes_Q2_B2",1054968133.0,"Lourdes_Belo Horizonte, Lourdes",2,2,108m²,2,R$ 1.530.917
"Lourdes_Belo Horizonte, Lourdes_QNone_BNone",1162184089.0,"Lourdes_Belo Horizonte, Lourdes",,,30m²,,R$ 900
"Lourdes_Belo Horizonte, Lourdes_Q3_B4",1137878885.0,"Lourdes_Belo Horizonte, Lourdes",3,4,208m²,2,R$ 4.968.000
"Lourdes_Belo Horizonte, Lourdes_QNone_BNone",1172373547.0,"Lourdes_Belo Horizonte, Lourdes",,,44m²,0,R$ 330.000
"Lourdes_Belo Horizonte, Lourdes_Q3_B2",1058038908.0,"Lourdes_Belo Horizonte, Lourdes",3,2,76m²,2,R$ 1.370.000
"Lourdes_Belo Horizonte, Lourdes_Q4_B2",1172301903.0,"Lourdes_Belo Horizonte, Lourdes",4,2,419m²,4,R$ 3.950.000
"Lourdes_Belo Horizonte, Lourdes_Q4_B3",992973590.0,"Lourdes_Belo Horizonte, Lourdes",4,3,130m²,4,R$ 2.550.000
"Lourdes_Belo Horizonte, Lourdes_QNone_BNone",1172291264.0,"Lourdes_Belo Horizonte, Lourdes",,,26m²,0,R$ 180.000
"Lourdes_Belo Horizonte, Lourdes_QNone_BNone",994018916.0,"Lourdes_Belo Horizonte, Lourdes",,,25m²,0,R$ 800
"Lourdes_Belo Horizonte, Lourdes_Q1_B1",990812576.0,"Lourdes_Belo Horizonte, Lourdes",1,1,50m²,1,R$ 550.000
"Lourdes_Belo Horizonte, Lourdes_QNone_BNone",1026751794.0,"Lourdes_Belo Horizonte, Lourdes",,,28m²,0,R$ 200.000
"Lourdes_Belo Horizonte, Lourdes_QNone_BNone",1172275041.0,"Lourdes_Belo Horizonte, Lourdes",,,26m²,1,R$ 280.000
"Lourdes_Belo Horizonte, Lourdes_Q2_B2",1128440094.0,"Lourdes_Belo Horizonte, Lourdes",2,2,25m²,2,R$ 1.284.516
"Lourdes_Belo Horizonte, Lourdes_QNone_BNone",1172266777.0,"Lourdes_Belo Horizonte, Lourdes",,,30m²,0,R$ 210.000
"Lourdes_Belo Horizonte, Lourdes_Q4_B5 ou mais",945619577.0,"Lourdes_Belo Horizonte, Lourdes",4,5 ou mais,410m²,4,R$ 3.830.000
"Lourdes_Belo Horizonte, Lourdes_Q4_B3",950468558.0,"Lourdes_Belo Horizonte, Lourdes",4,3,160m²,2,R$ 1.500.000
"Centro_Belo Horizonte, Centro_QNone_BNone",1133578493.0,"Centro_Belo Horizonte, Centro",,,77m²,0,R$ 120.000
"Lourdes_Belo Horizonte, Lourdes_Q2_B1",988796808.0,"Lourdes_Belo Horizonte, Lourdes",2,1,102m²,2,R$ 1.390.000
"Lourdes_Belo Horizonte, Lourdes_Q4_B3",999762197.0,"Lourdes_Belo Horizonte, Lourdes",4,3,170m²,,R$ 720.000
"Lourdes_Belo Horizonte, Lourdes_Q2_B3",1168518065.0,"Lourdes_Belo Horizonte, Lourdes",2,3,69m²,2,R$ 998.000
"Lourdes_Belo Horizonte, Lourdes_Q4_B2",1169884509.0,"Lourdes_Belo Horizonte, Lourdes",4,2,180m²,1,R$ 1.250.000
"Lourdes_Belo Horizonte, Lourdes_QNone_BNone",1135018652.0,"Lourdes_Belo Horizonte, Lourdes",,,25m²,1,R$ 170.000
"Lourdes_Belo Horizonte, Lourdes_QNone_BNone",995797614.0,"Lourdes_Belo Horizonte, Lourdes",,,26m²,0,R$ 800
"Lourdes_Belo Horizonte, Lourdes_Q4_B3",1164786111.0,"Lourdes_Belo Horizonte, Lourdes",4,3,227m²,2,R$ 1.690.000
"Lourdes_Belo Horizonte, Lourdes_Q3_B3",1010752413.0,"Lourdes_Belo Horizonte, Lourdes",3,3,83m²,2,R$ 1.215.000
"Lourdes_Belo Horizonte, Lourdes_Q4_B5 ou mais",1010712615.0,"Lourdes_Belo Horizonte, Lourdes",4,5 ou mais,311m²,4,R$ 6.900.000
"Lourdes_Belo Horizonte, Lourdes_QNone_BNone",1157064955.0,"Lourdes_Belo Horizonte, Lourdes",,,52m²,1,R$ 550.000
"Lourdes_Belo Horizonte, Lourdes_Q1_B5 ou mais",1031477196.0,"Lourdes_Belo Horizonte, Lourdes",1,5 ou mais,588m²,0,R$ 3.200.000
"Lourdes_Belo Horizonte, Lourdes_Q4_B3",1013439005.0,"Lourdes_Belo Horizonte, Lourdes",4,3,150m²,1,R$ 1.100.000
"Lourdes_Belo Horizonte, Lourdes_QNone_BNone",981297796.0,"Lourdes_Belo Horizonte, Lourdes",,,161m²,0,R$ 590.000
"Centro_Belo Horizonte, Centro_QNone_BNone",1161963150.0,"Centro_Belo Horizonte, Centro",,,39m²,,R$ 110.000
"Lourdes_Belo Horizonte, Lourdes_QNone_BNone",1171959586.0,"Lourdes_Belo Horizonte, Lourdes",,,63m²,1,R$ 1.197.000
"Lourdes_Belo Horizonte, Lourdes_QNone_BNone",1169327489.0,"Lourdes_Belo Horizonte, Lourdes",,,588m²,4,R$ 15.500
"Lourdes_Belo Horizonte, Lourdes_QNone_BNone",1171959144.0,"Lourdes_Belo Horizonte, Lourdes",,,372m²,0,R$ 12.000
"Lourdes_Belo Horizonte, Lourdes_QNone_BNone",1171959049.0,"Lourdes_Belo Horizonte, Lourdes",,,372m²,0,R$ 4.200.000
"Santo Antônio_Belo Horizonte, Santo Antônio_QNone_BNone",1099268904.0,"Santo Antônio_Belo Horizonte, Santo Antônio",,,408m²,0,R$ 25.000
"Lourdes_Belo Horizonte, Lourdes_QNone_BNone",995579746.0,"Lourdes_Belo Horizonte, Lourdes",,,34m²,1,R$ 295.000
"Lourdes_Belo Horizonte, Lourdes_Q3_B3",941130563.0,"Lourdes_Belo Horizonte, Lourdes",3,3,109m²,2,R$ 2.521.596
"Lourdes_Belo Horizonte, Lourdes_QNone_BNone",991921206.0,"Lourdes_Belo Horizonte, Lourdes",,,30m²,0,R$ 230.000
"Lourdes_Belo Horizonte, Lourdes_QNone_BNone",1156204133.0,"Lourdes_Belo Horizonte, Lourdes",,,332m²,5 ou mais,R$ 4.150.000
"Lourdes_Belo Horizonte, Lourdes_QNone_BNone",991902549.0,"Lourdes_Belo Horizonte, Lourdes",,,254m²,3,R$ 2.900.000
"Lourdes_Belo Horizonte, Lourdes_Q2_B1",1010440042.0,"Lourdes_Belo Horizonte, Lourdes",2,1,70m²,1,R$ 1.390.000
"Lourdes_Belo Horizonte, Lourdes_Q4_B5 ou mais",1124926151.0,"Lourdes_Belo Horizonte, Lourdes",4,5 ou mais,193m²,2,R$ 2.450.000
"Lourdes_Belo Horizonte, Lourdes_Q4_B5 ou mais",1164969904.0,"Lourdes_Belo Horizonte, Lourdes",4,5 ou mais,265m²,4,R$ 5.000.000
"Lourdes_Belo Horizonte, Lourdes_QNone_BNone",1034212896.0,"Lourdes_Belo Horizonte, Lourdes",,,205m²,4,R$ 13.000
"Lourdes_Belo Horizonte, Lourdes_QNone_BNone",1158873065.0,"Lourdes_Belo Horizonte, Lourdes",,,45m²,0,R$ 600
"Centro_Belo Horizonte, Centro_QNone_BNone",1043255011.0,"Centro_Belo Horizonte, Centro",,,40m²,0,R$ 90.000
"Lourdes_Belo Horizonte, Lourdes_QNone_BNone",995797827.0,"Lourdes_Belo Horizonte, Lourdes",,,45m²,2,R$ 2.800
"Lourdes_Belo Horizonte, Lourdes_QNone_BNone",984497075.0,"Lourdes_Belo Horizonte, Lourdes",,,20m²,0,R$ 120.000
"Lourdes_Belo Horizonte, Lourdes_Q4_B4",1171732018.0,"Lourdes_Belo Horizonte, Lourdes",4,4,311m²,4,R$ 6.500.000
"Lourdes_Belo Horizonte, Lourdes_Q3_B3",1171727767.0,"Lourdes_Belo Horizonte, Lourdes",3,3,87m²,2,R$ 1.350.000
"Lourdes_Belo Horizonte, Lourdes_Q4_B2",1171720318.0,"Lourdes_Belo Horizonte, Lourdes",4,2,175m²,2,R$ 1.590.000
"Lourdes_Belo Horizonte, Lourdes_Q3_B3",974362674.0,"Lourdes_Belo Horizonte, Lourdes",3,3,180m²,1,R$ 1.380.000
"Lourdes_Belo Horizonte, Lourdes_Q3_B2",946967502.0,"Lourdes_Belo Horizonte, Lourdes",3,2,83m²,2,R$ 1.270.000
"Centro_Belo Horizonte, Centro_QNone_BNone",990623898.0,"Centro_Belo Horizonte, Centro",,,220m²,0,R$ 16.000
"Lourdes_Belo Horizonte, Lourdes_Q4_B3",995264473.0,"Lourdes_Belo Horizonte, Lourdes",4,3,190m²,2,R$ 1.440.000
"Lourdes_Belo Horizonte, Lourdes_Q5 ou mais_B4",1035335988.0,"Lourdes_Belo Horizonte, Lourdes",5 ou mais,4,576m²,4,R$ 6.300.000
"Lourdes_Belo Horizonte, Lourdes_Q1_B1",1121675587.0,"Lourdes_Belo Horizonte, Lourdes",1,1,40m²,1,R$ 540.000
"Lourdes_Belo Horizonte, Lourdes_Q3_B3",937396237.0,"Lourdes_Belo Horizonte, Lourdes",3,3,79m²,2,R$ 1.270.000
"Centro_Belo Horizonte, Centro_QNone_BNone",1171602785.0,"Centro_Belo Horizonte, Centro",,,116m²,0,R$ 200.000
"Centro_Belo Horizonte, Centro_Q4_B2",1171601505.0,"Centro_Belo Horizonte, Centro",4,2,280m²,1,R$ 1.300.000
"Lourdes_Belo Horizonte, Lourdes_Q2_B3",1047861794.0,"Lourdes_Belo Horizonte, Lourdes",2,3,164m²,1,R$ 1.250.000
"Lourdes_Belo Horizonte, Lourdes_Q4_B5 ou mais",948716554.0,"Lourdes_Belo Horizonte, Lourdes",4,5 ou mais,311m²,4,R$ 6.900.000
"Lourdes_Belo Horizonte, Lourdes_Q2_B2",1130334116.0,"Lourdes_Belo Horizonte, Lourdes",2,2,60m²,2,R$ 895.320
"Lourdes_Belo Horizonte, Lourdes_Q3_B3",993113613.0,"Lourdes_Belo Horizonte, Lourdes",3,3,103m²,2,R$ 1.400.000
"Lourdes_Belo Horizonte, Lourdes_Q1_B1",1124024536.0,"Lourdes_Belo Horizonte, Lourdes",1,1,36m²,1,R$ 480.000
"Lourdes_Belo Horizonte, Lourdes_Q3_B3",978824552.0,"Lourdes_Belo Horizonte, Lourdes",3,3,162m²,3,R$ 3.819.792
