Tipologia,ID do Anúncio,Título,Preço,Condomínio,IPTU,Data do Anúncio
"Lourdes_Belo Horizonte, Lourdes_Q2_B2",1372309389.0,"APTO DE  2 QUARTO, EMI NOVO NO ANTO AGOTINHO, JUNTO AO DIAMOND",R$ 1.250.000,R$ 650,R$ 4.500,28/01 às 11:59
"Lourdes_Belo Horizonte, Lourdes_Q5 ou mais_BNone",1365815975.0,CARNAVAL - BH - 2025 - 30 HÓSPEDES,R$ 21.000,,,27/01 às 13:27
"Lourdes_Belo Horizonte, Lourdes_Q4_B4",1371951175.0,4 Quartos - 250m2- Praça de Marília Dirceu - LOURDES ,R$ 2.749.000,R$ 2.150,R$ 1.183,27/01 às 11:59
"Lourdes_Belo Horizonte, Lourdes_Q2_B3",1373554001.0,Cobertura no bairro de Loudes 2 quartos e 2 vagas,R$ 5.500,R$ 1.350,R$ 550,29/01 às 23:16
"Lourdes_Belo Horizonte, Lourdes_Q3_B2",1296146645.0,"Cobertura com 3 Quartos 1 suite à venda, 287 m² por R$ 3.819.792 - Lourdes - Belo Horizont",R$ 3.819.792,R$ 1.180,R$ 1.046,29/01 às 22:43
None_None_QNone_BNone,,,,,,
"Lourdes_Belo Horizonte, Lourdes_Q3_B2",1296146710.0,"Apartamento com 3 Quartos 1 suite à venda, 89 m² por R$ 1.383.375 - Lourdes - Belo Horizon",R$ 1.383.375,R$ 1.000,R$ 697,29/01 às 19:38
"Lourdes_Belo Horizonte, Lourdes_QNone_BNone",1374410393.0,Lote em Rua da Bahia - Lourdes - Belo Horizonte/MG,R$ 4.499.680,R$ 1,R$ 20.000,29/01 às 19:28
"Lourdes_Belo Horizonte, Lourdes_Q3_B2",1374382293.0,Apartamento 03 quartos no Lourdes próximo ao Shopping Diamond Mall,R$ 1.300.000,R$ 1.600,R$ 7.000,29/01 às 17:35
"Lourdes_Belo Horizonte, Lourdes_Q2_B3",1374359348.0,"Cobertura à venda, 02 quartos, 02 vagas de garagem.",R$ 1.000.000,R$ 0,R$ 0,29/01 às 16:06
"Centro_Belo Horizonte, Centro_Q3_B2",1374359367.0,"Apartamento todo reformado à venda, 03 quartos.",R$ 530.000,R$ 750,R$ 1.400,29/01 às 16:06
"Centro_Belo Horizonte, Centro_Q3_B2",1374271345.0,Apartamento todo mobiliado para locação no centro Bh.,R$ 3.000,R$ 480,R$ 2.250,29/01 às 11:36
"Lourdes_Belo Horizonte, Lourdes_QNone_BNone",1374218830.0,Escritório à Venda no Bairro Lourdes com Área Privativa de 58 m² - Oportunidade Imperdível,R$ 400.000,R$ 740,R$ 200,29/01 às 08:15
"Lourdes_Belo Horizonte, Lourdes_QNone_BNone",1374210424.0,Aluguel de casa comercial no Lourdes em BH,R$ 35.000,R$ 0,R$ 2.236,29/01 às 07:07
"Lourdes_Belo Horizonte, Lourdes_Q3_B2",1374207820.0,Apartamento 3 quartos (1 suite) Bairro Lourdes,R$ 1.400.000,R$ 1.500,R$ 603,29/01 às 06:45
"Lourdes_Belo Horizonte, Lourdes_Q3_B3",1374201235.0,Apartamento com 3 quatos para alugar - Lourdes - Belo Horizonte/MG,R$ 6.000,R$ 1.418,R$ 765,29/01 às 05:54
"Lourdes_Belo Horizonte, Lourdes_Q3_B2",1374200829.0,"Apartamento 3 Quartos à venda, 3 quartos, 1 suíte, 2 vagas, Lourdes - Belo Horizonte/MG",R$ 1.300.000,R$ 1.641,R$ 583,29/01 às 05:40
"Lourdes_Belo Horizonte, Lourdes_Q1_B1",1374197924.0,Locação Apartamento 1 quarto Lourdes Belo Horizonte,R$ 3.800,R$ 0,R$ 0,29/01 às 04:52
"Lourdes_Belo Horizonte, Lourdes_Q2_B3",1374186126.0,Aluguel - APARTAMENTO - LOURDES BELO HORIZONTE MG,R$ 4.600,R$ 995,R$ 530,29/01 às 02:37
"Lourdes_Belo Horizonte, Lourdes_Q3_B2",1374184105.0,APARTAMENTO 3 QUARTOS PARA ALUGAR - LOURDES,R$ 2.500,R$ 450,R$ 278,29/01 às 02:15
"Lourdes_Belo Horizonte, Lourdes_Q4_B3",1374177604.0,Apartamento 4 quartos  Lourdes,R$ 10.000,R$ 3.500,R$ 990,29/01 às 00:59
"Centro_Belo Horizonte, Centro_Q2_B1",1374159188.0,Maravilhoso apartamento 2 quartos mobiliado e decorado .,R$ 4.500,R$ 600,R$ 317,28/01 às 23:27
"Lourdes_Belo Horizonte, Lourdes_Q3_B3",1374155507.0,Aluguel - APARTAMENTO - LOURDES BELO HORIZONTE MG,R$ 3.900,R$ 450,R$ 250,28/01 às 23:14
"Lourdes_Belo Horizonte, Lourdes_Q2_B1",1374146068.0,Excelente Área Privativa Mobiliada proxímo praça Marilia de Dirceu,R$ 8.500,R$ 1.100,R$ 473,28/01 às 22:19
"Lourdes_Belo Horizonte, Lourdes_Q4_B5 ou mais",1374096963.0,"Lançamento à vend, Ed. Casa Aleixo, Rua Antônio Aleixo, Lourdes, Belo Horizonte",R$ 4.518.000,R$ 1,R$ 0,28/01 às 19:08
"Lourdes_Belo Horizonte, Lourdes_Q4_B2",1374087390.0,"Apartamento 260 m2 , 4 quartos em frente ao Minas Tênis Clube",R$ 2.900.000,R$ 2.900,R$ 1.024,28/01 às 18:29
"Lourdes_Belo Horizonte, Lourdes_QNone_BNone",1374051302.0,Loja - Lourdes,R$ 24.000,R$ 0,R$ 1.404,28/01 às 17:20
"Lourdes_Belo Horizonte, Lourdes_Q1_B1",1374032204.0,Imóvel para venda tem 56 metros quadrados com 1 quarto em Lourdes - Belo Horizonte - MG,R$ 650.000,R$ 480,R$ 90,28/01 às 16:34
"Lourdes_Belo Horizonte, Lourdes_Q1_B1",1374016476.0,APARTAMENTO 1 QUARTO  LOURDES,R$ 3.100,R$ 980,R$ 395,28/01 às 15:29
"Centro_Belo Horizonte, Centro_Q1_B1",1374016463.0,APARTAMENTO 1 QUARTO  CENTRO/LOURDES,R$ 3.200,R$ 570,R$ 238,28/01 às 15:29
"Centro_Belo Horizonte, Centro_Q1_B1",1374009376.0,"APARTAMENTO DE 1 QUARTO - A VENDA POR R$275.000,00 - CENTRO, BELO HORIZONTE/MG",R$ 275.000,R$ 455,R$ 870,28/01 às 15:03
"Lourdes_Belo Horizonte, Lourdes_Q2_B3",1374007700.0,Apartamento 02 quartos à venda no bairro de Lourdes próximo a Praça Marília de Dirceu,R$ 1.480.000,R$ 1.641,R$ 6.607,28/01 às 14:58
"Lourdes_Belo Horizonte, Lourdes_Q4_B3",1373997864.0,"Apartamento para aluguel, 4 quartos no Lourdes.",R$ 10.000,R$ 3.500,R$ 990,28/01 às 14:22
"Lourdes_Belo Horizonte, Lourdes_QNone_BNone",1373994097.0,Sala à Venda - Lourdes - Belo Horizonte - MG,R$ 180.000,R$ 702,R$ 170,28/01 às 14:15
"Lourdes_Belo Horizonte, Lourdes_Q2_B2",1373992032.0,"Apartamento à venda, 2 quartos, Lourdes - Belo Horizonte",R$ 1.300.000,R$ 350,R$ 0,28/01 às 14:14
"Centro_Belo Horizonte, Centro_Q2_B1",1373989200.0,Apartamento de 02 quartos à venda no Centro,R$ 350.000,R$ 0,R$ 143,28/01 às 14:09
"Lourdes_Belo Horizonte, Lourdes_Q4_B5 ou mais",1373922980.0,Apartamento à venda no bairro Lourdes com 373m² e 4 dormitórios/quartos disponíveis.,R$ 2.900.000,R$ 4.000,R$ 1.400,28/01 às 10:02
"Lourdes_Belo Horizonte, Lourdes_Q2_B2",1373921520.0,Apartamento à venda no bairro Lourdes com 75 m² e 2 dormitórios/quartos.,R$ 1.200.000,R$ 1.680,R$ 376,28/01 às 09:56
"Lourdes_Belo Horizonte, Lourdes_Q4_B2",1373920140.0,"Apartamento à venda em Lourdes, 154 m², com 4 dormitórios/quartos disponíveis.",R$ 1.100.000,R$ 665,R$ 323,28/01 às 09:52
"Lourdes_Belo Horizonte, Lourdes_Q4_B4",1373920053.0,"Apartamento à venda em Lourdes, 188 m², com 4 dormitórios/quartos disponíveis.",R$ 3.290.000,R$ 2.450,R$ 1.464,28/01 às 09:51
"Lourdes_Belo Horizonte, Lourdes_Q3_B2",1373920048.0,Apartamento à venda no bairro Lourdes com 118 m² e 3 dormitórios/quartos disponíveis.,R$ 1.190.000,R$ 1.785,R$ 536,28/01 às 09:51
"Lourdes_Belo Horizonte, Lourdes_Q4_B2",1373920044.0,Apartamento à venda no bairro Lourdes com 300 m² e 4 dormitórios/quartos disponíveis,R$ 2.380.000,R$ 2.299,R$ 649,28/01 às 09:51
"Lourdes_Belo Horizonte, Lourdes_Q2_B3",1373920034.0,Apartamento à venda no bairro Lourdes com 65m² e 2 dormitórios/quartos disponíveis.,R$ 1.050.000,R$ 210,R$ 215,28/01 às 09:51
"Lourdes_Belo Horizonte, Lourdes_Q3_B3",1373919883.0,Apartamento à venda no bairro Lourdes com 100 m² e 3 dormitórios/quartos disponíveis.,R$ 1.290.000,R$ 1.280,R$ 377,28/01 às 09:50
"Lourdes_Belo Horizonte, Lourdes_Q1_B1",1373919880.0,Apartamento à venda em Lourdes - 35 m² com 1 dormitório/quarto disponível.,R$ 450.000,R$ 590,R$ 130,28/01 às 09:50
"Lourdes_Belo Horizonte, Lourdes_Q3_B2",1373919870.0,"Apartamento à venda no bairro Lourdes, 3 dormitórios, área útil de 112m².",R$ 1.550.000,R$ 1.490,R$ 596,28/01 às 09:50
"Lourdes_Belo Horizonte, Lourdes_Q2_B3",1373919856.0,Apartamento à venda no bairro Lourdes com 71 m² e 2 dormitórios/quartos disponíveis.,R$ 980.000,R$ 1.150,R$ 403,28/01 às 09:50
"Lourdes_Belo Horizonte, Lourdes_Q4_B2",1373919863.0,Apartamento à venda em Lourdes com 190 m² e 4 dormitórios/quartos disponíveis.,R$ 1.750.000,R$ 1.722,R$ 5.214,28/01 às 09:50
"Lourdes_Belo Horizonte, Lourdes_Q3_B2",1373919864.0,Apartamento à venda em Lourdes com 85 m² e 3 dormitórios/quartos disponíveis.,R$ 1.510.000,R$ 750,R$ 540,28/01 às 09:50
"Lourdes_Belo Horizonte, Lourdes_Q3_B3",1373919849.0,Apartamento à venda em Lourdes com 100 m² e 3 dormitórios/quartos disponíveis.,R$ 1.050.000,R$ 1.339,R$ 600,28/01 às 09:50
"Lourdes_Belo Horizonte, Lourdes_Q4_B3",1373919731.0,Excelente apartamento cobertura à venda no bairro Lourdes com 300m² e 4 dormitórios.,R$ 1.490.000,R$ 1.000,R$ 578,28/01 às 09:50
"Lourdes_Belo Horizonte, Lourdes_Q3_B2",1373919711.0,Apartamento à venda no bairro Lourdes com 3 dormitórios/quartos e 91 m² úteis.,R$ 2.020.000,R$ 0,R$ 10,28/01 às 09:49
"Lourdes_Belo Horizonte, Lourdes_Q4_B2",1373919688.0,Apartamento à venda no bairro Lourdes com 160 m² e 4 dormitórios/quartos disponíveis.,R$ 1.750.000,R$ 3.200,R$ 532,28/01 às 09:49
"Lourdes_Belo Horizonte, Lourdes_Q2_B3",1373919691.0,Apartamento à venda no Bairro Lourdes - 65m² e 2 dormitórios/quartos disponíveis.,R$ 1.050.000,R$ 210,R$ 215,28/01 às 09:49
"Lourdes_Belo Horizonte, Lourdes_Q1_B1",1373919695.0,"Apartamento à venda em Lourdes, com 55 m² e 1 dormitório/quarto disponível.",R$ 580.000,R$ 1.100,R$ 273,28/01 às 09:49
"Lourdes_Belo Horizonte, Lourdes_Q3_B3",1373919680.0,"Apartamento à venda no bairro Lourdes, 185 m² com 3 dormitórios/quartos disponíveis.",R$ 800.000,R$ 450,R$ 350,28/01 às 09:49
"Lourdes_Belo Horizonte, Lourdes_Q1_B1",1373919671.0,Apartamento à venda em Lourdes com 1 dormitório e 38 m² de área útil disponível.,R$ 420.000,R$ 454,R$ 229,28/01 às 09:49
"Lourdes_Belo Horizonte, Lourdes_Q4_B3",1373909902.0,Apartamento 4 quartos à venda no Lourdes,R$ 1.600.000,R$ 2.100,R$ 860,28/01 às 09:03
"Lourdes_Belo Horizonte, Lourdes_Q4_B2",1373909888.0,Apartamento 4 quartos à venda no Lourdes,R$ 950.000,R$ 450,R$ 374,28/01 às 09:03
"Lourdes_Belo Horizonte, Lourdes_QNone_BNone",1373908539.0,2 quartos disponíveis Centro Sul - Rua Da Bahia Lourdes ,R$ 1.000,,,28/01 às 08:56
"Lourdes_Belo Horizonte, Lourdes_Q4_B4",1373899847.0,Apartamento 4 quartos com lazer em Lourdes,R$ 3.290.000,R$ 2.450,R$ 1.300,28/01 às 08:25
"Lourdes_Belo Horizonte, Lourdes_Q4_B5 ou mais",1373893190.0,"Apartamento à venda, 4 quartos, 2 suítes, 3 vagas, Lourdes - Belo Horizonte/MG",R$ 2.220.000,R$ 1.000,R$ 900,28/01 às 07:30
"Lourdes_Belo Horizonte, Lourdes_Q4_B3",1373877429.0,"Apartamento com 4 dormitórios para alugar, 198 m² por R$ 3.900/mês - Lourdes - Belo Horizo",R$ 3.900,R$ 714,R$ 299,28/01 às 05:02
"Lourdes_Belo Horizonte, Lourdes_QNone_BNone",1373876617.0,Sala Comercial para aluguel 6 vagas - Lourdes,R$ 24.343,R$ 1.535,R$ 2.238,28/01 às 04:40
"Lourdes_Belo Horizonte, Lourdes_QNone_BNone",1373876616.0,Sala Comercial para aluguel 6 vagas - Santo Agostinho,R$ 27.093,R$ 154,R$ 2.238,28/01 às 04:40
"Lourdes_Belo Horizonte, Lourdes_QNone_BNone",1373876534.0,Sala Comercial para aluguel 2 vagas - Lourdes,R$ 6.521,R$ 154,R$ 2.114,28/01 às 04:39
"Centro_Belo Horizonte, Centro_Q1_B1",1373876529.0,Apartamento para aluguel 1 quarto 1 vaga - Centro,R$ 3.200,R$ 570,R$ 238,28/01 às 04:39
"Centro_Belo Horizonte, Centro_Q1_B1",1373873388.0,Apartamento 1 quarto para aluguel no Centro,R$ 3.200,R$ 570,R$ 238,28/01 às 02:34
"Lourdes_Belo Horizonte, Lourdes_Q1_B1",1373867781.0,"Venda Apartamento, 1 Suíte, 1 vaga, no Bairro Santo Agostinho - Belo Horizonte/MG",R$ 884.968,R$ 870,R$ 3.993,28/01 às 01:19
"Lourdes_Belo Horizonte, Lourdes_Q1_B1",1373867760.0,"Venda Apartamento, 1 Suíte, 1 vaga, no Bairro Santo Agostinho - Belo Horizonte/MG",R$ 890.050,R$ 870,R$ 3.993,28/01 às 01:19
"Lourdes_Belo Horizonte, Lourdes_Q1_B1",1373867743.0,"Venda Apartamento, 1 Suíte, 1 vaga, no Bairro Santo Agostinho - Belo Horizonte/MG",R$ 878.950,R$ 870,R$ 3.993,28/01 às 01:19
"Lourdes_Belo Horizonte, Lourdes_Q4_B3",1373862909.0,"Apartamento à venda, 4 quartos, 2 suítes, 2 vagas, Lourdes - Belo Horizonte/MG",R$ 1.100.000,R$ 1.800,R$ 3.044,28/01 às 00:54
"Centro_Belo Horizonte, Centro_Q1_B1",1373821278.0,"Apartamento para locação no Centro de BH: 1 quarto, 1 sala, 1 banheiro, 1 vaga de garagem!",R$ 3.200,R$ 650,R$ 249,27/01 às 21:00
"Centro_Belo Horizonte, Centro_Q1_B1",1373794214.0,Aluguel - APARTAMENTO - CENTRO Belo Horizonte MG,R$ 3.200,R$ 570,R$ 238,27/01 às 19:10
"Lourdes_Belo Horizonte, Lourdes_Q2_B3",1373757189.0,Cobertura com 2 quartos em Lourdes para aluguel  - Belo Horizonte - MG,R$ 6.500,R$ 270,R$ 200,27/01 às 16:49
"Centro_Belo Horizonte, Centro_Q2_B2",1373727057.0,Imóvel para aluguel com 60 metros quadrados no Centro - Belo Horizonte - MG,R$ 2.000,R$ 640,R$ 150,27/01 às 15:38
"Lourdes_Belo Horizonte, Lourdes_Q4_B5 ou mais",1292182627.0,Apartamento de Alto Padrão com 4 quartos,R$ 25.000,R$ 3.800,,27/01 às 15:18
"Lourdes_Belo Horizonte, Lourdes_Q2_B2",1253725547.0,"Apartamento 2 quartos, Lourdes - Belo Horizonte",R$ 1.100.000,,,27/01 às 15:13
"Lourdes_Belo Horizonte, Lourdes_Q3_B4",1373701384.0,Cobertura em Avenida Olegário Maciel - Lourdes - Belo Horizonte/MG,R$ 3.470.425,R$ 1.100,R$ 1.000,27/01 às 14:29
"Lourdes_Belo Horizonte, Lourdes_Q1_B1",1373699472.0,Apartamento em Avenida Bias Fortes - Lourdes - Belo Horizonte/MG,R$ 599.659,R$ 1,R$ 1,27/01 às 14:25
"Centro_Belo Horizonte, Centro_Q2_B2",1373699027.0,Apartamento em Rua da Bahia - Centro - Belo Horizonte/MG,R$ 309.610,R$ 610,R$ 800,27/01 às 14:24
"Lourdes_Belo Horizonte, Lourdes_Q1_B2",1373652736.0,"Apartamento 01 quarto, 02 vagas - Lourdes",R$ 990.000,R$ 980,R$ 580,27/01 às 11:54
"Lourdes_Belo Horizonte, Lourdes_Q1_B1",1373630764.0,Alugue o melhor 1 quarto no melhor ponto do Bairro de Lourdes.,R$ 2.000,R$ 307,,27/01 às 10:55
"Lourdes_Belo Horizonte, Lourdes_Q3_B2",1373613410.0,Diamond Way - Diamond Way,R$ 5.490,R$ 450,R$ 430,27/01 às 09:50
"Lourdes_Belo Horizonte, Lourdes_Q3_B3",1373613167.0,Monte Blanco - Monte Blanco,R$ 2.900,R$ 1.050,R$ 430,27/01 às 09:49
"Centro_Belo Horizonte, Centro_QNone_BNone",1373607689.0,Suíte no centro de Belo Horizonte ,R$ 800,,,27/01 às 09:23
"Lourdes_Belo Horizonte, Lourdes_Q4_B5 ou mais",1373522714.0,Apartamento em Rua São Paulo - Lourdes - Belo Horizonte/MG,R$ 5.299.290,R$ 4.600,R$ 21.600,26/01 às 19:29
"Lourdes_Belo Horizonte, Lourdes_Q1_B4",1373522326.0,Casa em Rua Marília de Dirceu - Lourdes - Belo Horizonte/MG,R$ 4.199.880,R$ 1,R$ 5.000,26/01 às 19:29
"Lourdes_Belo Horizonte, Lourdes_Q4_B3",1373519480.0,Apartamento em Rua Gonçalves Dias - Lourdes - Belo Horizonte/MG,R$ 1.799.170,R$ 3.000,R$ 4.576,26/01 às 19:26
"Centro_Belo Horizonte, Centro_QNone_BNone",1373514222.0,Sala comercial em Rua São Paulo - Centro - Belo Horizonte/MG,R$ 139.790,R$ 450,R$ 1.036,26/01 às 19:18
"Lourdes_Belo Horizonte, Lourdes_Q3_B2",1373512066.0,Apartamento em Avenida Bias Fortes - Lourdes - Belo Horizonte/MG,R$ 439.490,R$ 1.100,R$ 1.416,26/01 às 19:15
"Centro_Belo Horizonte, Centro_QNone_BNone",1373470155.0,Quarto para alugar em ótima localização,R$ 1.900,,,26/01 às 16:31
"Lourdes_Belo Horizonte, Lourdes_Q2_B2",1373463692.0,Apartamento em Rua Tomaz Gonzaga - Lourdes - Belo Horizonte/MG,R$ 1.079.100,R$ 700,R$ 4.680,26/01 às 16:00
"Lourdes_Belo Horizonte, Lourdes_Q1_B1",1373461503.0,Apartamento em Avenida Álvares Cabral - Lourdes - Belo Horizonte/MG,R$ 449.210,R$ 1,R$ 1,26/01 às 15:53
"Lourdes_Belo Horizonte, Lourdes_Q2_B2",1373460811.0,Cobertura em Rua Santa Catarina - Lourdes - Belo Horizonte/MG,R$ 1.099.630,R$ 1,R$ 1,26/01 às 15:52
"Lourdes_Belo Horizonte, Lourdes_Q2_B3",1373459062.0,Apartamento em Rua da Bahia - Lourdes - Belo Horizonte/MG,R$ 869.510,R$ 350,R$ 1,26/01 às 15:47
"Lourdes_Belo Horizonte, Lourdes_Q2_B1",1373458704.0,Apartamento em Rua da Bahia - Lourdes - Belo Horizonte/MG,R$ 874.310,R$ 1,R$ 1,26/01 às 15:46
"Lourdes_Belo Horizonte, Lourdes_Q2_B3",1373457647.0,Apartamento em Rua da Bahia - Lourdes - Belo Horizonte/MG,R$ 819.770,R$ 350,R$ 1,26/01 às 15:45
"Lourdes_Belo Horizonte, Lourdes_Q2_B2",1373378927.0,"Apartamento no Lourdes para venda para venda com 82m², 2 vagas. excelente localização",R$ 1.150.000,R$ 1,R$ 1,26/01 às 07:48
"Lourdes_Belo Horizonte, Lourdes_Q2_B3",1373374566.0,"Apartamento à venda, 2 quartos, 1 suíte, 2 vagas, LOURDES - Belo Horizonte/MG",R$ 1.550.000,R$ 1.590,R$ 660,26/01 às 06:11
"Lourdes_Belo Horizonte, Lourdes_Q4_B3",1373374561.0,"Apartamento à venda, 4 quartos, 1 suíte, 2 vagas, LOURDES - Belo Horizonte/MG",R$ 1.600.000,R$ 2.100,R$ 860,26/01 às 06:11
"Lourdes_Belo Horizonte, Lourdes_Q4_B4",1373368084.0,Venda Apartamento 4 quartos Lourdes Belo Horizonte,R$ 1.880.000,R$ 1.600,R$ 615,26/01 às 01:29
"Lourdes_Belo Horizonte, Lourdes_Q4_B4",1373368073.0,Venda Apartamento 4 quartos Lourdes Belo Horizonte,R$ 1.940.000,R$ 1.800,R$ 700,26/01 às 01:29
"Lourdes_Belo Horizonte, Lourdes_Q3_B1",1373364970.0,Lourdes - Apartamento 3 quartos à venda na Anuar Donato,R$ 2.321.218,R$ 2.000,R$ 0,26/01 às 00:28
"Lourdes_Belo Horizonte, Lourdes_Q3_B1",1373364875.0,Lourdes - Apartamento 3 quartos à venda na Anuar Donato,R$ 2.321.218,R$ 2.000,R$ 0,26/01 às 00:26
"Lourdes_Belo Horizonte, Lourdes_Q4_B4",1373284911.0,Apartamento em Avenida Olegário Maciel - Lourdes - Belo Horizonte/MG,R$ 2.998.388,R$ 1.100,R$ 1,25/01 às 16:42
"Lourdes_Belo Horizonte, Lourdes_Q4_B3",1373283939.0,Apartamento em Avenida Álvares Cabral - Lourdes - Belo Horizonte/MG,R$ 1.299.110,R$ 1.600,R$ 5.680,25/01 às 16:41
"Lourdes_Belo Horizonte, Lourdes_Q1_B1",1373283867.0,APARTAMENTO STUDIO À VENDA EM LORDES,R$ 507.360,R$ 0,R$ 0,25/01 às 16:41
"Lourdes_Belo Horizonte, Lourdes_Q4_B5 ou mais",1373282579.0,Apartamento em Avenida do Contorno - Lourdes - Belo Horizonte/MG,R$ 2.879.820,R$ 2.000,R$ 2.000,25/01 às 16:41
"Lourdes_Belo Horizonte, Lourdes_QNone_BNone",1373282204.0,Sala com 45 m2 Lourdes com vaga de garagem.,R$ 1.700,R$ 650,R$ 150,25/01 às 16:40
"Centro_Belo Horizonte, Centro_QNone_BNone",1373281388.0,Sala comercial em Rua São Paulo - Centro - Belo Horizonte/MG,R$ 299.690,R$ 700,R$ 1.595,25/01 às 16:40
"Lourdes_Belo Horizonte, Lourdes_Q3_B3",1373253566.0,Apartamento 3 quartos à venda no Lourdes,R$ 1.400.000,R$ 1.543,R$ 598,25/01 às 14:43
"Lourdes_Belo Horizonte, Lourdes_Q4_B4",1373249933.0,"Apartamento 4 quartos, 4 vagas - Lourdes",R$ 2.800.000,R$ 0,R$ 0,25/01 às 14:27
"Lourdes_Belo Horizonte, Lourdes_Q4_B5 ou mais",1373245699.0,Apartamento de 04 quartos à venda no Lourdes,R$ 5.100.000,R$ 2.800,R$ 1.500,25/01 às 14:04
"Centro_Belo Horizonte, Centro_Q2_B2",1373203861.0,Apartamento de 2 quartos à venda no Centro próximo ao Shopping Cidade.,R$ 395.000,R$ 750,R$ 145,25/01 às 10:43
"Lourdes_Belo Horizonte, Lourdes_QNone_BNone",1373194903.0,Casa comercial para alugar no Funcionários de 330 m2,R$ 25.000,R$ 0,R$ 0,25/01 às 09:54
"Lourdes_Belo Horizonte, Lourdes_Q4_B3",1373179845.0,"Apartamento à venda, 4 quartos, 1 suíte, 3 vagas, Lourdes - Belo Horizonte/MG",R$ 1.800.000,R$ 1.700,R$ 590,25/01 às 08:15
"Lourdes_Belo Horizonte, Lourdes_Q4_B3",1373175534.0,"Apartamento 4 Quartos à venda, 4 quartos, 2 suítes, 3 vagas, Lourdes - Belo Horizonte/MG",R$ 2.800.000,R$ 3.825,R$ 1.236,25/01 às 07:22
"Lourdes_Belo Horizonte, Lourdes_Q4_B5 ou mais",1373164452.0,"Apartamento à venda, 4 quartos, 2 suítes, 4 vagas, Lourdes - Belo Horizonte/MG",R$ 5.100.000,R$ 2.857,R$ 18.220,25/01 às 06:09
"Lourdes_Belo Horizonte, Lourdes_QNone_BNone",1373164268.0,"Sala à venda, 23 m² por R$ 200.000,00 - Lourdes - Belo Horizonte/MG",R$ 200.000,R$ 400,R$ 146,25/01 às 06:09
"Lourdes_Belo Horizonte, Lourdes_Q1_B1",1373163331.0,Apartamento com 1 dormitório para alugar por R$ 2.700/mês - Lourdes - Belo Horizonte/MG,R$ 2.700,R$ 675,R$ 290,25/01 às 06:09
"Lourdes_Belo Horizonte, Lourdes_Q1_B1",1373161398.0,Jade: Apartamento para à venda de 1 quarto no Lourdes.,R$ 665.575,R$ 0,R$ 0,25/01 às 05:59
"Lourdes_Belo Horizonte, Lourdes_QNone_BNone",1373160806.0,"Sala à venda, 1 vaga, Santo Agostinho - Belo Horizonte/MG",R$ 240.000,R$ 616,R$ 0,25/01 às 05:45
"Lourdes_Belo Horizonte, Lourdes_Q4_B3",1373159655.0,APARTAMENTO 4 QUARTOS - LOURDES,R$ 10.000,R$ 3.500,R$ 991,25/01 às 04:32
"Lourdes_Belo Horizonte, Lourdes_Q2_B1",1373148348.0,Apartamento em Rua Tomaz Gonzaga - Lourdes - Belo Horizonte/MG,R$ 1.114.730,R$ 790,R$ 5.148,25/01 às 02:55
"Lourdes_Belo Horizonte, Lourdes_Q3_B3",1373147642.0,Apartamento em Avenida Álvares Cabral - Lourdes - Belo Horizonte/MG,R$ 1.269.880,R$ 1.500,R$ 7.000,25/01 às 02:54
"Lourdes_Belo Horizonte, Lourdes_Q3_B3",1373147233.0,Cobertura em Rua Marília de Dirceu - Lourdes - Belo Horizonte/MG,R$ 1.749.120,R$ 2.000,R$ 2.000,25/01 às 02:52
"Lourdes_Belo Horizonte, Lourdes_Q1_B1",1373146966.0,Apartamento em Avenida Álvares Cabral - Lourdes - Belo Horizonte/MG,R$ 449.510,R$ 1,R$ 1,25/01 às 02:52
"Lourdes_Belo Horizonte, Lourdes_Q4_B5 ou mais",1373144198.0,Apartamento em Avenida do Contorno - Lourdes - Belo Horizonte/MG,R$ 2.899.840,R$ 2.000,R$ 2.500,25/01 às 02:44
"Lourdes_Belo Horizonte, Lourdes_Q3_B3",1373141886.0,Apartamento com 3 quartos à venda em Belo Horizonte,R$ 1.350.000,R$ 1.122,R$ 480,25/01 às 02:31
"Lourdes_Belo Horizonte, Lourdes_Q4_B5 ou mais",1373140346.0,Venda ou locação Apartamento 4 quartos Lourdes Belo Horizonte,R$ 10.000,R$ 2.900,R$ 1.070,25/01 às 02:14
"Lourdes_Belo Horizonte, Lourdes_Q4_B5 ou mais",1373140247.0,Lourdes - Apartamento 4 quartos à venda na Anuar Donato,R$ 2.900.000,R$ 2.986,R$ 12.881,25/01 às 02:12
"Lourdes_Belo Horizonte, Lourdes_Q3_B3",1373131567.0,"Apartamento 3 quartos, 1 suíte e 2 vagas",R$ 1.350.000,R$ 1.128,R$ 5.400,25/01 às 01:36
"Lourdes_Belo Horizonte, Lourdes_Q1_B1",1373128436.0,"Flats disponíveis à venda, Lourdes, Belo Horizonte, MG",R$ 390.000,R$ 1.865,R$ 193,25/01 às 01:04
"Lourdes_Belo Horizonte, Lourdes_Q1_B1",1373128190.0,"Apartamento com 1 dormitório para alugar, 42 m² por R$ 5.244,00/mês - Lourdes - Belo Horiz",R$ 4.700,R$ 700,R$ 344,25/01 às 01:01
"Lourdes_Belo Horizonte, Lourdes_Q1_B1",1373127360.0,"Apartamento à venda, 1 a 3 quartos, Lourdes - Belo Horizonte",R$ 665.575,R$ 0,R$ 0,25/01 às 00:54
"Lourdes_Belo Horizonte, Lourdes_Q2_B2",1373123520.0,"Apartamento com 02 quartos e 02 vagas a venda no Lourdes, Belo horizonte- MG",R$ 1.450.000,R$ 0,R$ 0,25/01 às 00:25
"Lourdes_Belo Horizonte, Lourdes_QNone_BNone",1373123516.0,"Sala à venda, 1 vaga, Santo Agostinho - Belo Horizonte/MG",R$ 240.000,R$ 633,R$ 1.987,25/01 às 00:25
"Lourdes_Belo Horizonte, Lourdes_Q4_B2",1373099124.0,Apartamento à venda no bairro Savassi,R$ 1.980.000,R$ 3.200,R$ 6.567,24/01 às 21:46
"Lourdes_Belo Horizonte, Lourdes_QNone_BNone",1373076245.0,Casa comercial para alugar no Lourdes em BH,R$ 80.000,R$ 0,R$ 0,24/01 às 19:48
"Lourdes_Belo Horizonte, Lourdes_Q2_B2",1373075962.0,Aluguel - APARTAMENTO - LOURDES Belo Horizonte MG,R$ 5.600,R$ 850,R$ 270,24/01 às 19:46
"Lourdes_Belo Horizonte, Lourdes_Q2_B2",1373074649.0,Apartamento para alugar com 120 m quadrados com 2 quartos em Lourdes - Belo Horizonte - MG,R$ 2.800,R$ 700,R$ 0,24/01 às 19:38
"Lourdes_Belo Horizonte, Lourdes_Q2_B3",1373058566.0,"Centro/Lourdes, apto de 2 qtos sendo 1 suíte, e reversível e 1 vaga",R$ 2.560,R$ 890,R$ 198,24/01 às 18:38
"Lourdes_Belo Horizonte, Lourdes_Q3_B2",1373048887.0,Imóvel para venda possui 91 metros quadrados com 3 quartos em Lourdes - Belo Horizonte - M,R$ 2.020.000,R$ 0,R$ 10,24/01 às 17:59
"Lourdes_Belo Horizonte, Lourdes_Q1_B1",1373027268.0,Imóvel para aluguel no Lourdes - Belo Horizonte - MG,R$ 2.550,R$ 225,R$ 0,24/01 às 16:45
"Lourdes_Belo Horizonte, Lourdes_Q2_B3",1372986431.0,Apartamento para aluguel  com 2 quartos suíte em Lourdes - Belo Horizonte - MG,R$ 4.700,R$ 270,R$ 200,24/01 às 15:09
"Lourdes_Belo Horizonte, Lourdes_QNone_BNone",1372984495.0,Aluguel com Proprietario Escritório Completo no 10º Andar (ultimo andar) Lourdes,R$ 6.500,,R$ 3.144,24/01 às 14:59
"Lourdes_Belo Horizonte, Lourdes_Q1_B1",1372981208.0,"Apartamento à venda, 1 a 3 quartos, Lourdes - Belo Horizonte",R$ 665.575,R$ 0,R$ 0,24/01 às 14:47
"Centro_Belo Horizonte, Centro_Q2_B1",1372973932.0,Venda - APARTAMENTO - CENTRO Belo Horizonte MG,R$ 650.000,R$ 600,R$ 390,24/01 às 14:19
"Lourdes_Belo Horizonte, Lourdes_Q1_B1",1372917638.0,"Flat para aluguel, 1 quarto, 1 suíte, 1 vaga, Lourdes - Belo Horizonte/MG",R$ 2.400,R$ 1.494,R$ 1.977,24/01 às 11:09
"Lourdes_Belo Horizonte, Lourdes_QNone_BNone",1372870586.0,"Casa comercial para aluguel, Funcionários - Belo Horizonte/MG",R$ 4.500,R$ 0,R$ 935,24/01 às 03:49
"Lourdes_Belo Horizonte, Lourdes_Q3_B4",1372870055.0,"Apartamento com 3 dormitórios, 130 m² - venda por R$ 2.500.000 ou aluguel por R$ 8.500/mês",R$ 2.500.000,R$ 1.500,R$ 0,24/01 às 03:26
"Lourdes_Belo Horizonte, Lourdes_Q4_B4",1372870051.0,"Apartamento com 4 dormitórios à venda, 130 m² por R$ 2.800.000,00 - Lourdes - Belo Horizon",R$ 2.800.000,R$ 1.132,R$ 0,24/01 às 03:25
"Lourdes_Belo Horizonte, Lourdes_Q3_B3",1372864989.0,"Apartamento com 3 dormitórios à venda, 100 m² por R$ 1.400.000,00 - Lourdes - Belo Horizon",R$ 1.400.000,R$ 1.543,R$ 603,24/01 às 01:43
"Lourdes_Belo Horizonte, Lourdes_Q4_B5 ou mais",1372864256.0,"ÓTIMO APTO 290 M2 ,4 QTS, 2 SUÍTES, 4 VAGAS,LOURDES,EM FRENTE AO MINAS 1.",R$ 2.900.000,R$ 2.986,R$ 12.298,24/01 às 01:31
"Centro_Belo Horizonte, Centro_Q2_B1",1372864221.0,Venda Apartamento 2 quartos Centro Belo Horizonte,R$ 610.000,R$ 500,R$ 306,24/01 às 01:31
"Lourdes_Belo Horizonte, Lourdes_Q4_B2",1372864149.0,Venda Apartamento 4 quartos Lourdes Belo Horizonte,R$ 950.000,R$ 0,R$ 391,24/01 às 01:30
"Lourdes_Belo Horizonte, Lourdes_Q4_B5 ou mais",1372864106.0,Venda Apartamento 4 quartos Lourdes Belo Horizonte,R$ 2.640.000,R$ 2.650,R$ 1.231,24/01 às 01:30
"Lourdes_Belo Horizonte, Lourdes_Q4_B4",1372864066.0,Venda Apartamento 4 quartos Lourdes Belo Horizonte,R$ 2.830.000,R$ 2.310,R$ 961,24/01 às 01:30
"Lourdes_Belo Horizonte, Lourdes_Q2_B2",1372860914.0,Lourdes - Cobertura 2 quartos à venda na Anuar Donato,R$ 1.895.663,R$ 940,R$ 415,24/01 às 00:46
"Lourdes_Belo Horizonte, Lourdes_Q3_B1",1372860863.0,Lourdes - Apartamento 3 quartos à venda na Anuar Donato,R$ 2.321.218,R$ 2.000,R$ 0,24/01 às 00:44
"Lourdes_Belo Horizonte, Lourdes_Q3_B1",1372860835.0,Lourdes - Apartamento 3 quartos à venda na Anuar Donato,R$ 2.321.218,R$ 2.000,R$ 0,24/01 às 00:44
"Centro_Belo Horizonte, Centro_QNone_BNone",1372855524.0,"Sala, 50 m² - venda por R$ 160.000,00 ou aluguel por R$ 1.722,46/mês - Centro - Belo Horiz",R$ 160.000,R$ 450,R$ 172,24/01 às 00:08
"Lourdes_Belo Horizonte, Lourdes_QNone_BNone",1372791216.0,"Sala à venda, 140 m² por R$ 870.000,00 - Lourdes - Belo Horizonte/MG",R$ 870.000,R$ 676,R$ 241,23/01 às 19:21
"Lourdes_Belo Horizonte, Lourdes_Q3_B3",1372775502.0,Imóvel para venda possui 109 metros quadrados com 3 quartos em Lourdes - Belo Horizonte - ,R$ 1.938.540,R$ 0,R$ 0,23/01 às 18:09
"Lourdes_Belo Horizonte, Lourdes_QNone_BNone",1372692733.0,"Loja à Venda - Bairro Lourdes - 46,71m²",R$ 330.000,R$ 540,R$ 0,23/01 às 15:02
"Centro_Belo Horizonte, Centro_Q1_B1",1372643581.0,Apartamento 1 quarto no centro,R$ 3.200,R$ 570,R$ 238,23/01 às 12:43
"Lourdes_Belo Horizonte, Lourdes_Q3_B3",1372636180.0,"Apartamento à venda, 2 a 3 quartos, Lourdes - Belo Horizonte",R$ 2.453.041,R$ 0,R$ 0,23/01 às 12:16
"Lourdes_Belo Horizonte, Lourdes_Q2_B3",1372621542.0,Apartamento 2 quartos no Lourdes,R$ 1.326.935,R$ 0,R$ 0,23/01 às 11:17
"Lourdes_Belo Horizonte, Lourdes_Q1_B1",1372621538.0,Duplex a venda no lourdes,R$ 1.550.000,R$ 0,R$ 0,23/01 às 11:17
"Centro_Belo Horizonte, Centro_Q3_B3",1372621539.0,Apartamento 03 quartos Bairro Centro,R$ 595.000,R$ 1.000,R$ 205,23/01 às 11:17
"Lourdes_Belo Horizonte, Lourdes_Q3_B4",1372621479.0,Cobertura de 03 quartos a venda no Lourdes,R$ 3.470.926,R$ 0,R$ 0,23/01 às 11:17
"Lourdes_Belo Horizonte, Lourdes_Q2_B3",1372621436.0,02 quartos a venda no Lourdes,R$ 1.128.997,R$ 0,R$ 0,23/01 às 11:17
"Lourdes_Belo Horizonte, Lourdes_Q2_B1",1372621449.0,2 quartos a venda no Lourdes,R$ 1.700.000,R$ 0,R$ 0,23/01 às 11:17
"Lourdes_Belo Horizonte, Lourdes_Q2_B3",1372621407.0,02 quartos a venda no Lourdes,R$ 1.235.649,R$ 0,R$ 0,23/01 às 11:17
"Lourdes_Belo Horizonte, Lourdes_Q3_B2",1372621412.0,Apartamento de 03 quartos à venda no Lourdes,R$ 1.784.404,R$ 0,R$ 0,23/01 às 11:17
"Lourdes_Belo Horizonte, Lourdes_Q2_B2",1372621376.0,APARTAMENTO 02 QUARTOS- LOURDES,R$ 1.077.419,R$ 0,R$ 0,23/01 às 11:16
"Centro_Belo Horizonte, Centro_QNone_BNone",1372621343.0,SALAS A VENDA NO CENTRO COM EXCELENTE CUSTO BENEFI,R$ 80.000,R$ 250,R$ 83,23/01 às 11:16
"Lourdes_Belo Horizonte, Lourdes_Q4_B2",1372621319.0,04 quartos a venda no Lourdes,R$ 1.750.000,R$ 1.801,R$ 601,23/01 às 11:16
"Lourdes_Belo Horizonte, Lourdes_Q1_B1",1372621325.0,Flat à venda Bairro Lourdes,R$ 380.000,R$ 480,R$ 160,23/01 às 11:16
"Lourdes_Belo Horizonte, Lourdes_Q3_B3",1372621330.0,Cobertura 03 quartos a venda no Lourdes,R$ 1.950.000,R$ 0,R$ 0,23/01 às 11:16
"Lourdes_Belo Horizonte, Lourdes_Q3_B4",1372621332.0,Apartamento de 03 quartos a venda no Lourdes,R$ 2.853.490,R$ 0,R$ 0,23/01 às 11:16
"Lourdes_Belo Horizonte, Lourdes_Q2_B1",1372621336.0,Apartamento de 02 quartos à venda no Lourdes,R$ 1.153.272,R$ 0,R$ 0,23/01 às 11:16
"Lourdes_Belo Horizonte, Lourdes_Q3_B2",1372621303.0,Apartamento de 03 quartos à venda no Lourdes,R$ 1.895.775,R$ 0,R$ 0,23/01 às 11:16
"Lourdes_Belo Horizonte, Lourdes_Q3_B2",1372621306.0,Cobertura 02 quartos no Bairro Lourdes,R$ 1.600.000,R$ 0,R$ 0,23/01 às 11:16
"Lourdes_Belo Horizonte, Lourdes_Q3_B2",1372621287.0,Cobertura Duplex quartos à venda no Lourdes!,R$ 3.011.000,R$ 0,R$ 0,23/01 às 11:16
"Lourdes_Belo Horizonte, Lourdes_Q2_B1",1372621291.0,Apartamento de 02 quartos à venda no Lourdes,R$ 1.090.066,R$ 0,R$ 0,23/01 às 11:16
"Lourdes_Belo Horizonte, Lourdes_Q2_B3",1372621249.0,02 quartos a venda no Lourdes,R$ 1.157.532,R$ 0,R$ 0,23/01 às 11:16
"Santo Agostinho_Belo Horizonte, Santo Agostinho_QNone_BNone",1372621257.0,Andar para venda ou aluguel no Santo Agostinho,R$ 4.440.700,R$ 0,R$ 0,23/01 às 11:16
"Lourdes_Belo Horizonte, Lourdes_Q2_B2",1372621262.0,Apartamento de 02 quartos à venda no Lourdes,R$ 1.511.883,R$ 0,R$ 0,23/01 às 11:16
"Lourdes_Belo Horizonte, Lourdes_Q2_B1",1372621231.0,Apartamento de 02 quartos à venda no Lourdes,R$ 1.895.663,R$ 0,R$ 0,23/01 às 11:16
"Lourdes_Belo Horizonte, Lourdes_Q3_B3",1372621232.0,03 quartos a venda no Lourdes,R$ 1.452.000,R$ 0,R$ 0,23/01 às 11:16
"Lourdes_Belo Horizonte, Lourdes_Q1_B2",1372621211.0,1 quarto a venda no Lourdes,R$ 548.000,R$ 650,R$ 0,23/01 às 11:16
"Lourdes_Belo Horizonte, Lourdes_Q2_B3",1372621182.0,02 quartos a venda no Lourdes,R$ 1.377.912,R$ 0,R$ 0,23/01 às 11:16
"Lourdes_Belo Horizonte, Lourdes_Q3_B2",1372621157.0,Apartamento de 03 quartos à venda no Lourdes,R$ 2.038.600,R$ 0,R$ 0,23/01 às 11:16
"Lourdes_Belo Horizonte, Lourdes_Q2_B1",1372621118.0,Apartamento de 02 quartos à venda no Lourdes,R$ 1.167.928,R$ 0,R$ 0,23/01 às 11:16
"Lourdes_Belo Horizonte, Lourdes_Q2_B4",1372621101.0,2 quartos a venda no Lourdes,R$ 1.250.000,R$ 388,R$ 287,23/01 às 11:16
"Lourdes_Belo Horizonte, Lourdes_Q4_B5 ou mais",1372621032.0,Apartamento a venda no Bairro Lourdes.,R$ 2.780.000,R$ 0,R$ 0,23/01 às 11:16
"Lourdes_Belo Horizonte, Lourdes_Q3_B3",1372621013.0,03 quartos a venda no Lourdes,R$ 1.280.000,R$ 0,R$ 0,23/01 às 11:16
"Centro_Belo Horizonte, Centro_QNone_BNone",1372620983.0,Sala comercial 41m² excelente localização,R$ 200.000,R$ 450,R$ 125,23/01 às 11:16
"Lourdes_Belo Horizonte, Lourdes_Q4_B4",1372620929.0,Apartamento 4 quartos no Lourdes,R$ 2.550.000,R$ 1.132,R$ 1,23/01 às 11:16
"Lourdes_Belo Horizonte, Lourdes_Q3_B3",1372620933.0,03 quartos a venda no Lourdes,R$ 1.482.000,R$ 0,R$ 0,23/01 às 11:16
"Lourdes_Belo Horizonte, Lourdes_Q3_B3",1372620934.0,Apartamento 3 quartos a venda no Lourdes,R$ 1.239.731,R$ 780,R$ 336,23/01 às 11:16
"Lourdes_Belo Horizonte, Lourdes_Q2_B3",1372620942.0,02 quartos a venda no Lourdes,R$ 1.128.997,R$ 0,R$ 0,23/01 às 11:16
"Lourdes_Belo Horizonte, Lourdes_Q2_B1",1372620945.0,Apartamento de 02 quartos à venda no Lourdes,R$ 1.117.617,R$ 0,R$ 0,23/01 às 11:16
"Lourdes_Belo Horizonte, Lourdes_Q2_B3",1372620946.0,02 quartos a venda no Lourdes,R$ 1.117.617,R$ 0,R$ 0,23/01 às 11:16
"Lourdes_Belo Horizonte, Lourdes_Q2_B2",1372620962.0,Apartamento com área privativa no Lourdes,R$ 2.995.102,R$ 0,R$ 0,23/01 às 11:16
"Lourdes_Belo Horizonte, Lourdes_Q2_B3",1372620877.0,02 quartos a venda no Lourdes,R$ 1.377.912,R$ 0,R$ 0,23/01 às 11:16
"Lourdes_Belo Horizonte, Lourdes_Q4_B5 ou mais",1372620826.0,Cobertura a venda no Bairro lourdes.,R$ 4.950.000,R$ 0,R$ 0,23/01 às 11:16
"Lourdes_Belo Horizonte, Lourdes_Q2_B2",1372620833.0,Apartamento 2 quartos no Bairro Lourdes,R$ 900.000,R$ 0,R$ 0,23/01 às 11:16
"Lourdes_Belo Horizonte, Lourdes_Q4_B4",1372620812.0,Cobertura no Bairro Lourdes,R$ 3.900.000,R$ 1.500,R$ 622,23/01 às 11:16
"Lourdes_Belo Horizonte, Lourdes_Q4_B4",1372620750.0,Apartamento 4 quartos no Lourdes,R$ 2.550.000,R$ 1.132,R$ 0,23/01 às 11:16
"Lourdes_Belo Horizonte, Lourdes_Q2_B3",1372620751.0,Apartamento 2 quartos no Lourdes,R$ 1.295.126,R$ 0,R$ 0,23/01 às 11:16
"Lourdes_Belo Horizonte, Lourdes_Q1_B1",1372620705.0,Apartamento de 01 quartos à venda no Lourdes,R$ 665.575,R$ 0,R$ 0,23/01 às 11:16
"Centro_Belo Horizonte, Centro_Q3_B2",1372620714.0,03 quartos com suíte à venda no Centro,R$ 445.000,R$ 0,R$ 0,23/01 às 11:16
"Lourdes_Belo Horizonte, Lourdes_Q4_B5 ou mais",1372620728.0,Apartamento a venda no Bairro Lourdes.,R$ 3.930.000,R$ 0,R$ 0,23/01 às 11:16
"Lourdes_Belo Horizonte, Lourdes_Q2_B2",1372620673.0,Apartamento à venda 123 m2 - Lourdes,R$ 1.800.000,R$ 900,R$ 364,23/01 às 11:16
"Lourdes_Belo Horizonte, Lourdes_Q1_B1",1372620675.0,Apartamento no Bairro Lourdes,R$ 450.000,R$ 0,R$ 0,23/01 às 11:16
"Lourdes_Belo Horizonte, Lourdes_Q2_B3",1372620677.0,02 quartos a venda no Lourdes,R$ 1.476.419,R$ 0,R$ 0,23/01 às 11:16
"Lourdes_Belo Horizonte, Lourdes_Q2_B3",1372620678.0,02 quartos a venda no Lourdes,R$ 1.194.461,R$ 0,R$ 0,23/01 às 11:16
"Centro_Belo Horizonte, Centro_Q1_B1",1372620681.0,Apartamento de 1 quarto no Centro,R$ 390.000,R$ 361,R$ 150,23/01 às 11:16
"Lourdes_Belo Horizonte, Lourdes_QNone_BNone",1372620687.0,Sala a venda Lourdes,R$ 150.000,R$ 360,R$ 133,23/01 às 11:16
"Lourdes_Belo Horizonte, Lourdes_Q3_B3",1372620624.0,03 quartos a venda no Lourdes,R$ 1.240.000,R$ 0,R$ 0,23/01 às 11:16
"Lourdes_Belo Horizonte, Lourdes_Q2_B1",1372620633.0,Apartamento de 02 quartos à venda no Lourdes,R$ 1.187.393,R$ 0,R$ 0,23/01 às 11:16
"Lourdes_Belo Horizonte, Lourdes_Q3_B3",1372620644.0,Apartamento 3 quartos a venda no Lourdes,R$ 1.215.303,R$ 780,R$ 336,23/01 às 11:16
"Lourdes_Belo Horizonte, Lourdes_Q4_B4",1372620650.0,Apartamento 4 quartos no Lourdes,R$ 2.800.000,R$ 1.132,R$ 0,23/01 às 11:16
"Centro_Belo Horizonte, Centro_QNone_BNone",1372620601.0,Prédio a venda no centro,R$ 5.000.000,R$ 0,R$ 0,23/01 às 11:16
"Lourdes_Belo Horizonte, Lourdes_Q2_B1",1372620619.0,Apartamento de 02 quartos à venda no Lourdes,R$ 1.090.587,R$ 0,R$ 0,23/01 às 11:16
"Lourdes_Belo Horizonte, Lourdes_Q2_B1",1372620580.0,Apartamento de 02 quartos à venda no Lourdes,R$ 1.090.066,R$ 0,R$ 0,23/01 às 11:16
"Lourdes_Belo Horizonte, Lourdes_Q2_B1",1372620546.0,Apartamento de 02 quartos à venda no Lourdes,R$ 1.167.928,R$ 0,R$ 0,23/01 às 11:16
"Lourdes_Belo Horizonte, Lourdes_Q2_B1",1372620552.0,Apartamento de 02 quartos à venda no Lourdes,R$ 1.206.859,R$ 0,R$ 0,23/01 às 11:16
"Lourdes_Belo Horizonte, Lourdes_Q2_B1",1372620553.0,Apartamento de 02 quartos à venda no Lourdes,R$ 1.090.587,R$ 0,R$ 0,23/01 às 11:16
"Lourdes_Belo Horizonte, Lourdes_Q2_B2",1372620557.0,Cobertura 02 quartos Bairro Lourdes,R$ 1.100.000,R$ 0,R$ 0,23/01 às 11:16
"Lourdes_Belo Horizonte, Lourdes_Q3_B3",1372620497.0,03 quartos a venda no Lourdes,R$ 1.300.000,R$ 0,R$ 0,23/01 às 11:16
"Lourdes_Belo Horizonte, Lourdes_Q1_B1",1372620443.0,Apartamento no Bairro Lourdes,R$ 450.000,R$ 0,R$ 0,23/01 às 11:16
"Lourdes_Belo Horizonte, Lourdes_Q2_B3",1372620429.0,Apartamento 2 quartos no Lourdes,R$ 1.382.976,R$ 0,R$ 0,23/01 às 11:16
"Lourdes_Belo Horizonte, Lourdes_Q3_B4",1372620035.0,03 quartos à venda no Lourdes,R$ 2.590.000,R$ 800,R$ 0,23/01 às 11:15
"Lourdes_Belo Horizonte, Lourdes_Q3_B2",1372620030.0,Apartamento de 03 quartos à venda no Lourdes,R$ 1.046.742,R$ 0,R$ 0,23/01 às 11:15
"Lourdes_Belo Horizonte, Lourdes_Q2_B2",1372619990.0,Apartamento de 02 quartos à venda no Lourdes,R$ 991.565,R$ 0,R$ 0,23/01 às 11:15
"Lourdes_Belo Horizonte, Lourdes_Q2_B1",1372619967.0,Apartamento de 02 quartos à venda no Lourdes,R$ 1.895.663,R$ 0,R$ 0,23/01 às 11:15
"Lourdes_Belo Horizonte, Lourdes_Q2_B1",1372619953.0,Apartamento de 02 quartos à venda no Lourdes,R$ 1.187.393,R$ 0,R$ 0,23/01 às 11:15
"Lourdes_Belo Horizonte, Lourdes_Q2_B1",1372619939.0,Apartamento de 02 quartos à venda no Lourdes,R$ 1.197.447,R$ 0,R$ 0,23/01 às 11:15
"Lourdes_Belo Horizonte, Lourdes_Q3_B3",1372619945.0,Apartamento 3 quartos a venda no Lourdes,R$ 1.268.912,R$ 780,R$ 336,23/01 às 11:15
"Cidade Jardim_Belo Horizonte, Cidade Jardim_QNone_BNone",1372619920.0,Loja a venda no bairro Santo Antonio,R$ 2.000.000,R$ 0,R$ 1.415,23/01 às 11:15
"Lourdes_Belo Horizonte, Lourdes_Q2_B2",1372619886.0,APARTAMENTO 02 QUARTOS- LOURDES,R$ 1.012.066,R$ 0,R$ 0,23/01 às 11:15
"Lourdes_Belo Horizonte, Lourdes_Q1_B1",1372619881.0,Apartamento de 01 quartos à venda no Lourdes,R$ 906.796,R$ 0,R$ 0,23/01 às 11:15
"Lourdes_Belo Horizonte, Lourdes_Q2_B2",1372619883.0,APARTAMENTO 02 QUARTOS- LOURDES,R$ 1.157.397,R$ 0,R$ 0,23/01 às 11:15
"Lourdes_Belo Horizonte, Lourdes_Q2_B3",1372619861.0,Apartamento de 2 quartos à venda no Lourdes,R$ 1.654.520,R$ 0,R$ 0,23/01 às 11:15
"Centro_Belo Horizonte, Centro_Q2_B1",1372619862.0,Apartamento de 02 quartos à venda no Centro,R$ 350.000,R$ 642,R$ 145,23/01 às 11:15
"Lourdes_Belo Horizonte, Lourdes_Q2_B2",1372619865.0,APARTAMENTO 02 QUARTOS- LOURDES,R$ 1.041.832,R$ 0,R$ 0,23/01 às 11:15
"Lourdes_Belo Horizonte, Lourdes_Q2_B2",1372619854.0,APARTAMENTO 02 QUARTOS- LOURDES,R$ 1.056.715,R$ 0,R$ 0,23/01 às 11:15
"Lourdes_Belo Horizonte, Lourdes_Q3_B2",1372619857.0,Apartamento de 03 quartos à venda no Lourdes,R$ 1.884.618,R$ 0,R$ 0,23/01 às 11:15
"Lourdes_Belo Horizonte, Lourdes_Q2_B2",1372619844.0,APARTAMENTO 02 QUARTOS- LOURDES,R$ 1.062.455,R$ 0,R$ 0,23/01 às 11:15
"Centro_Belo Horizonte, Centro_Q1_B1",1372619819.0,Apartamento de 01 quarto à venda no Centro,R$ 384.000,R$ 0,R$ 0,23/01 às 11:15
"Lourdes_Belo Horizonte, Lourdes_Q3_B3",1372619821.0,Apartamento de 3 quartos à venda no Lourdes,R$ 1.938.540,R$ 0,R$ 0,23/01 às 11:15
"Lourdes_Belo Horizonte, Lourdes_Q3_B3",1372619822.0,03 quartos a venda no Lourdes,R$ 1.270.000,R$ 0,R$ 0,23/01 às 11:15
"Lourdes_Belo Horizonte, Lourdes_Q3_B3",1372619810.0,Apartamento de 3 quartos à venda no Lourdes,R$ 2.357.940,R$ 0,R$ 0,23/01 às 11:15
"Lourdes_Belo Horizonte, Lourdes_Q2_B3",1372619789.0,Apartamento de 2 quartos à venda no Lourdes,R$ 1.699.960,R$ 0,R$ 0,23/01 às 11:15
"Centro_Belo Horizonte, Centro_Q3_B2",1372619792.0,Apartamento de 3 quartos à venda no Centro,R$ 510.000,R$ 599,R$ 182,23/01 às 11:15
"Lourdes_Belo Horizonte, Lourdes_Q1_B1",1372619763.0,Apartamento de 01 quarto à venda no Lourdes,R$ 829.212,R$ 0,R$ 0,23/01 às 11:15
"Lourdes_Belo Horizonte, Lourdes_Q2_B2",1372619746.0,Apartamento de 02 quartos à venda no Lourdes,R$ 1.444.194,R$ 0,R$ 0,23/01 às 11:15
"Centro_Belo Horizonte, Centro_Q2_B1",1372619740.0,Apartamento de 2 quartos à venda no Centro,R$ 550.000,R$ 365,R$ 180,23/01 às 11:15
"Lourdes_Belo Horizonte, Lourdes_Q3_B3",1372619733.0,03 quartos a venda no Lourdes,R$ 1.290.000,R$ 0,R$ 0,23/01 às 11:15
"Lourdes_Belo Horizonte, Lourdes_Q2_B2",1372619705.0,APARTAMENTO 02 QUARTOS- LOURDES,R$ 1.050.654,R$ 0,R$ 0,23/01 às 11:15
"Lourdes_Belo Horizonte, Lourdes_Q3_B2",1372619695.0,Apartamento de 03 quartos à venda no Lourdes,R$ 1.834.700,R$ 0,R$ 0,23/01 às 11:15
"Lourdes_Belo Horizonte, Lourdes_Q3_B3",1372619690.0,Apartamento de 3 quartos à venda no Lourdes,R$ 2.329.300,R$ 0,R$ 0,23/01 às 11:15
"Lourdes_Belo Horizonte, Lourdes_Q2_B3",1372619675.0,Apartamento de 2 quartos à venda no Lourdes,R$ 1.856.780,R$ 0,R$ 0,23/01 às 11:15
"Lourdes_Belo Horizonte, Lourdes_Q2_B2",1372619676.0,APARTAMENTO 02 QUARTOS- LOURDES,R$ 1.071.599,R$ 0,R$ 0,23/01 às 11:15
"Lourdes_Belo Horizonte, Lourdes_Q3_B3",1372619680.0,Apartamento de 3 quartos à venda no Lourdes,R$ 2.249.240,R$ 0,R$ 0,23/01 às 11:15
"Lourdes_Belo Horizonte, Lourdes_QNone_BNone",1372619663.0,Sala à venda no Lourdes,R$ 130.000,R$ 0,R$ 0,23/01 às 11:15
"Lourdes_Belo Horizonte, Lourdes_Q3_B2",1372619647.0,Apartamento de 03 quartos à venda no Lourdes,R$ 1.191.623,R$ 0,R$ 0,23/01 às 11:15
"Lourdes_Belo Horizonte, Lourdes_Q2_B3",1372619640.0,Apartamento de 2 quartos à venda no Lourdes,R$ 1.466.590,R$ 0,R$ 0,23/01 às 11:15
"Centro_Belo Horizonte, Centro_QNone_BNone",1372582309.0,"Loja para aluguel, Centro - Belo Horizonte/MG",R$ 35.000,R$ 0,R$ 0,23/01 às 08:41
"Lourdes_Belo Horizonte, Lourdes_Q4_B4",1372572236.0,Apartamento com área privativa 4 quartos - Lourdes,R$ 2.749.000,R$ 2.410,R$ 14.273,23/01 às 07:32
"Lourdes_Belo Horizonte, Lourdes_Q1_B1",1319786420.0,"1 quarto,lourdes",R$ 2.400,R$ 550,R$ 240,23/01 às 07:28
"Lourdes_Belo Horizonte, Lourdes_Q2_B2",1261737904.0,"apartamento 02 quartos,Lourdes",R$ 830.000,R$ 660,R$ 385,23/01 às 07:27
"Lourdes_Belo Horizonte, Lourdes_QNone_BNone",1053467419.0,"px.conexao aeroporto,lourdes,centro,funcionarios",R$ 780,R$ 265,R$ 127,23/01 às 07:27
"Lourdes_Belo Horizonte, Lourdes_Q1_B1",1304936487.0,"1 quarto,Lourdes,venda ",R$ 470.000,R$ 550,R$ 190,23/01 às 07:26
"Lourdes_Belo Horizonte, Lourdes_Q2_B2",1372570491.0,Cobertura de 2 quartos no bairro Lourdes,R$ 1.000.000,R$ 300,R$ 0,23/01 às 07:15
"Lourdes_Belo Horizonte, Lourdes_Q2_B2",1372570378.0,Apartamento de 2 quartos no bairro Lourdes,R$ 1.654.520,R$ 1,R$ 0,23/01 às 07:13
"Lourdes_Belo Horizonte, Lourdes_Q2_B2",1372570370.0,Área Priv. de 2 quartos no bairro Lourdes,R$ 1.941.197,R$ 1,R$ 0,23/01 às 07:13
"Lourdes_Belo Horizonte, Lourdes_Q3_B1",1372570369.0,Apartamento de 3 quartos no bairro Lourdes,R$ 1.800.000,R$ 1,R$ 0,23/01 às 07:13
"Lourdes_Belo Horizonte, Lourdes_Q3_B3",1372570353.0,Apartamento com 3 quartos à venda - Lourdes,R$ 1.340.000,R$ 0,R$ 0,23/01 às 07:13
"Lourdes_Belo Horizonte, Lourdes_Q3_B4",1372570336.0,Cobertura com 3 quartos à venda - Lourdes,R$ 2.050.000,R$ 0,R$ 0,23/01 às 07:13
"Lourdes_Belo Horizonte, Lourdes_Q4_B5 ou mais",1372570322.0,Apartamento com 4 quartos à venda - Santo Agostinho,R$ 6.682.645,R$ 0,R$ 0,23/01 às 07:13
"Lourdes_Belo Horizonte, Lourdes_Q2_B2",1372570280.0,Apartamento de 2 quartos no bairro Lourdes,R$ 1.180.000,R$ 1,R$ 0,23/01 às 07:12
"Lourdes_Belo Horizonte, Lourdes_Q2_B2",1372570255.0,Área Priv. de 2 quartos no bairro Lourdes,R$ 870.000,R$ 350,R$ 0,23/01 às 07:12
"Lourdes_Belo Horizonte, Lourdes_Q2_B2",1372570266.0,Cobertura de 2 quartos no bairro Lourdes,R$ 2.359.000,R$ 1,R$ 0,23/01 às 07:12
"Lourdes_Belo Horizonte, Lourdes_Q1_B1",1372570230.0,Apartamento de 1 quartos no bairro Lourdes,R$ 665.575,R$ 1,R$ 0,23/01 às 07:12
"Lourdes_Belo Horizonte, Lourdes_Q3_B3",1372570174.0,Apartamento de 3 quartos no bairro Lourdes,R$ 1.938.540,R$ 1,R$ 0,23/01 às 07:12
"Lourdes_Belo Horizonte, Lourdes_Q2_B2",1372570124.0,Apartamento de 2 quartos no bairro Lourdes,R$ 820.000,R$ 350,R$ 0,23/01 às 07:12
"Lourdes_Belo Horizonte, Lourdes_Q3_B3",1372570095.0,Área Priv. de 3 quartos no bairro Lourdes,R$ 2.500.000,R$ 1,R$ 0,23/01 às 07:12
"Lourdes_Belo Horizonte, Lourdes_Q2_B2",1372570080.0,Cobertura de 2 quartos no bairro Lourdes,R$ 1.300.000,R$ 350,R$ 0,23/01 às 07:12
"Cidade Jardim_Belo Horizonte, Cidade Jardim_Q4_B5 ou mais",1372570046.0,Área privativa com 4 quartos à venda - Lourdes,R$ 3.980.000,R$ 0,R$ 0,23/01 às 07:12
"Centro_Belo Horizonte, Centro_Q2_B3",1372570019.0,Área privativa com 2 quartos à venda - Lourdes,R$ 2.918.969,R$ 0,R$ 0,23/01 às 07:11
"Lourdes_Belo Horizonte, Lourdes_Q2_B3",1372570004.0,Cobertura com 2 quartos à venda - Lourdes,R$ 1.100.000,R$ 350,R$ 180,23/01 às 07:11
"Lourdes_Belo Horizonte, Lourdes_Q3_B2",1372570002.0,Apartamento com 3 quartos à venda - Lourdes,R$ 1.383.375,R$ 1.000,R$ 0,23/01 às 07:11
"Lourdes_Belo Horizonte, Lourdes_Q3_B2",1372569999.0,Apartamento com 3 quartos à venda - Lourdes,R$ 1.359.000,R$ 1.100,R$ 588,23/01 às 07:11
"Lourdes_Belo Horizonte, Lourdes_Q2_B2",1372569962.0,Apartamento de 2 quartos no bairro Lourdes,R$ 1.556.576,R$ 1,R$ 0,23/01 às 07:11
"Lourdes_Belo Horizonte, Lourdes_Q2_B2",1372569878.0,Área Priv. de 2 quartos no bairro Lourdes,R$ 1.644.290,R$ 1,R$ 0,23/01 às 07:11
"Lourdes_Belo Horizonte, Lourdes_Q2_B2",1372569857.0,Apartamento de 2 quartos no bairro Lourdes,R$ 991.565,R$ 1,R$ 0,23/01 às 07:11
"Lourdes_Belo Horizonte, Lourdes_Q3_B2",1372569705.0,Apartamento de 3 quartos no bairro Lourdes,R$ 1.046.742,R$ 1,R$ 0,23/01 às 07:09
"Centro_Belo Horizonte, Centro_Q2_B2",1372569662.0,Apartamento com 2 quartos à venda - Lourdes,R$ 1.059.403,R$ 0,R$ 0,23/01 às 07:09
"Lourdes_Belo Horizonte, Lourdes_Q4_B5 ou mais",1372569606.0,Apartamento com 4 quartos à venda - Santo Agostinho,R$ 8.487.698,R$ 0,R$ 0,23/01 às 07:09
"Lourdes_Belo Horizonte, Lourdes_Q4_B3",1372569591.0,Apartamento com 4 quartos à venda - Lourdes,R$ 850.000,R$ 600,R$ 290,23/01 às 07:09
"Lourdes_Belo Horizonte, Lourdes_Q2_B2",1372569587.0,Apartamento com 2 quartos à venda - Lourdes,R$ 1.185.397,R$ 900,R$ 0,23/01 às 07:09
"Centro_Belo Horizonte, Centro_QNone_BNone",1372569515.0,Loja com à venda - Lourdes,R$ 9.480.000,R$ 0,R$ 0,23/01 às 07:08
"Lourdes_Belo Horizonte, Lourdes_QNone_BNone",1372569503.0,Andar corrido com à venda - Lourdes,R$ 4.042.865,R$ 0,R$ 0,23/01 às 07:08
"Lourdes_Belo Horizonte, Lourdes_QNone_BNone",1372567170.0,Centro/Lourdes! Sala montada para dentista com recepção,R$ 1.600,R$ 423,R$ 170,23/01 às 06:43
"Lourdes_Belo Horizonte, Lourdes_Q4_B3",1372563311.0,"Apartamento com 4 quartos, 289m², para venda ou locação no Lourdes",R$ 14.000,R$ 2.400,R$ 1.608,23/01 às 06:10
"Lourdes_Belo Horizonte, Lourdes_Q4_B3",1372563308.0,"Apartamento com 4 quartos, 289m², para venda ou locação no Lourdes",R$ 4.000.000,R$ 2.400,R$ 1.608,23/01 às 06:10
"Lourdes_Belo Horizonte, Lourdes_Q4_B2",1372556823.0,Venda Apartamento 4 quartos Lourdes Belo Horizonte,R$ 950.000,R$ 0,R$ 391,23/01 às 04:37
"Lourdes_Belo Horizonte, Lourdes_Q2_B2",1372556313.0,"Apartamento para aluguel, 2 quartos, 1 suíte, 2 vagas, Lourdes - Belo Horizonte/MG",R$ 5.500,R$ 895,R$ 460,23/01 às 04:22
"Lourdes_Belo Horizonte, Lourdes_QNone_BNone",1372554604.0,"Sala à venda, 5 vagas, Lourdes - Belo Horizonte/MG",R$ 1.200.000,R$ 3.000,R$ 1.040,23/01 às 03:59
"Centro_Belo Horizonte, Centro_Q1_B1",1372554471.0,Apartamento para aluguel 1 quarto 1 vaga - Centro,R$ 3.100,R$ 570,R$ 238,23/01 às 03:56
"Lourdes_Belo Horizonte, Lourdes_Q3_B4",1372552488.0,"Cobertura à venda, 3 quartos, 2 suítes, 2 vagas, Lourdes - Belo Horizonte/MG",R$ 1.600.000,R$ 1.090,R$ 0,23/01 às 03:36
"Lourdes_Belo Horizonte, Lourdes_QNone_BNone",1372552472.0,"Sala à venda, 1 vaga, Santo Agostinho - Belo Horizonte/MG",R$ 250.000,R$ 528,R$ 0,23/01 às 03:35
"Lourdes_Belo Horizonte, Lourdes_Q4_B4",1372552440.0,"Apartamento à venda, 4 quartos, 2 suítes, 3 vagas, Lourdes - Belo Horizonte/MG",R$ 2.500.000,R$ 2.900,R$ 0,23/01 às 03:34
"Centro_Belo Horizonte, Centro_Q1_B1",1372551810.0,Apartamento 1 quarto para aluguel no Centro,R$ 3.100,R$ 570,R$ 238,23/01 às 03:18
"Lourdes_Belo Horizonte, Lourdes_Q3_B3",1372546558.0,"Apartamento à venda com 110m², 3 quartos e 2 vagas no Lourdes",R$ 1.185.000,R$ 1.700,R$ 462,23/01 às 01:06
"Lourdes_Belo Horizonte, Lourdes_Q2_B2",1372542493.0,Lourdes - Cobertura 2 quartos à venda na Anuar Donato,R$ 1.895.663,R$ 940,R$ 415,23/01 às 00:39
"Lourdes_Belo Horizonte, Lourdes_Q3_B1",1372542338.0,Lourdes - Apartamento 3 quartos à venda na Anuar Donato,R$ 2.321.218,R$ 2.000,R$ 0,23/01 às 00:36
"Lourdes_Belo Horizonte, Lourdes_Q3_B1",1372542249.0,Lourdes - Apartamento 3 quartos à venda na Anuar Donato,R$ 2.321.218,R$ 2.000,R$ 0,23/01 às 00:34
"Centro_Belo Horizonte, Centro_Q1_B1",1372538781.0,"Apartamento para alugar de 1 quarto com varanda, no centro de Belo Horizonte.",R$ 3.200,R$ 570,R$ 238,23/01 às 00:06
"Lourdes_Belo Horizonte, Lourdes_Q4_B5 ou mais",1372531365.0,"Apartamento a venda, 3 suítes, 3 vagas, no Lourdes, ao lado do Minas 1",R$ 2.100.000,R$ 1.300,R$ 9.207,22/01 às 23:33
"Lourdes_Belo Horizonte, Lourdes_Q4_B4",1372531359.0,Apartamento 4 quartos no Lourdes,R$ 2.850.000,R$ 2.937,R$ 10.572,22/01 às 23:33
"Centro_Belo Horizonte, Centro_Q1_B1",1372527808.0,"Apartamento para locação no Centro de BH: 1 quarto, 1 sala, 1 banheiro, 1 vaga - 50m² de á",R$ 2.800,R$ 650,R$ 249,22/01 às 23:11
"Lourdes_Belo Horizonte, Lourdes_Q1_B1",1372522705.0,Apto 1 quarto para locação no Lourdes,R$ 3.100,R$ 570,R$ 238,22/01 às 22:39
"Centro_Belo Horizonte, Centro_QNone_BNone",1372490041.0,Ótima loja na rua da Bahia,R$ 380.000,R$ 204,R$ 182,22/01 às 20:13
"Centro_Belo Horizonte, Centro_Q3_B4",1372470034.0,IMPERDÍVEL!!!! Apto em Lourdes 88 m² 3 Quartos 2 Suítes 2 Vagas,R$ 1.300.000,R$ 950,R$ 411,22/01 às 18:56
"Lourdes_Belo Horizonte, Lourdes_QNone_BNone",1372439283.0,Imóvel para aluguel tem 120 metros quadrados em Lourdes - Belo Horizonte - MG,R$ 3.200,R$ 1.591,R$ 704,22/01 às 17:48
"Lourdes_Belo Horizonte, Lourdes_QNone_BNone",1372379119.0,"Loja com 42,20m², com 1 garagem, portaria 24 horas no Bairro Lourdes",R$ 400.000,R$ 540,R$ 0,22/01 às 15:44
"Lourdes_Belo Horizonte, Lourdes_Q3_B2",1372378875.0,Apartamento Para Venda No Bairro Lourdes!,R$ 1.555.000,R$ 1.419,R$ 769,22/01 às 15:44
"Lourdes_Belo Horizonte, Lourdes_QNone_BNone",1372378051.0,Loja com 47m² de área e 1 vaga de garagem no Bairro Lourdes,R$ 350.000,R$ 540,R$ 0,22/01 às 15:43
"Lourdes_Belo Horizonte, Lourdes_Q3_B3",1372358740.0,"Apartamento à venda, 3 quartos, 1 suíte, 3 vagas, Lourdes - Belo Horizonte/MG",R$ 1.400.000,R$ 1.543,R$ 6.634,22/01 às 14:55
"Centro_Belo Horizonte, Centro_QNone_BNone",1372308391.0,Ponto comercial com excelente localização,R$ 72.000,R$ 0,R$ 0,22/01 às 11:54
"Lourdes_Belo Horizonte, Lourdes_Q1_B1",1372289879.0,"Apartamento para aluguel, 1 quarto, 1 suíte, Lourdes - Belo Horizonte/MG",R$ 2.200,R$ 400,R$ 1.730,22/01 às 10:43
"Lourdes_Belo Horizonte, Lourdes_Q4_B3",1372288303.0,"Apartamento à venda, 4 quartos, 2 suítes, 4 vagas, Lourdes - Belo Horizonte/MG",R$ 2.749.000,R$ 2.150,R$ 0,22/01 às 10:39
"Lourdes_Belo Horizonte, Lourdes_Q2_B2",1372277227.0,Venda Apartamento 2 quartos Lourdes Belo Horizonte,R$ 1.476.419,R$ 0,R$ 0,22/01 às 10:22
"Lourdes_Belo Horizonte, Lourdes_Q4_B4",1372277195.0,Apartamento à venda no bairro Lourdes,R$ 2.850.000,R$ 2.900,R$ 0,22/01 às 10:22
"Lourdes_Belo Horizonte, Lourdes_Q3_B2",1372276844.0,Apartamento à venda no bairro Lourdes,R$ 990.000,R$ 1.966,R$ 4.626,22/01 às 10:22
"Centro_Belo Horizonte, Centro_Q1_B1",1372243437.0,"Apartamento, 1 quarto, mobiliado no Centro de BH",R$ 3.590,R$ 570,R$ 239,22/01 às 06:34
"Lourdes_Belo Horizonte, Lourdes_Q2_B2",1372243435.0,Apartametno com 2 suítes à venda no Lourdes,R$ 970.000,R$ 1.188,R$ 432,22/01 às 06:34
"Lourdes_Belo Horizonte, Lourdes_Q4_B3",1372236415.0,"Apartamento à venda, 4 quartos, 2 suítes, 3 vagas, Lourdes - Belo Horizonte/MG",R$ 1.750.000,R$ 1.000,R$ 10.836,22/01 às 05:07
"Lourdes_Belo Horizonte, Lourdes_Q2_B3",1372236417.0,"Apartamento à venda, 2 quartos, 1 suíte, 2 vagas, Lourdes - Belo Horizonte/MG",R$ 2.100.000,R$ 1.840,R$ 6.292,22/01 às 05:07
"Lourdes_Belo Horizonte, Lourdes_QNone_BNone",1372234336.0,SALA COMERCIAL 42m2 EM LOURDES PRÓXIMO AO MINAS I,R$ 400.000,R$ 704,R$ 262,22/01 às 04:16
"Lourdes_Belo Horizonte, Lourdes_Q3_B3",1372228736.0,Apartamento 3 quartos para aluguel no Lourdes,R$ 5.100,R$ 980,R$ 0,22/01 às 02:09
"Lourdes_Belo Horizonte, Lourdes_Q1_B3",1372212301.0,Santo Agostinho - Apartamento 1 quarto à venda na Anuar Donato,R$ 959.674,R$ 700,R$ 0,22/01 às 00:38
"Lourdes_Belo Horizonte, Lourdes_Q1_B3",1372212281.0,Santo Agostinho - Apartamento 1 quarto à venda na Anuar Donato,R$ 873.850,R$ 700,R$ 0,22/01 às 00:37
"Lourdes_Belo Horizonte, Lourdes_Q2_B1",1372212182.0,Lourdes - Apartamento 2 quartos à venda na Anuar Donato,R$ 3.500.000,R$ 0,R$ 0,22/01 às 00:37
"Lourdes_Belo Horizonte, Lourdes_Q3_B3",1372212168.0,Lourdes - Apartamento 3 quartos à venda na Anuar Donato,R$ 2.647.000,R$ 1.700,R$ 0,22/01 às 00:37
"Lourdes_Belo Horizonte, Lourdes_Q2_B1",1372212175.0,Lourdes - Apartamento 2 quartos à venda na Anuar Donato,R$ 3.100.000,R$ 0,R$ 0,22/01 às 00:37
"Lourdes_Belo Horizonte, Lourdes_Q3_B3",1372212138.0,Lourdes - Apartamento 3 quartos à venda na Anuar Donato,R$ 2.647.000,R$ 1.700,R$ 0,22/01 às 00:37
"Lourdes_Belo Horizonte, Lourdes_Q1_B3",1372212049.0,Santo Agostinho - Apartamento 1 quarto à venda na Anuar Donato,R$ 884.383,R$ 700,R$ 0,22/01 às 00:37
"Lourdes_Belo Horizonte, Lourdes_Q3_B2",1372203550.0,Venda - APARTAMENTO - LOURDES Belo Horizonte MG,R$ 1.300.000,R$ 1.499,R$ 560,21/01 às 23:40
"Lourdes_Belo Horizonte, Lourdes_Q3_B4",1372196897.0,Cobertura em Avenida Olegário Maciel - Lourdes - Belo Horizonte/MG,R$ 3.470.365,R$ 1.100,R$ 1.000,21/01 às 23:20
"Lourdes_Belo Horizonte, Lourdes_Q1_B1",1372196899.0,Apartamento em Avenida Bias Fortes - Lourdes - Belo Horizonte/MG,R$ 599.279,R$ 1,R$ 1,21/01 às 23:20
"Lourdes_Belo Horizonte, Lourdes_Q2_B2",1372165425.0,"Apartamento para aluguel, 2 quartos, 2 suítes, 2 vagas, Lourdes - Belo Horizonte/MG",R$ 5.500,R$ 700,R$ 5.500,21/01 às 20:50
"Lourdes_Belo Horizonte, Lourdes_Q4_B4",1372165418.0,"Área Privativa para aluguel, 4 quartos, 2 suítes, 4 vagas, Lourdes - Belo Horizonte/MG",R$ 9.000,R$ 2.410,R$ 14.998,21/01 às 20:50
"Lourdes_Belo Horizonte, Lourdes_Q3_B3",1372145656.0,Apartamentos 3 Quartos 1 Suíte c Closet e 2 Semi-Suítes Região do Diamond Mall,R$ 1.938.550,R$ 0,R$ 0,21/01 às 19:53
"Lourdes_Belo Horizonte, Lourdes_Q3_B3",1368449661.0,Apartamentos 3 Quartos 1 Suíte c Closet e 2 Semi-Suítes Região do Diamond Mall,R$ 1.938.540,R$ 0,R$ 0,21/01 às 19:36
"Lourdes_Belo Horizonte, Lourdes_Q3_B3",1368287434.0,Últimas Unidades Aptos 3 Quartos 1 Suíte c Closet 2 Semi-Suítes perto do Diamond,R$ 1.938.545,R$ 0,R$ 0,21/01 às 19:35
"Lourdes_Belo Horizonte, Lourdes_Q4_B4",1372137096.0,"Apartamento à venda, 4 quartos, 2 suítes, 4 vagas, Lourdes - Belo Horizonte/MG",R$ 4.750.000,R$ 2.768,R$ 17.307,21/01 às 19:30
"Lourdes_Belo Horizonte, Lourdes_Q4_B5 ou mais",1372132983.0,APARTAMENTO - 4 QTS - 6 VGS - LOURDES,R$ 32.000,R$ 3.280,R$ 2.485,21/01 às 19:19
"Lourdes_Belo Horizonte, Lourdes_Q3_B4",1372126793.0,Apartamento com 3 quartos à venda em Belo Horizonte,R$ 2.450.000,R$ 1.200,R$ 0,21/01 às 18:52
"Centro_Belo Horizonte, Centro_Q2_B1",1372114804.0,Imóvel para venda com 45 metros quadrados com 2 quartos em Centro - Belo Horizonte - MG,R$ 610.000,R$ 500,R$ 307,21/01 às 18:15
"Lourdes_Belo Horizonte, Lourdes_Q4_B2",1372052093.0,Imóvel para venda tem 132 metros quadrados com 4 quartos em Lourdes - Belo Horizonte - MG,R$ 500.000,R$ 0,R$ 0,21/01 às 16:06
"Lourdes_Belo Horizonte, Lourdes_Q4_B4",1372029626.0,Apartamento 4 quartos - Lourdes,R$ 1.690.000,R$ 2.000,R$ 444,21/01 às 14:50
"Lourdes_Belo Horizonte, Lourdes_Q3_B3",1372000337.0,Edificio Brandemburgo: apartamento 3 quartos a venda no Lourdes.,R$ 1.198.000,R$ 837,R$ 500,21/01 às 13:15
"Lourdes_Belo Horizonte, Lourdes_Q2_B2",1371989969.0,"Apartamento à venda, 2 quartos, 1 suíte, 2 vagas, Lourdes - Belo Horizonte/MG",R$ 1.100.000,R$ 1.130,R$ 4.125,21/01 às 13:04
"Lourdes_Belo Horizonte, Lourdes_Q4_B4",1371980811.0,"Apartamento à venda, 4 quartos no Lourdes.",R$ 1.690.000,R$ 2.000,R$ 444,21/01 às 12:49
"Lourdes_Belo Horizonte, Lourdes_Q3_B3",1371948316.0,APARTAMENTO EM LOURDES 3 QUARTOS,R$ 4.000,R$ 750,R$ 410,21/01 às 11:27
"Lourdes_Belo Horizonte, Lourdes_Q2_B2",1371904647.0,"Apartamento com 2 quartos, mobiliado, 77 m² - venda ou aluguel - Lourdes - Belo Horizonte/",R$ 6.000,R$ 800,R$ 322,21/01 às 06:54
"Lourdes_Belo Horizonte, Lourdes_Q1_B1",1371892024.0,"Excelente apartamento de 40m² de 01 quarto mobiliado px Diamond Mall, 01 vaga de garagem,",R$ 3.400,R$ 980,R$ 395,21/01 às 03:15
"Lourdes_Belo Horizonte, Lourdes_Q2_B2",1371884493.0,"VENDA APARTAMENTO - 02 QUARTOS 80,00 M2 - BAIRRO: LOURDES",R$ 1.050.000,R$ 900,R$ 300,21/01 às 01:29
"Lourdes_Belo Horizonte, Lourdes_Q2_B2",1371884478.0,"ALUGUEL APARTMENTO - 02 QUARTOS 80,00 M2 - BAIRRO: LOURDES",R$ 5.500,R$ 900,R$ 300,21/01 às 01:29
"Lourdes_Belo Horizonte, Lourdes_Q3_B3",1371881677.0,Imóvel para venda com 91 metros quadrados com 3 quartos em Lourdes - Belo Horizonte - MG,R$ 1.600.000,R$ 1.400,R$ 9.170,21/01 às 01:27
"Lourdes_Belo Horizonte, Lourdes_Q4_B5 ou mais",1371876374.0,Lourdes - Apartamento 4 quartos à venda na Anuar Donato,R$ 3.300.000,R$ 0,R$ 0,21/01 às 01:15
"Lourdes_Belo Horizonte, Lourdes_Q4_B4",1371853324.0,"Apartamento com 4 quartos à venda, 160 m² por R$ 2.749.000 - Lourdes - Belo Horizonte/MG",R$ 2.749.000,R$ 2.150,R$ 1.200,20/01 às 23:35
"Lourdes_Belo Horizonte, Lourdes_Q1_B1",1371848244.0,Apartamento em Avenida Álvares Cabral - Lourdes - Belo Horizonte/MG,R$ 449.370,R$ 1,R$ 1,20/01 às 23:16
"Lourdes_Belo Horizonte, Lourdes_Q2_B2",1371845283.0,Apartamento em Rua Tomaz Gonzaga - Lourdes - Belo Horizonte/MG,R$ 1.079.180,R$ 700,R$ 4.680,20/01 às 23:08
"Lourdes_Belo Horizonte, Lourdes_Q2_B2",1371844734.0,Cobertura em Rua Santa Catarina - Lourdes - Belo Horizonte/MG,R$ 1.099.050,R$ 1,R$ 1,20/01 às 23:07
"Lourdes_Belo Horizonte, Lourdes_Q2_B1",1371842729.0,Apartamento em Rua da Bahia - Lourdes - Belo Horizonte/MG,R$ 874.380,R$ 1,R$ 1,20/01 às 23:02
"Lourdes_Belo Horizonte, Lourdes_Q2_B3",1371842271.0,Apartamento em Rua da Bahia - Lourdes - Belo Horizonte/MG,R$ 819.760,R$ 350,R$ 1,20/01 às 23:01
"Lourdes_Belo Horizonte, Lourdes_Q2_B3",1371841940.0,Apartamento em Rua da Bahia - Lourdes - Belo Horizonte/MG,R$ 869.030,R$ 350,R$ 1,20/01 às 23:00
"Lourdes_Belo Horizonte, Lourdes_Q2_B2",1371728182.0,Apartamento com 2 quartos e 1 vaga de garagem para locação no Lourdes em Belo Horizonte,R$ 3.500,R$ 700,R$ 248,20/01 às 17:19
"Lourdes_Belo Horizonte, Lourdes_Q4_B3",1371719359.0,Apartamento em Rua Gonçalves Dias - Lourdes - Belo Horizonte/MG,R$ 1.799.770,R$ 3.000,R$ 4.576,20/01 às 16:59
"Lourdes_Belo Horizonte, Lourdes_Q4_B5 ou mais",1371717943.0,Apartamento em Rua São Paulo - Lourdes - Belo Horizonte/MG,R$ 5.299.820,R$ 4.600,R$ 21.600,20/01 às 16:58
"Lourdes_Belo Horizonte, Lourdes_Q1_B4",1371717765.0,Casa em Rua Marília de Dirceu - Lourdes - Belo Horizonte/MG,R$ 4.199.190,R$ 1,R$ 5.000,20/01 às 16:58
"Centro_Belo Horizonte, Centro_QNone_BNone",1371714364.0,Sala comercial em Rua São Paulo - Centro - Belo Horizonte/MG,R$ 139.100,R$ 450,R$ 1.036,20/01 às 16:55
"Lourdes_Belo Horizonte, Lourdes_Q3_B2",1371702109.0,Apartamento em Avenida Bias Fortes - Lourdes - Belo Horizonte/MG,R$ 439.570,R$ 1.100,R$ 1.416,20/01 às 16:36
"Lourdes_Belo Horizonte, Lourdes_Q2_B1",1371695395.0,Apartamento para aluguel  com 2 quartos suíte em Lourdes - Belo Horizonte - MG,R$ 4.700,R$ 270,R$ 200,20/01 às 16:26
"Lourdes_Belo Horizonte, Lourdes_Q1_B1",1371689706.0,"Apartamento com 1 dormitório à venda, 27 m² por R$ 506.000,00 - Lourdes - Belo Horizonte/M",R$ 506.000,R$ 594,R$ 162,20/01 às 16:08
"Lourdes_Belo Horizonte, Lourdes_QNone_BNone",1371627281.0,Sala montada no centro ,R$ 400,,R$ 70,20/01 às 12:05
"Lourdes_Belo Horizonte, Lourdes_Q2_B2",1371626698.0,"APARTAMENTO 2 QUARTOS (2 SUÍTES) - LOCAÇÃO - BAIRRO DE LOURDES, BELO HORIZONTE",R$ 5.200,R$ 900,R$ 5.239,20/01 às 12:03
"Lourdes_Belo Horizonte, Lourdes_Q1_B1",1371612858.0,Aluguel - APARTAMENTO - LOURDES BELO HORIZONTE MG,R$ 3.400,R$ 980,R$ 395,20/01 às 11:19
"Lourdes_Belo Horizonte, Lourdes_Q3_B2",1371610036.0,"Apto de LUXO ao lado do SHOPPING DAIMOND, LOURDES B.Hte MG",R$ 1.750.000,R$ 1.650,R$ 12.900,20/01 às 11:11
"Lourdes_Belo Horizonte, Lourdes_Q4_B4",1371538758.0,Apartamento em Avenida Olegário Maciel - Lourdes - Belo Horizonte/MG,R$ 2.998.098,R$ 1.100,R$ 1,19/01 às 22:47
"Lourdes_Belo Horizonte, Lourdes_Q4_B5 ou mais",1371538028.0,Apartamento em Avenida do Contorno - Lourdes - Belo Horizonte/MG,R$ 2.879.350,R$ 2.000,R$ 2.000,19/01 às 22:45
"Centro_Belo Horizonte, Centro_QNone_BNone",1371536787.0,Sala comercial em Rua São Paulo - Centro - Belo Horizonte/MG,R$ 299.690,R$ 700,R$ 1.595,19/01 às 22:41
"Lourdes_Belo Horizonte, Lourdes_Q4_B3",1371536607.0,Apartamento em Avenida Álvares Cabral - Lourdes - Belo Horizonte/MG,R$ 1.299.820,R$ 1.600,R$ 5.680,19/01 às 22:41
"Lourdes_Belo Horizonte, Lourdes_Q4_B3",1371417362.0,"Apartamento 4 Quartos para Venda em Belo Horizonte, Lourdes, 4 dormitórios, 1 suíte, 3 ban",R$ 1.900.000,R$ 1.600,R$ 467,19/01 às 10:01
"Lourdes_Belo Horizonte, Lourdes_Q4_B4",1371394954.0,Venda Apartamento 4 quartos Lourdes Belo Horizonte,R$ 3.290.000,R$ 2.450,R$ 1.464,19/01 às 03:51
"Lourdes_Belo Horizonte, Lourdes_Q1_B1",1371384088.0,Venda Apartamento 1 quarto Lourdes Belo Horizonte,R$ 350.000,R$ 684,R$ 144,18/01 às 23:27
"Lourdes_Belo Horizonte, Lourdes_Q1_B1",1371384073.0,Venda Apartamento 1 quarto Lourdes Belo Horizonte,R$ 340.000,R$ 607,R$ 123,18/01 às 23:27
"Centro_Belo Horizonte, Centro_Q3_B2",1371384000.0,Venda Apartamento 3 quartos Centro Belo Horizonte,R$ 389.000,R$ 600,R$ 0,18/01 às 23:27
"Lourdes_Belo Horizonte, Lourdes_Q1_B1",1371376827.0,Apartamento em Avenida Álvares Cabral - Lourdes - Belo Horizonte/MG,R$ 449.100,R$ 1,R$ 1,18/01 às 23:02
"Lourdes_Belo Horizonte, Lourdes_Q3_B3",1371376643.0,Cobertura em Rua Marília de Dirceu - Lourdes - Belo Horizonte/MG,R$ 1.749.570,R$ 2.000,R$ 2.000,18/01 às 23:02
"Lourdes_Belo Horizonte, Lourdes_Q2_B1",1371375120.0,Apartamento em Rua Tomaz Gonzaga - Lourdes - Belo Horizonte/MG,R$ 1.114.500,R$ 790,R$ 5.148,18/01 às 23:00
"Lourdes_Belo Horizonte, Lourdes_Q3_B3",1371374422.0,Apartamento em Avenida Álvares Cabral - Lourdes - Belo Horizonte/MG,R$ 1.269.260,R$ 1.500,R$ 7.000,18/01 às 22:59
"Lourdes_Belo Horizonte, Lourdes_Q4_B5 ou mais",1371370824.0,Apartamento em Avenida do Contorno - Lourdes - Belo Horizonte/MG,R$ 2.899.810,R$ 2.000,R$ 2.500,18/01 às 22:53
"Centro_Belo Horizonte, Centro_Q3_B2",1371275144.0,"Edifício Faustino Assumpção: Excelente apartamento de 03 quartos, com 109m², ao lado do Sh",R$ 2.800,R$ 915,R$ 137,18/01 às 14:54
"Lourdes_Belo Horizonte, Lourdes_Q4_B3",1371227388.0,"Apartamento amplo à venda em localização nobre no bairro de Lourdes, Belo Horizonte, MG",R$ 1.900.000,R$ 1.600,R$ 494,18/01 às 12:10
"Lourdes_Belo Horizonte, Lourdes_Q3_B1",1371210308.0,"Apartamento para aluguel, 3 quartos, 1 vaga, Lourdes - Belo Horizonte/MG",R$ 3.100,R$ 257,R$ 829,18/01 às 10:50
"Lourdes_Belo Horizonte, Lourdes_Q2_B2",1371189753.0,Apartamento à venda no bairro Lourdes,R$ 1.000.000,R$ 1.359,R$ 3.696,18/01 às 09:14
"Lourdes_Belo Horizonte, Lourdes_QNone_BNone",1371177945.0,"Conjunto, 73 m² - venda por R$ 300.000,00 ou aluguel por R$ 2.243,96/mês - Lourdes - Belo ",R$ 300.000,R$ 914,R$ 330,18/01 às 07:29
"Lourdes_Belo Horizonte, Lourdes_QNone_BNone",1371177946.0,"Conjunto, 73 m² - venda por R$ 300.000,00 ou aluguel por R$ 2.243,96/mês - Lourdes - Belo ",R$ 1.000,R$ 914,R$ 330,18/01 às 07:29
"Lourdes_Belo Horizonte, Lourdes_Q2_B2",1371177592.0,Apartamento 2 quartos  Lourdes,R$ 570.000,R$ 700,R$ 2.101,18/01 às 07:22
"Lourdes_Belo Horizonte, Lourdes_Q3_B3",1371176077.0,Apartamento de 3 quartos no bairro Lourdes,R$ 2.453.041,R$ 1,R$ 0,18/01 às 06:54
"Lourdes_Belo Horizonte, Lourdes_Q4_B3",1371171152.0,"Apartamento à venda, 4 quartos, 1 suíte, 3 vagas, Lourdes - Belo Horizonte/MG",R$ 1.900.000,R$ 1.600,R$ 496,18/01 às 05:38
"Lourdes_Belo Horizonte, Lourdes_Q4_B4",1371168304.0,Área privativa 04 quartos - Lourdes,R$ 8.500,R$ 2.410,R$ 1.250,18/01 às 04:52
"Lourdes_Belo Horizonte, Lourdes_Q1_B1",1371164602.0,"Apartamento com 1 quarto à venda, 117 m² por R$ 999.000 - Lourdes - Belo Horizonte/MG",R$ 999.000,R$ 980,R$ 400,18/01 às 03:59
"Lourdes_Belo Horizonte, Lourdes_Q2_B2",1371161276.0,"Apartamento para aluguel, 2 quartos, 1 suíte, Lourdes - Belo Horizonte/MG",R$ 5.400,R$ 895,R$ 460,18/01 às 03:36
"Lourdes_Belo Horizonte, Lourdes_Q1_B1",1371157907.0,APARTAMENTO 1 QUARTO PARA ALUGAR - LOURDES,R$ 3.400,R$ 980,R$ 395,18/01 às 02:24
"Lourdes_Belo Horizonte, Lourdes_Q2_B2",1371152905.0,"Lindo apartamento, novo no Lourdes!",R$ 1.660.000,R$ 0,R$ 0,18/01 às 01:15
"Lourdes_Belo Horizonte, Lourdes_Q2_B2",1371152818.0,"Lindo apartamento, novo no Lourdes!",R$ 1.270.000,R$ 0,R$ 0,18/01 às 01:15
"Lourdes_Belo Horizonte, Lourdes_Q3_B3",1371149674.0,"Cobertura com 3 quartos à venda, 152 m² - Lourdes - Belo Horizonte/MG",R$ 2.200.000,R$ 0,R$ 0,18/01 às 00:47
"Lourdes_Belo Horizonte, Lourdes_Q4_B5 ou mais",1371140059.0,"Apto área privativa à venda, 4 quartos, 4 suítes, 4 vagas, Lourdes - Belo Horizonte/MG",R$ 3.690.000,R$ 3.237,R$ 24.967,17/01 às 23:28
"Lourdes_Belo Horizonte, Lourdes_Q4_B4",1371133954.0,"Apartamento com 4 Quartos e 4 banheiros para Alugar, 208 m² por R$ 19.000/Mês",R$ 19.000,R$ 2.500,R$ 1.509,17/01 às 22:51
"Lourdes_Belo Horizonte, Lourdes_Q4_B5 ou mais",1371115210.0,Apartamento em Rua Felipe dos Santos - Lourdes - Belo Horizonte/MG,R$ 5.199.600,R$ 5.000,R$ 24.000,17/01 às 21:04
"Centro_Belo Horizonte, Centro_Q1_B1",1371093796.0,Apartamento Mobiliado para Locação no Centro / Lourdes  01 Vagas,R$ 3.590,R$ 570,R$ 2.750,17/01 às 19:32
"Lourdes_Belo Horizonte, Lourdes_Q1_B1",1370977707.0,Edifício Capri: Apartamento de 01 quarto para locação no Centro.,R$ 1.750,R$ 311,R$ 0,17/01 às 14:00
"Lourdes_Belo Horizonte, Lourdes_Q4_B3",1370928708.0,Apartamento de 04 quartos à venda no Lourdes,R$ 1.980.000,R$ 2.500,R$ 525,17/01 às 11:36
"Lourdes_Belo Horizonte, Lourdes_Q2_B3",1370926391.0,"Apartamento para aluguel, 2 quartos, 2 suítes, 2 vagas, Lourdes - Belo Horizonte/MG",R$ 4.500,R$ 1.625,R$ 460,17/01 às 11:27
"Lourdes_Belo Horizonte, Lourdes_Q4_B4",1370879116.0,Apartamento de 4 quartos no bairro de Lourdes,R$ 2.800.000,R$ 3.500,R$ 13.593,17/01 às 07:16
"Lourdes_Belo Horizonte, Lourdes_Q1_B1",1370878518.0,"Apartamento com 1 dormitório para alugar, 45 m² por R$ 4.775,00/mês - Lourdes - Belo Horiz",R$ 3.400,R$ 980,R$ 395,17/01 às 07:11
"Lourdes_Belo Horizonte, Lourdes_QNone_BNone",1370877445.0,"Sala a venda na Rua Timbiras, com garagem, banheiro, portaria 24 hs, linda vista",R$ 180.000,R$ 340,R$ 160,17/01 às 07:04
"Lourdes_Belo Horizonte, Lourdes_QNone_BNone",1370877432.0,"Sala comercial para locação na rua Timbiras, portaria 24 hs, linda vista, ar condicionado",R$ 600,R$ 290,R$ 148,17/01 às 07:03
"Lourdes_Belo Horizonte, Lourdes_Q4_B2",1370874410.0,"Apartamento 4 Quartos à venda, 4 quartos, 1 suíte, 2 vagas, Lourdes - Belo Horizonte/MG",R$ 1.980.000,R$ 3.200,R$ 597,17/01 às 06:20
"Lourdes_Belo Horizonte, Lourdes_Q3_B3",1370873519.0,"Apartamento no Lourdes com área de 95m², 03 quartos, 01 suíte, 02 vagas.",R$ 1.300.000,R$ 1.780,R$ 0,17/01 às 06:08
"Lourdes_Belo Horizonte, Lourdes_Q1_B2",1370873107.0,"Área Privativa com área interna de 55m² e área externa de 62m², 01 quarto suíte, 02 vagas,",R$ 990.000,R$ 980,R$ 568,17/01 às 06:06
"Lourdes_Belo Horizonte, Lourdes_Q2_B3",1370865224.0,"Apartamento com 2 dormitórios à venda por R$ 730.000,00 - Lourdes - Belo Horizonte/MG",R$ 730.000,R$ 690,R$ 230,17/01 às 04:08
"Centro_Belo Horizonte, Centro_QNone_BNone",1370864935.0,"Conjunto de Salas para aluguel, Centro - Belo Horizonte/MG",R$ 1.000,R$ 800,R$ 217,17/01 às 04:06
"Lourdes_Belo Horizonte, Lourdes_QNone_BNone",1370864924.0,Andar - Bairro Lourdes,R$ 7.000,R$ 0,R$ 535,17/01 às 04:06
"Centro_Belo Horizonte, Centro_QNone_BNone",1370864913.0,"Sala para aluguel, Centro - Belo Horizonte/MG",R$ 500,R$ 400,R$ 108,17/01 às 04:06
"Lourdes_Belo Horizonte, Lourdes_QNone_BNone",1370864916.0,"Andar para aluguel, 4 vagas, Lourdes - Belo Horizonte/MG",R$ 50.121,R$ 0,R$ 0,17/01 às 04:06
"Lourdes_Belo Horizonte, Lourdes_QNone_BNone",1370864917.0,"Sala para aluguel, 4 vagas, Lourdes - Belo Horizonte/MG",R$ 20.154,R$ 0,R$ 0,17/01 às 04:06
"Lourdes_Belo Horizonte, Lourdes_QNone_BNone",1370864895.0,"Andar para aluguel, 5 vagas, Lourdes - Belo Horizonte/MG",R$ 53.501,R$ 0,R$ 0,17/01 às 04:06
"Santo Agostinho_Belo Horizonte, Santo Agostinho_QNone_BNone",1370864874.0,"Andar para aluguel, 4 vagas, Santo Agostinho - Belo Horizonte/MG",R$ 38.475,R$ 7.767,R$ 2.021,17/01 às 04:06
"Santo Agostinho_Belo Horizonte, Santo Agostinho_QNone_BNone",1370864879.0,"Loja para aluguel, Santo Agostinho - Belo Horizonte/MG",R$ 14.535,R$ 912,R$ 690,17/01 às 04:06
"Santo Agostinho_Belo Horizonte, Santo Agostinho_QNone_BNone",1370864808.0,"Andar para aluguel, 4 vagas, Santo Agostinho - Belo Horizonte/MG",R$ 38.475,R$ 7.767,R$ 2.021,17/01 às 04:06
"Centro_Belo Horizonte, Centro_Q1_B1",1370864823.0,"Apartamento com área privativa para aluguel, 1 quarto, 1 vaga, Centro - Belo Horizonte/MG",R$ 3.400,R$ 763,R$ 356,17/01 às 04:06
"Lourdes_Belo Horizonte, Lourdes_QNone_BNone",1370864785.0,"Sala para aluguel, 5 vagas, Lourdes - Belo Horizonte/MG",R$ 21.518,R$ 0,R$ 0,17/01 às 04:06
"Santo Agostinho_Belo Horizonte, Santo Agostinho_QNone_BNone",1370864787.0,"Loja para aluguel, Santo Agostinho - Belo Horizonte/MG",R$ 15.215,R$ 933,R$ 705,17/01 às 04:06
"Santo Agostinho_Belo Horizonte, Santo Agostinho_QNone_BNone",1370864798.0,"Andar para aluguel, 8 vagas, Santo Agostinho - Belo Horizonte/MG",R$ 76.950,R$ 15.534,R$ 4.042,17/01 às 04:06
"Lourdes_Belo Horizonte, Lourdes_QNone_BNone",1370864777.0,"Andar para aluguel, 4 vagas, Lourdes - Belo Horizonte/MG",R$ 13.161,R$ 0,R$ 0,17/01 às 04:06
"Centro_Belo Horizonte, Centro_QNone_BNone",1370864761.0,"Sala para aluguel, Centro - Belo Horizonte/MG",R$ 500,R$ 400,R$ 108,17/01 às 04:06
"Lourdes_Belo Horizonte, Lourdes_QNone_BNone",1370864662.0,"Sala para aluguel, 2 vagas, Lourdes - Belo Horizonte/MG",R$ 6.000,R$ 1.284,R$ 375,17/01 às 04:05
"Lourdes_Belo Horizonte, Lourdes_Q2_B3",1370864369.0,APARTAMENTO DE 2 QUARTOS PARA VENDA NO BAIRRO LOURDES,R$ 1.390.000,R$ 620,R$ 525,17/01 às 04:01
"Lourdes_Belo Horizonte, Lourdes_Q1_B1",1370861666.0,Apartamento 1 quarto para aluguel no Lourdes,R$ 2.200,R$ 795,R$ 145,17/01 às 03:26
"Lourdes_Belo Horizonte, Lourdes_Q2_B3",1370859046.0,Aluguel - APARTAMENTO - LOURDES Belo Horizonte MG,R$ 2.900,R$ 1.100,R$ 290,17/01 às 02:26
"Lourdes_Belo Horizonte, Lourdes_Q2_B3",1370840178.0,"Imperdível apartamento à venda em Belo Horizonte-MG, bairro Lourdes: 2 quartos, 2 suítes, ",R$ 960.000,R$ 965,R$ 411,16/01 às 23:41
"Lourdes_Belo Horizonte, Lourdes_Q2_B2",1370840121.0,"Oportunidade única: Apartamento de 2 quartos com suíte e 2 vagas em Lourdes, Belo Horizont",R$ 700.000,R$ 761,R$ 363,16/01 às 23:40
"Centro_Belo Horizonte, Centro_Q1_B1",1370791082.0,Apartamento Mobiliado para Locação no Centro / Lourdes  01 Vagas,R$ 3.590,R$ 570,R$ 2.749,16/01 às 20:49
"Lourdes_Belo Horizonte, Lourdes_Q2_B3",1370777510.0,Cobertura com 2 quartos em Lourdes para aluguel  - Belo Horizonte - MG,R$ 6.000,R$ 300,R$ 250,16/01 às 20:12
"Lourdes_Belo Horizonte, Lourdes_Q2_B2",1370714381.0,Apartamento no bairro de Lourdes,R$ 809.000,R$ 0,R$ 0,16/01 às 17:07
"Lourdes_Belo Horizonte, Lourdes_Q3_B3",1370643449.0,"Apartamento à venda, 3 quartos, 1 suíte, 2 vagas, Lourdes - Belo Horizonte/MG",R$ 2.290.000,R$ 1.760,R$ 9.549,16/01 às 13:57
"Lourdes_Belo Horizonte, Lourdes_Q1_B1",1370641051.0,Apartamento um quarto no Lourdes próximo ao colégio Bernoulli,R$ 3.100,R$ 840,R$ 395,16/01 às 13:48
"Lourdes_Belo Horizonte, Lourdes_Q2_B2",1370640101.0,"Apartamento à venda, 2 quartos, 1 suíte, 2 vagas, Lourdes - Belo Horizonte/MG",R$ 1.400.000,R$ 1,R$ 1,16/01 às 13:46
"Lourdes_Belo Horizonte, Lourdes_Q4_B3",1370639014.0,"Apartamento à venda, 4 quartos, 1 suíte, 2 vagas, Lourdes - Belo Horizonte/MG",R$ 1.700.000,R$ 1.600,R$ 8.282,16/01 às 13:43
"Lourdes_Belo Horizonte, Lourdes_Q3_B2",1370590189.0,APARTAMENTO A VENDA LOURDES 3 QUARTOS 2 SUÍTES 2 VAGAS E LAZER,R$ 1.300.000,R$ 1.050,R$ 240,16/01 às 11:08
"Lourdes_Belo Horizonte, Lourdes_Q1_B1",1370542822.0,Apartamento um quarto no Lourdes próximo ao colégio Bernoulli,R$ 3.100,R$ 840,R$ 395,16/01 às 07:32
"Lourdes_Belo Horizonte, Lourdes_QNone_BNone",1370541071.0,Loja para alugar em Lourdes próximo ao Super Nosso,R$ 33.000,R$ 0,R$ 1.962,16/01 às 07:07
"Lourdes_Belo Horizonte, Lourdes_QNone_BNone",1370540986.0,Loja para locação no Lourdes Belo Horizonte,R$ 9.500,R$ 0,R$ 568,16/01 às 07:05
"Lourdes_Belo Horizonte, Lourdes_Q3_B3",1370537210.0,"Apartamento para Locação em Belo Horizonte, Lourdes, 3 dormitórios, 1 suíte, 3 banheiros, ",R$ 3.200,R$ 1.269,R$ 443,16/01 às 06:22
"Lourdes_Belo Horizonte, Lourdes_Q2_B1",1370532945.0,"APARTAMENTO RESIDENCIAL em Belo Horizonte - MG, Lourdes",R$ 875.000,R$ 450,R$ 300,16/01 às 04:35
"Lourdes_Belo Horizonte, Lourdes_Q2_B1",1370532946.0,"APARTAMENTO RESIDENCIAL em Belo Horizonte - MG, Lourdes",R$ 830.000,R$ 450,R$ 300,16/01 às 04:35
"Lourdes_Belo Horizonte, Lourdes_Q3_B2",1370528920.0,"Apartamento à venda - Lourdes - 3 quartos, 2 vagas - Lazer completo - AP1922",R$ 1.200.000,R$ 402,R$ 940,16/01 às 03:00
"Lourdes_Belo Horizonte, Lourdes_Q2_B2",1370528093.0,"Apartamento, 2 quartos, 1 suites, 2 vagas",R$ 950.000,R$ 400,R$ 370,16/01 às 02:51
"Centro_Belo Horizonte, Centro_Q2_B1",1370527980.0,"Excelente apartamento à venda; Centro/Lourdes; Área total 56,64 m²; 2 quartos; 2 vagas gar",R$ 650.000,R$ 650,R$ 3.798,16/01 às 02:50
"Lourdes_Belo Horizonte, Lourdes_Q1_B1",1370527545.0,Apartamento para aluguel 1 quarto 1 vaga - Lourdes,R$ 3.400,R$ 980,R$ 395,16/01 às 02:45
"Lourdes_Belo Horizonte, Lourdes_Q4_B4",1370525925.0,Apartamento 4 quartos para aluguel no Lourdes,R$ 9.500,R$ 2.410,R$ 1.250,16/01 às 02:29
"Lourdes_Belo Horizonte, Lourdes_Q4_B4",1370522577.0,"ALUGUEL APARTAMENTO - 04 QUARTOS 286,00 M2 - BAIRRO: LOURDES",R$ 15.000,R$ 2.922,R$ 1.055,16/01 às 01:29
"Lourdes_Belo Horizonte, Lourdes_Q3_B1",1370516522.0,Lourdes - Apartamento 3 quartos à venda na Anuar Donato,R$ 1.270.822,R$ 0,R$ 0,16/01 às 00:11
"Lourdes_Belo Horizonte, Lourdes_Q1_B1",1370512578.0,"Apartamento com 1 dormitório para alugar, 40 m² por R$ 4.775,00/mês - Lourdes - Belo Horiz",R$ 3.400,R$ 980,R$ 395,15/01 às 23:52
"Centro_Belo Horizonte, Centro_Q1_B1",1370509052.0,Venda Apartamento 1 quarto Centro Belo Horizonte,R$ 396.000,R$ 400,R$ 150,15/01 às 23:38
"Centro_Belo Horizonte, Centro_Q3_B1",1370508664.0,Venda Apartamento 3 quartos Centro Belo Horizonte,R$ 320.000,R$ 350,R$ 84,15/01 às 23:37
"Lourdes_Belo Horizonte, Lourdes_QNone_BNone",1370493012.0,Excelente salas em Lourdes,R$ 550.000,R$ 0,R$ 0,15/01 às 22:11
"Lourdes_Belo Horizonte, Lourdes_Q4_B4",1370493010.0,Excelente 04 qtos em Lourdes,R$ 5.200.000,R$ 5.000,R$ 2.100,15/01 às 22:11
"Lourdes_Belo Horizonte, Lourdes_Q3_B2",1370492920.0,Excelente Lançamento 02 qtos,R$ 1.960.000,R$ 0,R$ 0,15/01 às 22:09
"Lourdes_Belo Horizonte, Lourdes_Q2_B1",1370440676.0,Imóvel para venda tem 75 metros quadrados com 2 quartos em Lourdes - Belo Horizonte - MG,R$ 235.000,R$ 0,R$ 0,15/01 às 18:56
"Lourdes_Belo Horizonte, Lourdes_Q1_B1",1370431195.0,"Apartamento Novo com Lazer, 1 quarto com  41 m² e Vaga Livre em Lourdes",R$ 3.000,R$ 600,R$ 250,15/01 às 18:35
"Lourdes_Belo Horizonte, Lourdes_QNone_BNone",1370379906.0,Jazigo Bosque Esperança-uso imediato,R$ 8.800,,,15/01 às 15:49
"Lourdes_Belo Horizonte, Lourdes_Q4_B4",1370367347.0,EXCELENTE AREA PRIVATIVA EM LOURDES,R$ 4.750.000,R$ 2.476,R$ 1.700,15/01 às 15:32
"Lourdes_Belo Horizonte, Lourdes_Q3_B2",1370367299.0,COBERTURA 3 QUARTOS  LOURDES,R$ 1.300.000,R$ 1.042,R$ 429,15/01 às 15:32
"Lourdes_Belo Horizonte, Lourdes_Q2_B2",1370367257.0,APARTAMENTO 2 QUARTOS  LOURDES,R$ 5.400,R$ 895,R$ 60,15/01 às 15:32
"Lourdes_Belo Horizonte, Lourdes_Q4_B4",1370367221.0,Apartamento 4 quartos para venda no Lourdes,R$ 1.950.000,R$ 978,R$ 830,15/01 às 15:32
"Lourdes_Belo Horizonte, Lourdes_Q1_B2",1370344283.0,Imóvel para aluguel com 67 metros quadrados com 1 quarto em Lourdes - Belo Horizonte - MG,R$ 3.800,R$ 1.100,R$ 406,15/01 às 14:14
"Lourdes_Belo Horizonte, Lourdes_Q3_B2",1370336319.0,"Apartamento à venda, 3 quartos, 1 suíte, 2 vagas, Lourdes - Belo Horizonte/MG",R$ 2.250.000,R$ 1,R$ 1,15/01 às 13:47
"Lourdes_Belo Horizonte, Lourdes_Q1_B1",1370333682.0,Imóvel para aluguel tem 45 metros quadrados com 1 quarto em Lourdes - Belo Horizonte - MG,R$ 3.000,R$ 500,R$ 252,15/01 às 13:40
"Lourdes_Belo Horizonte, Lourdes_Q3_B2",1370290642.0,APARTAMENTO COM AREA PRIVATIVA A VENDA COM 3 QUARTOS SUITE 2 VAGAS LAZER EM LOURDES,R$ 2.110.000,R$ 1.760,R$ 0,15/01 às 11:29
"Lourdes_Belo Horizonte, Lourdes_Q4_B3",1370290249.0,APARTAMENTO A VENDA 4 QUARTOS 2 SUITES 2 VAGAS E LAZER EM LOURDES,R$ 2.700.000,R$ 3.160,R$ 710,15/01 às 11:25
"Lourdes_Belo Horizonte, Lourdes_Q3_B3",1370288631.0,Locação Apartamento 3 quartos Lourdes Belo Horizonte,R$ 8.000,R$ 1.600,R$ 842,15/01 às 11:19
"Lourdes_Belo Horizonte, Lourdes_QNone_BNone",1370286222.0,Venda Sala Lourdes Belo Horizonte,R$ 200.000,R$ 529,R$ 181,15/01 às 11:12
"Lourdes_Belo Horizonte, Lourdes_Q2_B2",1370235631.0,"Apartamento 02 quartos a venda, 67 m2, 02 vagas e DCE em Lourdes, Belo Horizonte, MG.",R$ 1.125.000,R$ 786,R$ 486,15/01 às 07:22
"Lourdes_Belo Horizonte, Lourdes_Q1_B2",1370235556.0,Apartamento com Área Privativa  117m² e 2 vagas  Edifício Cristyano Massud,R$ 990.000,R$ 980,R$ 260,15/01 às 07:21
"Lourdes_Belo Horizonte, Lourdes_Q3_B2",1370231868.0,"Apartamento 3 Quartos à venda, 3 quartos, 1 suíte, 1 vaga, Lourdes - Belo Horizonte/MG",R$ 990.000,R$ 1.518,R$ 440,15/01 às 06:38
"Lourdes_Belo Horizonte, Lourdes_Q3_B2",1370208259.0,APARTAMENTO 3 QUARTOS PARA LOCAÇÃO EM LOURDES.,R$ 7.500,R$ 1.843,R$ 660,15/01 às 03:36
"Centro_Belo Horizonte, Centro_Q5 ou mais_B4",1370196737.0,"Apartamento para Venda em Belo Horizonte, Centro, 5 dormitórios, 1 suíte, 4 banheiros",R$ 650.000,R$ 1.097,R$ 3.500,15/01 às 02:04
"Lourdes_Belo Horizonte, Lourdes_Q4_B5 ou mais",1370190186.0,"Apartamento para alugar com 289m², 4 quartos, 2 suítes, 4 salas, 5 banheiros, 4 vagas de g",R$ 15.000,R$ 2.900,R$ 1.010,15/01 às 00:47
"Lourdes_Belo Horizonte, Lourdes_Q4_B5 ou mais",1370185706.0,Lourdes - Apartamento 4 quartos à venda na Anuar Donato,R$ 2.200.000,R$ 3.160,R$ 6.657,15/01 às 00:34
"Lourdes_Belo Horizonte, Lourdes_Q4_B3",1370179293.0,"Apartamento com 4 dormitórios para alugar, 180 m² - Lourdes - Belo Horizonte/MG",R$ 12.000,R$ 1.300,R$ 313,15/01 às 00:10
"Centro_Belo Horizonte, Centro_Q2_B2",1370146918.0,Imóvel para aluguel tem 70 metros quadrados com 2 quartos em Centro - Belo Horizonte - MG,R$ 4.000,R$ 900,R$ 0,14/01 às 21:16
"Lourdes_Belo Horizonte, Lourdes_Q3_B3",1370129324.0,"No Lourdes Ap 3 Quartos 1 Suíte 2 Semi-suítes Financiamos Até 37,5% do Total",R$ 1.938.550,R$ 0,R$ 0,14/01 às 19:58
"Lourdes_Belo Horizonte, Lourdes_Q2_B1",1370094957.0,APARTAMENTO -2 QTS - 2 VGS - LOURDES,R$ 1.100.000,R$ 1.550,R$ 440,14/01 às 18:28
"Lourdes_Belo Horizonte, Lourdes_Q3_B3",1370071595.0,3 quartos em Lourdes  A VENDA ESPAÇOS INSTAGRAMAVEIS CHEIOS DE LUXO,R$ 1.850.000,R$ 1.250,R$ 498,14/01 às 17:48
"Lourdes_Belo Horizonte, Lourdes_Q2_B2",1370071314.0,Lindo Apartamento 77m² 2 Quartos 1 Suíte 2 Banheiros 1 Vaga no Lourdes,R$ 1.050.000,R$ 854,R$ 320,14/01 às 17:47
"Lourdes_Belo Horizonte, Lourdes_Q4_B4",1370071296.0,Imóvel para venda tem 137 metros quadrados com 4 quartos em Lourdes - Belo Horizonte - MG,R$ 3.200.000,R$ 0,R$ 0,14/01 às 17:47
"Lourdes_Belo Horizonte, Lourdes_Q1_B1",1370069221.0,Imóvel para aluguel no Lourdes - Belo Horizonte - MG,R$ 1.700,R$ 225,R$ 0,14/01 às 17:42
"Lourdes_Belo Horizonte, Lourdes_Q4_B3",1370066141.0,"Apartamento de 3 quartos disponível para venda, no Lourdes!",R$ 1.940.000,R$ 1.581,R$ 672,14/01 às 17:37
"Lourdes_Belo Horizonte, Lourdes_Q2_B2",1370009453.0,"Apartamento na planta 2 quartos suite 1 vaga, para investidor",R$ 653.838,R$ 0,R$ 0,14/01 às 14:42
"Lourdes_Belo Horizonte, Lourdes_Q2_B2",1370009429.0,"Apartamento de área privativa, na planta 2 quartos suite 1 vaga, para investidor",R$ 782.541,R$ 0,R$ 0,14/01 às 14:42
"Lourdes_Belo Horizonte, Lourdes_Q3_B3",1369990633.0,"Apartamento à venda, 3 quartos, 1 suíte, 2 vagas, Lourdes - Belo Horizonte/MG",R$ 2.230.000,R$ 850,R$ 2.090,14/01 às 13:50
"Lourdes_Belo Horizonte, Lourdes_Q3_B3",1369979149.0,Cobertura a venda 3 quartos - Lourdes,R$ 1.890.000,R$ 1.170,R$ 7.009,14/01 às 13:21
"Centro_Belo Horizonte, Centro_QNone_BNone",1369946329.0,"LOJA COMERCIAL 101,79M² COM BANHEIRO PARA ALUGUEL NO CENTRO",R$ 10.179,R$ 0,R$ 0,14/01 às 11:46
"Centro_Belo Horizonte, Centro_QNone_BNone",1369946310.0,"LOJA COMERCIAL 124,33M² COM BANHEIRO PARA ALUGUEL NO CENTRO",R$ 12.433,R$ 0,R$ 0,14/01 às 11:46
"Lourdes_Belo Horizonte, Lourdes_Q1_B2",1369946234.0,ANDAR CORRIDO PARA LOCAÇÃO NO LOURDES 4 SALAS 2 BAMHOS,R$ 3.300,R$ 0,R$ 462,14/01 às 11:45
"Lourdes_Belo Horizonte, Lourdes_Q4_B4",1369944686.0,Apartamento 4 quartos no Lourdes,R$ 2.550.000,R$ 1.132,R$ 0,14/01 às 11:39
"Lourdes_Belo Horizonte, Lourdes_Q5 ou mais_B4",1369944587.0,Cobertura a venda no Lourdes,R$ 2.300.000,R$ 2.137,R$ 935,14/01 às 11:38
"Lourdes_Belo Horizonte, Lourdes_Q4_B3",1369944543.0,04 quartos a venda no Lourdes,R$ 1.800.000,R$ 1.500,R$ 429,14/01 às 11:38
"Lourdes_Belo Horizonte, Lourdes_Q4_B3",1369944551.0,"Apartamento 4 quartos, com área total de 130m²",R$ 750.000,R$ 1.190,R$ 200,14/01 às 11:38
"Lourdes_Belo Horizonte, Lourdes_Q3_B2",1369944527.0,03 quartos com 160m² à venda no Lourdes,R$ 910.000,R$ 600,R$ 416,14/01 às 11:38
"Lourdes_Belo Horizonte, Lourdes_Q4_B3",1369944528.0,Apartamento à venda com área total de 155m²,R$ 1.500.000,R$ 2.000,R$ 763,14/01 às 11:38
"Lourdes_Belo Horizonte, Lourdes_Q4_B4",1369944324.0,04 quartos à venda no Lourdes,R$ 1.100.000,R$ 1.200,R$ 247,14/01 às 11:38
"Lourdes_Belo Horizonte, Lourdes_Q4_B4",1369943236.0,04 quartos à venda no Lourdes,R$ 2.980.000,R$ 2.300,R$ 920,14/01 às 11:37
"Lourdes_Belo Horizonte, Lourdes_Q4_B4",1369943045.0,04 quartos 300m² venda no Lourdes,R$ 2.500.000,R$ 2.500,R$ 800,14/01 às 11:37
"Lourdes_Belo Horizonte, Lourdes_Q4_B4",1369906056.0,Apartamento à venda 4 quartos 2 suítes 3 vagas - Lourdes,R$ 4.701.400,R$ 0,R$ 0,14/01 às 08:58
"Lourdes_Belo Horizonte, Lourdes_Q4_B4",1369903664.0,Apartamento à venda 4 quartos 2 suítes 3 vagas - Lourdes,R$ 4.543.900,R$ 0,R$ 0,14/01 às 08:44
"Lourdes_Belo Horizonte, Lourdes_Q1_B2",1369903626.0,Cobertura à venda 1 quarto 1 suíte 1 vaga - Lourdes,R$ 1.300.000,R$ 0,R$ 0,14/01 às 08:44
"Lourdes_Belo Horizonte, Lourdes_Q2_B2",1369890877.0,"Apartamento à venda em Funcionários, BH",R$ 1.400.000,R$ 0,R$ 0,14/01 às 07:13
"Centro_Belo Horizonte, Centro_Q1_B1",1369886837.0,Venda Residential / Apartment Belo Horizonte MG,R$ 360.000,R$ 400,R$ 140,14/01 às 06:23
"Lourdes_Belo Horizonte, Lourdes_Q4_B3",1369885598.0,"Apartamento de 190m², 4 Quartos e 2 Vagas à Venda no Lourdes",R$ 1.700.000,R$ 1.500,R$ 700,14/01 às 06:02
"Lourdes_Belo Horizonte, Lourdes_Q4_B4",1369885595.0,"Apartamento à Venda de165m², 4 Quartos e 3 Vagas Bairro Lourdes",R$ 1.800.000,R$ 1.500,R$ 600,14/01 às 06:02
"Lourdes_Belo Horizonte, Lourdes_Q2_B3",1372240550.0,"Apartamento com 1 quarto à Venda, Lourdes - Belo Horizonte",R$ 2.100.000,R$ 1.535,R$ 0,22/01 às 06:01
"Lourdes_Belo Horizonte, Lourdes_Q2_B1",1369881970.0,"APARTAMENTO RESIDENCIAL em Belo Horizonte - MG, Lourdes",R$ 4.000,R$ 450,R$ 300,14/01 às 04:47
"Lourdes_Belo Horizonte, Lourdes_Q4_B4",1369880863.0,Apartamento 4 Quartos 3 Suítes - Lourdes,R$ 1.850.000,R$ 900,R$ 830,14/01 às 04:07
"Lourdes_Belo Horizonte, Lourdes_Q3_B3",1369876450.0,"APARTAMENTO RESIDENCIAL em BELO HORIZONTE - MG, LOURDES",R$ 680.000,R$ 754,R$ 250,14/01 às 03:14
"Lourdes_Belo Horizonte, Lourdes_Q1_B1",1369874806.0,"Apartamento com 1 dormitório à venda, 50 m² por R$ 350.000,00 - Lourdes - Belo Horizonte/M",R$ 350.000,R$ 670,R$ 145,14/01 às 03:03
"Lourdes_Belo Horizonte, Lourdes_Q4_B4",1369873543.0,APARTAMENTO DE 4 QUARTOS PARA LOCAÇÃO NO BAIRRO LOURDES,R$ 11.500,R$ 3.182,R$ 1.845,14/01 às 02:45
"Lourdes_Belo Horizonte, Lourdes_Q3_B2",1369860135.0,Lourdes - Apartamento 3 quartos à venda na Anuar Donato,R$ 1.300.000,R$ 1.042,R$ 5.157,14/01 às 00:47
"Lourdes_Belo Horizonte, Lourdes_QNone_BNone",1369852113.0,Loja com 46m² para locação no bairro Lourdes.,R$ 330.000,R$ 540,R$ 0,13/01 às 23:57
"Lourdes_Belo Horizonte, Lourdes_Q3_B3",1369845433.0,Cobertura com 3 quartos à venda em Belo Horizonte,R$ 1.750.000,R$ 0,R$ 0,13/01 às 23:27
"Lourdes_Belo Horizonte, Lourdes_Q4_B5 ou mais",1369843976.0,"Apartamento à venda 4 Quartos, 4 Suites, 311M², Lourdes, Belo Horizonte - MG",R$ 6.600.000,R$ 0,R$ 0,13/01 às 23:15
"Lourdes_Belo Horizonte, Lourdes_Q4_B2",1369843698.0,"Apartamento a venda com 4 quartos, sendo 2 suítes, 3 vagas de garagem e lazer completo na ",R$ 2.790.000,R$ 2.700,R$ 664,13/01 às 23:13
"Lourdes_Belo Horizonte, Lourdes_Q2_B2",1369843680.0,"Cobertura 02 quartos, 01 suite, 02 vagas, lazer à venda, Lourdes, Belo Horizonte, MG",R$ 1.645.000,R$ 1.200,R$ 684,13/01 às 23:13
"Lourdes_Belo Horizonte, Lourdes_Q2_B3",1369843638.0,"Cobertura top house à venda 2 Quartos, 2 Suites, 2 Vagas, 105M², Lourdes, Belo Horizonte -",R$ 1.490.000,R$ 1.000,R$ 500,13/01 às 23:13
"Lourdes_Belo Horizonte, Lourdes_Q2_B2",1369843636.0,"Apartamento 02 quartos, 1 suite, 02 vagas, ponto nobre à venda, Lourdes, Belo Horizonte, M",R$ 1.208.000,R$ 1.200,R$ 0,13/01 às 23:13
"Centro_Belo Horizonte, Centro_Q3_B2",1369763434.0,APARTAMENTO - 3 QTS - 1 VG - CENTRO,R$ 800.000,R$ 405,R$ 288,13/01 às 18:03
"Lourdes_Belo Horizonte, Lourdes_Q2_B1",1369763315.0,APARTAMENTO - 2 QTS - 2 VGS - LOURDES,R$ 1.000.000,R$ 1.680,R$ 410,13/01 às 18:03
"Lourdes_Belo Horizonte, Lourdes_Q1_B2",1369743985.0,Imóvel para venda  com área privativa 01 quarto em Lourdes - Belo Horizonte - MG,R$ 990.000,R$ 980,R$ 580,13/01 às 16:53
"Lourdes_Belo Horizonte, Lourdes_Q2_B1",1369733407.0,"APARTAMENTO RESIDENCIAL em Belo Horizonte - MG, Lourdes",R$ 1.200.000,R$ 477,R$ 180,13/01 às 16:24
"Lourdes_Belo Horizonte, Lourdes_Q3_B2",1369716040.0,"Apartamento à venda, 3 quartos, 2 suítes, 2 vagas, Lourdes - Belo Horizonte/MG",R$ 2.090.000,R$ 1,R$ 1,13/01 às 15:39
"Lourdes_Belo Horizonte, Lourdes_Q2_B2",1369716030.0,"Apartamento, 2 quartos, 1 suites, 1 vagas",R$ 1.050.000,R$ 800,R$ 275,13/01 às 15:39
"Lourdes_Belo Horizonte, Lourdes_Q3_B2",1369715983.0,"Apartamento, 3 quartos, 1 suites, 2 vagas",R$ 1.185.000,R$ 1.700,R$ 462,13/01 às 15:39
"Lourdes_Belo Horizonte, Lourdes_Q3_B1",1369715978.0,"Apartamento, 3 quartos, 1 suítes, 3 vagas",R$ 1.995.000,R$ 1.470,R$ 655,13/01 às 15:39
"Lourdes_Belo Horizonte, Lourdes_Q2_B1",1369715953.0,"Apartamento à venda, 2 quartos, 1 suíte, 2 vagas, Lourdes - Belo Horizonte/MG",R$ 980.000,R$ 1,R$ 1,13/01 às 15:39
"Lourdes_Belo Horizonte, Lourdes_Q2_B2",1369715943.0,"Apartamento 02 Quartos, sendo 01 suíte e 02 Vagas de garagens",R$ 6.000,R$ 895,R$ 0,13/01 às 15:39
"Lourdes_Belo Horizonte, Lourdes_Q3_B2",1369715893.0,"Apartamento, 3 quartos, 1 suites, 2 vagas",R$ 1.400.000,R$ 1.100,R$ 410,13/01 às 15:39
"Lourdes_Belo Horizonte, Lourdes_Q4_B2",1369715896.0,"Apartamento, 4 quartos, 1 suites, 2 vagas",R$ 1.600.000,R$ 2.100,R$ 860,13/01 às 15:39
"Lourdes_Belo Horizonte, Lourdes_Q3_B4",1369715820.0,"Cobertura mobiliada 3 quartos, com 173m² em Lourdes!",R$ 3.300.000,R$ 1.290,R$ 930,13/01 às 15:39
"Lourdes_Belo Horizonte, Lourdes_Q3_B4",1369715345.0,"Cobertura 3 quartos, sendo 01 Suíte, 03 vagas de garagem",R$ 2.950.000,R$ 1.290,R$ 930,13/01 às 15:38
"Lourdes_Belo Horizonte, Lourdes_Q4_B5 ou mais",1369612768.0,"Apartamento em Lourdes,  quatro suítes, enorme varanda, 3 vagas.",R$ 4.200.000,R$ 2.600,R$ 1.500,13/01 às 10:03
"Lourdes_Belo Horizonte, Lourdes_Q2_B2",1369571471.0,Apartamento com varanda em ótima localização,,R$ 60.050.000,,13/01 às 07:16
"Lourdes_Belo Horizonte, Lourdes_Q2_B2",1369567258.0,Apartamento 2 quartos para locação novo no Lourdes,R$ 5.400,R$ 895,R$ 1,13/01 às 06:15
"Lourdes_Belo Horizonte, Lourdes_Q4_B2",1328165588.0,"Apartamento com 4 quartos sendo 02 com suite à venda, 151 m² por R$ 2.220.000 - Lourdes - ",R$ 2.220.000,R$ 1.600,R$ 7.000,12/01 às 15:32
"Lourdes_Belo Horizonte, Lourdes_Q3_B2",1369427749.0,"Apartamento à venda, 3 quartos no Lourdes.",R$ 1.300.000,R$ 1.042,R$ 429,12/01 às 13:31
"Lourdes_Belo Horizonte, Lourdes_Q4_B5 ou mais",1369427483.0,"Apartamento 4 quartos, Santo Agostinho/ Lourdes 50 m2 do Shopping Diamond,lazer, 3 vagas.",R$ 2.350.000,R$ 2.100,R$ 11.831,12/01 às 13:30
"Lourdes_Belo Horizonte, Lourdes_Q4_B3",1369370953.0,Venda Residential / Apartment Belo Horizonte MG,R$ 680.000,R$ 1.200,R$ 0,12/01 às 06:11
"Lourdes_Belo Horizonte, Lourdes_Q2_B2",1369236964.0,Imóvel para venda com 85 metros quadrados com 2 quartos em Lourdes - Belo Horizonte - MG,R$ 450.000,R$ 400,R$ 0,11/01 às 12:56
"Lourdes_Belo Horizonte, Lourdes_Q4_B3",1369232268.0,"Apartamento à venda, 4 quartos, 1 suíte, 2 vagas, Lourdes - Belo Horizonte/MG",R$ 1.940.000,R$ 1.576,R$ 671,11/01 às 12:36
"Lourdes_Belo Horizonte, Lourdes_Q3_B2",1369220235.0,Excelente apartamento 3 quartos no Lourdes,R$ 1.350.000,R$ 1.150,R$ 706,11/01 às 11:57
"Santo Agostinho_Belo Horizonte, Santo Agostinho_QNone_BNone",1369219189.0,"Loja para aluguel, Santo Agostinho - Belo Horizonte/MG",R$ 33.150,R$ 2.742,R$ 16.903,11/01 às 11:57
"Lourdes_Belo Horizonte, Lourdes_Q4_B4",1369210831.0,"Apartamento 4 Quartos , 191m² - Bairro Lourdes",R$ 4.518.800,R$ 10,R$ 10,11/01 às 11:17
"Centro_Belo Horizonte, Centro_Q2_B1",1369183951.0,Venda Apartamento 2 quartos Centro Belo Horizonte,R$ 649.000,R$ 840,R$ 345,11/01 às 08:50
"Lourdes_Belo Horizonte, Lourdes_QNone_BNone",1369165923.0,Centro/Lourdes sala com banheiro e portaria 24 hs,R$ 800,R$ 330,R$ 140,11/01 às 06:26
"Lourdes_Belo Horizonte, Lourdes_Q4_B4",1369165209.0,"Venda: Apartamento de 165m², 4 quarto sendo 3 Suítes e 3 Vagas no Bairro Lourdes",R$ 1.850.000,R$ 980,R$ 750,11/01 às 06:12
"Lourdes_Belo Horizonte, Lourdes_Q3_B4",1369162678.0,"Cobertura Top House com área total de 197,46m², 03 suítes, 04 vagas de garagem, no Lourdes",R$ 3.427.539,R$ 1.100,R$ 0,11/01 às 05:22
"Lourdes_Belo Horizonte, Lourdes_Q3_B2",1369152519.0,Venda Apartamento 3 quartos Lourdes Belo Horizonte,R$ 990.000,R$ 1.966,R$ 440,11/01 às 03:31
"Lourdes_Belo Horizonte, Lourdes_Q2_B2",1369150622.0,"Apartamento com 2 quartos para alugar, 63 m² por R$ 5.483/mês - Lourdes - Belo Horizonte/M",R$ 4.500,R$ 500,R$ 315,11/01 às 02:52
"Lourdes_Belo Horizonte, Lourdes_Q2_B3",1369150387.0,"Cobertura com 2 quartos para alugar, 137 m² por R$ 7.383/mês - Lourdes - Belo Horizonte/MG",R$ 6.400,R$ 500,R$ 483,11/01 às 02:47
"Lourdes_Belo Horizonte, Lourdes_Q2_B2",1369150346.0,"Apartamento com 2 quartos para alugar, 64 m² por R$ 5.483/mês - Lourdes - Belo Horizonte/M",R$ 4.500,R$ 500,R$ 315,11/01 às 02:46
"Lourdes_Belo Horizonte, Lourdes_Q4_B4",1369142171.0,Lourdes - Apartamento 4 quartos à venda na Anuar Donato,R$ 4.673.600,R$ 0,R$ 0,11/01 às 00:42
"Lourdes_Belo Horizonte, Lourdes_Q4_B4",1369142170.0,Lourdes - Apartamento 4 quartos à venda na Anuar Donato,R$ 4.543.900,R$ 0,R$ 0,11/01 às 00:42
"Lourdes_Belo Horizonte, Lourdes_Q4_B4",1369141224.0,Lourdes - Apartamento 4 quartos à venda na Anuar Donato,R$ 4.703.100,R$ 0,R$ 0,11/01 às 00:38
"Centro_Belo Horizonte, Centro_Q1_B1",1369131337.0,Venda Apartamento 1 quarto Centro Belo Horizonte,R$ 370.000,R$ 541,R$ 132,10/01 às 23:34
"Lourdes_Belo Horizonte, Lourdes_Q3_B2",1369131265.0,Venda Apartamento 3 quartos Lourdes Belo Horizonte,R$ 990.000,R$ 1.966,R$ 440,10/01 às 23:34
"Centro_Belo Horizonte, Centro_Q2_B3",1369131226.0,Venda Apartamento 2 quartos Centro Belo Horizonte,R$ 380.000,R$ 538,R$ 173,10/01 às 23:34
"Lourdes_Belo Horizonte, Lourdes_Q2_B2",1369131207.0,Venda Apartamento 2 quartos Lourdes Belo Horizonte,R$ 635.000,R$ 950,R$ 165,10/01 às 23:34
"Centro_Belo Horizonte, Centro_Q2_B1",1369131181.0,Venda Apartamento 2 quartos Centro Belo Horizonte,R$ 649.000,R$ 840,R$ 345,10/01 às 23:34
"Lourdes_Belo Horizonte, Lourdes_Q4_B5 ou mais",1369083288.0,Imóvel para venda possui 267 metros quadrados com 4 quartos em Lourdes - Belo Horizonte - ,R$ 5.600.000,R$ 0,R$ 0,10/01 às 19:22
"Lourdes_Belo Horizonte, Lourdes_Q2_B3",1369077596.0,APARTAMENTO 3 quartos 2 SEMI SUITES  Lourdes,R$ 6.500,R$ 1.250,R$ 498,10/01 às 19:17
"Centro_Belo Horizonte, Centro_Q2_B1",1369066658.0,APARTAMENTO - 2 QTS - CENTRO,R$ 350.000,R$ 642,R$ 145,10/01 às 19:04
"Lourdes_Belo Horizonte, Lourdes_Q4_B5 ou mais",1256553206.0,"Apartamento  4 Quartos, Lourdes - Belo Horizonte ",R$ 2.300.000,R$ 2.600,R$ 1.083,10/01 às 15:01
"Lourdes_Belo Horizonte, Lourdes_Q1_B1",1368965223.0,Apartamento de 1 quarto para locação no Lourdes.,R$ 2.500,R$ 438,R$ 176,10/01 às 13:07
"Lourdes_Belo Horizonte, Lourdes_Q2_B2",1368961465.0,Cobertura à venda no bairro Lourdes com 96m² e 2 dormitórios/quartos disponíveis.,R$ 1.670.000,R$ 1,R$ 1,10/01 às 13:05
"Lourdes_Belo Horizonte, Lourdes_Q2_B2",1368961410.0,Apartamento à venda no bairro Lourdes com 90m² e 2 dormitórios/quartos.,R$ 610.000,R$ 1.200,R$ 143,10/01 às 13:05
"Lourdes_Belo Horizonte, Lourdes_Q2_B2",1368961208.0,Apartamento à venda no bairro Lourdes com 63 m² e 2 dormitórios/quartos disponíveis.,R$ 1.140.000,R$ 1,R$ 1,10/01 às 13:05
"Lourdes_Belo Horizonte, Lourdes_Q2_B2",1368961227.0,Apartamento à venda no bairro Lourdes com 97 m² e 2 dormitórios/quartos disponíveis,R$ 1.380.000,R$ 1,R$ 1,10/01 às 13:05
"Centro_Belo Horizonte, Centro_Q2_B1",1368961230.0,"Apartamento à venda no Centro, 54 m², 2 dormitórios/quartos disponíveis.",R$ 649.000,R$ 840,R$ 345,10/01 às 13:05
"Lourdes_Belo Horizonte, Lourdes_Q3_B2",1368961195.0,Apartamento à venda no bairro Lourdes com 98 m² e 3 dormitórios/quartos disponíveis.,R$ 990.000,R$ 1.966,R$ 440,10/01 às 13:05
"Lourdes_Belo Horizonte, Lourdes_Q3_B3",1368942748.0,"Magnifico apartamento 03 quartos com lazer , na melhor localização do Lourdes",R$ 1.990.000,R$ 854,R$ 670,10/01 às 11:45
"Lourdes_Belo Horizonte, Lourdes_Q3_B2",1368905431.0,Apartamento á venda no bairro Lourdes,R$ 1.200.000,R$ 830,R$ 6.380,10/01 às 09:20
"Lourdes_Belo Horizonte, Lourdes_Q4_B4",1368895973.0,"Apartamento em Lourdes, Belo Horizonte/MG",R$ 1.450.000,R$ 2.500,R$ 692,10/01 às 08:30
"Lourdes_Belo Horizonte, Lourdes_Q3_B2",1368891785.0,Apartamento 3 quartos  Lourdes,R$ 1.300.000,R$ 1.042,R$ 5.157,10/01 às 07:47
"Lourdes_Belo Horizonte, Lourdes_Q4_B3",1368887814.0,"Apartamento com 4 dormitórios à venda por R$ 1.750.000,00 - Lourdes - Belo Horizonte/MG",R$ 1.750.000,R$ 1.000,R$ 940,10/01 às 07:08
"Lourdes_Belo Horizonte, Lourdes_Q4_B3",1368883662.0,Apartamento com 4 quartos (2 suítes) no bairro Lourdes,R$ 2.000.000,R$ 1.900,R$ 466,10/01 às 06:57
"Lourdes_Belo Horizonte, Lourdes_Q2_B2",1368882007.0,"Apartamento para aluguel, 2 quartos, 1 suíte, 1 vaga, Lourdes - Belo Horizonte/MG",R$ 3.600,R$ 780,R$ 3.252,10/01 às 06:40
"Lourdes_Belo Horizonte, Lourdes_Q4_B5 ou mais",1368881735.0,"Apartamento à Venda  4 Quartos, 2 Suítes e 3 Vagas no Lourdes",R$ 1.750.000,R$ 1.100,R$ 780,10/01 às 06:38
"Lourdes_Belo Horizonte, Lourdes_Q4_B3",1368881716.0,"Apartamento à Venda  4 Quartos, 160 m² e Padrão Caparaó no Lourdes",R$ 1.750.000,R$ 1.890,R$ 630,10/01 às 06:38
"Lourdes_Belo Horizonte, Lourdes_Q2_B1",1368879047.0,Cobertura com 2 quartos a venda no bairro Lourdes!,R$ 1.000.000,R$ 340,R$ 448,10/01 às 05:55
"Lourdes_Belo Horizonte, Lourdes_Q5 ou mais_B5 ou mais",1368863823.0,"Lourdes: Apartamento 4 qts, 2 suítes, 2 semi suítes, com área privativa, 4 vagas de garage",R$ 9.500,R$ 2.700,R$ 14.300,10/01 às 03:06
"Lourdes_Belo Horizonte, Lourdes_Q4_B2",1368860396.0,Apartamento 4 quartos para aluguel no Lourdes,R$ 12.000,R$ 1.350,R$ 312,10/01 às 02:31
"Lourdes_Belo Horizonte, Lourdes_QNone_BNone",1368857582.0,Venda Conjunto de salas Lourdes Belo Horizonte,R$ 829.000,R$ 2.150,R$ 459,10/01 às 01:56
"Lourdes_Belo Horizonte, Lourdes_Q2_B3",1368857367.0,Venda Apartamento 2 quartos Lourdes Belo Horizonte,R$ 960.000,R$ 915,R$ 313,10/01 às 01:55
"Lourdes_Belo Horizonte, Lourdes_Q5 ou mais_B4",1368857254.0,Venda Casa Lourdes Belo Horizonte,R$ 4.400.000,R$ 0,R$ 0,10/01 às 01:54
"Lourdes_Belo Horizonte, Lourdes_Q2_B3",1368857235.0,Venda Apartamento 2 quartos Lourdes Belo Horizonte,R$ 1.500.000,R$ 1.922,R$ 1.297,10/01 às 01:54
"Lourdes_Belo Horizonte, Lourdes_Q2_B2",1368857159.0,Venda Apartamento 2 quartos Lourdes Belo Horizonte,R$ 1.140.000,R$ 1,R$ 1,10/01 às 01:53
"Lourdes_Belo Horizonte, Lourdes_Q2_B3",1368857136.0,Venda Cobertura Lourdes Belo Horizonte,R$ 1.700.000,R$ 1.500,R$ 394,10/01 às 01:53
"Lourdes_Belo Horizonte, Lourdes_Q4_B3",1368855793.0,"VENDA AREA PRIVATIVA - 04 QUARTOS 250,00 M2 - BAIRRO: LOURDES",R$ 2.749.000,R$ 2.150,R$ 1.183,10/01 às 01:46
"Lourdes_Belo Horizonte, Lourdes_Q4_B5 ou mais",1368855762.0,"VENDA APARTAMENTO - 04 QUARTOS 300,00 M2 - BAIRRO: LOURDES",R$ 2.680.000,R$ 2.900,R$ 1.070,10/01 às 01:46
"Lourdes_Belo Horizonte, Lourdes_Q2_B3",1368850204.0,Lourdes - Apartamento 2 quartos à venda na Anuar Donato,R$ 2.100.000,R$ 1.840,R$ 6.295,10/01 às 01:27
"Lourdes_Belo Horizonte, Lourdes_Q3_B3",1368844951.0,Lourdes - Apartamento 3 quartos à venda na Anuar Donato,R$ 1.875.307,R$ 1.500,R$ 539,10/01 às 00:39
"Centro_Belo Horizonte, Centro_Q2_B1",1368844659.0,Centro - Apartamento 2 quartos à venda na Anuar Donato,R$ 690.000,R$ 0,R$ 0,10/01 às 00:37
"Lourdes_Belo Horizonte, Lourdes_Q2_B3",1368840140.0,"Apartamento para aluguel, 2 quarto(s), Lourdes, Belo Horizonte - W2241_AP765",R$ 4.700,R$ 970,R$ 458,10/01 às 00:10
"Centro_Belo Horizonte, Centro_Q2_B1",1368808791.0,APARTAMENTO À VENDA - 72 m² - CENTRO - BELO HORIZONTE (MG),R$ 410.000,R$ 675,R$ 165,09/01 às 21:50
"Lourdes_Belo Horizonte, Lourdes_Q2_B2",1368742567.0,Aluguel - APARTAMENTO - LOURDES BELO HORIZONTE MG,R$ 4.100,R$ 1.001,R$ 372,09/01 às 17:56
"Lourdes_Belo Horizonte, Lourdes_Q4_B5 ou mais",1368660623.0,Apartamento | 4 suítes | Venda | Lourdes,R$ 7.245.000,R$ 4.800,R$ 28.615,09/01 às 13:16
"Centro_Belo Horizonte, Centro_Q2_B1",1368602668.0,"Apartamento à venda, 2 quartos, Centro - Belo Horizonte/MG",R$ 430.000,R$ 800,R$ 137,09/01 às 09:33
"Lourdes_Belo Horizonte, Lourdes_Q5 ou mais_B4",1368572369.0,Casa 02 pavimentos de aproximadamente 600m² de área total. Localizado no bairro Lourdes ex,R$ 10.000.000,R$ 0,R$ 0,09/01 às 05:49
"Lourdes_Belo Horizonte, Lourdes_Q2_B2",1368571946.0,Venda Residential / Apartment Belo Horizonte MG,R$ 320.000,R$ 500,R$ 0,09/01 às 05:42
"Lourdes_Belo Horizonte, Lourdes_QNone_BNone",1368563233.0,"Loja para aluguel, Lourdes - Belo Horizonte/MG",R$ 3.500,R$ 787,R$ 0,09/01 às 03:02
"Centro_Belo Horizonte, Centro_Q2_B1",1368541652.0,"Apartamento à venda, 2 quartos, Centro - Belo Horizonte/MG",R$ 350.000,R$ 642,R$ 145,09/01 às 00:28
"Lourdes_Belo Horizonte, Lourdes_Q2_B1",1368541638.0,"Cobertura à venda, 2 quartos, 1 suíte, 3 vagas, Lourdes - Belo Horizonte/MG",R$ 1.995.000,R$ 1.470,R$ 655,09/01 às 00:28
"Lourdes_Belo Horizonte, Lourdes_Q4_B2",1368541579.0,"Apartamento à venda, 4 quartos, 1 suíte, 1 vaga, Lourdes - Belo Horizonte/MG",R$ 950.000,R$ 450,R$ 374,09/01 às 00:28
"Lourdes_Belo Horizonte, Lourdes_Q2_B2",1368539227.0,Lourdes - Cobertura 2 quartos à venda na Anuar Donato,R$ 1.550.000,R$ 0,R$ 0,09/01 às 00:08
"Centro_Belo Horizonte, Centro_Q2_B2",1368473108.0,APARTAMENTO À VENDA - 75 m² - CENTRO - BELO HORIZONTE (MG),R$ 495.000,R$ 550,R$ 150,08/01 às 21:07
"Lourdes_Belo Horizonte, Lourdes_Q1_B1",1368445694.0,"Flat disponível para venda no Transamerica Belo Horizonte Lourdes, com 36,16m², 1 dormitór",R$ 424.000,R$ 0,R$ 0,08/01 às 19:19
"Lourdes_Belo Horizonte, Lourdes_Q3_B3",1361616380.0,Apartamentos 1 Suíte c Closet e 2 Semi-Suítes no Lourdes perto do Diamond Mall,R$ 1.938.540,R$ 1,R$ 1,08/01 às 19:13
"Lourdes_Belo Horizonte, Lourdes_Q3_B1",1368425461.0,APARTAMENTO - 3 QTS - 2 VGS - LOURDES,R$ 1.300.000,R$ 1.050,R$ 240,08/01 às 18:00
"Lourdes_Belo Horizonte, Lourdes_Q2_B2",1368420916.0,Imóvel para venda com 96 metros quadrados com 2 quartos em Lourdes - Belo Horizonte - MG,R$ 1.670.000,R$ 1,R$ 1,08/01 às 17:43
"Lourdes_Belo Horizonte, Lourdes_Q2_B2",1368410325.0,Imóvel para venda tem 63 metros quadrados com 2 quartos em Lourdes - Belo Horizonte - MG,R$ 1.140.000,R$ 1,R$ 1,08/01 às 17:20
"Lourdes_Belo Horizonte, Lourdes_Q2_B2",1368405115.0,Imóvel para venda com 97 metros quadrados com 2 quartos em Lourdes - Belo Horizonte - MG,R$ 1.380.000,R$ 1,R$ 1,08/01 às 17:04
"Lourdes_Belo Horizonte, Lourdes_Q1_B1",1368368684.0,Imóvel para venda possui 37 metros quadrados com 1 quarto no bairro Funcionários,R$ 250.000,R$ 467,R$ 83.165,08/01 às 15:26
"Lourdes_Belo Horizonte, Lourdes_Q3_B2",1368335080.0,Jade: Apartamento para à venda de 3 quartos no Lourdes.,R$ 1.198.121,R$ 0,R$ 0,08/01 às 13:45
"Lourdes_Belo Horizonte, Lourdes_Q2_B2",1368312458.0,"Apartamento à venda, 2 quartos, 1 suíte, 2 vagas, Lourdes - Belo Horizonte/MG",R$ 1.050.000,R$ 380,R$ 300,08/01 às 12:23
"Lourdes_Belo Horizonte, Lourdes_Q1_B2",1368312451.0,"Cobertura à venda, 1 quarto, 1 suíte, 2 vagas, Lourdes - Belo Horizonte/MG",R$ 998.000,R$ 380,R$ 300,08/01 às 12:23
"Lourdes_Belo Horizonte, Lourdes_Q2_B2",1368312445.0,"Apartamento à venda, 2 quartos, 1 suíte, 2 vagas, Lourdes - Belo Horizonte/MG",R$ 930.000,R$ 380,R$ 300,08/01 às 12:23
"Lourdes_Belo Horizonte, Lourdes_QNone_BNone",1368240440.0,Sala comercial no bairro de Lourdes .,R$ 22.309,R$ 0,R$ 0,08/01 às 07:22
"Lourdes_Belo Horizonte, Lourdes_Q4_B3",1368237220.0,"Apartamento à venda, 4 quartos, 1 suíte, 2 vagas, Lourdes - Belo Horizonte/MG",R$ 1.940.000,R$ 1.576,R$ 671,08/01 às 06:54
"Lourdes_Belo Horizonte, Lourdes_Q3_B2",1368232432.0,"Apartamento 3 Quartos à venda, 3 quartos, 1 suíte, 2 vagas, Lourdes - Belo Horizonte/MG",R$ 1.300.000,R$ 1.176,R$ 505,08/01 às 05:51
"Lourdes_Belo Horizonte, Lourdes_Q3_B2",1368232420.0,"Apartamento 3 Quartos à venda, 3 quartos, 2 suítes, 2 vagas, Lourdes - Belo Horizonte/MG",R$ 1.300.000,R$ 1.042,R$ 453,08/01 às 05:51
"Lourdes_Belo Horizonte, Lourdes_Q3_B2",1368230058.0,lourdes venda apartamento 03 quarto 87m² px Minas,R$ 990.000,R$ 1.518,R$ 421,08/01 às 05:45
"Lourdes_Belo Horizonte, Lourdes_Q1_B1",1368223453.0,"Apartamento para aluguel, 1 quarto, 1 suíte, 1 vaga, Lourdes - Belo Horizonte/MG",R$ 2.800,R$ 500,R$ 3.111,08/01 às 03:46
"Lourdes_Belo Horizonte, Lourdes_Q4_B3",1368221322.0,"VENDA APARTAMENTO - 04 QUARTOS 280,00 M2 - BAIRRO: SANTO AGOSTINHO",R$ 2.700.000,R$ 2.960,R$ 713,08/01 às 02:52
"Lourdes_Belo Horizonte, Lourdes_Q3_B3",1368221215.0,"VENDA APARTAMENTO - 03 QUARTOS 87,00 M2 - BAIRRO: LOURDES",R$ 1.300.000,R$ 1.050,R$ 240,08/01 às 02:50
"Lourdes_Belo Horizonte, Lourdes_Q1_B1",1370364639.0,Kitnet no centro de BH,R$ 1.800,R$ 250,,15/01 às 15:21
"Centro_Belo Horizonte, Centro_Q2_B2",1368000142.0,"Apartamento à venda, 2 quartos, 1 suíte, 2 vagas, Lourdes - Belo Horizonte/MG",R$ 1.390.000,R$ 450,R$ 450,07/01 às 11:59
"Lourdes_Belo Horizonte, Lourdes_Q1_B1",1367956487.0,Apartamento com 1 quarto à venda - Lourdes,R$ 914.480,R$ 0,R$ 0,07/01 às 09:27
"Lourdes_Belo Horizonte, Lourdes_Q1_B1",1367927038.0,Cobertura com 1 quarto à venda - Lourdes,R$ 1.587.063,R$ 0,R$ 0,07/01 às 05:55
"Lourdes_Belo Horizonte, Lourdes_Q1_B1",1367927037.0,Apartamento com 1 quarto à venda - Lourdes,R$ 982.328,R$ 0,R$ 0,07/01 às 05:55
"Lourdes_Belo Horizonte, Lourdes_Q1_B1",1367927036.0,Área privativa com 1 quarto à venda - Lourdes,R$ 1.234.480,R$ 0,R$ 0,07/01 às 05:55
"Lourdes_Belo Horizonte, Lourdes_Q1_B1",1367927030.0,Apartamento com 1 quarto à venda - Lourdes,R$ 725.052,R$ 0,R$ 0,07/01 às 05:55
"Lourdes_Belo Horizonte, Lourdes_Q1_B1",1367927027.0,Apartamento com 1 quarto à venda - Lourdes,R$ 725.682,R$ 0,R$ 0,07/01 às 05:55
"Lourdes_Belo Horizonte, Lourdes_Q2_B1",1367927028.0,Apartamento com 2 quartos à venda - Lourdes,R$ 913.140,R$ 0,R$ 0,07/01 às 05:55
"Lourdes_Belo Horizonte, Lourdes_Q2_B1",1367927024.0,Cobertura com 2 quartos à venda - Lourdes,R$ 2.359.590,R$ 0,R$ 0,07/01 às 05:55
"Lourdes_Belo Horizonte, Lourdes_Q1_B1",1367927026.0,Área privativa com 1 quarto à venda - Lourdes,R$ 778.816,R$ 0,R$ 0,07/01 às 05:55
"Lourdes_Belo Horizonte, Lourdes_Q1_B1",1367927022.0,Apartamento com 1 quarto à venda - Lourdes,R$ 858.872,R$ 0,R$ 0,07/01 às 05:55
"Lourdes_Belo Horizonte, Lourdes_Q1_B1",1367927021.0,Apartamento com 1 quarto à venda - Lourdes,R$ 727.380,R$ 0,R$ 0,07/01 às 05:55
"Lourdes_Belo Horizonte, Lourdes_Q1_B1",1367927017.0,Área privativa com 1 quarto à venda - Lourdes,R$ 829.212,R$ 0,R$ 0,07/01 às 05:55
"Lourdes_Belo Horizonte, Lourdes_Q1_B1",1367927020.0,Apartamento com 1 quarto à venda - Lourdes,R$ 901.080,R$ 0,R$ 0,07/01 às 05:55
"Lourdes_Belo Horizonte, Lourdes_Q1_B1",1367927015.0,Apartamento com 1 quarto à venda - Lourdes,R$ 737.566,R$ 0,R$ 0,07/01 às 05:55
"Lourdes_Belo Horizonte, Lourdes_Q4_B4",1367919532.0,"Apartamento à venda, 4 quartos, 2 suítes, 3 vagas, Lourdes - Belo Horizonte/MG",R$ 1.750.000,R$ 1.000,R$ 899,07/01 às 03:35
"Lourdes_Belo Horizonte, Lourdes_Q2_B3",1367913862.0,Venda Apartamento 2 quartos Lourdes Belo Horizonte,R$ 1.500.000,R$ 1.922,R$ 1.297,07/01 às 01:56
"Lourdes_Belo Horizonte, Lourdes_Q2_B2",1367903754.0,"Apartamento com 2 Quartos e 2 banheiros para alugar, 67 m² no Lourdes!",R$ 6.000,R$ 786,R$ 468,07/01 às 00:46
"Centro_Belo Horizonte, Centro_QNone_BNone",1367878969.0,"Sala à venda 556.61M², Centro, Belo Horizonte - MG",R$ 4.200.000,R$ 0,R$ 60,06/01 às 22:18
"Centro_Belo Horizonte, Centro_QNone_BNone",1367877329.0,"Sala à venda 80.07M², Centro, Belo Horizonte - MG",R$ 300.000,R$ 0,R$ 174,06/01 às 22:13
"Centro_Belo Horizonte, Centro_QNone_BNone",1367877023.0,"Sala à venda 80.00M², Centro, Belo Horizonte - MG | Ed. Atlântico",R$ 300.000,R$ 503,R$ 192,06/01 às 22:11
"Lourdes_Belo Horizonte, Lourdes_QNone_BNone",1367837447.0,Excelente sala comercial no Lourdes,R$ 229.000,R$ 560,R$ 123,06/01 às 19:37
"Lourdes_Belo Horizonte, Lourdes_Q2_B2",1367834441.0,Apartamento à venda 2 quartos 2 suítes - Lourdes,R$ 820.000,R$ 0,R$ 0,06/01 às 19:22
"Lourdes_Belo Horizonte, Lourdes_Q4_B4",1367822938.0,Cobertura à venda 4 quartos 2 suítes 3 vagas - Lourdes,R$ 9.978.000,R$ 0,R$ 0,06/01 às 19:06
"Lourdes_Belo Horizonte, Lourdes_Q1_B2",1367822505.0,Cobertura à venda 1 quarto 1 suíte 1 vaga - Lourdes,R$ 1.550.000,R$ 1.200,R$ 0,06/01 às 19:05
"Lourdes_Belo Horizonte, Lourdes_Q3_B2",1367821493.0,Apartamento à venda 3 quartos 1 suíte 2 vagas - Lourdes,R$ 2.510.680,R$ 0,R$ 0,06/01 às 19:04
"Lourdes_Belo Horizonte, Lourdes_QNone_BNone",1367820694.0,Apartamento à venda - Lourdes,R$ 9.480.000,R$ 0,R$ 0,06/01 às 19:02
"Lourdes_Belo Horizonte, Lourdes_Q4_B4",1367820227.0,Apartamento à venda 4 quartos 2 suítes 3 vagas - Lourdes,R$ 4.892.700,R$ 0,R$ 0,06/01 às 19:01
"Lourdes_Belo Horizonte, Lourdes_Q4_B4",1367819821.0,Apartamento à venda 4 quartos 2 suítes 3 vagas - Lourdes,R$ 6.125.800,R$ 0,R$ 0,06/01 às 19:01
"Lourdes_Belo Horizonte, Lourdes_Q4_B4",1367819484.0,Apartamento à venda 4 quartos 2 suítes 3 vagas - Lourdes,R$ 4.703.100,R$ 0,R$ 0,06/01 às 19:00
"Lourdes_Belo Horizonte, Lourdes_Q4_B4",1367819276.0,Apartamento à venda 4 quartos 2 suítes 3 vagas - Lourdes,R$ 4.673.600,R$ 0,R$ 0,06/01 às 19:00
"Lourdes_Belo Horizonte, Lourdes_Q3_B2",1367819221.0,Apartamento à venda no bairro Lourdes,R$ 1.150.000,R$ 1.451,R$ 5.529,06/01 às 19:00
"Lourdes_Belo Horizonte, Lourdes_Q3_B1",1367818939.0,Apartamento à venda 3 quartos 1 suíte 2 vagas - Lourdes,R$ 3.296.700,R$ 0,R$ 0,06/01 às 19:00
"Centro_Belo Horizonte, Centro_Q3_B3",1367818701.0,Cobertura á venda no bairro Centro,R$ 1.300.000,R$ 1.232,R$ 6.018,06/01 às 18:59
"Lourdes_Belo Horizonte, Lourdes_Q4_B4",1367818594.0,Apartamento à venda 4 quartos 2 suítes 3 vagas - Lourdes,R$ 4.831.000,R$ 0,R$ 0,06/01 às 18:59
"Lourdes_Belo Horizonte, Lourdes_Q2_B2",1367744855.0,Apartamento à venda no bairro Lourdes,R$ 1.675.000,R$ 0,R$ 0,06/01 às 15:38
"Lourdes_Belo Horizonte, Lourdes_QNone_BNone",1367688815.0,Andar Comercial de Alto Padrão com 400² no melhor ponto da Savassi  Pronto para Uso!,R$ 4.990.000,R$ 0,R$ 23.046,06/01 às 12:32
"Lourdes_Belo Horizonte, Lourdes_Q2_B2",1367660552.0,Não consegue Financiar ? Temos a opção Crédito imobiliário em até 200 Meses,R$ 300.000,R$ 1,,06/01 às 11:06
"Lourdes_Belo Horizonte, Lourdes_Q2_B3",1367525246.0,APARTAMENTO PORTEIRA FECHADA!!,R$ 1.350.000,R$ 1.600,R$ 670,05/01 às 18:14
"Lourdes_Belo Horizonte, Lourdes_Q2_B2",1367405414.0,Apartamento com 2 quartos para alugar - Lourdes - Belo Horizonte/MG,R$ 4.500,R$ 500,R$ 315,05/01 às 07:26
"Lourdes_Belo Horizonte, Lourdes_Q2_B2",1367280812.0,Lourdes - Apartamento 2 quartos à venda na Anuar Donato,R$ 1.377.551,R$ 0,R$ 0,04/01 às 14:26
"Lourdes_Belo Horizonte, Lourdes_Q3_B2",1367279954.0,Lourdes - Apartamento 3 quartos à venda na Anuar Donato,R$ 3.139.266,R$ 1.500,R$ 0,04/01 às 14:22
"Centro_Belo Horizonte, Centro_Q2_B1",1367196483.0,"Apartamento Garden com 2 dormitórios à venda, 54 m² por R$ 629.000,00 - Centro - Belo Hori",R$ 629.000,R$ 860,R$ 0,04/01 às 06:49
"Lourdes_Belo Horizonte, Lourdes_Q4_B4",1367110227.0,Imóvel para venda tem 192 metros quadrados com 4 quartos em Lourdes - Belo Horizonte - MG,R$ 3.290.000,R$ 2.450,R$ 1.000,03/01 às 18:12
"Centro_Belo Horizonte, Centro_Q1_B1",1367038769.0,Flat  para aluguel possui 45 metros quadrados no Centro - Belo Horizonte - MG,R$ 2.700,R$ 657,R$ 203,03/01 às 14:14
"Lourdes_Belo Horizonte, Lourdes_Q3_B3",1366977020.0,APARTAMENTO 3 QUARTOS SUITES VARANDA 4 VAGAS LAZER EM LOURDES,R$ 19.000,R$ 2.500,R$ 1.500,03/01 às 10:15
"Lourdes_Belo Horizonte, Lourdes_QNone_BNone",1366971815.0,Cozinha Montada - Lourdes,R$ 4.900,R$ 700,R$ 400,03/01 às 09:48
"Lourdes_Belo Horizonte, Lourdes_Q2_B2",1366968254.0,Apartamento em Lourdes - Belo Horizonte,R$ 5.400,R$ 895,R$ 0,03/01 às 09:30
"Lourdes_Belo Horizonte, Lourdes_Q2_B2",1366968094.0,Apartamento em Lourdes - Belo Horizonte,R$ 5.400,R$ 895,R$ 0,03/01 às 09:29
"Lourdes_Belo Horizonte, Lourdes_Q3_B4",1366944507.0,"Cobertura em Lourdes 3 quartos , 187 m² - venda por R$ 1.700.000 ou aluguel por R$ 8.400/m",R$ 1.700.000,R$ 1.350,R$ 400,03/01 às 04:55
"Lourdes_Belo Horizonte, Lourdes_Q3_B4",1366944073.0,"Cobertura em Lourdes 3 quartos , 187 m² - venda por R$ 1.700.000 ou aluguel por R$ 8.400/m",R$ 8.400,R$ 1.350,R$ 400,03/01 às 04:54
"Lourdes_Belo Horizonte, Lourdes_QNone_BNone",1057493636.0,"Casa de Campo e de Cinema em Balneário Lagoa dos Mares, Município Confins",R$ 3.000.000,R$ 0,R$ 0,02/01 às 16:15
"Lourdes_Belo Horizonte, Lourdes_Q4_B5 ou mais",1366701895.0,Imóvel para venda tem 133 metros quadrados com 4 quartos em Lourdes - Belo Horizonte - MG,R$ 3.320.000,R$ 1.200,R$ 550,02/01 às 10:50
"Lourdes_Belo Horizonte, Lourdes_QNone_BNone",1366592806.0,"Ponto comercial - Ótimo para bar, pizzaria  ou restaurante",R$ 400.000,R$ 0,R$ 650,01/01 às 15:49
"Lourdes_Belo Horizonte, Lourdes_Q3_B2",1366416127.0,"Apartamento 03 quartos, 2 suites, lavabo, lazer completo à venda, Lourdes, Belo Horizonte,",R$ 1.300.000,R$ 1.050,R$ 240,31/12 às 10:24
"Lourdes_Belo Horizonte, Lourdes_Q4_B1",1366394090.0,"Apartamento de Luxo à Venda em Lourdes, BH - 182,02m², 4 Quartos, Próximo ao Colégio Loyol",R$ 1.490.000,R$ 2.116,R$ 750,31/12 às 07:11
"Centro_Belo Horizonte, Centro_Q3_B3",1366379756.0,"Cobertura à venda, 3 quartos, 2 suítes, 3 vagas, Lourdes - Belo Horizonte/MG",R$ 1.300.000,R$ 1.233,R$ 547,31/12 às 04:49
"Lourdes_Belo Horizonte, Lourdes_Q2_B2",1366326353.0,APARTAMENTO À VENDA - 85 m² - LORDES - BELO HORIZONTE (MG),R$ 1.100.000,R$ 1.500,R$ 440,30/12 às 20:16
"Lourdes_Belo Horizonte, Lourdes_QNone_BNone",1283319957.0,Sala comercial Santo Agostinho Zona Sul Belo Horizonte,R$ 1.200,R$ 595,R$ 170,30/12 às 18:19
"Lourdes_Belo Horizonte, Lourdes_QNone_BNone",1366279191.0,"Andar Corporativo à venda e para alugar em Belo Horizonte, Lourdes, com 406 m²",R$ 5.000.000,R$ 4.282,R$ 684,30/12 às 16:06
"Lourdes_Belo Horizonte, Lourdes_Q2_B2",1366232149.0,"Apartamento para Aluguel, com 2 quartos, 63m2 e 2 vagas de garagem no bairro Lourdes.",R$ 5.900,R$ 895,R$ 0,30/12 às 12:27
"Centro_Belo Horizonte, Centro_Q1_B1",1366232150.0,FLOAT - Apartamentos de 25m² e 30m² com Lazer Completo no Rooftop no coração do Bairro de ,R$ 397.800,R$ 0,R$ 0,30/12 às 12:27
"Lourdes_Belo Horizonte, Lourdes_Q2_B2",1366231654.0,"Apartamento para Aluguel, com 2 quartos, 63m2 e 2 vagas de garagem no bairro Lourdes.",R$ 5.900,R$ 0,R$ 0,30/12 às 12:23
"Lourdes_Belo Horizonte, Lourdes_Q2_B2",1366231532.0,"Apartamento, 65m², 2 quartos, 2 vagas, lazer completo, bairro Lourdes BH",R$ 1.270.000,R$ 0,R$ 0,30/12 às 12:22
"Lourdes_Belo Horizonte, Lourdes_QNone_BNone",1366145856.0,"Loja COMERCIAL em BELO HORIZONTE - MG, LOURDES",R$ 148.200,R$ 0,R$ 0,30/12 às 01:07
"Lourdes_Belo Horizonte, Lourdes_Q3_B2",1366043730.0,"Edifício Lourdes Homestyle: Apartamento à Venda - 3 Quartos, 2 suite e 2 Vagas - 87m² - Lo",R$ 1.300.000,R$ 1.050,R$ 240,29/12 às 11:45
"Lourdes_Belo Horizonte, Lourdes_Q3_B3",1362210570.0,Apartamento 3 Quartos 1 Suíte c Closet e 2 Semi-suítes perto do Diamond Mall,R$ 1.938.540,R$ 0,R$ 0,29/12 às 09:39
"Centro_Belo Horizonte, Centro_Q3_B2",1365880722.0,Condomínio Edifício Mozart,R$ 495.000,R$ 468,R$ 2.090,28/12 às 12:35
"Lourdes_Belo Horizonte, Lourdes_Q2_B1",1365835780.0,APARTAMENTO 2 QTOS | LOURDES,R$ 5.500,R$ 895,R$ 0,28/12 às 08:20
"Lourdes_Belo Horizonte, Lourdes_Q2_B2",1365799593.0,"Apartamento 2 Quartos à venda, 2 quartos, 1 suíte, 2 vagas, Lourdes - Belo Horizonte/MG",R$ 1.350.000,R$ 1.922,R$ 871,28/12 às 04:11
"Lourdes_Belo Horizonte, Lourdes_Q3_B3",1365761874.0,"Apartamento com 3 dormitórios à venda, 96 m² por R$ 1.300.000,00 - Lourdes - Belo Horizont",R$ 1.300.000,R$ 1.740,R$ 557,28/12 às 01:01
"Lourdes_Belo Horizonte, Lourdes_Q3_B3",1365727906.0,APARTAMENTO À VENDA - 87 m² - LOURDES - BELO HORIZONTE (MG),R$ 1.300.000,R$ 1.000,R$ 400,27/12 às 21:22
"Lourdes_Belo Horizonte, Lourdes_Q3_B4",1365659711.0,"3 quartos,santo Agostinho,Lourdes,px.mater dei,Cemig",R$ 6.200,R$ 1.255,R$ 768,27/12 às 15:24
"Lourdes_Belo Horizonte, Lourdes_Q1_B1",1365581025.0,Apartamento 1 quarto Boa Viagem (BH) - Venda,R$ 750.000,R$ 1.100,R$ 296,27/12 às 09:15
"Centro_Belo Horizonte, Centro_Q2_B1",1365559923.0,Venda Apartamento 2 quartos Centro Belo Horizonte,R$ 450.000,R$ 0,R$ 0,27/12 às 05:01
"Centro_Belo Horizonte, Centro_QNone_BNone",1365559710.0,"Terreno à venda, 480 m² por R$ 4.800.000,00 - Centro - Belo Horizonte/MG",R$ 4.800.000,R$ 0,R$ 0,27/12 às 04:58
"Centro_Belo Horizonte, Centro_QNone_BNone",1365559705.0,"Loja com 301 m² em terreno de 480 m², à venda por R$ 4.800.000 - Centro - Belo Horizonte/M",R$ 4.800.000,R$ 0,R$ 0,27/12 às 04:58
"Lourdes_Belo Horizonte, Lourdes_Q3_B3",1365536354.0,"Área privativa à venda, 3 quartos, 3 suítes, 2 vagas, Lourdes - Belo Horizonte/MG",R$ 2.500.000,R$ 0,R$ 0,26/12 às 23:14
"Lourdes_Belo Horizonte, Lourdes_Q3_B2",1365535832.0,"Apartamento à venda, 3 quartos, 1 suíte, 2 vagas, Lourdes - Belo Horizonte/MG",R$ 1.800.000,R$ 0,R$ 0,26/12 às 23:09
"Lourdes_Belo Horizonte, Lourdes_Q2_B2",1365535765.0,"Apartamento à venda, 2 quartos, 1 suíte, 2 vagas, Lourdes - Belo Horizonte/MG",R$ 1.184.484,R$ 0,R$ 0,26/12 às 23:08
"Lourdes_Belo Horizonte, Lourdes_Q3_B3",1365535225.0,"Apartamento à venda, 3 quartos, 3 suítes, 2 vagas, Lourdes - Belo Horizonte/MG",R$ 1.990.000,R$ 0,R$ 0,26/12 às 23:06
"Lourdes_Belo Horizonte, Lourdes_Q2_B2",1365535134.0,"Apartamento à venda, 2 quartos, 1 suíte, 2 vagas, Lourdes - Belo Horizonte/MG",R$ 1.097.787,R$ 0,R$ 0,26/12 às 23:06
"Lourdes_Belo Horizonte, Lourdes_Q2_B2",1365534896.0,"Apartamento à venda, 2 quartos, 1 suíte, 2 vagas, Lourdes - Belo Horizonte/MG",R$ 1.118.226,R$ 0,R$ 0,26/12 às 23:04
"Lourdes_Belo Horizonte, Lourdes_Q2_B2",1365534605.0,"Cobertura à venda, 2 quartos, 2 suítes, 2 vagas, Lourdes - Belo Horizonte/MG",R$ 2.359.000,R$ 0,R$ 0,26/12 às 23:02
"Lourdes_Belo Horizonte, Lourdes_Q3_B3",1365442059.0,Apartamento À Venda 3 Quartos e 2 Vagas - Lourdes,R$ 1.990.000,R$ 10,R$ 10,26/12 às 16:23
"Lourdes_Belo Horizonte, Lourdes_Q3_B4",1365437415.0,Cobertura com 3 Quartos à Venda - Bairro Lourdes,R$ 3.139.266,R$ 10,R$ 10,26/12 às 16:15
"Lourdes_Belo Horizonte, Lourdes_Q1_B2",1365436705.0,Cobertura Loft 1 QUARTO - LOURDES,R$ 998.000,R$ 350,R$ 180,26/12 às 16:11
"Lourdes_Belo Horizonte, Lourdes_Q4_B5 ou mais",1365436689.0,"Apartamento Alto Luxo, Acabamento diferenciado",R$ 2.550.000,R$ 1.132,R$ 1,26/12 às 16:11
"Centro_Belo Horizonte, Centro_Q3_B2",1365436643.0,Oportunidade!! Apartamento Centro de BH,R$ 900.000,R$ 1.100,R$ 260,26/12 às 16:11
"Lourdes_Belo Horizonte, Lourdes_Q2_B4",1365436483.0,"Apartamento à venda, 2 quartos, 2 suítes- Lourdes!",R$ 1.326.935,R$ 1,R$ 1,26/12 às 16:11
"Lourdes_Belo Horizonte, Lourdes_Q3_B3",1365436412.0,Cobertura À Venda - Lourdes - B.H.- MG,R$ 1.750.000,R$ 1,R$ 1,26/12 às 16:11
"Lourdes_Belo Horizonte, Lourdes_Q3_B4",1365436432.0,Apartamento com 3 Quartos e 4 banheiros à Venda,R$ 2.453.041,R$ 10,R$ 10,26/12 às 16:11
"Lourdes_Belo Horizonte, Lourdes_Q3_B3",1365436399.0,"Cobertura 3 Quartos,3 vagas, 3 banheiros 287m²",R$ 3.819.792,R$ 10,R$ 10,26/12 às 16:11
"Lourdes_Belo Horizonte, Lourdes_Q4_B5 ou mais",1365436355.0,"Apartamento Alto Luxo, Acabamento Diferenciado",R$ 2.800.000,R$ 1.132,R$ 1,26/12 às 16:11
"Lourdes_Belo Horizonte, Lourdes_Q5 ou mais_B5 ou mais",1365436330.0,"Cobertura- Lourdes,05 Suítes e 5 vagas livres",R$ 4.950.000,R$ 1,R$ 1,26/12 às 16:11
"Lourdes_Belo Horizonte, Lourdes_Q2_B2",1365436349.0,"Apartamento com de 2 quartos, 1 suite - Lourdes",R$ 1.119.742,R$ 600,R$ 300,26/12 às 16:11
"Lourdes_Belo Horizonte, Lourdes_Q2_B2",1365436133.0,Apartamento com 2 Quartos e 2 banheiros à Venda,R$ 1.377.551,R$ 10,R$ 10,26/12 às 16:11
"Lourdes_Belo Horizonte, Lourdes_Q2_B2",1365436139.0,Apartamento 2 quartos à venda 80m² por R$570.000,R$ 520.000,R$ 1.200,R$ 160,26/12 às 16:11
"Lourdes_Belo Horizonte, Lourdes_Q2_B2",1365436062.0,Apartamento Maravilhoso no Bairro de Lourdes-BH,R$ 1.660.000,R$ 800,R$ 150,26/12 às 16:11
"Lourdes_Belo Horizonte, Lourdes_Q4_B2",1365435949.0,EXCELENTE ÁREA PRIVATIVA NO BAIRRO DE LOURDES,R$ 980.000,R$ 10,R$ 329,26/12 às 16:11
"Lourdes_Belo Horizonte, Lourdes_Q3_B4",1365435885.0,Apartamento com 3 Quartos e 4 banheiros à Venda,R$ 2.541.357,R$ 10,R$ 10,26/12 às 16:11
"Lourdes_Belo Horizonte, Lourdes_Q3_B2",1365435611.0,"Apartamento com 2 Quartos e 2 banheiros à Venda, 7",R$ 1.198.955,R$ 10,R$ 10,26/12 às 16:11
"Lourdes_Belo Horizonte, Lourdes_Q2_B2",1365435492.0,Cobertura À Venda 2 Quartos e 2 Vagas - Lourdes,R$ 1.700.000,R$ 800,R$ 150,26/12 às 16:10
"Lourdes_Belo Horizonte, Lourdes_Q2_B3",1365435454.0,Apartamento com 2 Quartos e 3 banheiros à Venda,R$ 1.377.912,R$ 10,R$ 10,26/12 às 16:10
"Lourdes_Belo Horizonte, Lourdes_Q2_B3",1365435377.0,Apartamento Área Privativa à Venda - Lourdes,R$ 1.941.197,R$ 10,R$ 10,26/12 às 16:10
"Lourdes_Belo Horizonte, Lourdes_Q2_B2",1365435320.0,Área privativa com 2 Quartos e 2 banheiros à Venda,R$ 1.732.175,R$ 10,R$ 10,26/12 às 16:10
"Lourdes_Belo Horizonte, Lourdes_Q4_B4",1243406707.0,Lourdes apto 290 m2 4qtos,R$ 2.800.000,R$ 1.900,R$ 9.940,26/12 às 12:00
"Centro_Belo Horizonte, Centro_QNone_BNone",1365374074.0,SALA COMERCIAL PARA LOCAÇÃO NO CENTRO,R$ 1.913,R$ 0,R$ 0,26/12 às 11:39
"Centro_Belo Horizonte, Centro_QNone_BNone",1365373967.0,SALA COMERCIAL PARA LOCAÇÃO NO CENTRO,R$ 2.037,R$ 0,R$ 0,26/12 às 11:38
"Centro_Belo Horizonte, Centro_QNone_BNone",1365370614.0,SALA COMERCIAL PARA LOCAÇÃO NO CENTRO,R$ 1.606,R$ 0,R$ 0,26/12 às 11:26
"Lourdes_Belo Horizonte, Lourdes_Q0_B5 ou mais",1365365798.0,PRÉDIO COMERCIAL NO BAIRRO LOURDES,R$ 50.000,R$ 0,R$ 3.469,26/12 às 11:03
"Centro_Belo Horizonte, Centro_QNone_BNone",1365365795.0,SALA COMERCIAL PARA LOCAÇÃO NO CENTRO,R$ 1.726,R$ 0,R$ 0,26/12 às 11:02
"Centro_Belo Horizonte, Centro_QNone_BNone",1365365780.0,SALA COMERCIAL PARA LOCAÇÃO NO CENTRO,R$ 1.955,R$ 0,R$ 0,26/12 às 11:02
"Centro_Belo Horizonte, Centro_QNone_BNone",1365365753.0,SALA COMERCIAL PARA LOCAÇÃO NO CENTRO,R$ 1.665,R$ 0,R$ 0,26/12 às 11:02
"Centro_Belo Horizonte, Centro_QNone_BNone",1365365746.0,SALA COMERCIAL PARA LOCAÇÃO NO CENTRO,R$ 2.872,R$ 0,R$ 0,26/12 às 11:02
"Centro_Belo Horizonte, Centro_QNone_BNone",1365365747.0,SALA COMERCIAL PARA LOCAÇÃO NO CENTRO,R$ 1.662,R$ 0,R$ 0,26/12 às 11:02
"Lourdes_Belo Horizonte, Lourdes_Q3_B3",1365365740.0,"Apartamento à venda, 3 quartos, 1 suíte, 2 vagas, Lourdes - Belo Horizonte/MG",R$ 2.329.300,R$ 0,R$ 0,26/12 às 11:02
"Centro_Belo Horizonte, Centro_QNone_BNone",1365365737.0,SALA COMERCIAL PARA LOCAÇÃO NO CENTRO,R$ 1.890,R$ 0,R$ 0,26/12 às 11:02
"Centro_Belo Horizonte, Centro_QNone_BNone",1365365738.0,SALA COMERCIAL PARA LOCAÇÃO NO CENTRO,R$ 2.037,R$ 0,R$ 0,26/12 às 11:02
"Lourdes_Belo Horizonte, Lourdes_Q3_B2",1365358989.0,"Área privativa à venda, 3 quartos, 1 suíte, 2 vagas, Lourdes - Belo Horizonte/MG",R$ 3.545.775,R$ 0,R$ 0,26/12 às 10:30
"Lourdes_Belo Horizonte, Lourdes_Q2_B2",1365354852.0,Apartamento com área privativa 2 quartos - Lourdes,R$ 1.233.950,R$ 0,R$ 0,26/12 às 10:13
"Lourdes_Belo Horizonte, Lourdes_Q3_B2",1365354843.0,"Apartamento à venda, 3 quartos, 1 suíte, 2 vagas, Lourdes - Belo Horizonte/MG",R$ 2.783.580,R$ 0,R$ 0,26/12 às 10:13
"Lourdes_Belo Horizonte, Lourdes_Q2_B3",1365354314.0,"Apartamento à venda, 2 quartos, 2 suítes, 2 vagas, Lourdes - Belo Horizonte/MG",R$ 1.699.960,R$ 0,R$ 0,26/12 às 10:10
"Lourdes_Belo Horizonte, Lourdes_Q3_B2",1365354317.0,"Cobertura à venda, 3 quartos, 1 suíte, 2 vagas, Lourdes - Belo Horizonte/MG",R$ 5.426.200,R$ 0,R$ 0,26/12 às 10:10
"Lourdes_Belo Horizonte, Lourdes_Q3_B2",1365354271.0,"Área privativa à venda, 3 quartos, 1 suíte, 2 vagas, Lourdes - Belo Horizonte/MG",R$ 3.237.600,R$ 0,R$ 0,26/12 às 10:09
"Lourdes_Belo Horizonte, Lourdes_Q2_B2",1365354263.0,"Apartamento à venda, 2 quartos, 1 suíte, 2 vagas, Lourdes - Belo Horizonte/MG",R$ 1.654.520,R$ 0,R$ 0,26/12 às 10:09
"Lourdes_Belo Horizonte, Lourdes_Q2_B3",1365354244.0,"Apartamento à venda, 2 quartos, 2 suítes, 2 vagas, Lourdes - Belo Horizonte/MG",R$ 1.856.780,R$ 0,R$ 0,26/12 às 10:09
"Lourdes_Belo Horizonte, Lourdes_Q3_B3",1365354061.0,"Apartamento à venda, 3 quartos, 1 suíte, 2 vagas, Lourdes - Belo Horizonte/MG",R$ 1.938.540,R$ 0,R$ 0,26/12 às 10:08
"Lourdes_Belo Horizonte, Lourdes_Q1_B1",1331769222.0,oportunidade!!  vendo  (direto com proprietario) apartamento  no lourdes,R$ 490.000,R$ 450,R$ 100,25/12 às 23:19
"Lourdes_Belo Horizonte, Lourdes_QNone_BNone",1365199229.0,Locação Loja Lourdes Belo Horizonte,R$ 35.000,R$ 0,R$ 972,24/12 às 22:27
"Lourdes_Belo Horizonte, Lourdes_Q3_B2",1365196394.0,Apartamento em frente ao Minas Tênis Clube 1 - 3 quartos - 95 m² - Bairro: Lourdes,R$ 1.400.000,R$ 1.779,R$ 577,24/12 às 21:36
"Lourdes_Belo Horizonte, Lourdes_Q2_B3",1365139181.0,Apartamento em Lourdes BH/MG - duas suítes ,R$ 920.000,R$ 1.100,R$ 400,24/12 às 11:11
"Lourdes_Belo Horizonte, Lourdes_Q3_B4",1365105765.0,"Apartamento à venda, 3 quartos, 3 suítes, 2 vagas, Lourdes - Belo Horizonte/MG",R$ 2.500.000,R$ 500,R$ 1.099,24/12 às 08:29
"Lourdes_Belo Horizonte, Lourdes_Q1_B1",1365092247.0,Imóvel para venda com 65 metros quadrados com 1 quarto em Lourdes - Belo Horizonte - MG,R$ 350.000,R$ 999,R$ 50,24/12 às 03:17
"Lourdes_Belo Horizonte, Lourdes_QNone_BNone",1329572080.0,Sítio charneca em Betim (leia anúncio),R$ 1.100,,,23/12 às 23:33
"Lourdes_Belo Horizonte, Lourdes_Q1_B1",829249720.0,"Mobiliado,Px.diamond,lourdes,cemig,mater dei,santo agostinho",R$ 3.500,R$ 693,R$ 297,23/12 às 23:33
"Lourdes_Belo Horizonte, Lourdes_Q2_B3",1365056511.0,"Apartamento com 2 dormitórios à venda, 98 m² por R$ 1.500.000 - Lourdes - Belo Horizonte/M",R$ 1.500.000,R$ 1.600,R$ 500,23/12 às 20:27
"Lourdes_Belo Horizonte, Lourdes_Q2_B1",1365029985.0,"Venda - APARTAMENTO - LOURDES BELO HORIZONTE MG"",",R$ 1.100.000,R$ 1.550,R$ 440,23/12 às 17:44
"Lourdes_Belo Horizonte, Lourdes_Q4_B4",1364927552.0,CASA EM MATOZINHOS,R$ 525.000,,,23/12 às 11:15
"Lourdes_Belo Horizonte, Lourdes_Q2_B2",1364831651.0,"Apartamento à venda, 2 quartos, 1 suíte, 2 vagas, Lourdes - Belo Horizonte/MG",R$ 1.100.000,R$ 1.000,R$ 5.118,22/12 às 21:25
"Lourdes_Belo Horizonte, Lourdes_Q2_B2",1364831302.0,"Apartamento à venda, 2 quartos, 1 suíte, 2 vagas, Lourdes - Belo Horizonte/MG",R$ 1.150.000,R$ 1.000,R$ 5.077,22/12 às 21:21
"Lourdes_Belo Horizonte, Lourdes_Q4_B4",1364691413.0,Apartamento de 4 quartos (2 suítes) em Lourdes,R$ 1.900.000,R$ 2.150,R$ 408,22/12 às 02:58
"Lourdes_Belo Horizonte, Lourdes_QNone_BNone",1364613579.0,Loja com 47m² á venda no bairro Lourdes.,R$ 350.000,R$ 540,R$ 0,21/12 às 16:17
"Lourdes_Belo Horizonte, Lourdes_QNone_BNone",1364613357.0,Loja com 42m² á venda no bairro Lourdes.,R$ 400.000,R$ 540,R$ 0,21/12 às 16:15
"Lourdes_Belo Horizonte, Lourdes_Q4_B5 ou mais",1364611590.0,Imóvel para venda possui 268 metros quadrados com 4 quartos em Lourdes - Belo Horizonte - ,R$ 5.800.000,R$ 1.300,R$ 850,21/12 às 16:02
"Lourdes_Belo Horizonte, Lourdes_Q2_B3",1364564643.0,Lourdes - 2 suites - lazer completo -,R$ 1.180.000,R$ 950,R$ 380,21/12 às 11:52
"Centro_Belo Horizonte, Centro_Q2_B2",1364564608.0,Apartamento 2 quartos - Centro - prox. Shopping Cidade,R$ 430.000,R$ 720,R$ 120,21/12 às 11:52
"Lourdes_Belo Horizonte, Lourdes_Q1_B1",1364560477.0,"Alugo kitnet no centro, Ed. JK",R$ 1.400,R$ 0,R$ 0,21/12 às 11:37
"Lourdes_Belo Horizonte, Lourdes_Q0_B1",1364542815.0,Sala comercial ,R$ 195.000,R$ 566.140,R$ 1.790.190,21/12 às 10:12
"Lourdes_Belo Horizonte, Lourdes_QNone_BNone",1364535461.0,Sala comercial no Santo Agostinho,R$ 250.000,R$ 525,R$ 153,21/12 às 09:20
"Lourdes_Belo Horizonte, Lourdes_Q4_B4",1364524621.0,Venda Apartamento 4 quartos Lourdes Belo Horizonte,R$ 1.300.000,R$ 2.330,R$ 74,21/12 às 07:47
"Lourdes_Belo Horizonte, Lourdes_Q4_B3",1364523949.0,Cobertura com 4 dormitórios à venda por R$ 1.300.000 - Lourdes - Belo Horizonte/MG,R$ 1.300.000,R$ 2.318,R$ 367,21/12 às 07:47
"Lourdes_Belo Horizonte, Lourdes_QNone_BNone",1364515531.0,"Sala à venda, 2 vagas, Lourdes - Belo Horizonte/MG",R$ 650.000,R$ 1.000,R$ 2.605,21/12 às 05:07
"Lourdes_Belo Horizonte, Lourdes_QNone_BNone",1364478646.0,Locação Sala Lourdes Belo Horizonte,R$ 800,R$ 292,R$ 141,20/12 às 21:53
"Lourdes_Belo Horizonte, Lourdes_Q4_B5 ou mais",1364378339.0,Apartamento em Lourdes - Belo Horizonte,R$ 8.000.000,R$ 5.000,R$ 27.900,20/12 às 14:03
"Lourdes_Belo Horizonte, Lourdes_Q4_B2",1364358313.0,"Apartamento à venda, 4 quartos, 1 suíte, 2 vagas, Lourdes - Belo Horizonte/MG",R$ 1.690.000,R$ 1.518,R$ 485,20/12 às 12:27
"Santo Agostinho_Belo Horizonte, Santo Agostinho_Q4_B4",1364357260.0,"Apartamento à venda, 4 quartos, 3 suítes, 4 vagas, Santo Agostinho - Belo Horizonte/MG",R$ 3.800.000,R$ 2.328,R$ 1.320,20/12 às 12:23
"Lourdes_Belo Horizonte, Lourdes_Q3_B3",1364305146.0,Venda Apartamento 3 quartos Lourdes Belo Horizonte,R$ 1.200.000,R$ 1.100,R$ 600,20/12 às 07:39
"Lourdes_Belo Horizonte, Lourdes_QNone_BNone",1364286717.0,"Casa Comercial para aluguel, 4 quartos, 1 vaga, Lourdes - Belo Horizonte/MG",R$ 15.000,R$ 0,R$ 0,20/12 às 06:14
"Lourdes_Belo Horizonte, Lourdes_Q3_B3",1364280639.0,"Apartamento à venda, 3 quartos, 2 suítes, 2 vagas, Lourdes - Belo Horizonte/MG",R$ 1.300.000,R$ 1.050,R$ 240,20/12 às 03:26
"Lourdes_Belo Horizonte, Lourdes_Q2_B2",1364267609.0,"Apartamento 2 quartos, Lourdes!",R$ 1.350.000,R$ 0,R$ 0,20/12 às 00:23
"Lourdes_Belo Horizonte, Lourdes_Q2_B2",1364229521.0,"Apartamento com 2 dormitórios para alugar, 65 m² por R$ 5.500,00/mês - Lourdes - Belo Hori",R$ 5.200,R$ 300,R$ 0,19/12 às 20:35
"Lourdes_Belo Horizonte, Lourdes_QNone_BNone",1364129816.0,"Sala, 22m², Lourdes",R$ 125.000,R$ 300,R$ 134,19/12 às 14:56
"Lourdes_Belo Horizonte, Lourdes_QNone_BNone",1364090031.0,"Sala comercial, 42m². Lourdes",R$ 250.000,R$ 600,R$ 260,19/12 às 12:49
"Lourdes_Belo Horizonte, Lourdes_Q4_B5 ou mais",1364087661.0,"Apartamento para aluguel, 4 quartos, 2 suítes, 4 vagas, Lourdes - Belo Horizonte/MG",R$ 13.000,R$ 3.510,R$ 0,19/12 às 12:39
"Lourdes_Belo Horizonte, Lourdes_QNone_BNone",1364073052.0,ALUGUEL SALA COM VAGA DE GARAGEM NO BAIRRO DE LOUR,R$ 700,R$ 422,R$ 166,19/12 às 11:51
"Lourdes_Belo Horizonte, Lourdes_Q4_B3",1364068487.0,"APARTAMENTO PARA LOCAÇÃO SALA, 04 QUARTOS, COZINHA, 03 VAGAS - BAIRRO SANTO AGOSTINHO - GR",R$ 11.000,R$ 2.300,R$ 1.300,19/12 às 11:37
"Lourdes_Belo Horizonte, Lourdes_Q2_B1",1364011071.0,Ótimo apartamento em Lourdes - Belo Horizonte,R$ 4.600,R$ 950,R$ 372,19/12 às 07:57
"Lourdes_Belo Horizonte, Lourdes_Q2_B1",1364011029.0,Ótimo apartamento em Lourdes - Belo Horizonte,R$ 1.166.000,R$ 950,R$ 372,19/12 às 07:57
"Lourdes_Belo Horizonte, Lourdes_Q4_B4",1364003870.0,Venda Área Privativa Lourdes Belo Horizonte,R$ 4.750.000,R$ 2.827,R$ 1.744,19/12 às 07:02
"Lourdes_Belo Horizonte, Lourdes_QNone_BNone",1364003771.0,Locação Sala Lourdes Belo Horizonte,R$ 550,R$ 313,R$ 135,19/12 às 07:01
"Lourdes_Belo Horizonte, Lourdes_QNone_BNone",1364003649.0,Venda Loja Lourdes Belo Horizonte,R$ 390.000,R$ 0,R$ 106,19/12 às 07:01
"Lourdes_Belo Horizonte, Lourdes_QNone_BNone",1364002712.0,Venda Sala Lourdes Belo Horizonte,R$ 210.000,R$ 373,R$ 142,19/12 às 06:57
"Lourdes_Belo Horizonte, Lourdes_QNone_BNone",1364002707.0,Venda Sala Lourdes Belo Horizonte,R$ 109.000,R$ 316,R$ 142,19/12 às 06:57
"Lourdes_Belo Horizonte, Lourdes_Q1_B1",1363986621.0,"Apartamento à venda, 1 quarto, 1 suíte, 1 vaga, Lourdes - Belo Horizonte/MG",R$ 390.000,R$ 490,R$ 1.668,19/12 às 04:09
"Lourdes_Belo Horizonte, Lourdes_Q2_B2",1363986500.0,"Cobertura à venda, 2 quartos, 1 suíte, 3 vagas, Lourdes - Belo Horizonte/MG",R$ 1.690.000,R$ 800,R$ 250,19/12 às 04:01
"Lourdes_Belo Horizonte, Lourdes_Q2_B2",1363986355.0,"Apartamento à venda, 2 quartos, 1 suíte, 2 vagas, Lourdes - Belo Horizonte/MG",R$ 1.650.000,R$ 800,R$ 250,19/12 às 03:57
"Lourdes_Belo Horizonte, Lourdes_Q2_B2",1363986085.0,"Apartamento à venda, 2 quartos, 1 suíte, 2 vagas, Lourdes - Belo Horizonte/MG",R$ 1.270.000,R$ 800,R$ 250,19/12 às 03:47
"Lourdes_Belo Horizonte, Lourdes_Q3_B4",1363985619.0,"Apartamento para aluguel, 3 quartos, 3 suítes, 4 vagas, Lourdes - Belo Horizonte/MG",R$ 19.000,R$ 2.400,R$ 17.060,19/12 às 03:31
"Lourdes_Belo Horizonte, Lourdes_Q1_B1",1363971381.0,"Apartamento à venda, 1 quarto, 1 vaga, Lourdes - Belo Horizonte/MG",R$ 700.000,R$ 500,R$ 0,19/12 às 01:42
"Lourdes_Belo Horizonte, Lourdes_Q4_B3",1363968949.0,Cobertura à Venda em Lourdes: 4 Dormitórios e 378m² de Área Útil Disponível,R$ 4.800.000,R$ 0,R$ 0,19/12 às 01:15
"Centro_Belo Horizonte, Centro_Q2_B1",1363968853.0,Apartamento à venda no Centro - 64 m² com 2 dormitórios/quartos disponíveis.,R$ 790.000,R$ 1.000,R$ 379,19/12 às 01:15
"Lourdes_Belo Horizonte, Lourdes_Q2_B1",1363968823.0,Apartamento à venda no bairro Lourdes com 65m² e 2 dormitórios/quartos disponíveis.,R$ 1.220.000,R$ 0,R$ 0,19/12 às 01:15
"Lourdes_Belo Horizonte, Lourdes_Q4_B3",1363968585.0,"Apartamento à venda em Lourdes, 157 m² com 4 dormitórios/quartos disponíveis.",R$ 1.590.000,R$ 1.590,R$ 770,19/12 às 01:14
"Lourdes_Belo Horizonte, Lourdes_Q2_B2",1363968582.0,Apartamento à venda em Lourdes com 72m² e 2 dormitórios/quartos disponíveis.,R$ 1.100.000,R$ 850,R$ 2,19/12 às 01:14
"Lourdes_Belo Horizonte, Lourdes_Q4_B3",1363968516.0,Apartamento à venda em Lourdes com 172 m² e 4 dormitórios/quartos disponíveis.,R$ 1.940.000,R$ 1.785,R$ 535,19/12 às 01:14
"Lourdes_Belo Horizonte, Lourdes_Q2_B3",1363968496.0,Apartamento à venda em Lourdes com 160 m² e 2 dormitórios/quartos disponíveis,R$ 1.290.000,R$ 1.045,R$ 560,19/12 às 01:14
"Lourdes_Belo Horizonte, Lourdes_Q1_B1",1363968490.0,Apartamento à venda no bairro Lourdes com 75 m² e 1 dormitório/quarto disponível.,R$ 1.150.000,R$ 655,R$ 387,19/12 às 01:14
"Lourdes_Belo Horizonte, Lourdes_Q2_B2",1363968466.0,"Apartamento à venda em Lourdes, 84 m², 2 dormitórios/quartos disponíveis.",R$ 970.000,R$ 1.024,R$ 427,19/12 às 01:14
"Lourdes_Belo Horizonte, Lourdes_Q3_B4",1363968469.0,Apartamento cobertura à venda no bairro Lourdes com 175 m² e 3 dormitórios.,R$ 1.980.000,R$ 1.200,R$ 690,19/12 às 01:14
"Lourdes_Belo Horizonte, Lourdes_Q3_B3",1363968464.0,Apartamento à venda em Lourdes com 91m² e 3 dormitórios/quartos disponíveis.,R$ 1.950.000,R$ 1.200,R$ 0,19/12 às 01:14
"Lourdes_Belo Horizonte, Lourdes_Q2_B2",1363968430.0,"Apartamento à venda no bairro Lourdes, 76 m² com 2 dormitórios/quartos disponíveis.",R$ 899.000,R$ 950,R$ 375,19/12 às 01:14
"Lourdes_Belo Horizonte, Lourdes_Q4_B4",1363968385.0,Apartamento à venda no bairro Lourdes com 170 m² e 4 dormitórios/quartos disponíveis.,R$ 2.000.000,R$ 1.500,R$ 700,19/12 às 01:14
"Centro_Belo Horizonte, Centro_Q3_B2",1363968344.0,Apartamento à venda no Centro com 226 m² e 3 dormitórios/quartos disponíveis.,R$ 850.000,R$ 1.100,R$ 259,19/12 às 01:14
"Lourdes_Belo Horizonte, Lourdes_Q4_B4",1363968333.0,Apartamento à venda no bairro Lourdes com 315 m² e 4 dormitórios/quartos disponíveis.,R$ 3.700.000,R$ 4.000,R$ 2.000,19/12 às 01:14
"Lourdes_Belo Horizonte, Lourdes_Q5 ou mais_B5 ou mais",1363968319.0,Apartamento à venda no bairro Lourdes com 376 m² e 5 dormitórios/quartos disponíveis.,R$ 2.200.000,R$ 1.800,R$ 860,19/12 às 01:14
"Lourdes_Belo Horizonte, Lourdes_Q3_B2",1363968315.0,"Apartamento à venda em Lourdes, 116 m², com 3 dormitórios/quartos disponíveis.",R$ 1.290.000,R$ 1.448,R$ 573,19/12 às 01:14
"Lourdes_Belo Horizonte, Lourdes_Q3_B2",1363968302.0,Apartamentos à venda no bairro Lourdes com 75 m² e 3 dormitórios/quartos disponíveis,R$ 635.000,R$ 500,R$ 195,19/12 às 01:14
"Lourdes_Belo Horizonte, Lourdes_Q3_B2",1363968305.0,"Apartamento à venda em Lourdes - 3 dormitórios, 120 m² de área útil",R$ 898.000,R$ 600,R$ 263,19/12 às 01:14
"Lourdes_Belo Horizonte, Lourdes_Q3_B2",1363968255.0,Apartamento à venda em Lourdes com 140m² e 3 dormitórios/quartos disponíveis.,R$ 1.680.000,R$ 1.342,R$ 590,19/12 às 01:13
"Lourdes_Belo Horizonte, Lourdes_Q3_B2",1363968247.0,"Apartamento à venda em Lourdes, 135 m² e 3 dormitórios/quartos disponíveis.",R$ 690.000,R$ 350,R$ 206,19/12 às 01:13
"Lourdes_Belo Horizonte, Lourdes_Q2_B3",1363968181.0,Apartamento à venda no bairro Lourdes com 100m² e 2 dormitórios/quartos.,R$ 1.500.000,R$ 850,R$ 2,19/12 às 01:13
"Lourdes_Belo Horizonte, Lourdes_Q2_B1",1363968127.0,Apartamento 2 quartos e 1 vaga de garagem próximo ao Minas Tênis I no bairro Lourdes!,R$ 4.200,R$ 830,R$ 360,19/12 às 01:13
"Lourdes_Belo Horizonte, Lourdes_Q4_B3",1363968121.0,Apartamento à venda no bairro Lourdes com 175 m² e 4 dormitórios/quartos disponíveis.,R$ 1.590.000,R$ 1.683,R$ 529,19/12 às 01:13
"Lourdes_Belo Horizonte, Lourdes_Q4_B5 ou mais",1363968092.0,Apartamento à venda no bairro Lourdes com 300 m² e 4 dormitórios/quartos.,R$ 1.790.000,R$ 1.350,R$ 545,19/12 às 01:13
"Lourdes_Belo Horizonte, Lourdes_Q3_B3",1363968078.0,"Apartamento à venda em Lourdes, com 100 m² e 3 dormitórios/quartos disponíveis.",R$ 1.290.000,R$ 1.400,R$ 500,19/12 às 01:13
"Lourdes_Belo Horizonte, Lourdes_Q3_B2",1363968071.0,Apartamento à venda no bairro Lourdes com 116 m² e 3 dormitórios/quartos disponíveis.,R$ 2.230.000,R$ 600,R$ 700,19/12 às 01:13
"Lourdes_Belo Horizonte, Lourdes_Q3_B2",1363968066.0,Apartamento à venda no bairro Lourdes com 82 m² e 3 dormitórios/quartos disponíveis.,R$ 635.000,R$ 1.050,R$ 182,19/12 às 01:13
"Lourdes_Belo Horizonte, Lourdes_Q3_B3",1363968025.0,Apartamento à venda no bairro Lourdes com 3 dormitórios e área de 104 m².,R$ 1.490.000,R$ 400,R$ 240,19/12 às 01:13
"Lourdes_Belo Horizonte, Lourdes_Q2_B2",1363968022.0,Apartamento Cobertura à Venda no Bairro Lourdes - 79 m² com 2 dormitórios,R$ 520.000,R$ 1.052,R$ 137,19/12 às 01:13
"Lourdes_Belo Horizonte, Lourdes_Q3_B2",1363967995.0,Apartamento à venda no bairro Lourdes com 86 m² e 3 dormitórios/quartos disponíveis.,R$ 920.000,R$ 948,R$ 298,19/12 às 01:12
"Lourdes_Belo Horizonte, Lourdes_Q4_B4",1363967990.0,Apartamento à venda no bairro Lourdes com 234 m² e 4 dormitórios/quartos disponíveis.,R$ 1.800.000,R$ 2.027,R$ 678,19/12 às 01:12
"Lourdes_Belo Horizonte, Lourdes_Q3_B3",1363967977.0,Apartamento à venda no bairro Lourdes com 100m² e 3 dormitórios/quartos disponíveis.,R$ 980.000,R$ 800,R$ 0,19/12 às 01:12
"Lourdes_Belo Horizonte, Lourdes_QNone_BNone",1363967966.0,Loja para Aluguel no Bairro Lourdes com 900m² de Área Útil Disponível para Negócio,R$ 43.000,R$ 4.454,R$ 2.815,19/12 às 01:12
"Lourdes_Belo Horizonte, Lourdes_Q4_B2",1363967942.0,Apartamento à venda em Lourdes - 150 m² com 4 dormitórios/quartos disponíveis.,R$ 1.400.000,R$ 1.854,R$ 294,19/12 às 01:12
"Lourdes_Belo Horizonte, Lourdes_Q4_B5 ou mais",1363967911.0,Apartamento à venda no bairro Lourdes - 240 m² e 4 dormitórios/quartos disponíveis.,R$ 2.640.000,R$ 2.650,R$ 1.231,19/12 às 01:12
"Lourdes_Belo Horizonte, Lourdes_Q4_B4",1363967897.0,Apartamento à venda em Lourdes com 137 m² e 4 dormitórios/quartos disponíveis.,R$ 1.850.000,R$ 907,R$ 829,19/12 às 01:12
"Lourdes_Belo Horizonte, Lourdes_Q4_B1",1363967904.0,Apartamento à venda no bairro Lourdes com 4 dormitórios/quartos e 160m² de área útil.,R$ 1.600.000,R$ 2.100,R$ 431,19/12 às 01:12
"Lourdes_Belo Horizonte, Lourdes_Q3_B1",1363967909.0,Apartamento à venda em Lourdes com 95 m² e 3 dormitórios/quartos disponíveis.,R$ 1.300.000,R$ 1.741,R$ 556,19/12 às 01:12
"Lourdes_Belo Horizonte, Lourdes_Q3_B3",1363967878.0,Apartamento à venda no bairro Lourdes com 116 m² e 3 dormitórios/quartos disponíveis.,R$ 2.120.000,R$ 900,R$ 779,19/12 às 01:12
"Lourdes_Belo Horizonte, Lourdes_Q4_B4",1363967859.0,Apartamento à venda no bairro Lourdes - 260 m² com 4 dormitórios/quartos disponíveis.,R$ 2.830.000,R$ 2.310,R$ 961,19/12 às 01:12
"Lourdes_Belo Horizonte, Lourdes_Q4_B3",1363967861.0,Apartamento à venda no bairro Lourdes: 190 m² com 4 dormitórios/quartos disponíveis,R$ 1.700.000,R$ 1.575,R$ 753,19/12 às 01:12
"Lourdes_Belo Horizonte, Lourdes_Q3_B3",1363967845.0,Apartamento à venda no bairro Lourdes: 110 m² e 3 dormitórios disponíveis.,R$ 1.300.000,R$ 1.222,R$ 529,19/12 às 01:12
"Lourdes_Belo Horizonte, Lourdes_QNone_BNone",1363967849.0,Escritório para Venda/Locação no bairro Lourdes com 42m² de área útil disponível,R$ 980,R$ 200,R$ 146,19/12 às 01:12
"Centro_Belo Horizonte, Centro_Q3_B4",1363967813.0,Apartamento à venda no Centro com 190m² e 3 dormitórios/quartos disponíveis.,R$ 650.000,R$ 860,R$ 284,19/12 às 01:12
"Lourdes_Belo Horizonte, Lourdes_Q4_B3",1363967814.0,Apartamento à venda no bairro Lourdes com 151 m² e 4 dormitórios/quartos disponíveis.,R$ 2.200.000,R$ 1.500,R$ 900,19/12 às 01:12
"Lourdes_Belo Horizonte, Lourdes_QNone_BNone",1363967816.0,Escritório para Venda/Locação no bairro Lourdes com 42m² de área útil disponível,R$ 182.000,R$ 200,R$ 146,19/12 às 01:12
"Lourdes_Belo Horizonte, Lourdes_Q2_B1",1363967798.0,Apartamento 2 quartos e 2 vaga de garagem próximo ao Minas Tênis I no bairro Lourdes!,R$ 4.600,R$ 870,R$ 370,19/12 às 01:12
"Lourdes_Belo Horizonte, Lourdes_Q2_B1",1363967794.0,Apartamento 2 quartos e 1 vaga de garagem próximo ao Minas Tênis I no bairro Lourdes!,R$ 954.000,R$ 910,R$ 360,19/12 às 01:12
"Lourdes_Belo Horizonte, Lourdes_Q2_B3",1363967763.0,"Apartamento à venda em Lourdes, 116m² com 2 dormitórios/quartos disponíveis",R$ 2.180.000,R$ 620,R$ 1.000,19/12 às 01:12
"Lourdes_Belo Horizonte, Lourdes_Q4_B2",1363967735.0,Apartamento à venda em Lourdes com 280 m² e 4 dormitórios/quartos disponíveis.,R$ 1.200.000,R$ 0,R$ 0,19/12 às 01:12
"Lourdes_Belo Horizonte, Lourdes_Q4_B2",1363967728.0,Apartamento à venda em Lourdes com 150 m² e 4 dormitórios/quartos disponíveis.,R$ 950.000,R$ 432,R$ 373,19/12 às 01:12
"Lourdes_Belo Horizonte, Lourdes_Q4_B4",1363967648.0,"Apartamento à venda no bairro Lourdes, 151 m² e 4 dormitórios/quartos disponíveis.",R$ 1.750.000,R$ 1.500,R$ 900,19/12 às 01:11
"Lourdes_Belo Horizonte, Lourdes_Q4_B5 ou mais",1363967606.0,Apartamento cobertura à venda no bairro Lourdes com 301 m² e 4 dormitórios/quartos.,R$ 3.200.000,R$ 2.787,R$ 0,19/12 às 01:11
"Lourdes_Belo Horizonte, Lourdes_Q3_B3",1363967602.0,Apartamento à venda no bairro Lourdes com 69 m² e 3 dormitórios/quartos.,R$ 1.400.000,R$ 780,R$ 401,19/12 às 01:11
"Lourdes_Belo Horizonte, Lourdes_Q2_B3",1363967597.0,Apartamento cobertura à venda no bairro Lourdes com 131 m² e 2 dormitórios.,R$ 1.700.000,R$ 1.500,R$ 394,19/12 às 01:11
"Lourdes_Belo Horizonte, Lourdes_Q4_B3",1363967567.0,Apartamento à venda no bairro Lourdes com 180 m² e 4 dormitórios/quartos disponíveis.,R$ 1.680.000,R$ 1.705,R$ 528,19/12 às 01:11
"Lourdes_Belo Horizonte, Lourdes_Q3_B4",1363967569.0,Apartamento à venda no bairro Lourdes - 261 m² e 3 dormitórios/quartos disponíveis.,R$ 3.500.000,R$ 3.000,R$ 1.306,19/12 às 01:11
"Lourdes_Belo Horizonte, Lourdes_QNone_BNone",1363967546.0,Escritório à Venda/Locação no Bairro Lourdes com 28 m² de Área Útil,R$ 680,R$ 200,R$ 146,19/12 às 01:11
"Lourdes_Belo Horizonte, Lourdes_Q3_B3",1363967523.0,Apartamentos à venda em Lourdes com 3 dormitórios e área útil de 89 m² disponíveis.,R$ 1.350.000,R$ 1.265,R$ 693,19/12 às 01:11
"Lourdes_Belo Horizonte, Lourdes_QNone_BNone",1363967528.0,Escritório à Venda/Locação no Bairro Lourdes com 28 m² de Área Útil,R$ 152.000,R$ 200,R$ 146,19/12 às 01:11
"Lourdes_Belo Horizonte, Lourdes_Q3_B4",1363967480.0,Apartamento cobertura à venda no bairro Lourdes com 200m² e 3 dormitórios.,R$ 2.499.500,R$ 1.200,R$ 778,19/12 às 01:11
"Lourdes_Belo Horizonte, Lourdes_Q4_B3",1363967471.0,Apartamento cobertura à venda no bairro Lourdes com 294 m² e 4 dormitórios.,R$ 4.500.000,R$ 1.892,R$ 714,19/12 às 01:11
"Lourdes_Belo Horizonte, Lourdes_Q4_B5 ou mais",1363967440.0,Apartamento à venda no bairro Lourdes com 240m² e 4 dormitórios/quartos disponíveis.,R$ 2.490.000,R$ 2.650,R$ 1.157,19/12 às 01:10
"Lourdes_Belo Horizonte, Lourdes_Q4_B5 ou mais",1363967421.0,Apartamento à venda em Lourdes com 355 m² e 4 dormitórios/quartos disponíveis.,R$ 2.900.000,R$ 2.986,R$ 1.118,19/12 às 01:10
"Lourdes_Belo Horizonte, Lourdes_Q5 ou mais_B2",1363967391.0,Apartamento à venda no bairro Lourdes com 5 dormitórios e 250 m² de área útil.,R$ 1.750.000,R$ 1.880,R$ 569,19/12 às 01:10
"Lourdes_Belo Horizonte, Lourdes_Q2_B3",1363967345.0,Apartamento cobertura à venda no bairro Lourdes com 100m² e 2 dormitórios/quartos.,R$ 1.100.000,R$ 350,R$ 260,19/12 às 01:10
"Lourdes_Belo Horizonte, Lourdes_Q2_B3",1363967337.0,"Apartamento à venda em Lourdes, 88 m² e 2 dormitórios/quartos disponíveis.",R$ 1.600.000,R$ 1.784,R$ 582,19/12 às 01:10
"Lourdes_Belo Horizonte, Lourdes_Q2_B3",1363967319.0,Apartamento à venda em Lourdes com 83m² e 2 dormitórios/quartos disponíveis,R$ 1.200.000,R$ 1.058,R$ 393,19/12 às 01:10
"Lourdes_Belo Horizonte, Lourdes_Q4_B2",1363967304.0,Apartamento à venda no bairro Lourdes com 161 m² e 4 dormitórios/quartos.,R$ 1.400.000,R$ 2.600,R$ 692,19/12 às 01:10
"Lourdes_Belo Horizonte, Lourdes_Q3_B3",1363967273.0,Apartamento à venda no bairro Lourdes com 3 dormitórios/quartos e 120m².,R$ 1.260.000,R$ 1.350,R$ 488,19/12 às 01:10
"Lourdes_Belo Horizonte, Lourdes_Q3_B3",1363967259.0,"Apartamento à venda no bairro Lourdes, 95m² com 3 dormitórios/quartos disponíveis.",R$ 1.300.000,R$ 1.176,R$ 482,19/12 às 01:10
"Lourdes_Belo Horizonte, Lourdes_Q4_B3",1363967240.0,Apartamento à venda em Lourdes com 170m² e 4 dormitórios/quartos disponíveis.,R$ 1.800.000,R$ 1.700,R$ 590,19/12 às 01:09
"Lourdes_Belo Horizonte, Lourdes_Q4_B4",1363967231.0,Apartamento à venda no bairro Lourdes com 4 dormitórios e 250 m² de área útil,R$ 1.580.000,R$ 2.400,R$ 743,19/12 às 01:09
"Centro_Belo Horizonte, Centro_Q2_B1",1363967220.0,"Apartamento à venda no Centro, 90m² com 2 dormitórios/quartos disponíveis.",R$ 410.000,R$ 550,R$ 162,19/12 às 01:09
"Lourdes_Belo Horizonte, Lourdes_Q3_B2",1363967151.0,Apartamento à venda em Lourdes com 3 dormitórios e área útil de 95 m²,R$ 655.000,R$ 600,R$ 233,19/12 às 01:09
"Lourdes_Belo Horizonte, Lourdes_Q2_B3",1363967148.0,Apartamento à venda no bairro Lourdes com 70m² e 2 dormitórios/quartos disponíveis.,R$ 760.000,R$ 844,R$ 292,19/12 às 01:09
"Lourdes_Belo Horizonte, Lourdes_Q1_B1",1363967128.0,"Apartamento à venda em Lourdes, 56 m² com 1 dormitório/quarto disponível.",R$ 550.000,R$ 530,R$ 181,19/12 às 01:09
"Lourdes_Belo Horizonte, Lourdes_Q3_B3",1363967083.0,Apartamento à venda no bairro Lourdes com 99 m² e 3 dormitórios/quartos disponíveis.,R$ 1.150.000,R$ 2.016,R$ 472,19/12 às 01:09
"Santo Antônio_Belo Horizonte, Santo Antônio_QNone_BNone",1363967056.0,Escritório à Venda no Bairro Santo Antônio com Área Útil de 28 m² para Oportunidade de Inv,R$ 320.000,R$ 360,R$ 216,19/12 às 01:09
"Lourdes_Belo Horizonte, Lourdes_Q4_B3",1363967065.0,Apartamento à venda no bairro Lourdes com 4 dormitórios e 162 m² de área útil.,R$ 2.200.000,R$ 1.850,R$ 813,19/12 às 01:09
"Lourdes_Belo Horizonte, Lourdes_Q2_B1",1363967028.0,Apartamento 2 quartos e 2 vaga de garagem próximo ao Minas Tênis I no bairro Lourdes!,R$ 1.166.000,R$ 950,R$ 370,19/12 às 01:09
"Lourdes_Belo Horizonte, Lourdes_Q2_B2",1363967017.0,Apartamento à venda no bairro Lourdes com 174 m² e 2 dormitórios/quartos disponíveis,R$ 2.200.000,R$ 1.100,R$ 872,19/12 às 01:09
"Lourdes_Belo Horizonte, Lourdes_Q3_B3",1363966994.0,Apartamento à venda em Lourdes com 110 m² e 3 dormitórios/quartos disponíveis.,R$ 1.350.000,R$ 1.100,R$ 470,19/12 às 01:09
"Lourdes_Belo Horizonte, Lourdes_Q4_B5 ou mais",1363966973.0,Apartamento à venda no bairro Lourdes com 205 m² e 4 dormitórios/quartos disponíveis.,R$ 2.600.000,R$ 1.000,R$ 0,19/12 às 01:09
"Lourdes_Belo Horizonte, Lourdes_Q2_B3",1363966961.0,Apartamento à venda no bairro Lourdes com 69 m² e 2 dormitórios/quartos disponíveis.,R$ 1.080.000,R$ 900,R$ 330,19/12 às 01:09
"Lourdes_Belo Horizonte, Lourdes_Q2_B2",1363966962.0,"Apartamento à venda em Lourdes, com 72 m² e 2 dormitórios/quartos disponíveis.",R$ 1.000.000,R$ 790,R$ 340,19/12 às 01:09
"Lourdes_Belo Horizonte, Lourdes_Q1_B1",1363966947.0,Apartamento Cobertura à Venda em Lourdes com 80m² e 1 Quarto/Dormitório disponível.,R$ 1.000.000,R$ 450,R$ 0,19/12 às 01:09
"Lourdes_Belo Horizonte, Lourdes_Q3_B4",1363966836.0,"Apartamento à venda no bairro Lourdes, 116 m² com 3 dormitórios/quartos disponíveis.",R$ 2.180.000,R$ 1.400,R$ 900,19/12 às 01:08
"Lourdes_Belo Horizonte, Lourdes_Q4_B3",1363966769.0,Apartamento à venda no bairro Lourdes com 200 m² e 4 dormitórios/quartos disponíveis.,R$ 2.580.000,R$ 2.143,R$ 661,19/12 às 01:08
"Lourdes_Belo Horizonte, Lourdes_Q1_B1",1363966749.0,"Apartamento à venda em Lourdes, 46m² com 1 dormitório, ideal para você!",R$ 510.000,R$ 450,R$ 100,19/12 às 01:08
"Lourdes_Belo Horizonte, Lourdes_Q4_B3",1363966725.0,Apartamento à venda no bairro Lourdes com 320m² e 4 dormitórios/quartos disponíveis.,R$ 3.425.000,R$ 2.500,R$ 1.240,19/12 às 01:08
"Lourdes_Belo Horizonte, Lourdes_Q2_B2",1363966733.0,Apartamento à venda no bairro Lourdes com 110m² e 2 dormitórios/quartos disponíveis.,R$ 1.250.000,R$ 1.500,R$ 881,19/12 às 01:08
"Lourdes_Belo Horizonte, Lourdes_Q3_B3",1363966734.0,Cobertura à venda em Lourdes - 215 m² com 3 dormitórios disponíveis,R$ 1.996.000,R$ 1.400,R$ 482,19/12 às 01:08
"Centro_Belo Horizonte, Centro_Q2_B1",1363966684.0,Apartamento à venda no Centro - 88 m² com 2 dormitórios/quartos disponíveis.,R$ 580.000,R$ 620,R$ 136,19/12 às 01:08
"Lourdes_Belo Horizonte, Lourdes_Q2_B3",1363966691.0,Apartamento à venda no bairro Lourdes com 79m² e 2 dormitórios/quartos disponíveis.,R$ 780.000,R$ 1.100,R$ 280,19/12 às 01:08
"Lourdes_Belo Horizonte, Lourdes_Q2_B2",1363966692.0,Apartamento à venda em Lourdes: 80 m² com 2 dormitórios/quartos. Oportunidade!,R$ 635.000,R$ 950,R$ 165,19/12 às 01:08
"Lourdes_Belo Horizonte, Lourdes_Q1_B2",1363966657.0,Apartamento à venda no bairro Lourdes com 1 dormitório e 51 m² de área útil.,R$ 650.000,R$ 1.350,R$ 187,19/12 às 01:08
"Lourdes_Belo Horizonte, Lourdes_QNone_BNone",1363966638.0,Escritório à Venda/Aluguel no bairro Lourdes com 28m² de Área Útil,R$ 182.000,R$ 0,R$ 146,19/12 às 01:08
"Lourdes_Belo Horizonte, Lourdes_QNone_BNone",1363966621.0,Escritório à Venda/Aluguel no bairro Lourdes com 28m² de Área Útil,R$ 1.800,R$ 0,R$ 146,19/12 às 01:08
"Centro_Belo Horizonte, Centro_Q4_B3",1363966554.0,"Apartamento à venda no Centro, 228 m² com 4 dormitórios/quartos disponíveis.",R$ 860.000,R$ 1.131,R$ 258,19/12 às 01:07
"Lourdes_Belo Horizonte, Lourdes_Q3_B2",1363966545.0,"Apartamento à venda em Lourdes, 113 m² com 3 dormitórios/quartos disponíveis.",R$ 760.000,R$ 600,R$ 233,19/12 às 01:07
"Lourdes_Belo Horizonte, Lourdes_Q3_B2",1363966551.0,Apartamento à venda no bairro Lourdes com 115m² e 3 dormitórios/quartos disponíveis.,R$ 800.000,R$ 437,R$ 236,19/12 às 01:07
"Lourdes_Belo Horizonte, Lourdes_Q4_B4",1363966518.0,Apartamento à venda no bairro Lourdes com 396 m² e 4 dormitórios/quartos disponíveis.,R$ 3.700.000,R$ 3.700,R$ 1.691,19/12 às 01:07
"Lourdes_Belo Horizonte, Lourdes_Q2_B3",1363966507.0,Apartamento à venda no bairro Lourdes com 72m² e 2 dormitórios/quartos disponíveis.,R$ 1.350.000,R$ 0,R$ 0,19/12 às 01:07
"Lourdes_Belo Horizonte, Lourdes_Q2_B3",1363966495.0,Apartamento à venda em Lourdes - 60 m² com 2 dormitórios/quartos disponíveis.,R$ 860.500,R$ 302,R$ 254,19/12 às 01:07
"Lourdes_Belo Horizonte, Lourdes_Q4_B4",1363966499.0,"Apartamento à venda em Lourdes, 202 m² com 4 dormitórios/quartos disponíveis.",R$ 1.300.000,R$ 2.330,R$ 74,19/12 às 01:07
"Lourdes_Belo Horizonte, Lourdes_Q4_B5 ou mais",1363966468.0,Apartamento à venda em Lourdes com 4 dormitórios e 207 m² de área útil.,R$ 4.350.000,R$ 2.300,R$ 1.467,19/12 às 01:07
"Lourdes_Belo Horizonte, Lourdes_Q4_B4",1363966460.0,"Apartamento à venda em Lourdes, 234 m² com 4 dormitórios/quartos disponíveis.",R$ 2.200.000,R$ 2.764,R$ 831,19/12 às 01:07
"Lourdes_Belo Horizonte, Lourdes_Q2_B3",1363966440.0,Apartamento à venda no bairro Lourdes com 80 m² e 2 dormitórios/quartos disponíveis.,R$ 970.000,R$ 1.100,R$ 433,19/12 às 01:07
"Lourdes_Belo Horizonte, Lourdes_Q4_B5 ou mais",1363966452.0,"Apartamento à venda no bairro Lourdes, 305 m² e 4 dormitórios/quartos disponíveis.",R$ 4.500.000,R$ 3.500,R$ 1.448,19/12 às 01:07
"Lourdes_Belo Horizonte, Lourdes_Q3_B2",1363966294.0,Apartamento à venda no bairro Lourdes com 124 m² e 3 dormitórios/quartos disponíveis.,R$ 1.500.000,R$ 1.100,R$ 732,19/12 às 01:06
"Lourdes_Belo Horizonte, Lourdes_Q2_B1",1363966266.0,Apartamento à venda no bairro Lourdes com 98m² e 2 dormitórios/quartos disponíveis.,R$ 1.380.000,R$ 700,R$ 150,19/12 às 01:06
"Lourdes_Belo Horizonte, Lourdes_Q3_B4",1363966273.0,Apartamento à venda no bairro Lourdes com 250 m² e 3 dormitórios/quartos disponíveis.,R$ 2.350.000,R$ 3.000,R$ 857,19/12 às 01:06
"Lourdes_Belo Horizonte, Lourdes_Q4_B2",1363966222.0,Apartamento à venda no bairro Lourdes com 120 m² e 4 dormitórios/quartos.,R$ 2.200.000,R$ 1.600,R$ 445,19/12 às 01:06
"Lourdes_Belo Horizonte, Lourdes_Q2_B3",1363966200.0,Apartamento à venda no bairro Lourdes com 150 m² e 2 dormitórios/quartos disponíveis.,R$ 1.380.000,R$ 387,R$ 287,19/12 às 01:06
"Lourdes_Belo Horizonte, Lourdes_Q4_B3",1363966212.0,Apartamento Cobertura com 4 Dormitórios à Venda no Bairro Lourdes - 170 m²,R$ 1.300.000,R$ 2.100,R$ 300,19/12 às 01:06
"Lourdes_Belo Horizonte, Lourdes_QNone_BNone",1363966214.0,Escritório para Aluguel no Bairro Lourdes com 35 m² de Área Útil Disponível,R$ 1.170,R$ 294,R$ 154,19/12 às 01:06
"Lourdes_Belo Horizonte, Lourdes_Q2_B3",1363966216.0,Apartamento para venda em Lourdes com 63 m² e 2 dormitórios/quartos disponíveis.,R$ 1.080.000,R$ 1.369,R$ 0,19/12 às 01:06
"Lourdes_Belo Horizonte, Lourdes_Q3_B2",1363966163.0,Apartamento à venda no bairro Lourdes com 92m² e 3 dormitórios/quartos disponíveis.,R$ 1.200.000,R$ 1.100,R$ 700,19/12 às 01:06
"Lourdes_Belo Horizonte, Lourdes_Q3_B3",1363966166.0,"Apartamento à venda no bairro Lourdes, 88 m² e 3 dormitórios/quartos disponíveis.",R$ 1.300.000,R$ 1.000,R$ 400,19/12 às 01:06
"Lourdes_Belo Horizonte, Lourdes_Q3_B3",1363966128.0,"Apartamento à venda no bairro Lourdes, 122 m² com 3 dormitórios/quartos disponíveis.",R$ 660.000,R$ 400,R$ 247,19/12 às 01:06
"Lourdes_Belo Horizonte, Lourdes_Q3_B3",1363966068.0,Apartamento à venda no bairro Lourdes com 95 m² e 3 dormitórios/quartos disponíveis.,R$ 869.000,R$ 869,R$ 290,19/12 às 01:05
"Lourdes_Belo Horizonte, Lourdes_Q3_B3",1363966073.0,Apartamento cobertura à venda no bairro Lourdes com 120m² e 3 dormitórios.,R$ 2.040.000,R$ 1.500,R$ 700,19/12 às 01:05
"Lourdes_Belo Horizonte, Lourdes_Q3_B2",1363965971.0,Apartamento à venda em Lourdes com 89m² e 3 dormitórios/quartos disponíveis.,R$ 1.385.000,R$ 1.100,R$ 650,19/12 às 01:05
"Lourdes_Belo Horizonte, Lourdes_Q4_B5 ou mais",1363965999.0,Apartamento à venda no bairro Lourdes com 205 m² e 4 dormitórios/quartos disponíveis.,R$ 2.900.000,R$ 0,R$ 648,19/12 às 01:05
"Lourdes_Belo Horizonte, Lourdes_Q4_B2",1363966007.0,Apartamento à venda em Lourdes com 160m² e 4 dormitórios/quartos disponíveis.,R$ 1.900.000,R$ 1.500,R$ 416,19/12 às 01:05
"Lourdes_Belo Horizonte, Lourdes_Q4_B3",1363966019.0,Apartamento à venda em Lourdes com 4 dormitórios e 249 m² de área útil,R$ 1.590.000,R$ 1.500,R$ 479,19/12 às 01:05
"Lourdes_Belo Horizonte, Lourdes_Q3_B3",1363965849.0,Apartamento à venda no bairro Lourdes com 90m² e 3 dormitórios/quartos disponíveis.,R$ 1.750.000,R$ 800,R$ 425,19/12 às 01:05
"Lourdes_Belo Horizonte, Lourdes_Q4_B5 ou mais",1363965856.0,"Apartamento à venda no bairro Lourdes, com 260m² e 4 dormitórios/quartos disponíveis.",R$ 2.990.000,R$ 3.500,R$ 980,19/12 às 01:05
"Lourdes_Belo Horizonte, Lourdes_Q2_B2",1363965867.0,Apartamento à venda no bairro Lourdes com 77m² e 2 dormitórios/quartos disponíveis.,R$ 1.070.000,R$ 800,R$ 250,19/12 às 01:05
"Lourdes_Belo Horizonte, Lourdes_Q4_B5 ou mais",1363965914.0,Apartamento à venda no bairro Lourdes - 372 m² com 4 dormitórios/quartos disponíveis.,R$ 4.000.000,R$ 4.000,R$ 1.099,19/12 às 01:05
"Lourdes_Belo Horizonte, Lourdes_Q4_B5 ou mais",1363965949.0,Apartamento à venda no bairro Lourdes com 282 m² e 4 dormitórios/quartos disponíveis.,R$ 2.990.000,R$ 2.310,R$ 640,19/12 às 01:05
"Lourdes_Belo Horizonte, Lourdes_Q4_B3",1363965952.0,Apartamento à venda no bairro Lourdes com 140 m² e 4 dormitórios/quartos disponíveis.,R$ 1.100.000,R$ 1.850,R$ 290,19/12 às 01:05
"Lourdes_Belo Horizonte, Lourdes_Q3_B3",1363965958.0,Apartamento à venda em Lourdes com 100 m² e 3 dormitórios/quartos disponíveis.,R$ 1.150.000,R$ 970,R$ 330,19/12 às 01:05
"Centro_Belo Horizonte, Centro_Q3_B2",1363965809.0,Apartamento à venda no Centro com 3 dormitórios e 160 m² de área útil disponível.,R$ 750.000,R$ 750,R$ 217,19/12 às 01:05
"Lourdes_Belo Horizonte, Lourdes_Q4_B4",1363965822.0,Cobertura à venda no bairro Lourdes com 230m² e 4 dormitórios/quartos disponíveis,R$ 2.390.000,R$ 986,R$ 900,19/12 às 01:05
"Lourdes_Belo Horizonte, Lourdes_Q2_B3",1363965753.0,Apartamento à venda no bairro Lourdes com 83m² e 2 dormitórios/quartos disponíveis.,R$ 1.350.000,R$ 1.700,R$ 455,19/12 às 01:05
"Lourdes_Belo Horizonte, Lourdes_Q3_B2",1363965721.0,"Apartamento à venda no bairro Lourdes, com 98 m² e 3 dormitórios/quartos.",R$ 1.100.000,R$ 1.200,R$ 600,19/12 às 01:05
"Lourdes_Belo Horizonte, Lourdes_Q2_B3",1363965617.0,Apartamento cobertura à venda no bairro Lourdes com 112m² e 2 dormitórios.,R$ 1.200.000,R$ 0,R$ 0,19/12 às 01:05
"Lourdes_Belo Horizonte, Lourdes_Q1_B1",1363965639.0,Apartamento Cobertura à Venda em Lourdes com 83 m² e 1 dormitório/quarto disponível,R$ 1.000.000,R$ 450,R$ 0,19/12 às 01:05
"Lourdes_Belo Horizonte, Lourdes_Q2_B2",1363965567.0,Cobertura à Venda no Bairro Lourdes com 217 m² e 2 Dormitórios!,R$ 3.500.000,R$ 2.049,R$ 850,19/12 às 01:05
"Lourdes_Belo Horizonte, Lourdes_Q2_B2",1363965595.0,"Apartamento à venda no bairro Lourdes, 75 m² com 2 dormitórios/quartos disponíveis.",R$ 700.000,R$ 330,R$ 214,19/12 às 01:05
"Lourdes_Belo Horizonte, Lourdes_Q3_B2",1363965602.0,Apartamento à venda no bairro Lourdes com 88 m² e 3 dormitórios/quartos disponíveis.,R$ 1.650.000,R$ 0,R$ 480,19/12 às 01:05
"Lourdes_Belo Horizonte, Lourdes_Q4_B2",1363965534.0,Cobertura à venda no bairro Lourdes com 4 dormitórios e 419 m² de área útil,R$ 3.950.000,R$ 0,R$ 845,19/12 às 01:05
"Lourdes_Belo Horizonte, Lourdes_Q2_B3",1363965466.0,Apartamento à venda no bairro Lourdes com 122 m² e 2 dormitórios/quartos.,R$ 1.490.000,R$ 800,R$ 425,19/12 às 01:05
"Lourdes_Belo Horizonte, Lourdes_Q4_B2",1363965467.0,"Apartamento à venda no bairro Lourdes, 160m² e 4 dormitórios/quartos disponíveis.",R$ 1.170.000,R$ 900,R$ 279,19/12 às 01:05
"Lourdes_Belo Horizonte, Lourdes_Q2_B3",1363965485.0,Apartamento à venda em Lourdes com 63 m² e 2 dormitórios/quartos disponíveis.,R$ 1.150.000,R$ 850,R$ 421,19/12 às 01:05
"Lourdes_Belo Horizonte, Lourdes_QNone_BNone",1363791626.0,Sala para alugar próximo à Igreja de Lourdes !,R$ 2.200,R$ 395,R$ 161,18/12 às 14:40
"Lourdes_Belo Horizonte, Lourdes_QNone_BNone",1363777173.0,"Andar comercial para alugar, próximo à Praça da Liberdade.",R$ 50.121,R$ 4.400,R$ 2.200,18/12 às 14:18
"Lourdes_Belo Horizonte, Lourdes_Q5 ou mais_B3",1363768525.0,"Cobertura à venda, 5 quartos, 1 suíte, 2 vagas, Lourdes - Belo Horizonte/MG",R$ 2.300.000,R$ 1.000,R$ 562,18/12 às 14:13
"Lourdes_Belo Horizonte, Lourdes_Q2_B2",1363761094.0,Casa para alugar no Lourdes !,R$ 15.000,R$ 0,R$ 1.820,18/12 às 14:06
"Lourdes_Belo Horizonte, Lourdes_Q4_B5 ou mais",1363758598.0,Apartamento de 352m² com Área Privativa no Bairro de Lourdes,R$ 3.690.000,R$ 3.100,R$ 24.967,18/12 às 14:02
"Lourdes_Belo Horizonte, Lourdes_Q2_B2",1363751726.0,"Apartamento, 2 quartos, 1 suite, 1 vaga",R$ 1.050.000,R$ 800,R$ 337,18/12 às 13:59
"Lourdes_Belo Horizonte, Lourdes_QNone_BNone",1363746336.0,"Andar comercial para locação, próximo à Praça da Liberdade!",R$ 20.200,R$ 4.400,R$ 2.200,18/12 às 13:56
"Santo Antônio_Belo Horizonte, Santo Antônio_Q4_B4",1363746277.0,"Casa comercial com 202m² e 4 quartos e 4 salas no Santo Antônio, BH",R$ 6.400,R$ 0,R$ 5.619,18/12 às 13:56
"Lourdes_Belo Horizonte, Lourdes_Q2_B3",1363744304.0,"Apartamento para aluguel, 2 quartos, 1 suíte, 2 vagas, Lourdes - Belo Horizonte/MG",R$ 5.400,R$ 895,R$ 5.525,18/12 às 13:56
"Lourdes_Belo Horizonte, Lourdes_QNone_BNone",1363740168.0,"Loja para aluguel, Lourdes - Belo Horizonte/MG",R$ 29.000,R$ 0,R$ 2.200,18/12 às 13:54
"Lourdes_Belo Horizonte, Lourdes_QNone_BNone",1363736238.0,Loja para locação próximo à Igreja de Lourdes!,R$ 27.900,R$ 0,R$ 18.829,18/12 às 13:53
"Lourdes_Belo Horizonte, Lourdes_QNone_BNone",1363735863.0,Andar para locação próximo à Praça da Liberdade !,R$ 19.300,R$ 4.400,R$ 2.200,18/12 às 13:53
"Lourdes_Belo Horizonte, Lourdes_Q4_B3",1363735037.0,"Apartamento com 4 quartos e 2 vagas para vender no Lourdes, BH.",R$ 1.750.000,R$ 1.800,R$ 6.925,18/12 às 13:53
"Lourdes_Belo Horizonte, Lourdes_QNone_BNone",1363733824.0,Andar comercial próximo à Praça da Liberdade,R$ 19.850,R$ 4.400,R$ 2.200,18/12 às 13:52
"Centro_Belo Horizonte, Centro_Q0_B5 ou mais",1363733315.0,"Prédio comercial com 23 vagas de garagem para alugar, próximo ao Mercado cCentral de Belo ",R$ 70.000,R$ 0,R$ 58.963,18/12 às 13:52
"Lourdes_Belo Horizonte, Lourdes_QNone_BNone",1363733020.0,Loja de galeria para alugar no Lourdes - BH,R$ 900,R$ 394,R$ 1.487,18/12 às 13:52
"Cidade Jardim_Belo Horizonte, Cidade Jardim_QNone_BNone",1363732596.0,"Galpão para locação, próximo ao Colégio Loyola.",R$ 37.000,R$ 0,R$ 37.346,18/12 às 13:52
"Lourdes_Belo Horizonte, Lourdes_Q5 ou mais_B4",1363728532.0,"Casa com 10 dormitórios para alugar, 412 m² por R$ 18.000,00/mês - Lourdes - Belo Horizont",R$ 18.000,R$ 0,R$ 0,18/12 às 13:51
"Lourdes_Belo Horizonte, Lourdes_Q2_B2",1363701003.0,Lourdes - Apartamento 2 quartos para aluguel na Anuar Donato,R$ 5.500,R$ 1.624,R$ 412,18/12 às 12:56
"Lourdes_Belo Horizonte, Lourdes_Q2_B2",1363693775.0,Imóvel para aluguel tem 63 metros quadrados com 2 quartos em Lourdes - Belo Horizonte - MG,R$ 5.400,R$ 895,R$ 400,18/12 às 12:32
"Lourdes_Belo Horizonte, Lourdes_Q2_B1",1363686376.0,Apartamento 2 quartos Bairro Lourdes,R$ 570.000,R$ 700,R$ 1.199,18/12 às 12:00
"Lourdes_Belo Horizonte, Lourdes_QNone_BNone",1363665449.0,"Sala à venda, Lourdes - Belo Horizonte/MG",R$ 690.000,R$ 978,R$ 3.446,18/12 às 10:48
"Lourdes_Belo Horizonte, Lourdes_Q2_B2",1363665079.0,"Apartamento para aluguel, 2 quartos, 1 vaga, Lourdes - Belo Horizonte/MG",R$ 2.400,R$ 980,R$ 2.084,18/12 às 10:44
"Lourdes_Belo Horizonte, Lourdes_Q3_B3",1363655056.0,Imóvel para venda possui 109 metros quadrados com 3 quartos em Lourdes - Belo Horizonte - ,R$ 1.938.545,R$ 0,R$ 0,18/12 às 10:09
"Lourdes_Belo Horizonte, Lourdes_Q3_B2",1363654270.0,"Apartamento 3 Quartos à venda, 3 quartos, 1 suíte, 2 vagas, Lourdes - Belo Horizonte/MG",R$ 1.150.000,R$ 1.295,R$ 508,18/12 às 10:06
"Lourdes_Belo Horizonte, Lourdes_QNone_BNone",1363636103.0,"Sala à venda, Centro - Belo Horizonte/MG",R$ 690.000,R$ 966,R$ 3.446,18/12 às 08:34
"Lourdes_Belo Horizonte, Lourdes_Q3_B5 ou mais",1363620602.0,Apartamento amplo ao lado do Minas Tênis Clube,R$ 3.500.000,R$ 4.000,R$ 1.100,18/12 às 06:26
"Lourdes_Belo Horizonte, Lourdes_Q3_B4",1363619244.0,Apartamento de 3 quartos para aluguel no Lourdes,R$ 19.000,R$ 2.500,R$ 1.500,18/12 às 06:09
"Lourdes_Belo Horizonte, Lourdes_Q3_B3",1363616205.0,"Apartamento à venda, 3 quartos, 1 suíte, 2 vagas, Lourdes - Belo Horizonte/MG",R$ 1.890.000,R$ 1.600,R$ 0,18/12 às 05:09
"Lourdes_Belo Horizonte, Lourdes_Q4_B3",1363569316.0,APARTAMENTO PARA LOCAÇÃO LOURDES 4 QUARTOS 2 SUITES 3 BANHEIROS 3 VAGAS,R$ 15.500,R$ 2.900,R$ 1.010,17/12 às 21:46
"Lourdes_Belo Horizonte, Lourdes_Q3_B1",1363521417.0,Apartamento de 3 quartos no bairro Lourdes,R$ 1.800.000,R$ 1,R$ 0,17/12 às 19:26
"Lourdes_Belo Horizonte, Lourdes_QNone_BNone",1363520741.0,Lote em jardim colonial ribeirão de neves ,R$ 80.000,,,17/12 às 19:24
"Lourdes_Belo Horizonte, Lourdes_Q4_B2",1363513952.0,"Apartamento, 4 quartos, 1 suite, 1 vaga",R$ 950.000,R$ 450,R$ 374,17/12 às 18:53
"Lourdes_Belo Horizonte, Lourdes_Q2_B2",1363512475.0,Cobertura de 2 quartos no bairro Lourdes,R$ 2.359.000,R$ 1,R$ 0,17/12 às 18:43
"Lourdes_Belo Horizonte, Lourdes_Q3_B3",1363503602.0,Área Priv. de 3 quartos no bairro Lourdes,R$ 2.500.000,R$ 1,R$ 0,17/12 às 18:10
"Lourdes_Belo Horizonte, Lourdes_Q4_B5 ou mais",1363464655.0,COBERTURA À VENDA - 356 m² - LOURDES - BELO HORIZONTE (MG),R$ 9.938.000,R$ 800,R$ 450,17/12 às 16:17
"Lourdes_Belo Horizonte, Lourdes_Q4_B4",1363464441.0,APARTAMENTO À VENDA - 191 m² - LOURDES - BELO HORIZONTE (MG),R$ 4.319.000,R$ 80,R$ 450,17/12 às 16:17
"Lourdes_Belo Horizonte, Lourdes_Q4_B4",1363440428.0,Apartamento em Lourdes - Belo Horizonte,R$ 19.000,R$ 2.500,R$ 1.375,17/12 às 15:01
"Lourdes_Belo Horizonte, Lourdes_Q2_B2",1363439604.0,Apartamento em Lourdes - Belo Horizonte,R$ 4.600,R$ 1.100,R$ 0,17/12 às 15:01
"Lourdes_Belo Horizonte, Lourdes_Q2_B2",1363432426.0,Apartamento em Lourdes - Belo Horizonte,R$ 4.200,R$ 1.100,R$ 0,17/12 às 14:48
"Lourdes_Belo Horizonte, Lourdes_Q1_B1",1363406253.0,"Apartamento 1 Quarto à venda, 1 quarto, CENTRO - Belo Horizonte/MG",R$ 320.000,R$ 608,R$ 127,17/12 às 14:11
"Lourdes_Belo Horizonte, Lourdes_Q2_B2",1363406303.0,"Apartamento 2 Quartos à venda, 2 quartos, 1 suíte, 2 vagas, Lourdes - Belo Horizonte/MG",R$ 1.100.000,R$ 1.270,R$ 418,17/12 às 14:11
"Lourdes_Belo Horizonte, Lourdes_QNone_BNone",1363339420.0,"Loja para aluguel, Lourdes - Belo Horizonte/MG",R$ 3.200,R$ 0,R$ 195,17/12 às 07:05
"Lourdes_Belo Horizonte, Lourdes_Q2_B2",1363331438.0,"Apartamento com 2 dormitórios para alugar, 63 m² por R$ 6.755,00/mês - Lourdes - Belo Hori",R$ 5.400,R$ 895,R$ 460,17/12 às 05:59
"Lourdes_Belo Horizonte, Lourdes_Q1_B1",1363329477.0,"Apartamento à venda, 1 quarto, 1 vaga, Lourdes - Belo Horizonte/MG",R$ 550.000,R$ 460,R$ 132,17/12 às 05:30
"Lourdes_Belo Horizonte, Lourdes_Q4_B2",1363318941.0,"Apartamento à venda, 4 quartos, 1 suíte, 3 vagas, Lourdes - Belo Horizonte/MG",R$ 2.130.000,R$ 1.900,R$ 711,17/12 às 04:12
"Lourdes_Belo Horizonte, Lourdes_Q2_B2",1363318184.0,"Apartamento à venda, 2 quartos no Lourdes.",R$ 5.400,R$ 895,R$ 0,17/12 às 03:56
"Lourdes_Belo Horizonte, Lourdes_Q2_B2",1363317782.0,"Apartamento à venda, 2 quartos no Lourdes.",R$ 5.400,R$ 895,R$ 0,17/12 às 03:48
"Lourdes_Belo Horizonte, Lourdes_Q1_B1",1363317787.0,"Apartamento à venda, 1 quarto no Lourdes.",R$ 3.100,R$ 980,R$ 395,17/12 às 03:48
"Lourdes_Belo Horizonte, Lourdes_Q2_B2",1363317778.0,"Apartamento à venda, 2 quartos no Lourdes.",R$ 5.400,R$ 895,R$ 0,17/12 às 03:48
"Lourdes_Belo Horizonte, Lourdes_Q2_B3",1363301976.0,Apartamento 2 quartos a venda em Lourdes - proximo ao Minas Tenis Clube1,R$ 980.000,R$ 750,R$ 5.385,16/12 às 23:44
"Lourdes_Belo Horizonte, Lourdes_Q3_B1",1363301581.0,Lourdes - Apartamento 3 quartos à venda na Anuar Donato,R$ 3.890.000,R$ 2.000,R$ 0,16/12 às 23:42
"Lourdes_Belo Horizonte, Lourdes_Q3_B3",1363287070.0,Venda Apartamento 3 quartos Lourdes Belo Horizonte,R$ 1.300.000,R$ 1.222,R$ 529,16/12 às 23:08
"Lourdes_Belo Horizonte, Lourdes_Q1_B1",1363140109.0,Apartamento Reformado de 2 Quartos no Edifício Rotterdam,R$ 3.300,R$ 706,R$ 287,16/12 às 18:57
"Lourdes_Belo Horizonte, Lourdes_Q1_B1",1362972728.0,Kitnet próximo ao Shopping Cidade,R$ 890,R$ 197,R$ 163,16/12 às 10:53
"Lourdes_Belo Horizonte, Lourdes_QNone_BNone",1364930802.0,Aluguel de terreno ,R$ 1.000,R$ 0,R$ 0,23/12 às 11:32
"Lourdes_Belo Horizonte, Lourdes_Q2_B2",1362694659.0,Apartamento com 2 quartos - Lourdes,R$ 1.100.000,R$ 1.550,R$ 440,14/12 às 20:53
"Lourdes_Belo Horizonte, Lourdes_Q4_B4",1362675450.0,"Apartamento no Lourdes com 4 quartos, sendo 2 suítes e 3 vagas.",R$ 2.900.000,R$ 2.800,R$ 1.118,14/12 às 18:54
"Lourdes_Belo Horizonte, Lourdes_Q4_B2",1362675415.0,"Apartamento no Lourdes com 4 quartos, 1 suíte, 2 banheiros e 2 vagas",R$ 1.900.000,R$ 1.600,R$ 450,14/12 às 18:54
"Lourdes_Belo Horizonte, Lourdes_Q2_B1",1362638359.0,Apartamento à venda - Bairro Lourdes !,R$ 1.100.000,R$ 1.550,R$ 4.840,14/12 às 16:52
"Lourdes_Belo Horizonte, Lourdes_Q3_B1",1362638378.0,Apartamento à venda - Bairro Lourdes !,R$ 1.300.000,R$ 1.050,R$ 2.640,14/12 às 16:52
"Lourdes_Belo Horizonte, Lourdes_Q4_B1",1362638379.0,Apartamento à venda - Bairro Lourdes !,R$ 1.750.000,R$ 1.000,R$ 9.889,14/12 às 16:52
"Lourdes_Belo Horizonte, Lourdes_Q3_B2",1362613921.0,Apartamento 3 quartos MOBILIADO em Lourdes - Belo Horizonte,R$ 3.500,R$ 1.324,R$ 0,14/12 às 15:26
"Lourdes_Belo Horizonte, Lourdes_Q3_B4",1362613264.0,"Cobertura 03 quartos à venda no Lourdes, próximo ao Shopping Diamond Mall",R$ 5.500.000,R$ 1.760,R$ 0,14/12 às 15:25
"Lourdes_Belo Horizonte, Lourdes_Q4_B4",1362594910.0,Apartamento com 4 quartos à venda - Lourdes,R$ 4.811.800,R$ 0,R$ 0,14/12 às 13:51
"Lourdes_Belo Horizonte, Lourdes_Q4_B4",1362592661.0,Apartamento com 4 quartos à venda - Lourdes,R$ 4.251.500,R$ 0,R$ 0,14/12 às 13:25
"Lourdes_Belo Horizonte, Lourdes_Q4_B4",1362592650.0,Apartamento com 4 quartos à venda - Lourdes,R$ 4.873.200,R$ 0,R$ 0,14/12 às 13:25
"Lourdes_Belo Horizonte, Lourdes_Q4_B4",1362592522.0,Apartamento com 4 quartos à venda - Lourdes,R$ 6.101.400,R$ 0,R$ 0,14/12 às 13:23
"Lourdes_Belo Horizonte, Lourdes_Q4_B4",1362592521.0,Apartamento com 4 quartos à venda - Lourdes,R$ 4.654.900,R$ 0,R$ 0,14/12 às 13:23
"Lourdes_Belo Horizonte, Lourdes_Q4_B4",1362592513.0,Apartamento com 4 quartos à venda - Lourdes,R$ 4.684.300,R$ 0,R$ 0,14/12 às 13:23
"Lourdes_Belo Horizonte, Lourdes_Q4_B5 ou mais",1362592287.0,Cobertura com 4 quartos à venda - Lourdes,R$ 9.938.200,R$ 0,R$ 0,14/12 às 13:19
"Lourdes_Belo Horizonte, Lourdes_Q4_B4",1362592053.0,Apartamento com 4 quartos à venda - Lourdes,R$ 4.319.000,R$ 0,R$ 0,14/12 às 13:18
"Centro_Belo Horizonte, Centro_QNone_BNone",1362582688.0,"Sala para aluguel, Centro - Belo Horizonte/MG",R$ 2.008,R$ 106,R$ 70,14/12 às 12:26
"Centro_Belo Horizonte, Centro_QNone_BNone",1362581686.0,"Sala para aluguel, Centro - Belo Horizonte/MG",R$ 1.923,R$ 79,R$ 52,14/12 às 12:20
"Lourdes_Belo Horizonte, Lourdes_Q2_B2",1362581563.0,Área privativa à venda no Lourdes Belo Horizonte,R$ 1.644.290,R$ 0,R$ 0,14/12 às 12:20
"Centro_Belo Horizonte, Centro_QNone_BNone",1362581543.0,"Sala para aluguel, Centro - Belo Horizonte/MG",R$ 5.958,R$ 258,R$ 170,14/12 às 12:20
"Lourdes_Belo Horizonte, Lourdes_Q3_B3",1362581166.0,Apartamento à venda no Lourdes Belo Horizonte,R$ 2.249.240,R$ 0,R$ 0,14/12 às 12:20
"Lourdes_Belo Horizonte, Lourdes_Q2_B2",1362581064.0,Cobertura à venda no Lourdes Belo Horizonte,R$ 2.359.000,R$ 0,R$ 0,14/12 às 12:20
"Lourdes_Belo Horizonte, Lourdes_Q3_B2",1362580991.0,Apartamento à venda no Lourdes Belo Horizonte,R$ 1.090.436,R$ 0,R$ 0,14/12 às 12:20
"Lourdes_Belo Horizonte, Lourdes_Q2_B2",1362580994.0,Apartamento à venda no Lourdes Belo Horizonte,R$ 991.565,R$ 0,R$ 0,14/12 às 12:20
"Lourdes_Belo Horizonte, Lourdes_Q2_B2",1362580531.0,Cobertura à venda no Lourdes Belo Horizonte,R$ 1.000.000,R$ 300,R$ 0,14/12 às 12:19
"Lourdes_Belo Horizonte, Lourdes_Q2_B3",1362580066.0,Apartamento à venda no Lourdes Belo Horizonte,R$ 1.856.780,R$ 0,R$ 0,14/12 às 12:18
"Lourdes_Belo Horizonte, Lourdes_Q3_B2",1362579532.0,Apartamento à venda no Lourdes Belo Horizonte,R$ 1.178.724,R$ 0,R$ 0,14/12 às 12:17
"Lourdes_Belo Horizonte, Lourdes_Q3_B2",1362579472.0,Apartamento à venda no Lourdes Belo Horizonte,R$ 1.192.018,R$ 0,R$ 0,14/12 às 12:17
"Lourdes_Belo Horizonte, Lourdes_Q3_B2",1362579443.0,Apartamento à venda no Lourdes Belo Horizonte,R$ 1.198.121,R$ 0,R$ 0,14/12 às 12:17
"Lourdes_Belo Horizonte, Lourdes_Q3_B3",1362579432.0,Apartamento à venda no Lourdes Belo Horizonte,R$ 2.329.300,R$ 0,R$ 0,14/12 às 12:17
"Lourdes_Belo Horizonte, Lourdes_Q3_B2",1362579224.0,Apartamento à venda no Lourdes Belo Horizonte,R$ 1.220.281,R$ 0,R$ 0,14/12 às 12:16
"Lourdes_Belo Horizonte, Lourdes_Q2_B3",1362579158.0,Apartamento à venda no Lourdes Belo Horizonte,R$ 1.699.960,R$ 0,R$ 0,14/12 às 12:16
"Lourdes_Belo Horizonte, Lourdes_Q2_B2",1362579105.0,Apartamento à venda no Lourdes Belo Horizonte,R$ 1.654.520,R$ 0,R$ 0,14/12 às 12:16
"Lourdes_Belo Horizonte, Lourdes_Q2_B2",1362579122.0,Área privativa à venda no Lourdes Belo Horizonte,R$ 870.000,R$ 350,R$ 0,14/12 às 12:16
"Lourdes_Belo Horizonte, Lourdes_Q3_B2",1362579072.0,Apartamento à venda no Lourdes Belo Horizonte,R$ 1.800.000,R$ 0,R$ 0,14/12 às 12:16
"Lourdes_Belo Horizonte, Lourdes_Q3_B2",1362579074.0,Apartamento à venda no Lourdes Belo Horizonte,R$ 1.191.623,R$ 0,R$ 0,14/12 às 12:16
"Lourdes_Belo Horizonte, Lourdes_Q3_B2",1362579018.0,Apartamento à venda no Lourdes Belo Horizonte,R$ 1.046.742,R$ 0,R$ 0,14/12 às 12:16
"Lourdes_Belo Horizonte, Lourdes_Q3_B3",1362579023.0,Apartamento à venda no Lourdes Belo Horizonte,R$ 1.938.540,R$ 0,R$ 0,14/12 às 12:16
"Lourdes_Belo Horizonte, Lourdes_Q2_B2",1362579043.0,Apartamento à venda no Lourdes Belo Horizonte,R$ 820.000,R$ 350,R$ 0,14/12 às 12:16
"Lourdes_Belo Horizonte, Lourdes_Q3_B3",1362578999.0,Área privativa à venda no Lourdes Belo Horizonte,R$ 2.500.000,R$ 0,R$ 0,14/12 às 12:16
"Lourdes_Belo Horizonte, Lourdes_Q3_B3",1362578933.0,Apartamento à venda no Lourdes Belo Horizonte,R$ 1.990.000,R$ 0,R$ 0,14/12 às 12:16
"Lourdes_Belo Horizonte, Lourdes_Q4_B5 ou mais",1362578366.0,"Apartamento à venda, 4 quartos, 2 suítes, 4 vagas, Lourdes - Belo Horizonte/MG",R$ 4.251.500,R$ 1,R$ 1,14/12 às 12:15
"Lourdes_Belo Horizonte, Lourdes_Q4_B5 ou mais",1362578267.0,"Apartamento à venda, 4 quartos, 2 suítes, 4 vagas, Lourdes - Belo Horizonte/MG",R$ 6.101.400,R$ 1,R$ 1,14/12 às 12:15
"Lourdes_Belo Horizonte, Lourdes_Q4_B5 ou mais",1362578274.0,"Apartamento à venda, 4 quartos, 2 suítes, 4 vagas, Lourdes - Belo Horizonte/MG",R$ 4.873.200,R$ 1,R$ 1,14/12 às 12:15
"Lourdes_Belo Horizonte, Lourdes_Q4_B5 ou mais",1362578297.0,"Apartamento à venda, 4 quartos, 2 suítes, 4 vagas, Lourdes - Belo Horizonte/MG",R$ 4.811.800,R$ 1,R$ 1,14/12 às 12:15
"Lourdes_Belo Horizonte, Lourdes_Q4_B5 ou mais",1362578209.0,"Apartamento à venda, 4 quartos, 2 suítes, 4 vagas, Lourdes - Belo Horizonte/MG",R$ 4.319.000,R$ 1,R$ 1,14/12 às 12:15
"Lourdes_Belo Horizonte, Lourdes_Q4_B5 ou mais",1362578220.0,"Apartamento à venda, 4 quartos, 2 suítes, 4 vagas, Lourdes - Belo Horizonte/MG",R$ 4.654.900,R$ 1,R$ 1,14/12 às 12:15
"Lourdes_Belo Horizonte, Lourdes_Q4_B5 ou mais",1362578181.0,"Cobertura à venda, 4 quartos, 2 suítes, 4 vagas, Lourdes - Belo Horizonte/MG",R$ 9.938.200,R$ 1,R$ 1,14/12 às 12:15
"Lourdes_Belo Horizonte, Lourdes_Q3_B2",1362578088.0,Apartamento 3 quartos com 1 vaga no Lourdes em BH,R$ 920.000,R$ 1.188,R$ 3.287,14/12 às 12:15
"Lourdes_Belo Horizonte, Lourdes_Q1_B1",1362575081.0,EXCELENTE OPRTUNIDADEAPTO NO LOURDES,R$ 380.000,R$ 900,R$ 137,14/12 às 12:10
"Lourdes_Belo Horizonte, Lourdes_Q2_B2",1362535329.0,Apartamento de 2 quartos no bairro Lourdes,R$ 1.654.520,R$ 1,R$ 0,14/12 às 07:07
"Lourdes_Belo Horizonte, Lourdes_Q3_B3",1362535290.0,Apartamento de 3 quartos no bairro Lourdes,R$ 1.938.540,R$ 1,R$ 0,14/12 às 07:07
"Lourdes_Belo Horizonte, Lourdes_Q3_B2",1014127919.0,"Apartamento à venda 3 quartos, 1 suíte, 2 vagas, Lourdes - Belo Horizonte/MG",R$ 1.660.000,R$ 1.300,R$ 5.280,14/12 às 06:54
"Lourdes_Belo Horizonte, Lourdes_Q2_B3",1362513296.0,Venda Apartamento 2 quartos Lourdes Belo Horizonte,R$ 1.050.000,R$ 210,R$ 215,14/12 às 02:24
"Lourdes_Belo Horizonte, Lourdes_Q2_B3",1362509532.0,Venda Apartamento 2 quartos Lourdes Belo Horizonte,R$ 1.050.000,R$ 210,R$ 215,14/12 às 02:04
"Lourdes_Belo Horizonte, Lourdes_Q4_B4",1362507822.0,"Apartamento à venda, 172 m² por R$ 4.703.100,00 - Lourdes - Belo Horizonte/MG",R$ 4.703.100,R$ 0,R$ 0,14/12 às 01:27
"Lourdes_Belo Horizonte, Lourdes_Q3_B3",1362507810.0,"Cobertura com 3 dormitórios à venda, 230 m² por R$ 890.000,00 - Lourdes - Belo Horizonte/M",R$ 890.000,R$ 500,R$ 191,14/12 às 01:27
"Lourdes_Belo Horizonte, Lourdes_Q4_B4",1362507366.0,"Cobertura à venda, 356 m² por R$ 9.978.000,00 - Lourdes - Belo Horizonte/MG",R$ 9.978.000,R$ 0,R$ 0,14/12 às 01:23
"Lourdes_Belo Horizonte, Lourdes_Q4_B4",1362507361.0,"Apartamento à venda, 187 m² por R$ 4.831.000,00 - Lourdes - Belo Horizonte/MG",R$ 4.831.000,R$ 0,R$ 0,14/12 às 01:22
"Lourdes_Belo Horizonte, Lourdes_Q4_B4",1362507265.0,"Apartamento à venda, 192 m² por R$ 4.543.900,00 - Lourdes - Belo Horizonte/MG",R$ 4.543.900,R$ 0,R$ 0,14/12 às 01:20
"Lourdes_Belo Horizonte, Lourdes_Q4_B4",1362507099.0,"Apartamento à venda, 191 m² por R$ 4.701.400,00 - Lourdes - Belo Horizonte/MG",R$ 4.701.400,R$ 0,R$ 0,14/12 às 01:19
"Lourdes_Belo Horizonte, Lourdes_Q4_B4",1362506837.0,"Apartamento à venda, 174 m² por R$ 4.673.600,00 - Lourdes - Belo Horizonte/MG",R$ 4.673.600,R$ 0,R$ 0,14/12 às 01:17
"Lourdes_Belo Horizonte, Lourdes_Q4_B4",1362506815.0,"Apartamento à venda, 174 m² por R$ 4.715.300,00 - Lourdes - Belo Horizonte/MG",R$ 4.715.300,R$ 0,R$ 0,14/12 às 01:17
"Lourdes_Belo Horizonte, Lourdes_Q4_B4",1362506812.0,"Apartamento com 4 dormitórios à venda, 192 m² por R$ 4.251.500,00 - Lourdes - Belo Horizon",R$ 4.251.500,R$ 0,R$ 0,14/12 às 01:17
"Lourdes_Belo Horizonte, Lourdes_Q4_B4",1362506813.0,"Apartamento à venda, 191 m² por R$ 4.792.700,00 - Lourdes - Belo Horizonte/MG",R$ 4.792.700,R$ 0,R$ 0,14/12 às 01:17
"Lourdes_Belo Horizonte, Lourdes_Q4_B4",1362506806.0,"Apartamento Garden à venda, 221 m² por R$ 6.178.600,00 - Lourdes - Belo Horizonte/MG",R$ 6.178.600,R$ 0,R$ 0,14/12 às 01:17
"Lourdes_Belo Horizonte, Lourdes_Q4_B4",1362506781.0,"Apartamento com 4 dormitórios à venda, 191 m² por R$ 4.518.800,00 - Lourdes - Belo Horizon",R$ 4.518.800,R$ 0,R$ 0,14/12 às 01:16
"Lourdes_Belo Horizonte, Lourdes_Q4_B4",1362506779.0,"Apartamento Garden à venda, 221 m² por R$ 6.125.800,00 - Lourdes - Belo Horizonte/MG",R$ 6.125.800,R$ 0,R$ 0,14/12 às 01:16
"Lourdes_Belo Horizonte, Lourdes_Q4_B4",1362506775.0,"Apartamento à venda, 174 m² por R$ 4.757.000,00 - Lourdes - Belo Horizonte/MG",R$ 4.757.000,R$ 0,R$ 0,14/12 às 01:16
"Lourdes_Belo Horizonte, Lourdes_Q4_B4",1362506710.0,"Apartamento à venda, 191 m² por R$ 4.701.400,00 - Lourdes - Belo Horizonte/MG",R$ 4.701.400,R$ 0,R$ 0,14/12 às 01:16
"Lourdes_Belo Horizonte, Lourdes_Q1_B2",1362499606.0,Venda Apartamento 1 quarto Lourdes Belo Horizonte,R$ 1.095.000,R$ 0,R$ 0,13/12 às 23:38
"Lourdes_Belo Horizonte, Lourdes_Q3_B3",1362484733.0,"Cobertura com 3 quartos à venda, 152 m² - Lourdes - Belo Horizonte/MG",R$ 2.200.000,R$ 0,R$ 0,13/12 às 21:36
"Lourdes_Belo Horizonte, Lourdes_Q3_B2",1362451871.0,Apartamento 03 quartos à venda no Lourdes,R$ 1.350.000,R$ 1.122,R$ 481,13/12 às 18:11
"Lourdes_Belo Horizonte, Lourdes_Q2_B2",1362407279.0,2 QUARTOS C/ SUÍTE E LAZER COMPLETO PERTO DO DIAMOND MALL,R$ 3.400,R$ 1.081,R$ 406,13/12 às 16:19
"Lourdes_Belo Horizonte, Lourdes_Q2_B2",1362402911.0,2 QUARTOS C/ SUÍTE E LAZER COMPLETO PERTO DO DIAMOND MALL,R$ 900.000,R$ 1.181,R$ 387,13/12 às 16:07
"Lourdes_Belo Horizonte, Lourdes_Q3_B4",1362360051.0,Apartamento com 3 quartos à venda em Belo Horizonte,R$ 1.745.000,R$ 655,R$ 675,13/12 às 13:38
"Lourdes_Belo Horizonte, Lourdes_Q4_B5 ou mais",1362360042.0,Apartamento com 4 quartos à venda em Belo Horizonte,R$ 2.800.000,R$ 2.500,R$ 980,13/12 às 13:38
"Lourdes_Belo Horizonte, Lourdes_Q4_B5 ou mais",1362360045.0,Apartamento com 4 quartos à venda em Belo Horizonte,R$ 3.700.000,R$ 4.500,R$ 1.700,13/12 às 13:38
"Lourdes_Belo Horizonte, Lourdes_Q5 ou mais_B4",1362358165.0,Apartamento com 5 quartos à venda em Belo Horizonte,R$ 1.400.000,R$ 850,R$ 600,13/12 às 13:32
"Lourdes_Belo Horizonte, Lourdes_Q2_B3",1362357891.0,Apartamento com 2 quartos à venda em Belo Horizonte,R$ 999.000,R$ 580,R$ 0,13/12 às 13:29
"Lourdes_Belo Horizonte, Lourdes_QNone_BNone",1362357884.0,Galpão / Depósito / Armazém para alugar em Belo Horizonte,R$ 3.600,R$ 0,R$ 330,13/12 às 13:29
"Lourdes_Belo Horizonte, Lourdes_Q2_B3",1362357400.0,Apartamento com 2 quartos à venda em Belo Horizonte,R$ 649.000,R$ 800,R$ 215,13/12 às 13:26
"Lourdes_Belo Horizonte, Lourdes_QNone_BNone",1362357389.0,Galpão / Depósito / Armazém com 5 quartos à venda em Belo Horizonte,R$ 2.480.000,R$ 0,R$ 1.000,13/12 às 13:26
"Lourdes_Belo Horizonte, Lourdes_Q4_B5 ou mais",1362357370.0,Apartamento com 4 quartos à venda em Belo Horizonte,R$ 5.150.000,R$ 4.500,R$ 2.100,13/12 às 13:26
"Lourdes_Belo Horizonte, Lourdes_Q1_B1",1362357377.0,Apartamento com 1 quarto à venda em Belo Horizonte,R$ 1.206.000,R$ 500,R$ 165,13/12 às 13:26
"Lourdes_Belo Horizonte, Lourdes_Q3_B3",1362356693.0,Apartamento com 3 quartos à venda em Belo Horizonte,R$ 5.150.000,R$ 0,R$ 0,13/12 às 13:24
"Lourdes_Belo Horizonte, Lourdes_Q4_B4",1362356608.0,Apartamento com 4 quartos à venda em Belo Horizonte,R$ 2.730.000,R$ 2.410,R$ 1.000,13/12 às 13:24
"Lourdes_Belo Horizonte, Lourdes_Q5 ou mais_B4",1362356585.0,Apartamento com 5 quartos à venda em Belo Horizonte,R$ 2.490.000,R$ 2.300,R$ 900,13/12 às 13:24
"Lourdes_Belo Horizonte, Lourdes_Q2_B3",1362356560.0,Apartamento com 2 quartos à venda em Belo Horizonte,R$ 1.235.649,R$ 750,R$ 350,13/12 às 13:23
"Lourdes_Belo Horizonte, Lourdes_QNone_BNone",1362356523.0,Galpão / Depósito / Armazém à venda em Belo Horizonte,R$ 6.480.000,R$ 0,R$ 4.000,13/12 às 13:23
"Lourdes_Belo Horizonte, Lourdes_Q2_B3",1362356528.0,Apartamento com 2 quartos à venda em Belo Horizonte,R$ 1.476.419,R$ 750,R$ 350,13/12 às 13:23
"Lourdes_Belo Horizonte, Lourdes_Q1_B2",1362356541.0,Apartamento com 1 quarto à venda em Belo Horizonte,R$ 998.000,R$ 550,R$ 220,13/12 às 13:23
"Lourdes_Belo Horizonte, Lourdes_Q1_B2",1362356440.0,Apartamento com 1 quarto à venda em Belo Horizonte,R$ 900.000,R$ 450,R$ 155,13/12 às 13:23
"Lourdes_Belo Horizonte, Lourdes_Q4_B3",1362330716.0,Residencial Contorno: Apartamento para à venda de 4 quartos no Lourdes.,R$ 2.500.000,R$ 0,R$ 0,13/12 às 11:41
"Lourdes_Belo Horizonte, Lourdes_Q1_B1",1362321711.0,"Apartamento para aluguel, 1 quarto, Lourdes - Belo Horizonte/MG",R$ 1.200,R$ 565,R$ 79,13/12 às 11:15
"Lourdes_Belo Horizonte, Lourdes_Q4_B3",1362293697.0,Apartamento 4 quartos  Lourdes,R$ 2.700.000,R$ 3.000,R$ 0,13/12 às 09:09
"Lourdes_Belo Horizonte, Lourdes_Q4_B3",1362292771.0,Apartamento 4 quartos  Lourdes,R$ 1.900.000,R$ 1.600,R$ 5.040,13/12 às 09:04
"Lourdes_Belo Horizonte, Lourdes_Q3_B2",1362291017.0,Apartamento 2 quartos  Lourdes,R$ 1.875.307,R$ 1.500,R$ 0,13/12 às 08:54
"Lourdes_Belo Horizonte, Lourdes_Q3_B3",1362285550.0,Cobertura 3 quartos 2 vagas Lourdes,R$ 7.700,R$ 1.474,R$ 504,13/12 às 08:22
"Lourdes_Belo Horizonte, Lourdes_Q4_B4",1362225532.0,Área Privativa alto luxo no Bairro de Lourdes,R$ 2.749.000,R$ 2.150,R$ 1.192,12/12 às 22:06
"Lourdes_Belo Horizonte, Lourdes_Q2_B2",1362204380.0,Aluguel Residential / Apartment Belo Horizonte MG,R$ 5.400,R$ 895,R$ 0,12/12 às 20:24
"Lourdes_Belo Horizonte, Lourdes_Q2_B2",1362196438.0,Aluguel - APARTAMENTO - LOURDES Belo Horizonte MG,R$ 5.400,R$ 895,R$ 460,12/12 às 19:45
"Lourdes_Belo Horizonte, Lourdes_Q2_B2",1362196379.0,Aluguel - APARTAMENTO - LOURDES Belo Horizonte MG,R$ 5.400,R$ 895,R$ 460,12/12 às 19:45
"Lourdes_Belo Horizonte, Lourdes_Q3_B2",1362133182.0,"Apartamento para Venda em Belo Horizonte, Lourdes, 3 dormitórios, 1 suíte, 2 banheiros",R$ 1.200.000,R$ 1,R$ 0,12/12 às 16:53
"Lourdes_Belo Horizonte, Lourdes_Q5 ou mais_B3",1362131476.0,"Cobertura para Venda em Belo Horizonte, Lourdes, 5 dormitórios, 1 suíte, 3 banheiros, 3 va",R$ 2.297.000,R$ 2.135,R$ 9.905,12/12 às 16:45
"Lourdes_Belo Horizonte, Lourdes_Q3_B2",1362131006.0,"Apartamento para Venda em Belo Horizonte, Lourdes, 3 dormitórios, 1 suíte, 2 banheiros, 1 ",R$ 700.000,R$ 0,R$ 0,12/12 às 16:43
"Lourdes_Belo Horizonte, Lourdes_QNone_BNone",1362096592.0,Aluguel Commercial / Office Belo Horizonte MG,R$ 650,R$ 525,R$ 143,12/12 às 14:51
"Lourdes_Belo Horizonte, Lourdes_Q3_B3",1362078022.0,Apartamento com 3 quartos (1 suíte) no bairro Lourdes,R$ 1.150.000,R$ 1.451,R$ 5.529,12/12 às 13:36
"Lourdes_Belo Horizonte, Lourdes_Q4_B3",1354913183.0,Apartamento em Lourdes com desconto imperdível.,R$ 890.000,R$ 590,R$ 4.200,12/12 às 11:46
"Lourdes_Belo Horizonte, Lourdes_Q2_B2",1362042008.0,APARTAMENTO MOBILIADO 2 QUARTOS PARA LOCAÇÃO NO LOURDES.,R$ 6.750,R$ 1.000,R$ 337,12/12 às 10:20
"Lourdes_Belo Horizonte, Lourdes_QNone_BNone",1362027591.0,"Centro/Lourdes! Sala com banheiro, de fundo, porteiro 24 hs",R$ 800,R$ 423,R$ 162,12/12 às 09:04
"Lourdes_Belo Horizonte, Lourdes_Q4_B1",1362027247.0,"Apartamento à venda, 4 quartos, 1 suíte, 2 vagas, Lourdes - Belo Horizonte/MG",R$ 1.900.000,R$ 1.600,R$ 0,12/12 às 09:02
"Lourdes_Belo Horizonte, Lourdes_Q4_B2",1362021540.0,"Venda de Apartamento em Lourdes BH: 4 Dormitórios, 160m²",R$ 1.900.000,R$ 1.600,R$ 4.670,12/12 às 08:29
"Lourdes_Belo Horizonte, Lourdes_Q4_B4",1361981844.0,"Apartamento à venda, 191 m² por R$ 3.290.000,00 - Lourdes - Belo Horizonte/MG",R$ 3.290.000,R$ 2.450,R$ 1.000,12/12 às 03:38
"Lourdes_Belo Horizonte, Lourdes_Q2_B1",1361978382.0,"Apartamento 2 Quartos à venda, 2 quartos, 1 vaga, Lourdes - Belo Horizonte/MG",R$ 640.000,R$ 1.405,R$ 226,12/12 às 02:55
"Lourdes_Belo Horizonte, Lourdes_Q2_B3",1361976300.0,"Apartamento Garden com 2 dormitórios à venda, 110 m² por R$ 1.380.000,00 - Lourdes - Belo ",R$ 1.380.000,R$ 700,R$ 270,12/12 às 02:38
"Lourdes_Belo Horizonte, Lourdes_Q2_B3",1361967124.0,"Apartamento Garden com 2 dormitórios à venda, 110 m² por R$ 1.350.000,00 - Lourdes - Belo ",R$ 1.350.000,R$ 700,R$ 250,12/12 às 01:14
"Lourdes_Belo Horizonte, Lourdes_Q1_B1",1361961687.0,Venda Apartamento 1 quarto Lourdes Belo Horizonte,R$ 1.195.000,R$ 0,R$ 0,12/12 às 00:26
"Lourdes_Belo Horizonte, Lourdes_Q2_B3",1361960526.0,"Apartamento com 2 dormitórios à venda, 65 m² por R$ 1.220.000,00 - Lourdes - Belo Horizont",R$ 1.220.000,R$ 700,R$ 270,12/12 às 00:23
"Lourdes_Belo Horizonte, Lourdes_Q2_B2",1361955300.0,"Apartamento à venda em Belo Horizonte-MG, bairro Lourdes: 2 quartos, 1 suíte, 1 sala, 2 ba",R$ 1.270.000,R$ 895,R$ 519,11/12 às 23:43
"Centro_Belo Horizonte, Centro_Q2_B1",1361953835.0,Venda Apartamento 2 quartos Centro Belo Horizonte,R$ 410.000,R$ 550,R$ 162,11/12 às 23:36
"Centro_Belo Horizonte, Centro_Q4_B3",1361953408.0,Venda Apartamento 4 quartos Centro Belo Horizonte,R$ 860.000,R$ 1.131,R$ 258,11/12 às 23:36
"Centro_Belo Horizonte, Centro_Q4_B2",1361953359.0,Venda Apartamento 4 quartos Centro Belo Horizonte,R$ 1.300.000,R$ 1.500,R$ 350,11/12 às 23:36
"Centro_Belo Horizonte, Centro_Q3_B2",1361953300.0,Venda Apartamento 3 quartos Centro Belo Horizonte,R$ 389.000,R$ 600,R$ 0,11/12 às 23:36
"Lourdes_Belo Horizonte, Lourdes_Q4_B4",1361953130.0,"Área privativa 4 quartos, 2 suítes, 2 semi suítes",R$ 9.500,R$ 2.150,R$ 1.300,11/12 às 23:34
"Lourdes_Belo Horizonte, Lourdes_Q2_B3",1361949223.0,"Apartamento à venda no Lourdes | 46,50 m² de área - 2 suítes",R$ 1.150.000,R$ 0,R$ 0,11/12 às 23:09
"Lourdes_Belo Horizonte, Lourdes_Q4_B3",1361940101.0,Imóvel para venda com 175 metros quadrados com 4 quartos em Lourdes - Belo Horizonte - MG,R$ 1.300.000,R$ 1.300,R$ 800,11/12 às 22:27
"Lourdes_Belo Horizonte, Lourdes_Q3_B3",1361936438.0,Paradiso : Lançamento no Lourdes,R$ 2.453.041,R$ 0,R$ 0,11/12 às 22:11
"Lourdes_Belo Horizonte, Lourdes_Q3_B4",1361935383.0,Ares de Lourdes: Lançamento no Lourdes,R$ 1.938.540,R$ 0,R$ 0,11/12 às 22:10
"Lourdes_Belo Horizonte, Lourdes_Q2_B2",1361935397.0,Downtown: Lançamento no Lourdes,R$ 1.644.290,R$ 0,R$ 0,11/12 às 22:10
"Lourdes_Belo Horizonte, Lourdes_Q2_B2",1361934188.0,"Apartamento à venda em Belo Horizonte-MG, Lourdes: 2 quartos, 1 suíte, 2 salas, 2 banheiro",R$ 1.700.000,R$ 895,R$ 735,11/12 às 22:04
"Lourdes_Belo Horizonte, Lourdes_Q3_B3",1361927048.0,Venda - APARTAMENTO - LOURDES Belo Horizonte MG,R$ 1.500.000,R$ 1.600,R$ 675,11/12 às 21:39
"Centro_Belo Horizonte, Centro_Q2_B1",1361904824.0,"Apartamento 2 quartos, com varanda - Centro - Belo Horizonte/MG",R$ 5.500,R$ 860,R$ 0,11/12 às 20:25
"Lourdes_Belo Horizonte, Lourdes_QNone_BNone",1361899631.0,EXCELENTE SALA NO CENTRO / LOURDES,R$ 165.000,R$ 442,R$ 172,11/12 às 20:07
"Lourdes_Belo Horizonte, Lourdes_Q4_B3",1361883063.0,"Apartamento 04 quartos em Lourdes, Próximo à Praça da Liberdade",R$ 2.050.000,R$ 1.800,R$ 6.500,11/12 às 19:34
"Lourdes_Belo Horizonte, Lourdes_Q2_B1",1361880957.0,Apartamento de 02 quartos à venda no Lourdes,R$ 913.140,R$ 0,R$ 0,11/12 às 19:25
"Lourdes_Belo Horizonte, Lourdes_QNone_BNone",1361868379.0,Salão e barbearia ,R$ 45.000,R$ 0,R$ 380,11/12 às 18:50
"Lourdes_Belo Horizonte, Lourdes_Q4_B3",1361815869.0,"Apartamento com 4 Quartos e 3 banheiros à Venda, 151 m² - Lourdes, Belo Horizonte - MG",R$ 1.750.000,R$ 1.000,R$ 899,11/12 às 16:19
"Lourdes_Belo Horizonte, Lourdes_Q1_B1",1361779800.0,Imóvel para aluguel com 40 metros quadrados com 1 quarto em Lourdes - Belo Horizonte - MG,R$ 1.900,R$ 795,R$ 145,11/12 às 15:36
"Centro_Belo Horizonte, Centro_Q3_B1",1101565810.0,(Luany) / Excelente Oportunidade Para Você Sair Do Aluguel,R$ 13.000,,,11/12 às 14:38
"Lourdes_Belo Horizonte, Lourdes_Q1_B1",1361746405.0,"Apartamento à venda, 1 quarto, Lourdes - Belo Horizonte/MG",R$ 725.682,R$ 1,R$ 1,11/12 às 14:16
"Lourdes_Belo Horizonte, Lourdes_QNone_BNone",1361743770.0,"Casa para alugar em Belo Horizonte, Lourdes, com 4 suítes, com 723.96 m²",R$ 25.000,R$ 0,R$ 4,11/12 às 14:13
"Centro_Belo Horizonte, Centro_Q2_B3",1361737700.0,Ed. Francisco Cardoso: Apartamento para à venda de 2 quartos no Centro.,R$ 380.000,R$ 700,R$ 156,11/12 às 14:07
"Centro_Belo Horizonte, Centro_Q1_B1",1361737346.0,Float: Apartamento para à venda de 1 quarto no Centro.,R$ 375.300,R$ 0,R$ 0,11/12 às 14:07
"Centro_Belo Horizonte, Centro_QNone_BNone",1361732815.0,"Sala para aluguel, Centro - Belo Horizonte/MG",R$ 1.546,R$ 88,R$ 58,11/12 às 14:03
"Lourdes_Belo Horizonte, Lourdes_QNone_BNone",1361730719.0,"Loja com aproximadamente 78,00 m² de área total.",R$ 3.666,R$ 0,R$ 0,11/12 às 14:00
"Lourdes_Belo Horizonte, Lourdes_Q2_B2",1361730221.0,"Cobertura à venda, 2 quartos, 2 vagas, Lourdes - Belo Horizonte/MG",R$ 2.359.590,R$ 1,R$ 1,11/12 às 14:00
"Lourdes_Belo Horizonte, Lourdes_Q1_B1",1361730193.0,"Apartamento à venda, 1 quarto, Lourdes - Belo Horizonte/MG",R$ 901.080,R$ 1,R$ 1,11/12 às 14:00
"Lourdes_Belo Horizonte, Lourdes_Q1_B1",1361730163.0,"Apartamento à venda, 1 quarto, Lourdes - Belo Horizonte/MG",R$ 914.480,R$ 1,R$ 1,11/12 às 14:00
"Lourdes_Belo Horizonte, Lourdes_Q1_B1",1361730185.0,"Apartamento à venda, 1 quarto, Lourdes - Belo Horizonte/MG",R$ 752.052,R$ 1,R$ 1,11/12 às 14:00
"Lourdes_Belo Horizonte, Lourdes_Q1_B1",1361730129.0,"Área Privativa à venda, 1 quarto, 1 suíte, 1 vaga, Lourdes - Belo Horizonte/MG",R$ 1.234.480,R$ 1,R$ 1,11/12 às 13:59
"Lourdes_Belo Horizonte, Lourdes_Q4_B3",1361730140.0,"Apartamento à venda, 4 quartos, 2 suítes, 2 vagas, Lourdes - Belo Horizonte/MG",R$ 1.880.000,R$ 1.600,R$ 7.046,11/12 às 13:59
"Lourdes_Belo Horizonte, Lourdes_Q1_B2",1361730145.0,"Cobertura à venda, 1 quarto, 2 vagas, Lourdes - Belo Horizonte/MG",R$ 1.587.063,R$ 1,R$ 1,11/12 às 13:59
"Lourdes_Belo Horizonte, Lourdes_Q2_B1",1361730110.0,"Apartamento à venda, 2 quartos, 1 vaga, Lourdes - Belo Horizonte/MG",R$ 982.328,R$ 1,R$ 1,11/12 às 13:59
"Lourdes_Belo Horizonte, Lourdes_Q2_B1",1361730092.0,"Apartamento à venda, 2 quartos, Lourdes - Belo Horizonte/MG",R$ 913.140,R$ 1,R$ 1,11/12 às 13:59
"Lourdes_Belo Horizonte, Lourdes_Q1_B1",1361730094.0,"Área Privativa à venda, 1 quarto, Lourdes - Belo Horizonte/MG",R$ 829.212,R$ 1,R$ 1,11/12 às 13:59
"Lourdes_Belo Horizonte, Lourdes_Q1_B1",1361730102.0,"Apartamento à venda, 1 quarto, Lourdes - Belo Horizonte/MG",R$ 778.816,R$ 1,R$ 1,11/12 às 13:59
"Lourdes_Belo Horizonte, Lourdes_Q1_B1",1361730105.0,"Apartamento à venda, 1 quarto, Lourdes - Belo Horizonte/MG",R$ 737.566,R$ 1,R$ 1,11/12 às 13:59
"Lourdes_Belo Horizonte, Lourdes_Q1_B1",1361730053.0,"Apartamento à venda, 1 quarto, Lourdes - Belo Horizonte/MG",R$ 858.872,R$ 1,R$ 1,11/12 às 13:59
"Lourdes_Belo Horizonte, Lourdes_Q1_B1",1361730054.0,"Apartamento à venda, 1 quarto, Lourdes - Belo Horizonte/MG",R$ 727.380,R$ 1,R$ 1,11/12 às 13:59
"Centro_Belo Horizonte, Centro_QNone_BNone",1361727759.0,"Loja para aluguel, Centro - Belo Horizonte/MG",R$ 10.000,R$ 0,R$ 420,11/12 às 13:58
"Centro_Belo Horizonte, Centro_QNone_BNone",1361704525.0,Suíte (quarto com banheiro) individual no centro de BH,R$ 800,,,11/12 às 13:26
"Lourdes_Belo Horizonte, Lourdes_Q2_B3",1361698677.0,"Apartamento à venda, 2 quartos, 2 suítes, 2 vagas, Lourdes - Belo Horizonte/MG",R$ 970.000,R$ 1.100,R$ 4.773,11/12 às 13:09
"Lourdes_Belo Horizonte, Lourdes_Q1_B1",1361693352.0,Lourdes - Apartamento 1 quarto à venda na Anuar Donato,R$ 982.328,R$ 0,R$ 0,11/12 às 12:52
"Lourdes_Belo Horizonte, Lourdes_Q1_B3",1361692899.0,Santo Agostinho - Apartamento 1 quarto à venda na Anuar Donato,R$ 867.764,R$ 700,R$ 0,11/12 às 12:50
"Lourdes_Belo Horizonte, Lourdes_Q4_B4",1361692803.0,"Área privativa à venda, 4 quartos no Lourdes.",R$ 4.750.000,R$ 2.476,R$ 1.700,11/12 às 12:50
"Lourdes_Belo Horizonte, Lourdes_QNone_BNone",1361667842.0,"Loja para aluguel, Lourdes - Belo Horizonte/MG",R$ 4.000,R$ 0,R$ 0,11/12 às 12:08
"Lourdes_Belo Horizonte, Lourdes_Q3_B3",1361657796.0,Lindo apartamento à venda no bairro de Lourdes- Belo horizonte,R$ 1.300.000,R$ 1.176,R$ 482,11/12 às 11:38
"Lourdes_Belo Horizonte, Lourdes_Q2_B2",1361654109.0,"Apartamento de área privativa à venda em Belo Horizonte-MG, Lourdes: 2 quartos, 1 suíte, 1",R$ 1.660.000,R$ 895,R$ 647,11/12 às 11:34
"Lourdes_Belo Horizonte, Lourdes_Q4_B2",1361647448.0,Apartamento em Lourdes 4 quartos Aluguel ou Venda,R$ 6.000,R$ 1.800,R$ 602,11/12 às 11:28
"Lourdes_Belo Horizonte, Lourdes_Q2_B2",1361647194.0,Apartamento a venda 2 quartos em Lourdes,R$ 1.089.000,R$ 750,R$ 0,11/12 às 11:28
"Lourdes_Belo Horizonte, Lourdes_Q2_B2",1361645392.0,"Apartamento com 2 dormitórios para alugar, 90 m² - Lourdes - Belo Horizonte/MG",R$ 8.500,R$ 1.418,R$ 763,11/12 às 11:25
"Lourdes_Belo Horizonte, Lourdes_Q4_B3",1361641705.0,Venda Apartamento 4 quartos Lourdes Belo Horizonte,R$ 1.400.000,R$ 1.100,R$ 300,11/12 às 11:21
"Lourdes_Belo Horizonte, Lourdes_Q3_B3",1361640636.0,Venda Apartamento 3 quartos Lourdes Belo Horizonte,R$ 1.350.000,R$ 1.265,R$ 693,11/12 às 11:20
"Lourdes_Belo Horizonte, Lourdes_QNone_BNone",1361640606.0,Venda Sala Lourdes Belo Horizonte,R$ 175.000,R$ 566,R$ 1.790,11/12 às 11:20
"Lourdes_Belo Horizonte, Lourdes_Q2_B1",1361637549.0,"Apartamento 2 Quartos para Venda em Belo Horizonte, Lourdes, 2 dormitórios, 1 suíte, 1 ban",R$ 1.100.000,R$ 1.550,R$ 440,11/12 às 11:14
"Lourdes_Belo Horizonte, Lourdes_Q4_B3",1361635840.0,Excelente apartamento com 4 quartos Lourdes!,R$ 5.000,R$ 2.500,R$ 869,11/12 às 11:12
"Lourdes_Belo Horizonte, Lourdes_Q4_B5 ou mais",1361633385.0,"(Possibilidade de deixar a mobília) Apartamento para aluguel, 4 quartos, 2 suítes, 4 vagas",R$ 15.500,R$ 2.839,R$ 1.105,11/12 às 11:09
"Lourdes_Belo Horizonte, Lourdes_Q2_B3",1361613521.0,"Apartamento à venda, 2 quartos, 1 suíte, 2 vagas, Lourdes - Belo Horizonte/MG",R$ 1.100.000,R$ 1.058,R$ 393,11/12 às 10:27
"Lourdes_Belo Horizonte, Lourdes_Q4_B2",1361613441.0,OPORTUNIDADE 4 QUARTOS NO LOURDES codigo: 96157,R$ 2.250.000,R$ 2.567,R$ 9.566,11/12 às 10:27
"Lourdes_Belo Horizonte, Lourdes_Q4_B1",1361613204.0,"Apartamento à venda, 4 quartos, 1 suíte, 3 vagas, Lourdes - Belo Horizonte/MG",R$ 1.750.000,R$ 1.000,R$ 0,11/12 às 10:27
"Lourdes_Belo Horizonte, Lourdes_Q2_B1",1361613184.0,"Apartamento à venda, 2 quartos, 1 suíte, 2 vagas, Lourdes - Belo Horizonte/MG",R$ 1.100.000,R$ 1.550,R$ 0,11/12 às 10:27
"Lourdes_Belo Horizonte, Lourdes_Q2_B1",1361610016.0,"Apartamento à venda, 2 quartos, 2 suítes, 2 vagas, Lourdes - Belo Horizonte/MG",R$ 840.000,R$ 0,R$ 0,11/12 às 10:23
"Lourdes_Belo Horizonte, Lourdes_Q2_B1",1361609910.0,"Área privativa à venda, 2 quartos, 2 suítes, 2 vagas, Lourdes - Belo Horizonte/MG",R$ 990.000,R$ 0,R$ 0,11/12 às 10:23
"Lourdes_Belo Horizonte, Lourdes_Q2_B2",1361575460.0,"Venda Apartamento 85m² em Lourdes BH - 2 Dorms, 1 Suíte",R$ 1.100.000,R$ 1.550,R$ 4.400,11/12 às 09:27
"Lourdes_Belo Horizonte, Lourdes_QNone_BNone",1361574564.0,Aluguel - LOJA - LOURDES Belo Horizonte MG,R$ 1.950,R$ 30,R$ 189,11/12 às 09:25
"Lourdes_Belo Horizonte, Lourdes_Q1_B1",1361459230.0,Apartamento com vista privilegiada no Lourdes,R$ 2.400,R$ 417,R$ 168,10/12 às 16:09
"Lourdes_Belo Horizonte, Lourdes_QNone_BNone",1361310547.0,Imóvel para venda possui 31 metros quadrados em Lourdes - Belo Horizonte - MG,R$ 425.000,R$ 0,R$ 2.200,09/12 às 20:02
"Lourdes_Belo Horizonte, Lourdes_QNone_BNone",1361306851.0,Sala comercial á venda Lourdes - Belo Horizonte - MG,R$ 115.000,R$ 384,R$ 130,09/12 às 19:40
"Lourdes_Belo Horizonte, Lourdes_QNone_BNone",1361136791.0,Lote em condomínio fechado (com poço artesiano),R$ 575.000,R$ 750,,09/12 às 08:34
"Lourdes_Belo Horizonte, Lourdes_Q3_B3",1361135985.0,"Cobertura à venda, 3 quartos, 2 suítes, 3 vagas no Lourdes.",R$ 3.500.000,R$ 2.050,R$ 742,09/12 às 08:28
"Lourdes_Belo Horizonte, Lourdes_Q3_B3",1361135874.0,"Apartamento de 3 quartos, 1 suíte, 2 vagas á venda no Lourdes.",R$ 1.450.000,R$ 1.500,R$ 800,09/12 às 08:26
"Lourdes_Belo Horizonte, Lourdes_Q3_B3",1261848979.0,apartamento 03 quartos,R$ 1.390.000,R$ 880,R$ 7.480,09/12 às 07:27
"Lourdes_Belo Horizonte, Lourdes_Q2_B2",1328642091.0,"Centro,2 quartos,Lourdes ",R$ 3.100,R$ 917,R$ 362,09/12 às 07:24
"Lourdes_Belo Horizonte, Lourdes_Q4_B4",1361105250.0,Apartamento no Lourdes: 291 m² com área privativa e piscina,R$ 4.750.000,R$ 3.000,R$ 19.192,09/12 às 06:07
"Lourdes_Belo Horizonte, Lourdes_Q4_B5 ou mais",1360974565.0,Apartamento com 4 quartos à venda em Belo Horizonte,R$ 3.890.000,R$ 3.600,R$ 1.541,08/12 às 12:24
"Lourdes_Belo Horizonte, Lourdes_Q1_B1",1360970506.0,APARTAMENTO GARDEM COM TERRAÇO,R$ 1.195.000,R$ 0,R$ 0,08/12 às 12:12
"Lourdes_Belo Horizonte, Lourdes_Q1_B1",1360890731.0,Área Privativa / Garden com 1 quarto à venda em Belo Horizonte,R$ 1.234.480,R$ 0,R$ 0,07/12 às 20:27
"Cidade Jardim_Belo Horizonte, Cidade Jardim_Q2_B1",1360783610.0,Casa no Lourdes/Santo Antônio,R$ 770.000,R$ 0,R$ 250,07/12 às 12:16
"Lourdes_Belo Horizonte, Lourdes_Q4_B4",1360761751.0,"Área privativa, San Sebastian, Lourdes, Belo Horizonte, 4 quartos, R$4.750.000,00, à venda",R$ 4.750.000,R$ 2.476,R$ 1.700,07/12 às 10:37
"Lourdes_Belo Horizonte, Lourdes_Q2_B2",1360745777.0,"Apartamento Mobiliado 2 quartos, sendo 1 suíte",R$ 4.300,R$ 845,R$ 303,07/12 às 09:24
"Lourdes_Belo Horizonte, Lourdes_Q2_B2",1360715134.0,Apartamento à venda no Lourdes Belo Horizonte,R$ 1.556.576,R$ 0,R$ 0,07/12 às 07:16
"Centro_Belo Horizonte, Centro_QNone_BNone",1360703991.0,Locação Loja Centro Belo Horizonte,R$ 2.000,R$ 941,R$ 325,07/12 às 04:58
"Lourdes_Belo Horizonte, Lourdes_Q3_B2",1360703451.0,Venda Apartamento 3 quartos Lourdes Belo Horizonte,R$ 1.190.000,R$ 1.785,R$ 536,07/12 às 04:39
"Lourdes_Belo Horizonte, Lourdes_Q2_B2",1360703321.0,Área privativa à venda no Lourdes Belo Horizonte,R$ 1.941.197,R$ 0,R$ 0,07/12 às 04:37
"Lourdes_Belo Horizonte, Lourdes_Q2_B2",1360703132.0,Apartamento à venda no Lourdes Belo Horizonte,R$ 1.604.709,R$ 0,R$ 0,07/12 às 04:32
"Lourdes_Belo Horizonte, Lourdes_Q3_B2",1360703057.0,Apartamento à venda no Lourdes Belo Horizonte,R$ 2.786.488,R$ 0,R$ 0,07/12 às 04:29
"Lourdes_Belo Horizonte, Lourdes_Q3_B3",1360702886.0,Apartamento à venda no Lourdes Belo Horizonte,R$ 2.535.837,R$ 0,R$ 0,07/12 às 04:26
"Lourdes_Belo Horizonte, Lourdes_Q4_B4",1360702440.0,Apartamento com 4 quartos no bairro Lourdes a uma quadra do Minas Tênis Clube,R$ 2.850.000,R$ 2.937,R$ 10.096,07/12 às 04:17
"Lourdes_Belo Horizonte, Lourdes_Q1_B2",1360702431.0,Apartamento de 1 Quarto no Lourdes,R$ 370.000,R$ 840,R$ 1.627,07/12 às 04:17
"Lourdes_Belo Horizonte, Lourdes_Q4_B4",1360701820.0,Apartamento com área privativa no bairro Lourdes,R$ 4.750.000,R$ 2.827,R$ 1.745,07/12 às 04:00
"Lourdes_Belo Horizonte, Lourdes_Q2_B2",1360698147.0,"Apartamento de 2 quartos, oportunidade localização privilegiada",R$ 1.100.000,R$ 1.550,R$ 440,07/12 às 02:54
"Lourdes_Belo Horizonte, Lourdes_Q4_B4",1360696523.0,"Apartamento à venda, 4 quartos, 2 suítes, 3 vagas, Lourdes - Belo Horizonte/MG",R$ 2.750.000,R$ 3.000,R$ 12.172,07/12 às 02:30
"Lourdes_Belo Horizonte, Lourdes_Q3_B2",1360689592.0,"Cobertura com 3 Quartos à venda, 186m² - Lourdes",R$ 3.500.000,R$ 2.049,R$ 9.004,07/12 às 00:29
"Lourdes_Belo Horizonte, Lourdes_Q4_B4",1360635955.0,"Apartamento no Lourdes - 280m², 4 suítes e 4 vagas",R$ 4.200.000,R$ 4.046,R$ 21.500,06/12 às 19:27
"Lourdes_Belo Horizonte, Lourdes_Q4_B5 ou mais",1360635236.0,"Apartamento com 4 quartos, Lourdes - Belo Horizonte",R$ 6.000.000,R$ 5.300,R$ 28.400,06/12 às 19:26
"Lourdes_Belo Horizonte, Lourdes_Q3_B5 ou mais",1360635133.0,"Apartamento com 3 quartos, Lourdes - Belo Horizonte",R$ 2.500.000,R$ 0,R$ 0,06/12 às 19:25
"Lourdes_Belo Horizonte, Lourdes_Q4_B4",1360635035.0,"Apartamento com 4 quartos, Lourdes - Belo Horizonte",R$ 5.000.000,R$ 3.100,R$ 23.543,06/12 às 19:25
"Lourdes_Belo Horizonte, Lourdes_Q3_B5 ou mais",1360634989.0,Elegância e conforto: Apartamento espaçoso no Lourdes,R$ 6.500.000,R$ 5.300,R$ 28.400,06/12 às 19:25
"Lourdes_Belo Horizonte, Lourdes_Q2_B2",1360634965.0,"Cobertura com 2 quartos, Lourdes - Belo Horizonte",R$ 5.600.000,R$ 0,R$ 0,06/12 às 19:25
"Lourdes_Belo Horizonte, Lourdes_Q4_B5 ou mais",1360634882.0,"No Lourdes, um apartamento exclusivo com lazer completo",R$ 6.900.000,R$ 3.000,R$ 0,06/12 às 19:24
"Lourdes_Belo Horizonte, Lourdes_Q4_B5 ou mais",1360634853.0,"No Lourdes, um apartamento amplo, exclusivo e com alto padrão de acabamento",R$ 11.550.000,R$ 0,R$ 0,06/12 às 19:24
"Lourdes_Belo Horizonte, Lourdes_Q4_B5 ou mais",1360634805.0,Apartamento de 363 m² no Lourdes,R$ 6.500.000,R$ 6.000,R$ 2.085,06/12 às 19:24
"Lourdes_Belo Horizonte, Lourdes_Q4_B5 ou mais",1360634810.0,Apartamento de 471 m² no Bairro Lourdes: Viva o melhor de Belo Horizonte,R$ 5.500.000,R$ 4.644,R$ 19.775,06/12 às 19:24
"Lourdes_Belo Horizonte, Lourdes_Q3_B4",1360634790.0,"No Lourdes, um apartamento novo com lazer completo",R$ 1.850.000,R$ 1.450,R$ 5.899,06/12 às 19:24
"Lourdes_Belo Horizonte, Lourdes_Q3_B5 ou mais",1360634765.0,Cobertura no Lourdes: Elegância e conforto em todos os detalhes,R$ 7.300.000,R$ 3.135,R$ 29.635,06/12 às 19:24
"Lourdes_Belo Horizonte, Lourdes_Q2_B2",1360634718.0,"No Lourdes, uma cobertura com 2 suítes",R$ 2.990.000,R$ 1.450,R$ 7.050,06/12 às 19:24
"Lourdes_Belo Horizonte, Lourdes_Q3_B3",1360590785.0,Imóvel para venda possui 90 metros quadrados com 3 quartos em Cidade Jardim - Belo Horizon,R$ 695.000,R$ 380,R$ 172,06/12 às 16:13
"Lourdes_Belo Horizonte, Lourdes_Q5 ou mais_B5 ou mais",1360533207.0,"Cobertura à venda, 5 quartos no Lourdes.",R$ 5.100.000,R$ 0,R$ 0,06/12 às 12:26
"Lourdes_Belo Horizonte, Lourdes_Q3_B3",1360500773.0,"Apartamento à venda, 3 quartos, 2 suítes, 2 vagas, Lourdes - Belo Horizonte/MG",R$ 1.300.000,R$ 1.050,R$ 240,06/12 às 10:35
"Lourdes_Belo Horizonte, Lourdes_Q3_B2",1360499926.0,Apartamento 3 quartos  Lourdes,R$ 890.000,R$ 2.100,R$ 0,06/12 às 10:33
"Lourdes_Belo Horizonte, Lourdes_Q2_B2",1360480583.0,APARTAMENTO À VENDA - 77 m² - LOURDES - BELO HORIZONTE (MG),R$ 1.050.000,R$ 950,R$ 295,06/12 às 09:19
"Lourdes_Belo Horizonte, Lourdes_Q2_B3",1360476023.0,COBERTURA À VENDA - 121 m² - LOURDES - BELO HORIZONTE (MG),R$ 1.690.000,R$ 700,R$ 250,06/12 às 08:53
"Lourdes_Belo Horizonte, Lourdes_Q2_B2",1360475938.0,ÁREA PRIVATIVA À VENDA - 128 m² - LOURDES - BELO HORIZONTE (MG),R$ 1.650.000,R$ 700,R$ 250,06/12 às 08:53
"Lourdes_Belo Horizonte, Lourdes_Q4_B2",1360457649.0,Luxuoso Apartamento em Lourdes - 4 Dormitórios à Venda,R$ 1.750.000,R$ 1.000,R$ 8.990,06/12 às 07:31
"Lourdes_Belo Horizonte, Lourdes_Q4_B1",1360457317.0,Apartamento com 4 quartos e 2 suites no Bairro de Lourdes,R$ 1.750.000,R$ 1.000,R$ 899,06/12 às 07:31
"Lourdes_Belo Horizonte, Lourdes_QNone_BNone",1360456363.0,Oportunidade para Sala comercial de 137m² na melhor localização da Savassi!,R$ 1.400.000,R$ 3.660,R$ 8.078,06/12 às 07:29
"Lourdes_Belo Horizonte, Lourdes_Q3_B3",1360433851.0,Apartamento 03 quartos Lourdes (BH) - Venda,R$ 1.990.000,R$ 900,R$ 0,06/12 às 05:06
"Lourdes_Belo Horizonte, Lourdes_QNone_BNone",1360431447.0,"Sala para aluguel, 1 vaga, Lourdes - Belo Horizonte/MG",R$ 2.160,R$ 1.252,R$ 341,06/12 às 04:17
"Lourdes_Belo Horizonte, Lourdes_Q2_B2",1360428109.0,Jade: Apartamento para à venda de 2 quartos no Lourdes.,R$ 991.565,R$ 0,R$ 0,06/12 às 03:58
"Lourdes_Belo Horizonte, Lourdes_Q4_B5 ou mais",1360416158.0,"Área privativa de 4 quartos, disponível para venda no Bairro Lourdes!",R$ 4.750.000,R$ 3.004,R$ 0,06/12 às 01:29
"Lourdes_Belo Horizonte, Lourdes_Q4_B3",1360391194.0,Venda - APARTAMENTO - LOURDES BELO HORIZONTE MG,R$ 870.000,R$ 0,R$ 363,05/12 às 22:57
"Lourdes_Belo Horizonte, Lourdes_Q4_B5 ou mais",1360381345.0,Apartamento de 04 quartos à venda no Lourdes,R$ 5.200.000,R$ 2.490,R$ 0,05/12 às 22:20
"Lourdes_Belo Horizonte, Lourdes_Q1_B1",1360336822.0,Imóvel para venda tem 46 metros quadrados com 1 quarto em Lourdes - Belo Horizonte - MG,R$ 510.000,R$ 450,R$ 100,05/12 às 19:41
"Lourdes_Belo Horizonte, Lourdes_Q1_B1",1360248051.0,Lourdes - Apartamento 1 quarto à venda na Anuar Donato,R$ 778.816,R$ 0,R$ 0,05/12 às 13:33
"Lourdes_Belo Horizonte, Lourdes_Q1_B1",1360247947.0,Lourdes - Apartamento 1 quarto à venda na Anuar Donato,R$ 2.359.590,R$ 0,R$ 0,05/12 às 13:31
"Lourdes_Belo Horizonte, Lourdes_Q1_B1",1360247875.0,Lourdes - Apartamento 1 quarto à venda na Anuar Donato,R$ 1.587.063,R$ 0,R$ 0,05/12 às 13:31
"Lourdes_Belo Horizonte, Lourdes_QNone_BNone",1360221348.0,"Casa Comercial com 10 Quartos para Alugar, 412 m² - Lourdes",R$ 4.400.000,R$ 0,R$ 0,05/12 às 11:46
"Lourdes_Belo Horizonte, Lourdes_Q3_B3",1360220745.0,Apartamento 3 quartos  Lourdes,R$ 1.350.000,R$ 1.061,R$ 5.285,05/12 às 11:43
"Lourdes_Belo Horizonte, Lourdes_Q4_B4",1360154277.0,Apartamento á venda no Bairro Lourdes,R$ 2.800.000,R$ 3.500,R$ 11.891,05/12 às 06:43
"Lourdes_Belo Horizonte, Lourdes_QNone_BNone",1360154352.0,"Loja à venda, 20 m² por R$ 503.040,00 - Lourdes - Belo Horizonte/MG",R$ 503.040,R$ 50,R$ 80,05/12 às 06:43
"Lourdes_Belo Horizonte, Lourdes_QNone_BNone",1360154694.0,"Loja à venda, 25 m² por R$ 588.340,00 - Lourdes - Belo Horizonte/MG",R$ 588.340,R$ 50,R$ 80,05/12 às 06:43
"Lourdes_Belo Horizonte, Lourdes_Q3_B2",1360148278.0,"Apartamento para aluguel, 3 quartos, 1 suíte, 1 vaga, Lourdes - Belo Horizonte/MG",R$ 3.800,R$ 392,R$ 3.181,05/12 às 05:52
"Lourdes_Belo Horizonte, Lourdes_Q3_B2",1360143740.0,"Apartamento para aluguel, 3 quartos, 1 suíte, Lourdes - Belo Horizonte/MG",R$ 3.800,R$ 524,R$ 3.613,05/12 às 04:04
"Lourdes_Belo Horizonte, Lourdes_Q1_B1",1360124402.0,Venda - APARTAMENTO - LOURDES BELO HORIZONTE MG,R$ 360.000,R$ 679,R$ 135,05/12 às 00:16
"Lourdes_Belo Horizonte, Lourdes_Q3_B1",1360017536.0,Lourdes - Apartamento 3 quartos à venda na Anuar Donato,R$ 4.698.000,R$ 2.000,R$ 0,04/12 às 16:27
"Centro_Belo Horizonte, Centro_Q2_B1",1360010808.0,Aluguel - APARTAMENTO - CENTRO Belo Horizonte MG,R$ 5.500,R$ 560,R$ 90,04/12 às 16:01
"Centro_Belo Horizonte, Centro_Q2_B1",1360010688.0,Aluguel - APARTAMENTO - CENTRO Belo Horizonte MG,R$ 5.500,R$ 560,R$ 98,04/12 às 16:01
"Lourdes_Belo Horizonte, Lourdes_QNone_BNone",1359992209.0,"Andar corrido para aluguel, 2 vagas, Lourdes - Belo Horizonte/MG",R$ 4.800,R$ 2.300,R$ 0,04/12 às 14:46
"Lourdes_Belo Horizonte, Lourdes_Q3_B1",1359947089.0,Lourdes - Cobertura 3 quartos à venda na Anuar Donato,R$ 3.890.000,R$ 2.000,R$ 0,04/12 às 12:11
"Lourdes_Belo Horizonte, Lourdes_QNone_BNone",1359884134.0,"Loja para aluguel, Lourdes - Belo Horizonte/MG",R$ 6.900,R$ 410,R$ 0,04/12 às 08:53
"Lourdes_Belo Horizonte, Lourdes_Q2_B2",1359880023.0,Venda Apartamento 2 quartos Lourdes Belo Horizonte,R$ 1.470.000,R$ 0,R$ 0,04/12 às 08:08
"Lourdes_Belo Horizonte, Lourdes_Q3_B2",1359879852.0,Venda Apartamento 3 quartos Lourdes Belo Horizonte,R$ 635.000,R$ 1.050,R$ 182,04/12 às 08:06
"Lourdes_Belo Horizonte, Lourdes_Q4_B4",1359879853.0,Venda Apartamento 4 quartos Lourdes Belo Horizonte,R$ 2.850.000,R$ 2.300,R$ 917,04/12 às 08:06
"Lourdes_Belo Horizonte, Lourdes_Q3_B3",1359851014.0,"Apartamento à venda, 3 quartos, 2 suítes, 2 vagas, Lourdes - Belo Horizonte/MG",R$ 1.300.000,R$ 1.050,R$ 240,04/12 às 03:35
"Lourdes_Belo Horizonte, Lourdes_Q3_B2",1359850894.0,"Apartamento à venda, 1 a 3 quartos, Lourdes - Belo Horizonte",R$ 1.192.018,R$ 0,R$ 0,04/12 às 03:34
"Lourdes_Belo Horizonte, Lourdes_Q3_B2",1359850893.0,"Apartamento à venda, 1 a 3 quartos, Lourdes - Belo Horizonte",R$ 1.191.623,R$ 0,R$ 0,04/12 às 03:34
"Lourdes_Belo Horizonte, Lourdes_Q3_B2",1359850890.0,"Apartamento à venda, 1 a 3 quartos, Lourdes - Belo Horizonte",R$ 1.046.742,R$ 0,R$ 0,04/12 às 03:34
"Lourdes_Belo Horizonte, Lourdes_Q4_B4",1359838303.0,"Apartamento à venda, 4 quartos, 2 suítes, 3 vagas, Lourdes - Belo Horizonte/MG",R$ 2.150.000,R$ 1.050,R$ 9.882,04/12 às 00:58
"Lourdes_Belo Horizonte, Lourdes_Q3_B1",1359816013.0,"Apartamento com 3 dormitórios à venda, 87 m² por R$ 1.300.000,00 - Lourdes - Belo Horizont",R$ 1.300.000,R$ 1.296,R$ 240,03/12 às 21:44
"Lourdes_Belo Horizonte, Lourdes_Q4_B1",1359808069.0,Venda - APARTAMENTO - LOURDES Belo Horizonte MG,R$ 2.000.000,R$ 1.450,R$ 710,03/12 às 21:16
"Centro_Belo Horizonte, Centro_Q3_B2",1236172716.0,Casa 5 Comodos Terraço 2 banheiro 3 Pavimentos Bairro Capitão Eduardo,R$ 120.000,,,03/12 às 21:00
"Lourdes_Belo Horizonte, Lourdes_Q4_B4",1359779645.0,Apartamento de 04 quartos à venda no Lourdes,R$ 1.690.000,R$ 1.930,R$ 479,03/12 às 19:20
"Lourdes_Belo Horizonte, Lourdes_Q4_B5 ou mais",1359745139.0,Apartamento 04 quartos à venda em Lourdes próximo ao Minas Tênis Clube,R$ 5.800.000,R$ 4.500,R$ 24.215,03/12 às 18:00
"Lourdes_Belo Horizonte, Lourdes_QNone_BNone",1355752283.0,Andar à venda no Lourdes,R$ 1.200.000,R$ 3.006,R$ 1.045,03/12 às 15:49
"Lourdes_Belo Horizonte, Lourdes_Q2_B2",1359692794.0,Edifício Premiatto: Apartamento com 02 quartos e 02 vagas para locação no Lourdes.,R$ 5.500,R$ 895,R$ 300,03/12 às 15:38
"Lourdes_Belo Horizonte, Lourdes_Q2_B2",1359690868.0,Edifício Premiatto: Apartamento com 02 quartos e 02 vagas para locação no Lourdes.,R$ 5.500,R$ 895,R$ 300,03/12 às 15:32
"Lourdes_Belo Horizonte, Lourdes_Q4_B3",1359668998.0,"Apartamento com área privativa, 4 quartos (1 suíte) no bairro Santo Agostinho",R$ 1.775.000,R$ 1.350,R$ 6.340,03/12 às 14:47
"Lourdes_Belo Horizonte, Lourdes_Q4_B4",1359669103.0,Venda Apartamento 4 quartos Lourdes Belo Horizonte,R$ 2.850.000,R$ 2.300,R$ 917,03/12 às 14:47
"Centro_Belo Horizonte, Centro_Q3_B2",1359666863.0,"Apartamento à venda, 3 quartos, Centro - Belo Horizonte/MG",R$ 450.000,R$ 480,R$ 1.950,03/12 às 14:46
"Lourdes_Belo Horizonte, Lourdes_Q2_B1",1359620504.0,Apartamento à venda - Lourdes - 2 quartos - Belo Horizonte/MG - AP0455,R$ 500.000,R$ 1.800,R$ 129,03/12 às 12:12
"Lourdes_Belo Horizonte, Lourdes_Q4_B2",1359610026.0,"Apartamento 4 Quartos à venda, 4 quartos, 1 suíte, 2 vagas, Lourdes - Belo Horizonte/MG",R$ 2.580.000,R$ 1.790,R$ 631,03/12 às 11:48
"Lourdes_Belo Horizonte, Lourdes_QNone_BNone",1359592680.0,"Sala, 27 m² - venda por R$ 220.000,00 ou aluguel por R$ 2.055,00/mês - Lourdes - Belo Hori",R$ 220.000,R$ 416,R$ 139,03/12 às 11:32
"Lourdes_Belo Horizonte, Lourdes_QNone_BNone",1359592600.0,"Sala, 27 m² - venda por R$ 220.000,00 ou aluguel por R$ 2.055,00/mês - Lourdes - Belo Hori",R$ 1.500,R$ 416,R$ 139,03/12 às 11:32
"Lourdes_Belo Horizonte, Lourdes_Q3_B3",1359542431.0,"Magnifica cobertura 03 quartos, 02 suítes, com 87m², na melhor localização do Lourdes",R$ 1.300.000,R$ 1.050,R$ 240,03/12 às 08:44
"Lourdes_Belo Horizonte, Lourdes_QNone_BNone",1359511064.0,"Loja para aluguel, Lourdes - Belo Horizonte/MG",R$ 7.500,R$ 410,R$ 0,03/12 às 07:55
"Lourdes_Belo Horizonte, Lourdes_Q2_B2",1359338260.0,"Apartamento à venda, 2 quartos, 1 suíte, 1 vaga, LOURDES - Belo Horizonte/MG",R$ 1.050.000,R$ 800,R$ 337,02/12 às 15:09
"Lourdes_Belo Horizonte, Lourdes_Q3_B2",1253410424.0,leticia \ ótima oportunidade para sair do aluguel,R$ 15.000,,,02/12 às 11:34
"Lourdes_Belo Horizonte, Lourdes_QNone_BNone",1342592473.0,"Sala dentista,Lourdes",R$ 750,R$ 244,R$ 105,02/12 às 10:47
"Lourdes_Belo Horizonte, Lourdes_Q1_B1",1359263394.0,"Apartamento 1 quarto com varanda,Lourdes ",R$ 1.950,R$ 729,R$ 187,02/12 às 10:44
"Lourdes_Belo Horizonte, Lourdes_Q3_B2",1359223338.0,LUX by Prisbel - APÊ LUX by Prisbel $2230mil a venda no Lourdes Belo Horizonte-MG,R$ 2.230.000,R$ 800,R$ 350,02/12 às 07:37
"Centro_Belo Horizonte, Centro_QNone_BNone",1358971172.0,Venda ou locação Loja Centro Belo Horizonte,R$ 60.000,R$ 0,R$ 0,01/12 às 03:04
"Centro_Belo Horizonte, Centro_QNone_BNone",1358971155.0,Venda ou locação Loja Centro Belo Horizonte,R$ 9.400.000,R$ 0,R$ 0,01/12 às 03:03
"Lourdes_Belo Horizonte, Lourdes_Q3_B2",1358851782.0,Aluguel - APARTAMENTO - LOURDES Belo Horizonte MG,R$ 3.600,R$ 392,R$ 276,30/11 às 12:56
"Centro_Belo Horizonte, Centro_Q1_B1",1358838926.0,Apartamento à venda 1 quarto - Centro,R$ 501.145,R$ 600,R$ 250,30/11 às 11:41
"Lourdes_Belo Horizonte, Lourdes_QNone_BNone",1358801420.0,"Sala para aluguel, Lourdes - Belo Horizonte/MG",R$ 1.500,R$ 500,R$ 1.558,30/11 às 08:42
"Lourdes_Belo Horizonte, Lourdes_QNone_BNone",1358801041.0,"Sala para aluguel, Lourdes - Belo Horizonte/MG",R$ 800,R$ 500,R$ 1.558,30/11 às 08:41
"Lourdes_Belo Horizonte, Lourdes_QNone_BNone",1358799382.0,"Sala para aluguel, Lourdes - Belo Horizonte/MG",R$ 800,R$ 500,R$ 347,30/11 às 08:30
"Lourdes_Belo Horizonte, Lourdes_Q4_B3",1358799371.0,"Apartamento para aluguel, 4 quartos, 2 suítes, 3 vagas, Lourdes - Belo Horizonte/MG",R$ 26.500,R$ 2.500,R$ 1.509,30/11 às 08:30
"Lourdes_Belo Horizonte, Lourdes_Q3_B2",1358795345.0,Apto 3 qtos locação em frente ao Minas Tênis 1,R$ 5.000,R$ 767,R$ 254,30/11 às 07:42
"Lourdes_Belo Horizonte, Lourdes_Q3_B3",1358795137.0,Cobertura de 3 quartos no bairro Lourdes,R$ 3.500.000,R$ 2.049,R$ 742,30/11 às 07:40
"Lourdes_Belo Horizonte, Lourdes_Q2_B1",1358776555.0,Lourdes - Apartamento 2 quartos à venda na Anuar Donato,R$ 1.270.000,R$ 0,R$ 0,30/11 às 06:30
"Lourdes_Belo Horizonte, Lourdes_Q4_B4",1358770152.0,Apartamento Alto Padrão a Venda Mobiliado - Lourdes,R$ 3.350.000,R$ 2.400,R$ 1.238,30/11 às 06:07
"Lourdes_Belo Horizonte, Lourdes_Q4_B4",1358768507.0,"Apartamento à venda, 4 quartos, 1 suíte, 4 vagas, Lourdes - Belo Horizonte/MG",R$ 2.550.000,R$ 1.200,R$ 0,30/11 às 05:12
"Lourdes_Belo Horizonte, Lourdes_Q3_B2",1358745820.0,"Apartamento 3 Quartos à venda, 3 quartos, 1 suíte, 2 vagas, Lourdes - Belo Horizonte/MG",R$ 2.250.000,R$ 0,R$ 0,30/11 às 02:09
"Lourdes_Belo Horizonte, Lourdes_Q3_B2",1358745442.0,"Cobertura à venda, 3 quartos, 1 suíte, 4 vagas, Lourdes - Belo Horizonte/MG",R$ 2.200.000,R$ 1.879,R$ 770,30/11 às 01:59
"Lourdes_Belo Horizonte, Lourdes_Q2_B2",1358745389.0,"Apartamento 2 Quartos à venda, 2 quartos, 2 suítes, 2 vagas, Lourdes - Belo Horizonte/MG",R$ 1.450.000,R$ 0,R$ 0,30/11 às 01:58
"Lourdes_Belo Horizonte, Lourdes_Q3_B2",1358745277.0,"Apartamento 3 Quartos à venda, 3 quartos, 1 suíte, 2 vagas, Lourdes - Belo Horizonte/MG",R$ 2.600.000,R$ 0,R$ 0,30/11 às 01:57
"Lourdes_Belo Horizonte, Lourdes_Q3_B2",1358745272.0,"Apartamento 3 Quartos à venda, 3 quartos, 1 suíte, 2 vagas, Lourdes - Belo Horizonte/MG",R$ 2.230.000,R$ 850,R$ 190,30/11 às 01:57
"Lourdes_Belo Horizonte, Lourdes_QNone_BNone",1358745267.0,"Loja à venda, 2 vagas, Lourdes - Belo Horizonte/MG",R$ 1.040.000,R$ 0,R$ 0,30/11 às 01:57
"Lourdes_Belo Horizonte, Lourdes_Q2_B2",1358736804.0,Aluguel - APARTAMENTO - LOURDES Belo Horizonte MG,R$ 4.800,R$ 845,R$ 303,29/11 às 23:36
"Lourdes_Belo Horizonte, Lourdes_Q4_B5 ou mais",1358686978.0,APARTAMENTO 4 QUARTO ALTO LUXO LURDES .,R$ 5.500.000,R$ 2.750,R$ 1.715,29/11 às 18:05
"Centro_Belo Horizonte, Centro_QNone_BNone",1358683440.0,sala comercial no centro de bhte,R$ 170.000,R$ 396,R$ 110,29/11 às 17:59
"Lourdes_Belo Horizonte, Lourdes_Q4_B5 ou mais",1358667699.0,"APARTAMENTO 04 QUARTOS, 03 SUITES, 04 VAGAS NO CORAÇÃO DO SANTO AGOSTINHO.",R$ 3.900.000,R$ 0,R$ 0,29/11 às 17:10
"Lourdes_Belo Horizonte, Lourdes_Q2_B2",1358667473.0,Apartamento 02 quartos no lourdes,R$ 993.221,R$ 0,R$ 0,29/11 às 17:10
"Lourdes_Belo Horizonte, Lourdes_Q4_B3",1358667164.0,Excelente 04 quartos no lourdes.,R$ 780.000,R$ 715,R$ 298,29/11 às 17:09
"Lourdes_Belo Horizonte, Lourdes_Q4_B4",1358666941.0,"Localização privilegiada, 4 quartos e 4 suítes",R$ 7.920.815,R$ 0,R$ 0,29/11 às 17:08
"Lourdes_Belo Horizonte, Lourdes_Q3_B2",1358666913.0,"Apartamento à venda, 3 quartos, 1 suíte, 2 vagas, Lourdes - Belo Horizonte/MG",R$ 2.074.153,R$ 0,R$ 0,29/11 às 17:08
"Lourdes_Belo Horizonte, Lourdes_Q4_B4",1358666819.0,Excelente 04 quartos no Santo agostinho * PROXIMO AO SHOPPING DAIMOND*,R$ 1.700.000,R$ 1.350,R$ 0,29/11 às 17:07
"Lourdes_Belo Horizonte, Lourdes_Q4_B4",1358666337.0,"Localização privilegiada, 4 quartos, 4 suítes e 4 vagas",R$ 6.405.000,R$ 0,R$ 0,29/11 às 17:05
"Lourdes_Belo Horizonte, Lourdes_Q3_B3",1358666293.0,Excelente Apartamento no Santo Agostinho.,R$ 1.350.000,R$ 1.300,R$ 457,29/11 às 17:05
"Lourdes_Belo Horizonte, Lourdes_Q4_B3",1358666222.0,Excelente 04 quartos no Lourdes.,R$ 1.550.000,R$ 1.450,R$ 0,29/11 às 17:05
"Lourdes_Belo Horizonte, Lourdes_Q2_B2",1358666112.0,Apartamento 02 quartos no lourdes,R$ 991.365,R$ 0,R$ 0,29/11 às 17:05
"Lourdes_Belo Horizonte, Lourdes_Q4_B5 ou mais",1358665716.0,"Excelente cobertura 04 quartos, Próximo ao shopping Diamond.",R$ 4.320.000,R$ 2.640,R$ 0,29/11 às 17:03
"Lourdes_Belo Horizonte, Lourdes_Q2_B2",1358665709.0,Apartamento 02 quartos no lourdes,R$ 999.759,R$ 0,R$ 0,29/11 às 17:03
"Lourdes_Belo Horizonte, Lourdes_Q3_B1",1358648716.0,"Venda de Apartamento em Lourdes - 120m², 3 Dormitórios, R$1.580.000",R$ 1.580.000,R$ 2.800,R$ 6.800,29/11 às 16:10
"Lourdes_Belo Horizonte, Lourdes_Q3_B3",1358630691.0,Apartamento Cobertura Penthouse em Lourdes - Belo Horizonte,R$ 1.995.000,R$ 1.470,R$ 695,29/11 às 15:23
"Lourdes_Belo Horizonte, Lourdes_Q3_B2",1358629417.0,Apartamento de 3 quartos a venda no Lourdes,R$ 1.210.000,R$ 1.380,R$ 455,29/11 às 15:19
"Santo Antônio_Belo Horizonte, Santo Antônio_QNone_BNone",1358555654.0,"Loja para aluguel, Santo Antônio - Belo Horizonte/MG",R$ 3.000,R$ 0,R$ 28,29/11 às 10:31
"Lourdes_Belo Horizonte, Lourdes_Q3_B4",1358542574.0,"Apartamento à venda, 3 quartos, 3 suítes, 2 vagas, Lourdes - Belo Horizonte/MG",R$ 2.400.000,R$ 0,R$ 0,29/11 às 09:29
"Lourdes_Belo Horizonte, Lourdes_Q3_B4",1358534439.0,"Cobertura Duplex de Alto Padrão com 3 Quartos, Piscina e Vista Deslumbrante - 175 m² - Bai",R$ 9.000,R$ 1.200,R$ 731,29/11 às 09:06
"Lourdes_Belo Horizonte, Lourdes_QNone_BNone",1358510160.0,Loja 450m² $20.900 vizinha ao Diamond Mall Lourdes Belo Horizonte MG,R$ 20.900,R$ 0,R$ 2.292,29/11 às 07:04
"Lourdes_Belo Horizonte, Lourdes_QNone_BNone",1358507108.0,Loja (700 m²) - Lourdes,R$ 45.000,R$ 0,R$ 5.000,29/11 às 06:42
"Lourdes_Belo Horizonte, Lourdes_Q2_B1",1358505684.0,Lindo apartamento 02 quartos Lourdes,R$ 5.400,R$ 895,R$ 0,29/11 às 06:30
"Lourdes_Belo Horizonte, Lourdes_Q3_B2",1358483401.0,"Venda de Apartamento 3 Quartos em Lourdes - BH por R$1,3M",R$ 1.300.000,R$ 1.050,R$ 2.400,29/11 às 04:26
"Centro_Belo Horizonte, Centro_Q5 ou mais_B2",1358473715.0,Apartamento com 5 quartos no Centro - Belo Horizonte,R$ 480.000,R$ 652,R$ 189,29/11 às 03:39
"Lourdes_Belo Horizonte, Lourdes_Q4_B5 ou mais",1358314817.0,"Excelente apartamento com 260m², localização privilegiada a um quarteirão do Minas Tênis C",R$ 2.900.000,R$ 2.310,R$ 10.096,28/11 às 14:32
"Lourdes_Belo Horizonte, Lourdes_Q4_B2",1358251027.0,"Cobertura para aluguel, 4 quartos, 1 suíte, 3 vagas, Lourdes - Belo Horizonte/MG",R$ 15.500,R$ 2.200,R$ 0,28/11 às 10:54
"Lourdes_Belo Horizonte, Lourdes_Q3_B3",1358209752.0,Apartamento com 3 quartos à venda - Lourdes,R$ 2.250.000,R$ 0,R$ 0,28/11 às 07:32
"Lourdes_Belo Horizonte, Lourdes_Q3_B4",1358203295.0,"Cobertura à venda, 3 quartos no Lourdes",R$ 2.800.000,R$ 1.700,R$ 0,28/11 às 06:26
"Lourdes_Belo Horizonte, Lourdes_Q2_B3",1358201963.0,APARTAMENTO DE 2 QUARTOS PARA LOCAÇÃO NO BAIRRO LOURDES,R$ 6.000,R$ 1.300,R$ 0,28/11 às 06:08
"Lourdes_Belo Horizonte, Lourdes_Q2_B3",1358194593.0,Venda Residential / Apartment Belo Horizonte MG,R$ 1.500.000,R$ 1.258,R$ 5.847,28/11 às 05:15
"Lourdes_Belo Horizonte, Lourdes_Q4_B4",1358165231.0,Apartamento 4 quartos  Lourdes,R$ 1.690.000,R$ 2.000,R$ 5.336,28/11 às 02:34
"Centro_Belo Horizonte, Centro_Q3_B2",1358164569.0,Venda Apartamento 3 quartos Centro Belo Horizonte,R$ 389.000,R$ 600,R$ 0,28/11 às 02:18
"Lourdes_Belo Horizonte, Lourdes_Q3_B3",1358164452.0,Venda Apartamento 3 quartos Lourdes Belo Horizonte,R$ 2.120.000,R$ 900,R$ 779,28/11 às 02:17
"Centro_Belo Horizonte, Centro_Q1_B1",1358163720.0,Venda Apartamento 1 quarto Centro Belo Horizonte,R$ 370.000,R$ 541,R$ 132,28/11 às 02:00
"Lourdes_Belo Horizonte, Lourdes_QNone_BNone",1358155665.0,Locação Sala Lourdes Belo Horizonte,R$ 3.400,R$ 956,R$ 337,28/11 às 00:10
"Santo Agostinho_Belo Horizonte, Santo Agostinho_QNone_BNone",1358147681.0,Loja Comercial no Santo Agostinho,R$ 7.500,R$ 0,R$ 759,27/11 às 23:11
"Lourdes_Belo Horizonte, Lourdes_Q4_B5 ou mais",1358025478.0,Cond. Edifício San Sebastian: Lindo apartamento de alto padrão com 210m² + área privativa ,R$ 4.750.000,R$ 2.768,R$ 19.193,27/11 às 15:37
"Lourdes_Belo Horizonte, Lourdes_Q3_B3",1358015537.0,Oportunidade ao lado do MINAS TÊNIS,R$ 1.220.000,R$ 950,R$ 0,27/11 às 14:56
"Centro_Belo Horizonte, Centro_Q2_B1",1358005677.0,"Apartamento 2 quartos, com varanda - Centro - Belo Horizonte/MG",R$ 980.000,R$ 860,R$ 0,27/11 às 14:20
"Lourdes_Belo Horizonte, Lourdes_QNone_BNone",1358004426.0,Ed. Cowan - MG,R$ 54.691.700,R$ 0,R$ 0,27/11 às 14:18
"Lourdes_Belo Horizonte, Lourdes_Q4_B3",1357970865.0,Locação Apartamento 4 quartos Lourdes Belo Horizonte,R$ 7.300,R$ 2.542,R$ 769,27/11 às 12:30
"Lourdes_Belo Horizonte, Lourdes_Q3_B2",1357961059.0,"Apartamento à venda, 3 quartos, 1 suíte, 2 vagas, Lourdes - Belo Horizonte/MG",R$ 1.350.000,R$ 1.122,R$ 5.291,27/11 às 12:00
"Centro_Belo Horizonte, Centro_Q2_B1",1357881156.0,Apartamento Decorado com 2 quartos - Centro,R$ 5.500,R$ 600,R$ 0,27/11 às 04:49
"Santo Antônio_Belo Horizonte, Santo Antônio_QNone_BNone",1357869466.0,"Andar para aluguel, 4 vagas, Savassi - Belo Horizonte/MG",R$ 10.500,R$ 650,R$ 1.000,27/11 às 02:30
"Lourdes_Belo Horizonte, Lourdes_Q3_B3",1357860929.0,Venda - APARTAMENTO - LOURDES Belo Horizonte MG,R$ 1.270.822,R$ 780,R$ 0,27/11 às 00:26
"Lourdes_Belo Horizonte, Lourdes_Q3_B2",1357742618.0,Imóvel para venda possui 98 metros quadrados com 3 quartos em Lourdes - Belo Horizonte - M,R$ 1.100.000,R$ 1.200,R$ 600,26/11 às 18:25
"Lourdes_Belo Horizonte, Lourdes_QNone_BNone",1357734445.0,Ponto Comercial para alugar no bairro Lourdes - Belo Horizonte/MG,R$ 20.877,R$ 0,R$ 788,26/11 às 18:08
"Lourdes_Belo Horizonte, Lourdes_QNone_BNone",1357734367.0,Ponto Comercial para alugar no bairro Lourdes - Belo Horizonte/MG,R$ 24.343,R$ 0,R$ 788,26/11 às 18:08
"Lourdes_Belo Horizonte, Lourdes_Q2_B3",1357651832.0,"Apartamento 2 quartos, 2 suítes - Lourdes",R$ 1.050.000,R$ 0,R$ 0,26/11 às 13:17
"Lourdes_Belo Horizonte, Lourdes_Q3_B1",1357554019.0,Lourdes - Apartamento 3 quartos à venda na Anuar Donato,R$ 2.330.343,R$ 2.000,R$ 0,26/11 às 06:16
"Lourdes_Belo Horizonte, Lourdes_Q4_B3",1357552935.0,APARTAMENTO 4 QUARTOS PARA ALUGUEL NO LOURDES,R$ 13.000,R$ 4.049,R$ 1.594,26/11 às 05:59
"Santo Antônio_Belo Horizonte, Santo Antônio_QNone_BNone",1357532136.0,"Andar para aluguel, 3 vagas, Savassi - Belo Horizonte/MG",R$ 8.500,R$ 650,R$ 1.000,26/11 às 03:01
"Lourdes_Belo Horizonte, Lourdes_Q5 ou mais_B4",1357531641.0,Venda Apartamento 5 quartos Lourdes Belo Horizonte,R$ 1.880.000,R$ 3.200,R$ 426,26/11 às 02:52
"Lourdes_Belo Horizonte, Lourdes_Q2_B2",1357435572.0,"Cobertura com 2 Quartos e 2 banheiros para Alugar, 54 m² no Lourdes",R$ 6.999,R$ 550,R$ 390,25/11 às 18:04
"Lourdes_Belo Horizonte, Lourdes_QNone_BNone",1357358008.0,Sala com Consultório odontológico montado à venda em Belo Horizonte/MG,R$ 200.000,R$ 576,R$ 1.794,25/11 às 14:05
"Lourdes_Belo Horizonte, Lourdes_Q2_B2",1357334215.0,Imóvel para venda possui 80 metros quadrados com 2 quartos em Lourdes - Belo Horizonte - M,R$ 635.000,R$ 950,R$ 165,25/11 às 12:56
"Lourdes_Belo Horizonte, Lourdes_Q4_B4",1357093082.0,Venda Cobertura Lourdes Belo Horizonte,R$ 2.390.000,R$ 986,R$ 900,24/11 às 07:38
"Centro_Belo Horizonte, Centro_Q2_B1",1357013559.0,Apartamento 02 quartos Mobiliado Centro Locação,R$ 980.000,R$ 556,R$ 95,23/11 às 17:32
"Centro_Belo Horizonte, Centro_Q2_B1",1357013552.0,Apartamento 02 quartos Mobiliado Centro Locação,R$ 5.500,R$ 556,R$ 95,23/11 às 17:32
"Centro_Belo Horizonte, Centro_Q2_B1",1357013520.0,Apartamento 02 quartos Mobiliado Centro Locação,R$ 5.500,R$ 556,R$ 95,23/11 às 17:32
"Centro_Belo Horizonte, Centro_QNone_BNone",1356951860.0,"Loja em galeria de 58m², com mezanino, em localização privilegiada à venda",R$ 155.000,R$ 431,R$ 1.497,23/11 às 12:47
"Lourdes_Belo Horizonte, Lourdes_Q4_B4",1356950252.0,"Apartamento à venda, 4 quartos, 2 suítes, 2 vagas, Lourdes - Belo Horizonte/MG",R$ 2.490.000,R$ 1,R$ 1,23/11 às 12:46
"Lourdes_Belo Horizonte, Lourdes_Q3_B3",1356937289.0,Cobertura 03 quartos Lourdes (BH) - Venda,R$ 1.750.000,R$ 0,R$ 0,23/11 às 12:26
"Lourdes_Belo Horizonte, Lourdes_Q3_B3",1356932560.0,"Apartamento à venda, 3 quartos, 3 suítes, 2 vagas, Lourdes - Belo Horizonte/MG",R$ 2.400.000,R$ 0,R$ 0,23/11 às 12:05
"Lourdes_Belo Horizonte, Lourdes_Q4_B3",1356903600.0,"Cobertura à venda, 4 quartos, 2 suítes, 4 vagas, Lourdes - Belo Horizonte/MG",R$ 3.100.000,R$ 1.100,R$ 12.000,23/11 às 09:49
"Lourdes_Belo Horizonte, Lourdes_Q3_B3",1356894469.0,"Apartamento à venda, 3 quartos, 3 suítes, 2 vagas, Lourdes - Belo Horizonte/MG",R$ 2.020.000,R$ 1.000,R$ 1,23/11 às 09:06
"Lourdes_Belo Horizonte, Lourdes_Q4_B4",1356893972.0,"Apartamento à venda, 4 quartos, 3 suítes, 3 vagas, Lourdes - Belo Horizonte/MG",R$ 1.850.000,R$ 942,R$ 9.119,23/11 às 08:59
"Lourdes_Belo Horizonte, Lourdes_Q3_B3",1356889597.0,"Apartamento com 3 dormitórios para alugar, 101 m² por R$ 8.052,60/mês - Lourdes - Belo Hor",R$ 6.600,R$ 908,R$ 545,23/11 às 08:23
"Lourdes_Belo Horizonte, Lourdes_Q2_B1",1356885220.0,"Apartamento à venda, 2 quartos, 2 vagas, Lourdes - Belo Horizonte/MG",R$ 900.000,R$ 0,R$ 0,23/11 às 07:48
"Lourdes_Belo Horizonte, Lourdes_Q2_B1",1356866586.0,Venda Cobertura Lourdes Belo Horizonte,R$ 1.587.063,R$ 0,R$ 0,23/11 às 02:16
"Lourdes_Belo Horizonte, Lourdes_Q3_B1",1356866348.0,Apartamento de 3 quartos no bairro Lourdes,R$ 1.800.000,R$ 1,R$ 0,23/11 às 02:16
"Lourdes_Belo Horizonte, Lourdes_Q2_B1",1356862833.0,Venda Cobertura Lourdes Belo Horizonte,R$ 1.854.275,R$ 0,R$ 0,23/11 às 02:03
"Lourdes_Belo Horizonte, Lourdes_Q2_B1",1356862854.0,Venda Cobertura Lourdes Belo Horizonte,R$ 2.359.590,R$ 0,R$ 0,23/11 às 02:03
"Lourdes_Belo Horizonte, Lourdes_Q4_B3",1356862866.0,Venda Apartamento 4 quartos Lourdes Belo Horizonte,R$ 1.100.000,R$ 1.850,R$ 290,23/11 às 02:03
"Lourdes_Belo Horizonte, Lourdes_Q2_B1",1356862685.0,Venda Cobertura Lourdes Belo Horizonte,R$ 2.283.750,R$ 0,R$ 0,23/11 às 02:03
"Lourdes_Belo Horizonte, Lourdes_Q2_B3",1356855926.0,Ed. Santa Catarina: Lançamento no Lourdes,R$ 1.000.000,R$ 0,R$ 0,23/11 às 00:49
"Lourdes_Belo Horizonte, Lourdes_Q4_B3",1356838242.0,AREA PRIVATIVA - 4 QTS - 4 VGS - LOURDES,R$ 2.749.000,R$ 2.150,R$ 1.314,22/11 às 22:30
"Lourdes_Belo Horizonte, Lourdes_Q4_B3",1356813474.0,OPORTUNIDADE APARTAMENTO 4 QUARTOS COM ELEVADOR BAIRRO LOURDES PRA VENDA,R$ 1.400.000,R$ 1.337,R$ 450,22/11 às 20:38
"Lourdes_Belo Horizonte, Lourdes_Q2_B2",1356776992.0,Apartamento 02 quartos - Locação - Lourdes,R$ 5.900,R$ 895,R$ 0,22/11 às 18:12
"Centro_Belo Horizonte, Centro_Q3_B2",1356734645.0,Cond. Edifício Rainha Elizabeth: Apartamento mobiliado em excelente conservação com 127m² ,R$ 450.000,R$ 480,R$ 2.079,22/11 às 16:31
"Lourdes_Belo Horizonte, Lourdes_Q3_B2",1356670413.0,Cobertura Top House á venda no bairro de Lourdes,R$ 2.200.000,R$ 2.050,R$ 8.465,22/11 às 13:03
"Centro_Belo Horizonte, Centro_Q2_B1",1356581133.0,"Apartamento à venda, 2 quartos, Centro - Belo Horizonte/MG",R$ 350.000,R$ 642,R$ 145,22/11 às 07:06
"Lourdes_Belo Horizonte, Lourdes_QNone_BNone",1356569405.0,"Conjunto, 56 m² - venda por R$ 360.000,00 ou aluguel por R$ 3.285,98/mês - Lourdes - Belo",R$ 2.200,R$ 800,R$ 286,22/11 às 04:13
"Lourdes_Belo Horizonte, Lourdes_Q4_B3",1356568130.0,APARTAMENTO DE 4 QUARTOS A VENDA NO BAIRRO LOURDES,R$ 1.600.000,R$ 2.100,R$ 788,22/11 às 03:41
"Lourdes_Belo Horizonte, Lourdes_Q1_B1",1356561764.0,Venda Apartamento 1 quarto Lourdes Belo Horizonte,R$ 790.000,R$ 0,R$ 0,22/11 às 01:16
"Lourdes_Belo Horizonte, Lourdes_Q1_B1",1356561326.0,Venda Apartamento 1 quarto Lourdes Belo Horizonte,R$ 1.091.125,R$ 0,R$ 0,22/11 às 01:06
"Lourdes_Belo Horizonte, Lourdes_Q1_B1",1356561124.0,Venda Apartamento 1 quarto Lourdes Belo Horizonte,R$ 914.480,R$ 0,R$ 0,22/11 às 01:02
"Lourdes_Belo Horizonte, Lourdes_Q1_B1",1356561076.0,Venda Apartamento 1 quarto Lourdes Belo Horizonte,R$ 1.055.895,R$ 0,R$ 0,22/11 às 01:02
"Lourdes_Belo Horizonte, Lourdes_Q1_B1",1356560919.0,Venda Apartamento 1 quarto Lourdes Belo Horizonte,R$ 982.600,R$ 0,R$ 0,22/11 às 01:00
"Lourdes_Belo Horizonte, Lourdes_Q1_B1",1356560911.0,Venda Apartamento 1 quarto Lourdes Belo Horizonte,R$ 1.165.200,R$ 0,R$ 0,22/11 às 01:00
"Lourdes_Belo Horizonte, Lourdes_Q3_B2",1356551087.0,"Apartamento, 3 quartos, 1 suite, 2 vagas",R$ 1.185.000,R$ 1.700,R$ 462,21/11 às 23:44
"Lourdes_Belo Horizonte, Lourdes_Q3_B2",1356541803.0,"Apartamento 03 Quartos com 85m², à venda no Lourdes",R$ 1.100.000,R$ 1.130,R$ 4.500,21/11 às 23:22
"Lourdes_Belo Horizonte, Lourdes_QNone_BNone",1356526371.0,Venda Sala Lourdes Belo Horizonte,R$ 180.000,R$ 304,R$ 163,21/11 às 22:00
"Lourdes_Belo Horizonte, Lourdes_Q4_B2",1356524694.0,Locação Apartamento 4 quartos Lourdes Belo Horizonte,R$ 7.500,R$ 1.842,R$ 661,21/11 às 21:55
"Lourdes_Belo Horizonte, Lourdes_Q1_B2",1356524684.0,Locação Apartamento 1 quarto Lourdes Belo Horizonte,R$ 3.800,R$ 455,R$ 429,21/11 às 21:55
"Lourdes_Belo Horizonte, Lourdes_Q1_B1",1356524389.0,Venda Apartamento 1 quarto Lourdes Belo Horizonte,R$ 450.000,R$ 590,R$ 130,21/11 às 21:53
"Centro_Belo Horizonte, Centro_Q1_B1",1356506885.0,Apartamento mobiliado para alugar 1 quarto no Centro,R$ 3.690,R$ 570,R$ 240,21/11 às 20:34
"Lourdes_Belo Horizonte, Lourdes_Q2_B2",1356488112.0,Oportunidade à Venda - Lourdes - Belo Horizonte/MG,R$ 2.400.000,R$ 0,R$ 0,21/11 às 19:58
"Lourdes_Belo Horizonte, Lourdes_QNone_BNone",1356478879.0,"Andar Corporativo à venda e para alugar em Belo Horizonte, Lourdes, com 406 m²",R$ 20.000,R$ 4.282,R$ 684,21/11 às 19:25
"Lourdes_Belo Horizonte, Lourdes_Q4_B3",1356255432.0,"Apartamento para Venda em Belo Horizonte, Lourdes, 4 dormitórios, 1 suíte, 3 banheiros, 2 ",R$ 1.900.000,R$ 2.542,R$ 800,20/11 às 21:28
"Lourdes_Belo Horizonte, Lourdes_QNone_BNone",1356167155.0,"Conjunto/Sala para Locação em Lourdes - 289m² por R$22.308,53",R$ 22.308,R$ 0,R$ 0,20/11 às 14:45
"Lourdes_Belo Horizonte, Lourdes_Q1_B1",1356166888.0,Apartamento em Centro - Belo Horizonte,R$ 610.000,R$ 470,R$ 3.321,20/11 às 14:44
"Lourdes_Belo Horizonte, Lourdes_Q2_B2",1356095474.0,"Excelente apartamento, 1ª locação com aprox 63m2, 2 quartos, 1 suite, cozinha montda, 2 va",R$ 5.400,R$ 895,R$ 0,20/11 às 10:17
"Lourdes_Belo Horizonte, Lourdes_Q3_B4",1356065173.0,Apartamento com 3 quartos (3 suítes) no bairro Lourdes,R$ 2.450.000,R$ 0,R$ 0,20/11 às 06:43
"Lourdes_Belo Horizonte, Lourdes_Q2_B1",1356061713.0,Apartamento novo com 2 quartos à venda no Lourdes,R$ 954.000,R$ 1.000,R$ 362,20/11 às 06:24
"Lourdes_Belo Horizonte, Lourdes_QNone_BNone",1356049920.0,Loja para alugar com 130m² em excelente ponto comercial do Lourdes!!!!,R$ 6.900,R$ 255,R$ 394,20/11 às 04:59
"Lourdes_Belo Horizonte, Lourdes_Q3_B4",1356047952.0,Venda Cobertura Lourdes Belo Horizonte,R$ 2.499.500,R$ 1.200,R$ 778,20/11 às 04:07
"Lourdes_Belo Horizonte, Lourdes_Q4_B4",1356045598.0,APARTAMENTO 4 QUARTOS A VENDA NO BAIRRO LOURDES,R$ 2.550.000,R$ 1.132,R$ 650,20/11 às 03:27
"Lourdes_Belo Horizonte, Lourdes_Q4_B4",1356045577.0,APARTAMENTO 4 QUARTOS À VENDA NO BAIRRO DE LOURDES,R$ 2.550.000,R$ 1.132,R$ 0,20/11 às 03:27
"Lourdes_Belo Horizonte, Lourdes_Q1_B1",1356039664.0,Venda Apartamento 1 quarto Lourdes Belo Horizonte,R$ 770.250,R$ 0,R$ 0,20/11 às 01:29
"Lourdes_Belo Horizonte, Lourdes_Q1_B1",1356039203.0,Venda Apartamento 1 quarto Lourdes Belo Horizonte,R$ 901.080,R$ 0,R$ 0,20/11 às 01:25
"Lourdes_Belo Horizonte, Lourdes_Q1_B1",1356039212.0,Venda Apartamento 1 quarto Lourdes Belo Horizonte,R$ 920.017,R$ 0,R$ 0,20/11 às 01:25
"Lourdes_Belo Horizonte, Lourdes_Q1_B1",1356039011.0,Venda Apartamento 1 quarto Lourdes Belo Horizonte,R$ 1.034.670,R$ 0,R$ 0,20/11 às 01:24
"Lourdes_Belo Horizonte, Lourdes_Q1_B1",1356038949.0,Venda Apartamento 1 quarto Lourdes Belo Horizonte,R$ 1.280.600,R$ 0,R$ 0,20/11 às 01:24
"Lourdes_Belo Horizonte, Lourdes_Q1_B1",1356037642.0,Venda Apartamento 1 quarto Lourdes Belo Horizonte,R$ 876.400,R$ 0,R$ 0,20/11 às 00:59
"Lourdes_Belo Horizonte, Lourdes_Q1_B1",1356037610.0,Venda Apartamento 1 quarto Lourdes Belo Horizonte,R$ 1.522.224,R$ 0,R$ 0,20/11 às 00:58
"Lourdes_Belo Horizonte, Lourdes_Q1_B1",1356037606.0,Venda Apartamento 1 quarto Lourdes Belo Horizonte,R$ 1.247.645,R$ 0,R$ 0,20/11 às 00:58
"Lourdes_Belo Horizonte, Lourdes_Q1_B1",1356037295.0,Venda Apartamento 1 quarto Lourdes Belo Horizonte,R$ 950.350,R$ 0,R$ 0,20/11 às 00:56
"Lourdes_Belo Horizonte, Lourdes_Q1_B1",1356037185.0,Venda Apartamento 1 quarto Lourdes Belo Horizonte,R$ 1.347.000,R$ 0,R$ 0,20/11 às 00:55
"Lourdes_Belo Horizonte, Lourdes_Q1_B1",1356037142.0,Venda Apartamento 1 quarto Lourdes Belo Horizonte,R$ 944.385,R$ 0,R$ 0,20/11 às 00:54
"Lourdes_Belo Horizonte, Lourdes_Q1_B1",1356037148.0,Venda Apartamento 1 quarto Lourdes Belo Horizonte,R$ 913.140,R$ 0,R$ 0,20/11 às 00:54
"Lourdes_Belo Horizonte, Lourdes_Q1_B1",1356037120.0,Venda Apartamento 1 quarto Lourdes Belo Horizonte,R$ 1.015.000,R$ 0,R$ 0,20/11 às 00:54
"Lourdes_Belo Horizonte, Lourdes_Q1_B1",1356037109.0,Venda Apartamento 1 quarto Lourdes Belo Horizonte,R$ 981.000,R$ 0,R$ 0,20/11 às 00:54
"Lourdes_Belo Horizonte, Lourdes_Q1_B1",1356037034.0,Venda Apartamento 1 quarto Lourdes Belo Horizonte,R$ 1.008.140,R$ 0,R$ 0,20/11 às 00:54
"Lourdes_Belo Horizonte, Lourdes_Q1_B1",1356037032.0,Venda Apartamento 1 quarto Lourdes Belo Horizonte,R$ 1.136.070,R$ 0,R$ 0,20/11 às 00:54
"Lourdes_Belo Horizonte, Lourdes_Q1_B1",1356037030.0,Venda Apartamento 1 quarto Lourdes Belo Horizonte,R$ 884.641,R$ 0,R$ 0,20/11 às 00:54
"Lourdes_Belo Horizonte, Lourdes_Q1_B1",1356036993.0,Venda Apartamento 1 quarto Lourdes Belo Horizonte,R$ 750.500,R$ 0,R$ 0,20/11 às 00:53
"Lourdes_Belo Horizonte, Lourdes_Q1_B1",1356036658.0,Venda Apartamento 1 quarto Lourdes Belo Horizonte,R$ 727.380,R$ 0,R$ 0,20/11 às 00:45
"Lourdes_Belo Horizonte, Lourdes_QNone_BNone",1356036628.0,Venda Sala Lourdes Belo Horizonte,R$ 620.000,R$ 956,R$ 377,20/11 às 00:45
"Lourdes_Belo Horizonte, Lourdes_Q1_B1",1356036613.0,Venda Apartamento 1 quarto Lourdes Belo Horizonte,R$ 819.000,R$ 0,R$ 0,20/11 às 00:45
"Lourdes_Belo Horizonte, Lourdes_Q1_B1",1356036610.0,Venda Apartamento 1 quarto Lourdes Belo Horizonte,R$ 752.052,R$ 0,R$ 0,20/11 às 00:45
"Lourdes_Belo Horizonte, Lourdes_Q1_B1",1356036605.0,Venda Apartamento 1 quarto Lourdes Belo Horizonte,R$ 778.816,R$ 0,R$ 0,20/11 às 00:45
"Lourdes_Belo Horizonte, Lourdes_Q1_B1",1356036597.0,Venda Apartamento 1 quarto Lourdes Belo Horizonte,R$ 1.060.914,R$ 0,R$ 0,20/11 às 00:45
"Lourdes_Belo Horizonte, Lourdes_Q1_B1",1356036600.0,Venda Apartamento 1 quarto Lourdes Belo Horizonte,R$ 858.872,R$ 0,R$ 0,20/11 às 00:45
"Lourdes_Belo Horizonte, Lourdes_Q1_B1",1356036584.0,Venda Apartamento 1 quarto Lourdes Belo Horizonte,R$ 933.470,R$ 0,R$ 0,20/11 às 00:45
"Lourdes_Belo Horizonte, Lourdes_Q1_B1",1356036571.0,Venda Apartamento 1 quarto Lourdes Belo Horizonte,R$ 1.151.370,R$ 0,R$ 0,20/11 às 00:45
"Lourdes_Belo Horizonte, Lourdes_Q1_B2",1356036548.0,"Apartamento com 1 dormitório à venda, 38 m² por R$ 725.681,88 - Lourdes - Belo Horizonte/M",R$ 725.682,R$ 0,R$ 0,20/11 às 00:44
"Lourdes_Belo Horizonte, Lourdes_Q1_B1",1356036516.0,Venda Apartamento 1 quarto Lourdes Belo Horizonte,R$ 767.400,R$ 0,R$ 0,20/11 às 00:44
"Lourdes_Belo Horizonte, Lourdes_Q1_B1",1356036472.0,Venda Apartamento 1 quarto Lourdes Belo Horizonte,R$ 1.234.480,R$ 0,R$ 0,20/11 às 00:44
"Centro_Belo Horizonte, Centro_Q4_B4",1356015380.0,"Apartamento com 4 dormitórios à venda, 233 m² por R$ 1.000.000,00 - Centro - Belo Horizont",R$ 1.000.000,R$ 1.140,R$ 265,19/11 às 22:07
"Lourdes_Belo Horizonte, Lourdes_QNone_BNone",1355958643.0,Belo Horizonte - Conjunto Comercial/Sala - Lourdes,R$ 5.000,R$ 600,R$ 600,19/11 às 18:28
"Lourdes_Belo Horizonte, Lourdes_Q2_B2",1355907117.0,APTO DE PRIMEIRA LOCAÇÃO NO BAIRRO DE LOURDES,R$ 5.400,R$ 895,R$ 0,19/11 às 15:07
"Lourdes_Belo Horizonte, Lourdes_QNone_BNone",1355884602.0,loja a Venda Barro Preto,R$ 2.980.000,R$ 0,R$ 0,19/11 às 14:01
"Lourdes_Belo Horizonte, Lourdes_Q1_B1",1355865505.0,Apartamento em Avenida Álvares Cabral - Lourdes - Belo Horizonte/MG,R$ 459.030,R$ 2.000,R$ 2.000,19/11 às 13:17
"Lourdes_Belo Horizonte, Lourdes_Q1_B1",1355865489.0,Apartamento em Avenida Álvares Cabral - Lourdes - Belo Horizonte/MG,R$ 469.760,R$ 2.000,R$ 2.000,19/11 às 13:17
"Lourdes_Belo Horizonte, Lourdes_Q1_B1",1355864313.0,Apartamento em Avenida Álvares Cabral - Lourdes - Belo Horizonte/MG,R$ 469.760,R$ 2.000,R$ 2.000,19/11 às 13:13
"Lourdes_Belo Horizonte, Lourdes_Q1_B1",1355864281.0,Apartamento em Avenida Álvares Cabral - Lourdes - Belo Horizonte/MG,R$ 469.460,R$ 2.000,R$ 2.000,19/11 às 13:13
"Lourdes_Belo Horizonte, Lourdes_Q1_B1",1355863543.0,Apartamento em Avenida Álvares Cabral - Lourdes - Belo Horizonte/MG,R$ 469.070,R$ 2.000,R$ 2.000,19/11 às 13:12
"Lourdes_Belo Horizonte, Lourdes_Q1_B1",1355863194.0,Apartamento em Avenida Álvares Cabral - Lourdes - Belo Horizonte/MG,R$ 459.650,R$ 2.000,R$ 2.000,19/11 às 13:11
"Lourdes_Belo Horizonte, Lourdes_Q3_B3",1355841736.0,"Área privativa à venda, 3 quartos, 2 suítes, 2 vagas, Lourdes - Belo Horizonte/MG",R$ 2.500.000,R$ 0,R$ 0,19/11 às 12:00
"Lourdes_Belo Horizonte, Lourdes_QNone_BNone",1355807834.0,Andar para alugar no Lourdes,R$ 15.000,R$ 5.647,R$ 2.231,19/11 às 09:46
"Lourdes_Belo Horizonte, Lourdes_Q4_B3",1355801793.0,Venda Apartamento 4 quartos Lourdes Belo Horizonte,R$ 1.680.000,R$ 1.705,R$ 528,19/11 às 09:22
"Lourdes_Belo Horizonte, Lourdes_Q2_B2",1355774758.0,Empreendimento maravilhoso no Lourdes,R$ 1.208.000,R$ 2,R$ 2,19/11 às 06:32
"Lourdes_Belo Horizonte, Lourdes_Q3_B4",1355774744.0,Lourdes - Apartamento 3 quartos à venda na Anuar Donato,R$ 1.990.000,R$ 897,R$ 8.528,19/11 às 06:32
"Lourdes_Belo Horizonte, Lourdes_Q4_B3",1355771691.0,Lourdes - Apartamento 4 quartos à venda na Anuar Donato,R$ 1.750.000,R$ 1.900,R$ 485,19/11 às 06:00
"Lourdes_Belo Horizonte, Lourdes_Q3_B4",1355759867.0,AREA PRIVATIVA DE 3 QUARTOS A VENDA NO BAIRRO LOURDES,R$ 2.650.000,R$ 1.300,R$ 0,19/11 às 03:55
"Lourdes_Belo Horizonte, Lourdes_Q1_B1",1355758084.0,Apartamento com 1 Quarto e 1 banheiro no Lourdes,R$ 450.000,R$ 0,R$ 0,19/11 às 03:22
"Lourdes_Belo Horizonte, Lourdes_Q4_B4",1355754664.0,"Cobertura à venda, 4 quartos, 3 suítes, 4 vagas, Lourdes - Belo Horizonte/MG",R$ 2.390.000,R$ 986,R$ 900,19/11 às 02:14
"Lourdes_Belo Horizonte, Lourdes_Q1_B1",1355750977.0,Venda Apartamento 1 quarto Lourdes Belo Horizonte,R$ 450.000,R$ 0,R$ 0,19/11 às 01:16
"Lourdes_Belo Horizonte, Lourdes_Q2_B1",1355750839.0,Apartamento de 2 quartos e 1 vaga de garagem primeira locação no bairro Lourdes!,R$ 5.400,R$ 895,R$ 460,19/11 às 01:12
"Lourdes_Belo Horizonte, Lourdes_Q1_B1",1355750835.0,Venda Apartamento 1 quarto Lourdes Belo Horizonte,R$ 450.000,R$ 0,R$ 0,19/11 às 01:12
"Lourdes_Belo Horizonte, Lourdes_Q1_B1",1355750719.0,Venda Apartamento 1 quarto Lourdes Belo Horizonte,R$ 450.000,R$ 0,R$ 0,19/11 às 01:11
"Lourdes_Belo Horizonte, Lourdes_Q2_B1",1355746373.0,Apartamento de 2 quartos e 1 vaga de garagem primeira locação no bairro Lourdes!,R$ 5.400,R$ 895,R$ 460,19/11 às 00:30
"Lourdes_Belo Horizonte, Lourdes_Q2_B1",1355705150.0,Apartamento para aluguel com 3 quartos em Lourdes,R$ 3.800,R$ 695,R$ 244,18/11 às 20:56
"Lourdes_Belo Horizonte, Lourdes_Q4_B4",1355476996.0,"Apartamento de Luxo à Venda em Lourdes, BH - 182,02m², 4 Quartos, Próximo ao Colégio Loyol",R$ 1.547.000,R$ 2.116,R$ 750,18/11 às 06:58
"Lourdes_Belo Horizonte, Lourdes_Q3_B3",1355278775.0,"Apartamento à venda, 3 quartos, 1 suíte, 2 vagas, Lourdes - Belo Horizonte/MG",R$ 1.270.822,R$ 0,R$ 0,17/11 às 01:15
"Lourdes_Belo Horizonte, Lourdes_Q2_B1",1355264921.0,"Apartamento com 2 Quartos e 2 banheiros à Venda, 63 m² ao lado do Diamond",R$ 1.172.000,R$ 1,R$ 1,16/11 às 22:15
"Lourdes_Belo Horizonte, Lourdes_Q3_B2",1355264278.0,Apartamento com 3 quartos (1 suíte) no bairro Lourdes,R$ 1.450.000,R$ 1.400,R$ 1,16/11 às 22:10
"Lourdes_Belo Horizonte, Lourdes_Q2_B2",1355080226.0,"Apartamento para locação em Belo Horizonte-MG, bairro Lourdes: 2 quartos, 1 suíte, 1 sala,",R$ 5.400,R$ 895,R$ 502,16/11 às 03:16
"Lourdes_Belo Horizonte, Lourdes_Q2_B2",1355080143.0,"Apartamento para locação em Belo Horizonte-MG, bairro Lourdes: 2 quartos, 1 suíte, 1 sala,",R$ 5.400,R$ 895,R$ 497,16/11 às 03:10
"Lourdes_Belo Horizonte, Lourdes_Q2_B3",1354981033.0,Cond. Ed. Premiatto: Linda Cobertura com aproximadamente 123m² em localização privilegiada,R$ 1.710.000,R$ 600,R$ 3.300,15/11 às 15:11
"Lourdes_Belo Horizonte, Lourdes_Q2_B1",1354933103.0,"Apartamento à venda, 2 quartos, 2 vagas, Lourdes - Belo Horizonte/MG",R$ 1.144.569,R$ 0,R$ 0,15/11 às 13:00
"Lourdes_Belo Horizonte, Lourdes_Q2_B1",1354929517.0,"Area privativa à venda, 2 quartos, 3 vagas, Lourdes - Belo Horizonte/MG",R$ 1.895.663,R$ 0,R$ 0,15/11 às 12:48
"Lourdes_Belo Horizonte, Lourdes_Q4_B4",1354922180.0,"Apartamento à venda, 4 quartos, 2 suítes, 3 vagas, Lourdes - Belo Horizonte/MG",R$ 2.998.948,R$ 1.100,R$ 613,15/11 às 12:16
"Lourdes_Belo Horizonte, Lourdes_Q2_B2",1354920996.0,Aluguel: Excelente apartamento com 63m2 de 1º locaçao com 2 quartos - 1 suite - 2 vagas - ,R$ 5.900,R$ 895,R$ 0,15/11 às 12:09
"Lourdes_Belo Horizonte, Lourdes_Q2_B2",1354916665.0,"Excelente apartamento, 1ª locação com aprox 63m2, 2 quartos, 1 suite, cozinha, 2 vagas, la",R$ 5.400,R$ 895,R$ 0,15/11 às 12:00
"Lourdes_Belo Horizonte, Lourdes_Q2_B2",1354916534.0,"Excelente apto 1ª locação, alto luxo, 63m2, 2 quartos - 1 suite - 2 vagas, lazer, portaria",R$ 5.900,R$ 895,R$ 0,15/11 às 11:59
"Lourdes_Belo Horizonte, Lourdes_Q2_B2",1354883948.0,Apartamento 2 quartos com suíte,R$ 5.400,R$ 895,R$ 460,15/11 às 09:57
"Lourdes_Belo Horizonte, Lourdes_Q2_B2",1354882148.0,Apartamento 2 quartos com suíte,R$ 5.400,R$ 895,R$ 460,15/11 às 09:41
"Lourdes_Belo Horizonte, Lourdes_Q5 ou mais_B3",1354865635.0,"Cobertura à venda, 5 quartos, 1 suíte, 3 vagas, Lourdes - Belo Horizonte/MG",R$ 2.300.000,R$ 2.500,R$ 97.272,15/11 às 08:04
"Lourdes_Belo Horizonte, Lourdes_Q3_B2",1354863111.0,"Apartamento à venda, 3 quartos, 1 suíte, 2 vagas, Lourdes - Belo Horizonte/MG",R$ 1.300.000,R$ 1.800,R$ 650,15/11 às 07:58
"Lourdes_Belo Horizonte, Lourdes_Q3_B2",1354847974.0,Apartamento com 3 quartos (1 suíte) no bairro Lourdes,R$ 1.300.000,R$ 1.300,R$ 522,15/11 às 07:24
"Lourdes_Belo Horizonte, Lourdes_Q2_B3",1354810609.0,"Venda: Apartamento de 2 Quartos, Mobiliado e com 1 Vaga de Garagem no Lourdes",R$ 1.050.000,R$ 750,R$ 300,15/11 às 04:42
"Lourdes_Belo Horizonte, Lourdes_QNone_BNone",1354810054.0,Aluga-Se: Andar de 80m² Com Banheiro no Lourdes,R$ 1.200,R$ 71,R$ 353,15/11 às 04:41
"Lourdes_Belo Horizonte, Lourdes_Q2_B2",1354809620.0,Apartamento novo de 2 quartos e 1 suíte no Lourdes,R$ 5.900,R$ 895,R$ 0,15/11 às 04:39
"Lourdes_Belo Horizonte, Lourdes_Q2_B2",1354808366.0,"Apartamento MOBILIADO em Lourdes com 77 m² , 2 quartos (1 suíte) e 1 vaga",R$ 6.000,R$ 800,R$ 275,15/11 às 04:37
"Lourdes_Belo Horizonte, Lourdes_Q3_B3",1354808249.0,Venda Apartamento 3 quartos Lourdes Belo Horizonte,R$ 1.300.000,R$ 1.000,R$ 400,15/11 às 04:37
"Lourdes_Belo Horizonte, Lourdes_Q2_B2",1354808205.0,"02 Quartos, suíte e 02 vagas no Lourdes",R$ 5.400,R$ 895,R$ 0,15/11 às 04:37
"Lourdes_Belo Horizonte, Lourdes_Q2_B2",1354808069.0,"02 Quartos, suíte, academia e 02 vagas próximo ao Diamond",R$ 5.400,R$ 895,R$ 0,15/11 às 04:37
"Lourdes_Belo Horizonte, Lourdes_Q4_B5 ou mais",1354804805.0,Venda ou locação Apartamento 4 quartos Lourdes Belo Horizonte,R$ 2.800.000,R$ 2.900,R$ 1.070,15/11 às 04:35
"Lourdes_Belo Horizonte, Lourdes_Q4_B2",1354799670.0,"Apartamento 4 Quartos à venda, 4 quartos, 1 suíte, 2 vagas, Lourdes - Belo Horizonte/MG",R$ 1.900.000,R$ 2.422,R$ 797,15/11 às 03:26
"Lourdes_Belo Horizonte, Lourdes_Q4_B2",1354798231.0,"Apartamento à venda, 4 quartos, 1 suíte, 2 vagas, Lourdes - Belo Horizonte/MG",R$ 1.800.000,R$ 0,R$ 796,15/11 às 02:49
"Lourdes_Belo Horizonte, Lourdes_Q2_B1",1354797021.0,Vendo excelente apartamento de 1 quarto em Lourdes,R$ 1.377.912,R$ 0,R$ 0,15/11 às 02:23
"Lourdes_Belo Horizonte, Lourdes_Q3_B3",1354731305.0,Apartamento  Novo 3 Quartos 115 m² para locação - Lourdes - Belo Horizonte/MG,R$ 8.500,R$ 800,R$ 700,14/11 às 18:57
"Lourdes_Belo Horizonte, Lourdes_Q3_B3",1354581931.0,Apartamento á venda no bairro Lourdes,R$ 1.300.000,R$ 1.042,R$ 4.981,14/11 às 10:56
"Lourdes_Belo Horizonte, Lourdes_Q4_B4",1354580978.0,Apartamento á venda no bairro Lourdes,R$ 1.850.000,R$ 980,R$ 9.126,14/11 às 10:56
"Cidade Jardim_Belo Horizonte, Cidade Jardim_Q4_B3",1354570487.0,Apartamento 4 Quartos 990 mil Gutierrez,R$ 990.000,R$ 440,R$ 200,14/11 às 10:45
"Lourdes_Belo Horizonte, Lourdes_Q4_B3",1354554688.0,Apartamento 4 quartos com Suítes,R$ 3.000.000,R$ 2.955,R$ 925,14/11 às 10:20
"Lourdes_Belo Horizonte, Lourdes_Q2_B2",1354553133.0,Apartamento com área privativa no Lourdes,R$ 1.390.000,R$ 450,R$ 5.400,14/11 às 10:18
"Lourdes_Belo Horizonte, Lourdes_QNone_BNone",1354552786.0,Sala para venda Lourdes,R$ 225.000,R$ 550,R$ 0,14/11 às 10:18
"Lourdes_Belo Horizonte, Lourdes_QNone_BNone",1354552801.0,Venda Sala com garagem no Lourdes,R$ 280.000,R$ 525,R$ 153,14/11 às 10:18
"Lourdes_Belo Horizonte, Lourdes_Q4_B4",1354552818.0,"Apartamento com 4 quartos e 2 suítes, lazer completo, bairro Lourdes",R$ 2.550.000,R$ 1.132,R$ 0,14/11 às 10:18
"Lourdes_Belo Horizonte, Lourdes_QNone_BNone",1354552856.0,Sala comercial com 35m² Lourdes,R$ 290.000,R$ 577,R$ 154,14/11 às 10:18
"Lourdes_Belo Horizonte, Lourdes_QNone_BNone",1354552735.0,Venda Sala Santo Agostinho com Garagem,R$ 275.000,R$ 550,R$ 139,14/11 às 10:18
"Lourdes_Belo Horizonte, Lourdes_Q2_B2",1354530680.0,Alugue 2 quartos na melhor localização do Lourdes,R$ 5.900,R$ 895,R$ 0,14/11 às 08:50
"Lourdes_Belo Horizonte, Lourdes_Q2_B2",1354530267.0,Apartamento com 2 quartos (2 suítes) no bairro Lourdes,R$ 970.000,R$ 1.180,R$ 4.773,14/11 às 08:48
"Lourdes_Belo Horizonte, Lourdes_Q2_B3",1354520242.0,Venda Residential / Apartment Belo Horizonte MG,R$ 770.000,R$ 1.000,R$ 350,14/11 às 07:14
"Lourdes_Belo Horizonte, Lourdes_Q5 ou mais_B5 ou mais",1354515126.0,Lourdes - Apartamento 5 quartos à venda na Anuar Donato,R$ 3.550.000,R$ 3.315,R$ 17.411,14/11 às 06:37
"Lourdes_Belo Horizonte, Lourdes_QNone_BNone",1354513222.0,"Centro/Lourdes! Sala com banheiro privativo, prédio com porteiro 24 hs",R$ 800,R$ 290,R$ 140,14/11 às 06:26
"Lourdes_Belo Horizonte, Lourdes_Q1_B2",1354506917.0,"Apartamento 1 quarto à venda, 1 quarto, 1 suíte, 1 vaga, Lourdes - Belo Horizonte/MG",R$ 450.000,R$ 310,R$ 270,14/11 às 04:50
"Lourdes_Belo Horizonte, Lourdes_Q4_B5 ou mais",1354506916.0,"Apartamento com 4 suítes a venda no Lourdes, Belo Horizonte- MG",R$ 4.500.000,R$ 3.534,R$ 21.157,14/11 às 04:50
"Lourdes_Belo Horizonte, Lourdes_Q3_B3",1354503169.0,"Magnifico apartamento 03 quartos, alto luxo, na melhor localização do santo Agostinho",R$ 1.680.000,R$ 1.980,R$ 660,14/11 às 03:59
"Lourdes_Belo Horizonte, Lourdes_Q2_B2",1354493465.0,"Apartamento com 2 dormitórios para alugar, 63 m² por R$ 6.795,01/mês - Lourdes - Belo Hori",R$ 5.900,R$ 895,R$ 0,14/11 às 03:35
"Lourdes_Belo Horizonte, Lourdes_Q2_B2",1354492856.0,"Apartamento com 2 dormitórios para alugar, 63 m² por R$ 6.295,01/mês - Lourdes - Belo Hori",R$ 5.400,R$ 895,R$ 0,14/11 às 03:32
"Lourdes_Belo Horizonte, Lourdes_Q2_B2",1354492613.0,Premiatto - Premiatto,R$ 5.390,R$ 895,R$ 0,14/11 às 03:32
"Lourdes_Belo Horizonte, Lourdes_Q3_B3",1354489970.0,"Cobertura Duplex à venda, 3 quartos, 2 suítes, 2 vagas, Lourdes - Belo Horizonte/MG",R$ 1.600.000,R$ 0,R$ 0,14/11 às 03:24
"Lourdes_Belo Horizonte, Lourdes_Q1_B2",1354489883.0,"Apartamento à venda,1 suíte, 2 vagas, Lourdes - Belo Horizonte/MG",R$ 1.476.419,R$ 0,R$ 0,14/11 às 03:24
"Lourdes_Belo Horizonte, Lourdes_Q3_B4",1354370698.0,Lourdes  Lançamento Apartamento 3 suites,R$ 2.250.000,R$ 1,R$ 1,13/11 às 16:23
"Lourdes_Belo Horizonte, Lourdes_Q1_B1",1354248945.0,"Lindo apartamento de 1 quarto 40 m2, 1 vaga de garagem, próximo ao Shopping Diamond, - San",R$ 3.100,R$ 980,R$ 395,13/11 às 09:52
"Lourdes_Belo Horizonte, Lourdes_Q4_B4",1354240472.0,Apartamento 4 quartos para venda no Lourdes,R$ 5.200.000,R$ 2.768,R$ 0,13/11 às 09:21
"Lourdes_Belo Horizonte, Lourdes_Q3_B2",1354220276.0,"VENDA APARTAMENTO - 03 QUARTOS 110,00 M2 - BAIRRO: LOURDES",R$ 1.300.000,R$ 1.800,R$ 650,13/11 às 08:57
"Lourdes_Belo Horizonte, Lourdes_Q2_B2",1354218923.0,Apartamento para aluguel 2 quartos 1 suíte 2 vagas - Lourdes,R$ 5.400,R$ 895,R$ 460,13/11 às 08:56
"Lourdes_Belo Horizonte, Lourdes_Q2_B2",1354214871.0,Apartamento para aluguel 2 quartos 1 suíte 2 vagas - Lourdes,R$ 5.400,R$ 895,R$ 460,13/11 às 08:55
"Lourdes_Belo Horizonte, Lourdes_Q4_B5 ou mais",1354192984.0,Lourdes - Apto Área Privativa 4 quartos à venda na Anuar Donato,R$ 3.690.000,R$ 3.030,R$ 24.967,13/11 às 06:26
"Lourdes_Belo Horizonte, Lourdes_Q2_B2",1354190902.0,COBERTURA DUPLEX DE 2 QUARTOS PARA LOCAÇÃO NO BAIRRO LOURDES,R$ 6.900,R$ 550,R$ 0,13/11 às 06:12
"Centro_Belo Horizonte, Centro_Q1_B1",1354173703.0,APARTAMENTO DE 1 QUARTO À VENDA NO CENTRO DE BH,R$ 550.000,R$ 570,R$ 238,13/11 às 03:09
"Lourdes_Belo Horizonte, Lourdes_Q3_B3",1354173271.0,APARTAMENTO DE 3 QUARTOS A VENDA NO BAIRRO LOURDES,R$ 1.970.000,R$ 1.300,R$ 0,13/11 às 03:09
"Lourdes_Belo Horizonte, Lourdes_Q2_B3",1354172371.0,"Apartamento com 2 Quartos e 2 banheiros à Venda, 80 m² no Lourdes",R$ 690.000,R$ 630,R$ 270,13/11 às 03:09
"Lourdes_Belo Horizonte, Lourdes_QNone_BNone",1354169976.0,"Loja à venda, Santo Agostinho - Belo Horizonte/MG",R$ 639.500,R$ 0,R$ 0,13/11 às 03:08
"Lourdes_Belo Horizonte, Lourdes_QNone_BNone",1354169261.0,"Loja à venda, Santo Agostinho - Belo Horizonte/MG",R$ 524.000,R$ 0,R$ 0,13/11 às 03:08
"Lourdes_Belo Horizonte, Lourdes_Q3_B2",1354143368.0,Imóvel para venda com 88 metros quadrados com 3 quartos em Lourdes - Belo Horizonte - MG,R$ 480.000,R$ 349,R$ 958,12/11 às 23:10
"Lourdes_Belo Horizonte, Lourdes_QNone_BNone",1354111907.0,Aluguel - ANDAR - SANTO AGOSTINHO Belo Horizonte MG,R$ 32.428,R$ 3.969,R$ 0,12/11 às 20:38
"Lourdes_Belo Horizonte, Lourdes_Q4_B4",1354109932.0,Apartamento 4 quartos alto luxo Lourdes BH,R$ 3.700.000,R$ 2.724,R$ 15.334,12/11 às 20:35
"Lourdes_Belo Horizonte, Lourdes_QNone_BNone",1354109880.0,Aluguel - ANDAR - SANTO AGOSTINHO Belo Horizonte MG,R$ 13.285,R$ 3.511,R$ 0,12/11 às 20:35
"Lourdes_Belo Horizonte, Lourdes_QNone_BNone",1354108604.0,Aluguel - ANDAR - SANTO AGOSTINHO Belo Horizonte MG,R$ 21.700,R$ 3.669,R$ 0,12/11 às 20:30
"Lourdes_Belo Horizonte, Lourdes_QNone_BNone",1354108536.0,Aluguel - ANDAR - SANTO AGOSTINHO Belo Horizonte MG,R$ 21.684,R$ 3.826,R$ 0,12/11 às 20:30
"Lourdes_Belo Horizonte, Lourdes_Q2_B2",1354098834.0,Apartamento 2 quartos para locação novo no Lourdes,R$ 5.400,R$ 895,R$ 1,12/11 às 20:05
"Lourdes_Belo Horizonte, Lourdes_Q2_B2",1354088174.0,Apartamento 2 quartos para locação novo no Lourdes,R$ 5.400,R$ 895,R$ 1,12/11 às 19:34
"Lourdes_Belo Horizonte, Lourdes_Q2_B2",1354070189.0,"Apartamento de 2 quartos, disponível para locação no Bairro Lourdes.",R$ 5.400,R$ 900,R$ 464,12/11 às 18:27
"Lourdes_Belo Horizonte, Lourdes_QNone_BNone",1354069882.0,"Andar Corporativo à venda em Belo Horizonte, Lourdes, com 175 m²",R$ 1.200.000,R$ 3.014,R$ 1.187,12/11 às 18:24
"Lourdes_Belo Horizonte, Lourdes_QNone_BNone",1354020012.0,Sala 25m² em frente Igreja de Lourdes,R$ 700,R$ 414,R$ 132,12/11 às 15:05
"Lourdes_Belo Horizonte, Lourdes_Q2_B3",1354006360.0,Ed. Ilha Bela; Apartamento em ótima conservação com 80m² e varanda integrada a venda no Ba,R$ 690.000,R$ 630,R$ 2.959,12/11 às 14:19
"Lourdes_Belo Horizonte, Lourdes_Q2_B2",1354004299.0,Imóvel para aluguel possui 63 metros quadrados com 2 quartos em Lourdes - Belo Horizonte -,R$ 5.400,R$ 895,R$ 0,12/11 às 14:15
"Lourdes_Belo Horizonte, Lourdes_Q2_B2",1353990449.0,2 QUARTOS PARA ALUGAR NO LOURDES,R$ 5.500,R$ 690,R$ 0,12/11 às 13:27
"Lourdes_Belo Horizonte, Lourdes_Q2_B2",1353968033.0,"Área privativa 2 quartos, 2 vagas na rua da Bahia a 1 quarteirão da Pç da Liberdade, BH",R$ 960.000,R$ 1.024,R$ 3.220,12/11 às 12:06
"Lourdes_Belo Horizonte, Lourdes_Q2_B2",1353895279.0,Cobertura 2 quartos para Locação no Lourdes / Santo Agostinho,R$ 7.000,R$ 500,R$ 0,12/11 às 07:40
"Lourdes_Belo Horizonte, Lourdes_Q3_B3",1353891871.0,Cobertura de 3 quartos no bairro Lourdes,R$ 2.200.000,R$ 2.050,R$ 8.465,12/11 às 07:31
"Lourdes_Belo Horizonte, Lourdes_Q2_B1",1353889519.0,Lourdes - Apartamento 2 quartos à venda na Anuar Donato,R$ 1.254.184,R$ 940,R$ 415,12/11 às 07:29
"Lourdes_Belo Horizonte, Lourdes_Q3_B2",1353886848.0,Apartamento de 3 quartos Lourdes / Minas Tênis,R$ 1.400.000,R$ 900,R$ 500,12/11 às 07:14
"Centro_Belo Horizonte, Centro_Q1_B1",1353872663.0,Apartamento 1 quarto mobiliado,R$ 3.590,R$ 570,R$ 239,12/11 às 05:12
"Lourdes_Belo Horizonte, Lourdes_Q2_B2",1353867418.0,APARTAMENTO DE 2 QUARTOS A VENDA NO BAIRRO LOURDES,R$ 1.100.000,R$ 1.058,R$ 393,12/11 às 03:23
"Lourdes_Belo Horizonte, Lourdes_Q2_B2",1353862696.0,"Apartamento com área privativa à venda, 2 quartos, 1 suíte, 2 vagas, Santo Agostinho - Bel",R$ 1.200.000,R$ 0,R$ 233,12/11 às 02:19
"Lourdes_Belo Horizonte, Lourdes_Q2_B2",1353860819.0,"Apartamento 2 Quartos à venda, 2 quartos, 1 suíte, 2 vagas, Lourdes - Belo Horizonte/MG",R$ 1.300.000,R$ 270,R$ 435,12/11 às 01:56
"Lourdes_Belo Horizonte, Lourdes_Q1_B1",1353859879.0,"Apartamento para aluguel, 1 quarto, 1 vaga, Lourdes - Belo Horizonte/MG",R$ 3.100,R$ 980,R$ 395,12/11 às 01:43
"Lourdes_Belo Horizonte, Lourdes_Q2_B3",1353858936.0,"Apartamento à venda, 2 quartos, 2 suítes, 2 vagas, Lourdes - Belo Horizonte/MG",R$ 890.000,R$ 1.184,R$ 463,12/11 às 01:32
"Lourdes_Belo Horizonte, Lourdes_QNone_BNone",1353755790.0,"Sala à venda, 35 m² por R$ 160.000,00 - Lourdes - Belo Horizonte/MG",R$ 160.000,R$ 180,R$ 151,11/11 às 17:03
"Lourdes_Belo Horizonte, Lourdes_QNone_BNone",1353722494.0,"Sala, Lourdes, Belo Horizonte, R$32.755,40, para aluguel na TWA Investimentos.",R$ 32.755,R$ 981,R$ 997,11/11 às 15:28
"Lourdes_Belo Horizonte, Lourdes_Q0_B3",1353722377.0,"Andar Corporativo, David Malamud, Lourdes, Belo Horizonte, R$53.501,40, para aluguel na TW",R$ 53.501,R$ 2.000,R$ 1.200,11/11 às 15:28
"Lourdes_Belo Horizonte, Lourdes_QNone_BNone",1353722289.0,"Loja, Lourdes, Belo Horizonte, R$30.000,00, para aluguel na TWA Investimentos.",R$ 30.000,R$ 0,R$ 13.803,11/11 às 15:27
"Lourdes_Belo Horizonte, Lourdes_QNone_BNone",1353722213.0,"Sala comercial, David Malamud, Lourdes, Belo Horizonte, R$19.219,80, para aluguel na TWA I",R$ 19.220,R$ 2.000,R$ 1.200,11/11 às 15:27
"Lourdes_Belo Horizonte, Lourdes_QNone_BNone",1353722203.0,"Sala, Lourdes, Belo Horizonte, R$19.900,00, para aluguel na TWA Investimentos.",R$ 19.900,R$ 2.100,R$ 500,11/11 às 15:27
"Lourdes_Belo Horizonte, Lourdes_Q0_B1",1353722149.0,"Andar Corporativo, David Malamud, Lourdes, Belo Horizonte, R$21.221,60, para aluguel na TW",R$ 21.222,R$ 2.000,R$ 1.200,11/11 às 15:27
"Lourdes_Belo Horizonte, Lourdes_Q0_B1",1353722084.0,"Andar Corporativo, David Malamud, Lourdes, Belo Horizonte, R$50.120,80, para aluguel na TW",R$ 50.121,R$ 2.500,R$ 3.000,11/11 às 15:27
"Lourdes_Belo Horizonte, Lourdes_Q4_B4",1353722076.0,"Apartamento para locação, com 4 quartos, 2 suítes, 3 vagas e 290m² - Lourdes - Belo Horizo",R$ 17.500,R$ 2.400,R$ 910,11/11 às 15:27
"Lourdes_Belo Horizonte, Lourdes_QNone_BNone",1353722051.0,"Sala, Lourdes, Belo Horizonte, R$19.809,00, para aluguel na TWA Investimentos.",R$ 19.809,R$ 0,R$ 0,11/11 às 15:27
"Lourdes_Belo Horizonte, Lourdes_QNone_BNone",1353721938.0,"Sala comercial, David Malamud, Lourdes, Belo Horizonte, R$21.518,00, para aluguel na TWA I",R$ 21.518,R$ 2.000,R$ 1.200,11/11 às 15:27
"Lourdes_Belo Horizonte, Lourdes_Q2_B2",1348369161.0,Apartamento 2 quartos para aluguel no Lourdes,R$ 5.400,R$ 895,R$ 0,11/11 às 15:18
"Lourdes_Belo Horizonte, Lourdes_Q4_B2",1346665484.0,Apartamento 4 quartos para aluguel no Lourdes,R$ 14.000,R$ 3.000,R$ 1.100,11/11 às 15:12
"Lourdes_Belo Horizonte, Lourdes_Q4_B3",1353398233.0,Ótimo apartamento de 04 quartos próximo ao Shoppig Diamond !!,R$ 1.400.000,R$ 1.460,R$ 0,10/11 às 04:34
"Lourdes_Belo Horizonte, Lourdes_QNone_BNone",1353369425.0,Aluguel Commercial / Office Belo Horizonte MG,R$ 2.500,R$ 1.250,R$ 430,09/11 às 21:30
"Lourdes_Belo Horizonte, Lourdes_QNone_BNone",1353289231.0,Andar para locação de 183m² no Funcionários,R$ 8.235,R$ 3.100,R$ 14.600,09/11 às 16:39
"Lourdes_Belo Horizonte, Lourdes_Q4_B3",1353252861.0,"Apartamento à venda, 4 quartos, 1 suíte, 2 vagas, Lourdes - Belo Horizonte/MG",R$ 1.600.000,R$ 2.100,R$ 860,09/11 às 13:51
"Lourdes_Belo Horizonte, Lourdes_Q4_B4",1353188085.0,"VENDA APARTAMENTO - 04 QUARTOS 160,00 M2 - BAIRRO: LOURDES",R$ 2.200.000,R$ 2.900,R$ 8.500,09/11 às 08:35
"Lourdes_Belo Horizonte, Lourdes_Q1_B1",1353143067.0,Primeiro Housi em BH - Imovel para investidor,R$ 550.000,R$ 0,R$ 0,09/11 às 03:41
"Lourdes_Belo Horizonte, Lourdes_Q4_B4",1353137928.0,"Apartamento 4 Quartos à venda, 4 quartos, 2 suítes, 4 vagas, Lourdes - Belo Horizonte/MG",R$ 3.700.000,R$ 4.500,R$ 0,09/11 às 02:29
"Lourdes_Belo Horizonte, Lourdes_Q2_B2",1353137590.0,"Apartamento para aluguel, 2 quartos, 1 suíte, 2 vagas, Lourdes - Belo Horizonte/MG",R$ 5.400,R$ 895,R$ 0,09/11 às 02:26
"Lourdes_Belo Horizonte, Lourdes_QNone_BNone",1353135857.0,Loja para locação no bairro de Lourdes.,R$ 3.800,R$ 0,R$ 2.001,09/11 às 02:03
"Centro_Belo Horizonte, Centro_QNone_BNone",1353028872.0,Escritório para venda com 77 metros quadrados em Centro - Belo Horizonte - MG,R$ 110.000,R$ 650,R$ 164,08/11 às 17:59
"Lourdes_Belo Horizonte, Lourdes_Q3_B3",1353026351.0,Apto mobiliado 3 quartos com 1 vaga de garagem ótima localização,R$ 3.500,R$ 350,R$ 240,08/11 às 17:50
"Lourdes_Belo Horizonte, Lourdes_Q4_B3",1352953218.0,Imóvel para venda possui 172 metros quadrados com 4 quartos em Lourdes - Belo Horizonte - ,R$ 1.940.000,R$ 3.071,R$ 535,08/11 às 12:55
"Lourdes_Belo Horizonte, Lourdes_QNone_BNone",1352881363.0,Andar para alugar no Lourdes,R$ 16.000,R$ 5.647,R$ 2.337,08/11 às 08:17
"Lourdes_Belo Horizonte, Lourdes_Q2_B2",1352875945.0,Apartamento de 2 quartos no bairro Lourdes,R$ 1.556.576,R$ 1,R$ 0,08/11 às 07:39
"Lourdes_Belo Horizonte, Lourdes_Q2_B2",1352875894.0,Área Priv. de 2 quartos no bairro Lourdes,R$ 1.941.197,R$ 1,R$ 0,08/11 às 07:39
"Lourdes_Belo Horizonte, Lourdes_Q4_B5 ou mais",1352875884.0,"Apartamento com 4 quartos à venda, 373 m² por R$ 3.500.000 - Lourdes - Belo Horizonte/MG",R$ 3.500.000,R$ 4.000,R$ 1.230,08/11 às 07:39
"Lourdes_Belo Horizonte, Lourdes_Q3_B3",1352875886.0,Apartamento de 3 quartos no bairro Lourdes,R$ 2.453.041,R$ 1,R$ 0,08/11 às 07:39
"Lourdes_Belo Horizonte, Lourdes_Q3_B3",1352864604.0,Apartamento com 3 quartos (1 suíte) no bairro Lourdes,R$ 2.230.000,R$ 850,R$ 190,08/11 às 05:58
"Lourdes_Belo Horizonte, Lourdes_Q2_B2",1352859895.0,Lourdes - Apartamento 2 quartos à venda na Anuar Donato,R$ 1.252.471,R$ 0,R$ 0,08/11 às 05:04
"Lourdes_Belo Horizonte, Lourdes_Q4_B2",1352843470.0,"Apartamento 4 Quartos à venda, 4 quartos, 1 suíte, 1 vaga, Lourdes - Belo Horizonte/MG",R$ 1.070.000,R$ 870,R$ 374,08/11 às 03:48
"Lourdes_Belo Horizonte, Lourdes_Q1_B1",1352830003.0,Venda Apartamento 1 quarto Lourdes Belo Horizonte,R$ 450.000,R$ 0,R$ 0,08/11 às 01:09
"Lourdes_Belo Horizonte, Lourdes_QNone_BNone",1352820000.0,Loja / Salão / Ponto Comercial à venda em Belo Horizonte,R$ 1.200.000,R$ 1.400,R$ 1.200,08/11 às 00:28
"Lourdes_Belo Horizonte, Lourdes_Q4_B3",1352812606.0,"Apartamento com 4 Quartos e 3 banheiros para Alugar, 228 m² por R$ 28.000/Mês",R$ 28.000,R$ 2.500,R$ 1.578,07/11 às 23:28
"Lourdes_Belo Horizonte, Lourdes_QNone_BNone",1352748661.0,Imóvel para aluguel no Lourdes - Belo Horizonte - MG,R$ 3.600,R$ 0,R$ 2.200,07/11 às 18:49
"Lourdes_Belo Horizonte, Lourdes_Q2_B2",1352671762.0,"Apartamento à venda, 2 quartos, 1 suíte, 1 vaga, Lourdes - Belo Horizonte/MG",R$ 1.050.000,R$ 800,R$ 337,07/11 às 15:30
"Lourdes_Belo Horizonte, Lourdes_Q4_B2",1352671344.0,"Apartamento à venda, 4 quartos, 1 suíte, 1 vaga, Lourdes - Belo Horizonte/MG",R$ 950.000,R$ 450,R$ 374,07/11 às 15:30
"Centro_Belo Horizonte, Centro_Q2_B1",1352666170.0,Edificio Marrocos: Apartamento para à venda de 2 quartos no Centro.,R$ 350.000,R$ 642,R$ 145,07/11 às 15:23
"Lourdes_Belo Horizonte, Lourdes_Q2_B1",1352664872.0,Venda Residential / Apartment Belo Horizonte MG,R$ 1.350.000,R$ 1.000,R$ 500,07/11 às 15:21
"Lourdes_Belo Horizonte, Lourdes_Q2_B2",1352641595.0,Apartamento à venda no Lourdes,R$ 1.600.000,R$ 1.200,R$ 4.628,07/11 às 14:32
"Lourdes_Belo Horizonte, Lourdes_Q1_B1",1352634274.0,"Apartamento à venda, 1 quarto, 1 suíte, Lourdes - Belo Horizonte/MG",R$ 392.800,R$ 0,R$ 0,07/11 às 13:55
"Lourdes_Belo Horizonte, Lourdes_Q3_B3",1352614965.0,Apartamento 03 quartos - Lourdes (BH) - Venda,R$ 2.090.000,R$ 0,R$ 0,07/11 às 12:25
"Lourdes_Belo Horizonte, Lourdes_Q1_B2",1352604908.0,"Cobertura à venda, 1 quarto, 1 suíte, 2 vagas, Lourdes - Belo Horizonte/MG",R$ 998.000,R$ 0,R$ 0,07/11 às 11:49
"Lourdes_Belo Horizonte, Lourdes_Q1_B1",1352599031.0,"Apartamento à venda, 1 quarto, 1 suíte, 1 vaga, Lourdes - Belo Horizonte/MG",R$ 450.000,R$ 0,R$ 0,07/11 às 11:28
"Lourdes_Belo Horizonte, Lourdes_Q1_B1",1352599018.0,"Apartamento à venda, 1 quarto, 1 vaga, Lourdes - Belo Horizonte/MG",R$ 470.000,R$ 0,R$ 0,07/11 às 11:28
"Lourdes_Belo Horizonte, Lourdes_Q2_B2",1352597089.0,"Cobertura à venda, 2 quartos, 1 suíte, 3 vagas, Lourdes - Belo Horizonte/MG",R$ 1.690.000,R$ 0,R$ 0,07/11 às 11:22
"Lourdes_Belo Horizonte, Lourdes_Q1_B1",1352596910.0,"Apartamento à venda, 1 quarto, Lourdes - Belo Horizonte/MG",R$ 360.000,R$ 484,R$ 0,07/11 às 11:21
"Lourdes_Belo Horizonte, Lourdes_Q4_B4",1352596729.0,"Cobertura à venda, 4 quartos, 2 suítes, 4 vagas, Lourdes - Belo Horizonte/MG",R$ 3.950.000,R$ 2.100,R$ 0,07/11 às 11:20
"Lourdes_Belo Horizonte, Lourdes_Q2_B2",1352596720.0,"Cobertura à venda, 2 quartos, 2 suítes, 2 vagas, Lourdes - Belo Horizonte/MG",R$ 1.100.000,R$ 477,R$ 400,07/11 às 11:20
"Lourdes_Belo Horizonte, Lourdes_Q5 ou mais_B5 ou mais",1352535770.0,"Apartamento à venda, 5 quartos, 2 suítes, 4 vagas, Lourdes - Belo Horizonte/MG",R$ 5.500.000,R$ 5.418,R$ 2.342,07/11 às 07:41
"Lourdes_Belo Horizonte, Lourdes_Q1_B1",1352533738.0,"Apartamento para aluguel, 1 quarto, 1 vaga, Lourdes - Belo Horizonte/MG",R$ 1.600,R$ 900,R$ 137,07/11 às 07:26
"Lourdes_Belo Horizonte, Lourdes_Q4_B4",1352530596.0,Lourdes - Apartamento 4 quartos à venda na Anuar Donato,R$ 1.800.000,R$ 2.700,R$ 8.390,07/11 às 07:09
"Lourdes_Belo Horizonte, Lourdes_Q4_B4",1352530552.0,Lourdes - Apartamento 4 quartos para aluguel na Anuar Donato,R$ 15.500,R$ 2.922,R$ 12.159,07/11 às 07:08
"Lourdes_Belo Horizonte, Lourdes_QNone_BNone",1352523817.0,Venda Sala Lourdes Belo Horizonte,R$ 170.000,R$ 410,R$ 139,07/11 às 06:23
"Lourdes_Belo Horizonte, Lourdes_Q1_B1",1352496326.0,Venda Apartamento 1 quarto Lourdes Belo Horizonte,R$ 450.000,R$ 0,R$ 0,07/11 às 03:23
"Lourdes_Belo Horizonte, Lourdes_Q1_B1",1352495653.0,Venda Apartamento 1 quarto Lourdes Belo Horizonte,R$ 450.000,R$ 0,R$ 0,07/11 às 03:18
"Lourdes_Belo Horizonte, Lourdes_Q1_B1",1352494633.0,Venda Apartamento 1 quarto Lourdes Belo Horizonte,R$ 450.000,R$ 0,R$ 0,07/11 às 03:09
"Lourdes_Belo Horizonte, Lourdes_Q5 ou mais_B2",1352467852.0,Cobertura com 5 quartos à venda em Lourdes - MG,R$ 4.950.000,R$ 0,R$ 0,06/11 às 23:26
"Lourdes_Belo Horizonte, Lourdes_QNone_BNone",1352393177.0,Imóvel para aluguel com 28 metros quadrados em Lourdes - Belo Horizonte - MG,R$ 1.000,R$ 352,R$ 150,06/11 às 19:34
"Lourdes_Belo Horizonte, Lourdes_Q2_B3",1352257688.0,"Apartamento à venda, 2 quartos, 2 suítes, Lourdes - Belo Horizonte/MG",R$ 1.425.419,R$ 0,R$ 0,06/11 às 10:32
"Lourdes_Belo Horizonte, Lourdes_Q2_B2",1352257643.0,"Apartamento à venda, 2 quartos, 2 suítes, Lourdes - Belo Horizonte/MG",R$ 1.504.908,R$ 0,R$ 0,06/11 às 10:32
"Lourdes_Belo Horizonte, Lourdes_Q3_B3",1352241788.0,"Cobertura, 03 quartos, 3 vagas, Bairro de Lourdes",R$ 5.500.000,R$ 0,R$ 0,06/11 às 09:56
"Lourdes_Belo Horizonte, Lourdes_Q2_B3",1352235989.0,Apartamento com 2 quartos (2 suítes) no bairro Lourdes,R$ 1.450.000,R$ 0,R$ 0,06/11 às 09:47
"Lourdes_Belo Horizonte, Lourdes_Q2_B3",1352235977.0,Apartamento com 2 quartos (2 suítes) no bairro Lourdes,R$ 1.400.000,R$ 0,R$ 0,06/11 às 09:47
"Lourdes_Belo Horizonte, Lourdes_Q3_B3",1352222346.0,Lourdes - Apartamento 3 quartos à venda na Anuar Donato,R$ 1.790.000,R$ 0,R$ 0,06/11 às 08:41
"Lourdes_Belo Horizonte, Lourdes_Q2_B3",1352196250.0,"Apartamento à venda, 67 m² por R$ 1.377.550,83 - Lourdes - Belo Horizonte/MG",R$ 1.377.551,R$ 0,R$ 0,06/11 às 05:56
"Lourdes_Belo Horizonte, Lourdes_Q4_B4",1352158809.0,"Apartamento à venda, 4 quartos, 4 suítes, 4 vagas, Lourdes - Belo Horizonte/MG",R$ 4.200.000,R$ 2.600,R$ 1.760,06/11 às 04:03
"Cidade Jardim_Belo Horizonte, Cidade Jardim_Q5 ou mais_B5 ou mais",1352142423.0,Excelente casa para alugar no Cidade Jardim,R$ 16.000,R$ 0,R$ 3.129,06/11 às 01:23
"Lourdes_Belo Horizonte, Lourdes_Q4_B5 ou mais",1352089418.0,APT 300M2 PÇ. MARÍLIA DE DIRCEU,R$ 2.730.000,R$ 3.500,R$ 940,05/11 às 21:31
"Lourdes_Belo Horizonte, Lourdes_Q2_B3",1352029938.0,2 quartos Lourdes,R$ 4.300,R$ 930,R$ 302,05/11 às 18:19
"Lourdes_Belo Horizonte, Lourdes_Q2_B2",1352007567.0,Mykonos: Apartamento para à venda de 2 quartos no Lourdes.,R$ 1.196.860,R$ 0,R$ 0,05/11 às 16:30
"Lourdes_Belo Horizonte, Lourdes_Q2_B2",1351938529.0,"Lindo apartamento, ao lado shopping Diamond - Bairro Lourdes",R$ 1.118.226,R$ 0,R$ 0,05/11 às 12:49
"Lourdes_Belo Horizonte, Lourdes_Q4_B4",1351865673.0,Apartamento com 04 quartos sendo 01 por andar no melhor ponto do Bairro de Lourdes,R$ 15.000,R$ 3.000,R$ 12.160,05/11 às 08:08
"Lourdes_Belo Horizonte, Lourdes_Q3_B2",1351863727.0,Casa com 3 quartos no bairro Lourdes,R$ 1.400.000,R$ 0,R$ 6.408,05/11 às 07:43
"Lourdes_Belo Horizonte, Lourdes_Q3_B3",1351861444.0,Apartamento com 3 quartos à venda em Lourdes,R$ 1.300.000,R$ 1.042,R$ 4.630,05/11 às 07:26
"Lourdes_Belo Horizonte, Lourdes_Q4_B4",1351859305.0,"Apartamento 4 quartos, 2 vagas - Lourdes",R$ 1.890.000,R$ 1.200,R$ 4.980,05/11 às 07:14
"Lourdes_Belo Horizonte, Lourdes_Q3_B3",1351854902.0,"Apartamento com 3 quartos para alugar, 115 m² por R$ 10.055/mês - Lourdes - Belo Horizonte",R$ 8.500,R$ 845,R$ 8.527,05/11 às 06:28
"Lourdes_Belo Horizonte, Lourdes_QNone_BNone",1351844961.0,Loja com 700 m² para alugar no Bairro de Lourdes,R$ 40.000,R$ 0,R$ 4.780,05/11 às 04:29
"Lourdes_Belo Horizonte, Lourdes_Q2_B3",1351739165.0,Aluguel - APARTAMENTO - Lourdes BELO HORIZONTE MG,R$ 5.500,R$ 765,R$ 0,04/11 às 20:06
"Lourdes_Belo Horizonte, Lourdes_Q3_B2",1351716162.0,Apartamento 03 quartos Mobiliados Lourdes,R$ 6.000,R$ 1.077,R$ 503,04/11 às 19:00
"Lourdes_Belo Horizonte, Lourdes_Q2_B2",1351688626.0,Apartamento mobiliado no Lourdes,R$ 13.500,R$ 1.320,R$ 740,04/11 às 17:49
"Lourdes_Belo Horizonte, Lourdes_Q3_B4",1351614284.0,"Apartamento 03 quartos à venda no Lourdes, próximo ao Minas Tênis clube",R$ 3.500.000,R$ 3.100,R$ 13.200,04/11 às 13:53
"Centro_Belo Horizonte, Centro_QNone_BNone",1351285649.0,"Sala, 50 m² - venda por R$ 160.000,00 ou aluguel por R$ 1.722,46/mês - Centro - Belo Horiz",R$ 1.100,R$ 450,R$ 172,03/11 às 01:10
"Centro_Belo Horizonte, Centro_Q1_B1",1351207615.0,Apartamento 01 quarto para alugar no Centro,R$ 1.898,R$ 361,R$ 0,02/11 às 15:30
"Lourdes_Belo Horizonte, Lourdes_Q3_B3",1351194306.0,"Cobertura à venda, 3 quartos, 1 suíte, 4 vagas, Lourdes - Belo Horizonte/MG",R$ 3.100.000,R$ 1.454,R$ 1.068,02/11 às 14:40
"Santo Agostinho_Belo Horizonte, Santo Agostinho_Q1_B1",1351102413.0,Santo Agostinho - Flat/Hotel/Apart 1 quarto para aluguel na Anuar Donato,R$ 2.000,R$ 1.785,R$ 235,02/11 às 05:37
"Lourdes_Belo Horizonte, Lourdes_Q1_B1",1351102360.0,Lourdes - Apartamento 1 quarto à venda na Anuar Donato,R$ 1.050.000,R$ 1.868,R$ 4.680,02/11 às 05:37
"Lourdes_Belo Horizonte, Lourdes_Q3_B3",1351101740.0,Lourdes - Apartamento 3 quartos à venda na Anuar Donato,R$ 1.800.000,R$ 1.217,R$ 6.191,02/11 às 05:22
"Lourdes_Belo Horizonte, Lourdes_Q3_B5 ou mais",1351101656.0,Lourdes - Apartamento 3 quartos à venda na Anuar Donato,R$ 2.100.000,R$ 2.797,R$ 8.811,02/11 às 05:21
"Lourdes_Belo Horizonte, Lourdes_Q2_B2",1351097835.0,"Apartamento para aluguel, 2 quartos, 1 suíte, 2 vagas, Lourdes - Belo Horizonte/MG",R$ 5.400,R$ 895,R$ 460,02/11 às 05:01
"Lourdes_Belo Horizonte, Lourdes_QNone_BNone",1351094879.0,Conjunto de 4 Salas para locação no Lourdes,R$ 3.300,R$ 0,R$ 0,02/11 às 04:17
"Lourdes_Belo Horizonte, Lourdes_Q4_B2",1351071737.0,: Apartamento para à venda de 4 quartos no Lourdes.,R$ 950.000,R$ 450,R$ 374,02/11 às 01:21
"Lourdes_Belo Horizonte, Lourdes_Q4_B3",1351071735.0,: Apartamento para à venda de 4 quartos no Lourdes.,R$ 1.600.000,R$ 2.100,R$ 86.036,02/11 às 01:21
"Centro_Belo Horizonte, Centro_Q2_B1",1351071521.0,Condomínio Edificio Marrocos: Apartamento para à venda de 2 quartos no Centro.,R$ 450.000,R$ 738,R$ 187,02/11 às 01:18
"Lourdes_Belo Horizonte, Lourdes_Q2_B2",1351071520.0,Ed. Antonio Agnaldo Lopes: apartamento com 2 quartos e 2 vagas no Lourdes,R$ 950.000,R$ 400,R$ 430,02/11 às 01:18
"Lourdes_Belo Horizonte, Lourdes_Q5 ou mais_B3",1351071316.0,Edificio Rougemont: Cobertura para à venda de 5 quartos no Lourdes.,R$ 2.300.000,R$ 2.500,R$ 97.272,02/11 às 01:17
"Lourdes_Belo Horizonte, Lourdes_Q3_B3",1351017568.0,"Apartamento com 3 dormitórios à venda, 108 m² por R$ 2.467.000,00 - Lourdes - Belo Horizon",R$ 2.467.000,R$ 1.500,R$ 600,01/11 às 20:30
"Lourdes_Belo Horizonte, Lourdes_Q2_B4",1350961315.0,Apartamento com área Privativa a venda- Estilo Garden,R$ 2.918.969,R$ 850,R$ 612,01/11 às 17:48
"Lourdes_Belo Horizonte, Lourdes_Q4_B3",1350901545.0,Apartamento em Rua Santa Catarina - Lourdes - Belo Horizonte/MG,R$ 2.739.540,R$ 1.780,R$ 8.673,01/11 às 14:37
"Lourdes_Belo Horizonte, Lourdes_Q2_B3",1350895255.0,Cobertura de 2 quartos à venda no Lourdes,R$ 1.720.000,R$ 700,R$ 250,01/11 às 14:16
"Lourdes_Belo Horizonte, Lourdes_Q3_B3",1350879939.0,Apartamento à venda no bairro Barroca,R$ 2.250.000,R$ 0,R$ 0,01/11 às 13:03
"Lourdes_Belo Horizonte, Lourdes_Q2_B2",1350879374.0,Imóvel para aluguel e venda possui 65 m2 com 2 quartos e suite,R$ 4.500,R$ 700,R$ 300,01/11 às 13:00
"Lourdes_Belo Horizonte, Lourdes_Q4_B4",1350864520.0,"Apartamento à venda, 4 quartos, 2 suítes, 1 vaga, Lourdes - Belo Horizonte/MG",R$ 1.275.000,R$ 0,R$ 0,01/11 às 11:51
"Lourdes_Belo Horizonte, Lourdes_QNone_BNone",1350794953.0,"Sala para aluguel, Lourdes - Belo Horizonte/MG",R$ 800,R$ 411,R$ 140,01/11 às 07:22
"Lourdes_Belo Horizonte, Lourdes_QNone_BNone",1350794787.0,"Sala para aluguel, Lourdes - Belo Horizonte/MG",R$ 2.500,R$ 600,R$ 140,01/11 às 07:20
"Lourdes_Belo Horizonte, Lourdes_QNone_BNone",1350794778.0,"Sala para aluguel, Lourdes - Belo Horizonte/MG",R$ 1.900,R$ 411,R$ 140,01/11 às 07:20
"Lourdes_Belo Horizonte, Lourdes_Q5 ou mais_B4",1350790149.0,Casa 02 pavimentos de aproximadamente 600m² de área total. Localizado no bairro Lourdes ex,R$ 25.000,R$ 0,R$ 0,01/11 às 06:40
"Lourdes_Belo Horizonte, Lourdes_Q2_B3",1350787367.0,Aluguel Apartamento Duplex mobiliado 2 suítes,R$ 13.500,R$ 1.250,R$ 732,01/11 às 06:14
"Lourdes_Belo Horizonte, Lourdes_Q4_B4",1350784929.0,"Apartamento à venda, 4 quartos, 2 suítes, 1 vaga, Lourdes - Belo Horizonte/MG",R$ 1.275.000,R$ 0,R$ 0,01/11 às 05:40
"Lourdes_Belo Horizonte, Lourdes_Q4_B4",1350751438.0,Venda - APARTAMENTO - LOURDES Belo Horizonte MG,R$ 2.200.000,R$ 3.500,R$ 1.500,01/11 às 00:37
"Lourdes_Belo Horizonte, Lourdes_Q1_B1",1350730895.0,Aluguel Residential / Apartment Belo Horizonte MG,R$ 3.200,R$ 1.460,R$ 340,31/10 às 22:24
"Lourdes_Belo Horizonte, Lourdes_QNone_BNone",1350727905.0,"Sala para alugar em Belo Horizonte, Lourdes, com 183 m²",R$ 8.235,R$ 3.105,R$ 14.609,31/10 às 22:16
"Lourdes_Belo Horizonte, Lourdes_QNone_BNone",1350727762.0,"Sala para alugar em Belo Horizonte, Lourdes, com 220 m²",R$ 7.000,R$ 1.705,R$ 508,31/10 às 22:16
"Lourdes_Belo Horizonte, Lourdes_QNone_BNone",1350626911.0,Loja a venda no bairro Lourdes,R$ 390.000,R$ 330,R$ 162,31/10 às 16:36
"Lourdes_Belo Horizonte, Lourdes_Q4_B4",1350602852.0,Santo Agostinho venda 04 quartos 134m²,R$ 2.500.000,R$ 2.000,R$ 1.333,31/10 às 15:17
"Lourdes_Belo Horizonte, Lourdes_Q4_B3",1350526621.0,"Apartamento à venda, 4 quartos, 1 suíte, 2 vagas, Lourdes - Belo Horizonte/MG",R$ 1.600.000,R$ 1.400,R$ 550,31/10 às 11:12
"Lourdes_Belo Horizonte, Lourdes_Q4_B4",1350465825.0,"Apartamento à venda, 4 quartos, 2 suítes, 1 vaga, Lourdes - Belo Horizonte/MG",R$ 1.100.000,R$ 1.200,R$ 150,31/10 às 06:09
"Lourdes_Belo Horizonte, Lourdes_Q3_B2",1350465512.0,"Apartamento de luxo 03 quartos a venda, 89 m2, lazer, 02 vagas, perto do shopping Diamond ",R$ 1.385.000,R$ 0,R$ 0,31/10 às 06:04
"Centro_Belo Horizonte, Centro_Q2_B2",1350464426.0,"Apartamento 2 quartos, 1 suítes, 2 vagas no Centro",R$ 790.000,R$ 874,R$ 4.930,31/10 às 05:46
"Lourdes_Belo Horizonte, Lourdes_Q1_B1",1350463372.0,Flat mobiliado em Lourdes,R$ 2.000,R$ 1.600,R$ 215,31/10 às 05:27
"Lourdes_Belo Horizonte, Lourdes_Q4_B3",1350460769.0,"Apartamento à venda, 4 quartos, 1 suíte, 2 vagas, Lourdes - Belo Horizonte/MG",R$ 2.200.000,R$ 2.500,R$ 8.596,31/10 às 04:40
"Lourdes_Belo Horizonte, Lourdes_Q4_B4",1350448984.0,APARTAMENTO DE 4 QUARTOS A VENDA NO BAIRRO LOURDES,R$ 1.850.000,R$ 900,R$ 761,31/10 às 02:46
"Lourdes_Belo Horizonte, Lourdes_Q0_BNone",1350441780.0,"Prédio à venda, Lourdes - Belo Horizonte/MG",R$ 6.200.000,R$ 7.120,R$ 0,31/10 às 01:57
"Lourdes_Belo Horizonte, Lourdes_Q0_B2",1350441702.0,"Prédio para aluguel, Lourdes - Belo Horizonte/MG",R$ 3.400,R$ 890,R$ 0,31/10 às 01:56
"Lourdes_Belo Horizonte, Lourdes_QNone_BNone",1350435285.0,Venda - CASA COMERCIAL - LOURDES Belo Horizonte MG,R$ 5.000.000,R$ 0,R$ 2.500,31/10 às 00:50
"Lourdes_Belo Horizonte, Lourdes_QNone_BNone",1350435281.0,Aluguel - CASA COMERCIAL - LOURDES Belo Horizonte MG,R$ 15.000,R$ 0,R$ 2.500,31/10 às 00:50
"Lourdes_Belo Horizonte, Lourdes_Q3_B3",1350422539.0,Apartamento à venda no bairro Lourdes,R$ 2.600.000,R$ 0,R$ 0,30/10 às 23:03
"Lourdes_Belo Horizonte, Lourdes_Q4_B3",1350422432.0,Apartamento à venda 4 quartos 1 suíte 3 vagas - Lourdes,R$ 1.900.000,R$ 1.600,R$ 4.695,30/10 às 23:02
"Lourdes_Belo Horizonte, Lourdes_QNone_BNone",1350410866.0,"Andar, sala e vaga de garagem para alugar",R$ 8.926,R$ 500,R$ 0,30/10 às 22:19
"Lourdes_Belo Horizonte, Lourdes_Q3_B3",1350264668.0,"Luxo, Exclusividade e Requinte na melhor Localização",R$ 1.774.000,R$ 0,R$ 0,30/10 às 12:35
"Centro_Belo Horizonte, Centro_Q2_B1",1350263080.0,"Apartamento à venda, 2 quartos, 1 vaga, Centro - Belo Horizonte/MG",R$ 620.000,R$ 600,R$ 0,30/10 às 12:29
"Lourdes_Belo Horizonte, Lourdes_Q3_B4",1350260831.0,"Apartamento à venda, 3 quartos, 1 suíte, 2 vagas, Lourdes - Belo Horizonte/MG",R$ 1.578.996,R$ 1.250,R$ 5.500,30/10 às 12:24
"Lourdes_Belo Horizonte, Lourdes_Q4_B5 ou mais",1350260787.0,"Apartamento à venda, 4 quartos, 2 suítes, 4 vagas, Lourdes - Belo Horizonte/MG",R$ 2.750.000,R$ 2.860,R$ 1.393,30/10 às 12:24
"Lourdes_Belo Horizonte, Lourdes_Q4_B5 ou mais",1350260727.0,"Apartamento à venda, 4 quartos, 4 suítes, 4 vagas, Lourdes - Belo Horizonte/MG",R$ 5.900.000,R$ 3.000,R$ 28.273,30/10 às 12:24
"Lourdes_Belo Horizonte, Lourdes_Q4_B5 ou mais",1350260732.0,"Apartamento à venda, 4 quartos, 4 suítes, 4 vagas, Lourdes - Belo Horizonte/MG",R$ 4.950.000,R$ 4.700,R$ 2.500,30/10 às 12:24
"Lourdes_Belo Horizonte, Lourdes_Q2_B2",1350260741.0,"Apartamento à venda, 2 quartos, 1 suíte, 2 vagas, Lourdes - Belo Horizonte/MG",R$ 1.024.000,R$ 0,R$ 0,30/10 às 12:24
"Lourdes_Belo Horizonte, Lourdes_Q3_B3",1350260667.0,"Apartamento à venda, 3 quartos, 1 suíte, 2 vagas, Lourdes - Belo Horizonte/MG",R$ 1.270.822,R$ 780,R$ 0,30/10 às 12:24
"Lourdes_Belo Horizonte, Lourdes_Q3_B2",1350260668.0,"Apartamento à venda, 3 quartos, 1 suíte, 2 vagas, Lourdes - Belo Horizonte/MG",R$ 950.000,R$ 800,R$ 5.164,30/10 às 12:24
"Lourdes_Belo Horizonte, Lourdes_Q4_B5 ou mais",1350260616.0,"Área privativa à venda, 4 quartos, 4 suítes, 4 vagas, Lourdes - Belo Horizonte/MG",R$ 3.690.000,R$ 3.000,R$ 0,30/10 às 12:23
"Lourdes_Belo Horizonte, Lourdes_Q4_B4",1350260619.0,"Apartamento à venda, 4 quartos, 1 suíte, 2 vagas, Lourdes - Belo Horizonte/MG",R$ 2.580.000,R$ 1.790,R$ 6.944,30/10 às 12:23
"Lourdes_Belo Horizonte, Lourdes_Q3_B3",1350260557.0,"Cobertura à venda, 3 quartos, 1 suíte, 3 vagas, Lourdes - Belo Horizonte/MG",R$ 2.950.000,R$ 1.700,R$ 12.000,30/10 às 12:23
"Lourdes_Belo Horizonte, Lourdes_Q4_B5 ou mais",1350260561.0,"Apartamento à venda, 4 quartos, 2 suítes, 5 vagas, Lourdes - Belo Horizonte/MG",R$ 4.500.000,R$ 2.500,R$ 17.302,30/10 às 12:23
"Lourdes_Belo Horizonte, Lourdes_Q4_B4",1350260513.0,"Apartamento à venda, 4 quartos, 2 suítes, 4 vagas, Lourdes - Belo Horizonte/MG",R$ 3.470.926,R$ 1.100,R$ 613,30/10 às 12:23
"Lourdes_Belo Horizonte, Lourdes_Q4_B5 ou mais",1350260518.0,"Apartamento à venda, 4 quartos, 3 suítes, 4 vagas, Lourdes - Belo Horizonte/MG",R$ 3.300.000,R$ 3.800,R$ 17.752,30/10 às 12:23
"Lourdes_Belo Horizonte, Lourdes_Q4_B5 ou mais",1350260537.0,"Apartamento à venda, 4 quartos, 2 suítes, 4 vagas, Lourdes - Belo Horizonte/MG",R$ 4.500.000,R$ 3.000,R$ 18.000,30/10 às 12:23
"Lourdes_Belo Horizonte, Lourdes_Q3_B4",1350260489.0,"Apartamento à venda, 3 quartos, 3 suítes, 4 vagas, Lourdes - Belo Horizonte/MG",R$ 3.900.000,R$ 4.000,R$ 23.148,30/10 às 12:23
"Lourdes_Belo Horizonte, Lourdes_Q4_B4",1350260477.0,"Apartamento à venda, 4 quartos, 2 suítes, 4 vagas, Lourdes - Belo Horizonte/MG",R$ 3.700.000,R$ 3.054,R$ 17.489,30/10 às 12:23
"Lourdes_Belo Horizonte, Lourdes_Q2_B2",1350260468.0,"Apartamento à venda, 2 quartos, 2 suítes, 2 vagas, Lourdes - Belo Horizonte/MG",R$ 1.290.000,R$ 750,R$ 467,30/10 às 12:23
"Lourdes_Belo Horizonte, Lourdes_Q4_B5 ou mais",1350260441.0,"Apartamento à venda, 4 quartos, 3 suítes, 4 vagas, Lourdes - Belo Horizonte/MG",R$ 4.150.000,R$ 4.740,R$ 17.876,30/10 às 12:23
"Lourdes_Belo Horizonte, Lourdes_Q3_B5 ou mais",1350260392.0,"Apartamento à venda, 3 quartos, 3 suítes, 4 vagas, Lourdes - Belo Horizonte/MG",R$ 6.500.000,R$ 4.700,R$ 26.760,30/10 às 12:23
"Lourdes_Belo Horizonte, Lourdes_Q4_B4",1350260394.0,"Apartamento à venda, 4 quartos, 2 suítes, 4 vagas, Lourdes - Belo Horizonte/MG",R$ 3.180.000,R$ 3.700,R$ 12.000,30/10 às 12:23
"Lourdes_Belo Horizonte, Lourdes_Q4_B1",1350260405.0,"Apartamento à venda, 4 quartos, 2 suítes, 6 vagas, Lourdes - Belo Horizonte/MG",R$ 4.800.000,R$ 3.240,R$ 20.640,30/10 às 12:23
"Lourdes_Belo Horizonte, Lourdes_Q4_B4",1350260389.0,"Apartamento à venda, 4 quartos, 2 suítes, 3 vagas, Lourdes - Belo Horizonte/MG",R$ 2.190.000,R$ 1.100,R$ 613,30/10 às 12:23
"Lourdes_Belo Horizonte, Lourdes_Q3_B4",1350260333.0,"Apartamento à venda, 3 quartos, 1 suíte, 3 vagas, Lourdes - Belo Horizonte/MG",R$ 1.750.000,R$ 1.600,R$ 8.186,30/10 às 12:23
"Lourdes_Belo Horizonte, Lourdes_Q3_B5 ou mais",1350260356.0,"Apartamento à venda, 3 quartos, 3 suítes, 4 vagas, Lourdes - Belo Horizonte/MG",R$ 3.500.000,R$ 3.990,R$ 15.432,30/10 às 12:23
"Lourdes_Belo Horizonte, Lourdes_Q3_B4",1350260317.0,"Área privativa à venda, 3 quartos, 3 suítes, 2 vagas, Lourdes - Belo Horizonte/MG",R$ 3.000.000,R$ 0,R$ 0,30/10 às 12:23
"Lourdes_Belo Horizonte, Lourdes_Q4_B4",1350260284.0,"Apartamento à venda, 4 quartos, 2 suítes, 3 vagas, Lourdes - Belo Horizonte/MG",R$ 3.300.000,R$ 2.500,R$ 17.358,30/10 às 12:23
"Lourdes_Belo Horizonte, Lourdes_Q4_B5 ou mais",1350260301.0,"Apartamento à venda, 4 quartos, 3 suítes, 4 vagas, Lourdes - Belo Horizonte/MG",R$ 6.600.000,R$ 3.000,R$ 28.273,30/10 às 12:23
"Lourdes_Belo Horizonte, Lourdes_Q4_B5 ou mais",1350260258.0,"Cobertura à venda, 4 quartos, 4 suítes, 6 vagas, Lourdes - Belo Horizonte/MG",R$ 9.900.000,R$ 0,R$ 0,30/10 às 12:23
"Lourdes_Belo Horizonte, Lourdes_Q4_B5 ou mais",1350260225.0,"Apartamento à venda, 4 quartos, 4 suítes, 4 vagas, Lourdes - Belo Horizonte/MG",R$ 4.200.000,R$ 3.200,R$ 21.116,30/10 às 12:23
"Lourdes_Belo Horizonte, Lourdes_Q4_B5 ou mais",1350260211.0,"Apartamento à venda, 4 quartos, 2 suítes, 4 vagas, Lourdes - Belo Horizonte/MG",R$ 3.200.000,R$ 2.010,R$ 12.500,30/10 às 12:23
"Lourdes_Belo Horizonte, Lourdes_Q3_B3",1350260213.0,"Área privativa à venda, 3 quartos, 1 suíte, 2 vagas, Lourdes - Belo Horizonte/MG",R$ 2.350.000,R$ 3.000,R$ 857,30/10 às 12:23
"Lourdes_Belo Horizonte, Lourdes_Q3_B2",1350260219.0,"Apartamento à venda, 3 quartos, 1 suíte, Lourdes - Belo Horizonte/MG",R$ 2.200.000,R$ 0,R$ 0,30/10 às 12:23
"Lourdes_Belo Horizonte, Lourdes_Q4_B4",1350260182.0,"Apartamento à venda, 4 quartos, 2 suítes, 2 vagas, Lourdes - Belo Horizonte/MG",R$ 2.200.000,R$ 1.700,R$ 710,30/10 às 12:23
"Lourdes_Belo Horizonte, Lourdes_Q3_B2",1350260183.0,"Apartamento à venda, 3 quartos, 1 suítes, 2 vagas, Lourdes - Belo Horizonte/MG",R$ 1.970.000,R$ 0,R$ 0,30/10 às 12:23
"Lourdes_Belo Horizonte, Lourdes_Q2_B2",1350260178.0,"Apartamento à venda, 2 quartos, 2 suítes, 2 vagas, Lourdes - Belo Horizonte/MG",R$ 1.785.000,R$ 1.900,R$ 9.586,30/10 às 12:23
"Lourdes_Belo Horizonte, Lourdes_Q4_B5 ou mais",1350260087.0,"Apartamento à venda, 4 quartos, 4 suítes, 5 vagas, Lourdes - Belo Horizonte/MG",R$ 12.300.000,R$ 4.000,R$ 33.000,30/10 às 12:23
"Lourdes_Belo Horizonte, Lourdes_Q3_B3",1350260059.0,"Apartamento à venda, 3 quartos, 3 suítes, 2 vagas, Lourdes - Belo Horizonte/MG",R$ 2.600.000,R$ 0,R$ 0,30/10 às 12:23
"Lourdes_Belo Horizonte, Lourdes_Q4_B3",1350260062.0,"Apartamento à venda, 4 quartos, 1 suíte, 2 vagas, Lourdes - Belo Horizonte/MG",R$ 2.650.000,R$ 2.250,R$ 6.835,30/10 às 12:23
"Lourdes_Belo Horizonte, Lourdes_Q2_B2",1350260013.0,"Cobertura à venda, 2 quartos, 1 suíte, 2 vagas, Lourdes - Belo Horizonte/MG",R$ 1.615.000,R$ 0,R$ 0,30/10 às 12:23
"Lourdes_Belo Horizonte, Lourdes_Q3_B4",1350260003.0,"Apartamento à venda, 3 quartos, 3 suítes, 3 vagas, Lourdes - Belo Horizonte/MG",R$ 3.500.000,R$ 2.350.000,R$ 950,30/10 às 12:23
"Lourdes_Belo Horizonte, Lourdes_Q4_B4",1350259989.0,"Apartamento à venda, 4 quartos, 2 suítes, 3 vagas, Lourdes - Belo Horizonte/MG",R$ 2.900.000,R$ 2.986,R$ 12.307,30/10 às 12:23
"Lourdes_Belo Horizonte, Lourdes_Q4_B5 ou mais",1350259992.0,"Apartamento à venda, 4 quartos, 4 suítes, 4 vagas, Lourdes - Belo Horizonte/MG",R$ 4.500.000,R$ 3.500,R$ 0,30/10 às 12:23
"Lourdes_Belo Horizonte, Lourdes_Q3_B3",1350259976.0,"Cobertura à venda, 3 quartos, 1 suíte, 2 vagas, Lourdes - Belo Horizonte/MG",R$ 3.000.000,R$ 1.600,R$ 682,30/10 às 12:23
"Lourdes_Belo Horizonte, Lourdes_Q4_B5 ou mais",1350259960.0,"Apartamento à venda, 4 quartos, 2 suítes, 4 vagas, Lourdes - Belo Horizonte/MG",R$ 2.200.000,R$ 1.800,R$ 875,30/10 às 12:23
"Lourdes_Belo Horizonte, Lourdes_Q4_B3",1350259943.0,"Apartamento à venda, 4 quartos, 1 suíte, 2 vagas, Lourdes - Belo Horizonte/MG",R$ 1.750.000,R$ 1.200,R$ 800,30/10 às 12:23
"Lourdes_Belo Horizonte, Lourdes_Q3_B2",1350259927.0,"Apartamento à venda, 3 quartos, 1 suíte, 2 vagas, Lourdes - Belo Horizonte/MG",R$ 1.590.000,R$ 1.540,R$ 480,30/10 às 12:23
"Lourdes_Belo Horizonte, Lourdes_Q4_B5 ou mais",1350259913.0,"Área privativa à venda, 4 quartos, 2 suítes, 4 vagas, Lourdes - Belo Horizonte/MG",R$ 4.750.000,R$ 2.476,R$ 19.193,30/10 às 12:23
"Lourdes_Belo Horizonte, Lourdes_QNone_BNone",1350258955.0,"Sala para aluguel, 1 vaga, Lourdes - Belo Horizonte/MG",R$ 1.900,R$ 712,R$ 2.172,30/10 às 12:22
"Lourdes_Belo Horizonte, Lourdes_Q2_B2",1350258675.0,"Apartamento para aluguel, 2 quartos, 1 suíte, 1 vaga, Lourdes - Belo Horizonte/MG",R$ 6.000,R$ 983,R$ 3.710,30/10 às 12:21
"Lourdes_Belo Horizonte, Lourdes_Q4_B3",1350239758.0,"Apartamento á venda, 4 quartos, 1 suíte, 2 vagas, Lourdes - Belo Horizonte/MG",R$ 1.600.000,R$ 2.100,R$ 9.464,30/10 às 11:51
"Centro_Belo Horizonte, Centro_Q2_B2",1350226766.0,Apartamento com 2 quartos (1 suíte) no Centro,R$ 798.000,R$ 1.100,R$ 4.179,30/10 às 11:40
"Lourdes_Belo Horizonte, Lourdes_Q3_B3",1257934549.0,Apartamento 3 quartos 2 vagas Lourdes,R$ 1.270.822,R$ 780,R$ 380,30/10 às 11:37
"Lourdes_Belo Horizonte, Lourdes_Q3_B2",1230756862.0,Apartamento 3 quartos à venda no Lourdes,R$ 1.302.000,R$ 0,R$ 0,30/10 às 11:36
"Centro_Belo Horizonte, Centro_Q2_B2",1350214575.0,"Apartamento 2 Quartos à venda, 2 quartos, 1 suíte, 2 vagas, Lourdes - Belo Horizonte/MG",R$ 798.000,R$ 1.087,R$ 378,30/10 às 11:28
"Lourdes_Belo Horizonte, Lourdes_Q2_B3",1350213465.0,Cobertura Top House 2 quartos  Lourdes,R$ 1.670.000,R$ 300,R$ 0,30/10 às 11:26
"Lourdes_Belo Horizonte, Lourdes_Q2_B3",1350213460.0,Apartamento Área Privativa 2 quartos  Lourdes,R$ 1.350.000,R$ 300,R$ 0,30/10 às 11:26
"Lourdes_Belo Horizonte, Lourdes_Q2_B3",1350213353.0,Apartamento Área Privativa 2 quartos  Lourdes,R$ 1.380.000,R$ 300,R$ 0,30/10 às 11:26
"Santo Antônio_Belo Horizonte, Santo Antônio_QNone_BNone",1350187218.0,Aluguel Commercial / Loja Belo Horizonte MG,R$ 14.000,R$ 0,R$ 1.333,30/10 às 10:42
"Lourdes_Belo Horizonte, Lourdes_Q4_B2",1350168402.0,APARTAMENTO - 4 QTS - 2 VGS - LOURDES,R$ 6.600,R$ 1.700,R$ 600,30/10 às 10:23
"Lourdes_Belo Horizonte, Lourdes_Q3_B2",1350110704.0,Apartamento à venda no bairro Lourdes - Belo Horizonte/MG,R$ 1.399.960,R$ 750,R$ 466,29/10 às 22:32
"Lourdes_Belo Horizonte, Lourdes_Q4_B2",1350110686.0,APARTAMENTO 4 QUARTOS PARA ALUGAR - LOURDES,R$ 1.750.000,R$ 1.700,R$ 600,29/10 às 22:32
"Lourdes_Belo Horizonte, Lourdes_Q1_B1",1350024636.0,"Apartamento com 1 dorm, Lourdes, Belo Horizonte, Cod: 235",R$ 3.450,R$ 1.250,R$ 350,29/10 às 15:15
"Centro_Belo Horizonte, Centro_Q3_B2",1349997780.0,Apartamento de 160 m2 a venda no Centro,R$ 530.000,R$ 900,R$ 228,29/10 às 13:43
"Lourdes_Belo Horizonte, Lourdes_QNone_BNone",1349944155.0,"Andar Corrido para aluguel, Lourdes - Belo Horizonte/MG",R$ 4.100,R$ 0,R$ 9.103,29/10 às 10:36
"Lourdes_Belo Horizonte, Lourdes_QNone_BNone",1349944098.0,"Andar Corrido para aluguel, Lourdes - Belo Horizonte/MG",R$ 3.300,R$ 0,R$ 5.306,29/10 às 10:36
"Lourdes_Belo Horizonte, Lourdes_Q3_B3",1349894230.0,"Cobertura à venda, 3 quartos, 1 suíte, 3 vagas, Lourdes - Belo Horizonte/MG",R$ 1.995.000,R$ 1.480,R$ 7.420,29/10 às 06:05
"Lourdes_Belo Horizonte, Lourdes_Q3_B3",1349894091.0,"Cobertura à venda, 3 quartos, 1 suíte, 4 vagas, Lourdes - Belo Horizonte/MG",R$ 1.890.000,R$ 1.470,R$ 695,29/10 às 06:04
"Lourdes_Belo Horizonte, Lourdes_Q3_B3",1349885326.0,"Apartamento de 110m² à venda em Lourdes com 3 quartos (1 suíte com closet), 2 vagas e laze",R$ 1.350.000,R$ 1.123,R$ 475,29/10 às 04:08
"Lourdes_Belo Horizonte, Lourdes_QNone_BNone",1349880967.0,SALA RUA DA BAHIA,R$ 600,R$ 450,R$ 170,29/10 às 02:34
"Lourdes_Belo Horizonte, Lourdes_QNone_BNone",1349880954.0,SALA RUA DA BAHIA,R$ 130.000,R$ 450,R$ 170,29/10 às 02:34
"Lourdes_Belo Horizonte, Lourdes_Q4_B4",1349868562.0,Apartamento 4 quartos à venda no Lourdes,R$ 1.850.000,R$ 800,R$ 830,29/10 às 00:22
"Lourdes_Belo Horizonte, Lourdes_QNone_BNone",1349866012.0,"Conjunto Comercial / Sala para aluguel, 4 vagas, Lourdes - Belo Horizonte/MG",R$ 8.235,R$ 3.100,R$ 0,28/10 às 23:51
"Lourdes_Belo Horizonte, Lourdes_QNone_BNone",1349865906.0,"Andar corrido para aluguel, Lourdes - Belo Horizonte/MG",R$ 25.878,R$ 0,R$ 1.581,28/10 às 23:49
"Lourdes_Belo Horizonte, Lourdes_QNone_BNone",1349865899.0,"Andar corrido para aluguel, 10 vagas, Lourdes - Belo Horizonte/MG",R$ 24.343,R$ 0,R$ 2.173,28/10 às 23:49
"Lourdes_Belo Horizonte, Lourdes_QNone_BNone",1349865900.0,"Andar corrido para aluguel, 6 vagas, Lourdes - Belo Horizonte/MG",R$ 33.614,R$ 0,R$ 3.669,28/10 às 23:49
"Lourdes_Belo Horizonte, Lourdes_QNone_BNone",1349865895.0,"Andar corrido para aluguel, Lourdes - Belo Horizonte/MG",R$ 26.700,R$ 0,R$ 0,28/10 às 23:49
"Lourdes_Belo Horizonte, Lourdes_Q2_B2",1349452424.0,"VENDA APARTAMENTO MOBILIADO- 02 QUARTOS 77,00 M2 - BAIRRO: LOURDES",R$ 1.050.000,R$ 800,R$ 337,27/10 às 12:30
"Lourdes_Belo Horizonte, Lourdes_Q2_B2",1349441575.0,"Apartamento com 2 dormitórios à venda, 59 m² por R$ 895.320 - Lourdes - Belo Horizonte/MG",R$ 895.320,R$ 0,R$ 0,27/10 às 12:07
"Lourdes_Belo Horizonte, Lourdes_Q2_B2",1349441277.0,"Apartamento com 2 dormitórios à venda, 59 m² por R$ 919.320 - Lourdes - Belo Horizonte/MG",R$ 919.320,R$ 0,R$ 0,27/10 às 12:06
"Lourdes_Belo Horizonte, Lourdes_Q2_B3",1349441272.0,"Cobertura com 2 dormitórios à venda, 90 m² por R$ 1.308.690 - Lourdes - Belo Horizonte/MG",R$ 1.308.690,R$ 0,R$ 0,27/10 às 12:06
"Lourdes_Belo Horizonte, Lourdes_Q2_B2",1349441264.0,"Apartamento com 2 dormitórios à venda, 65 m² por R$ 979.506 - Lourdes - Belo Horizonte/MG",R$ 979.507,R$ 0,R$ 0,27/10 às 12:06
"Lourdes_Belo Horizonte, Lourdes_Q2_B2",1349441267.0,"Apartamento com 2 dormitórios à venda, 65 m² por R$ 967.506 - Lourdes - Belo Horizonte/MG",R$ 967.507,R$ 0,R$ 0,27/10 às 12:06
"Lourdes_Belo Horizonte, Lourdes_Q2_B2",1349441257.0,"Apartamento Garden com 2 dormitórios à venda, 94 m² por R$ 1.071.415,00 - Lourdes - Belo H",R$ 1.071.415,R$ 0,R$ 0,27/10 às 12:06
"Lourdes_Belo Horizonte, Lourdes_Q2_B2",1349441243.0,"Apartamento com 2 dormitórios à venda, 59 m² por R$ 907.320 - Lourdes - Belo Horizonte/MG",R$ 907.320,R$ 0,R$ 0,27/10 às 12:06
"Centro_Belo Horizonte, Centro_Q3_B2",1349433180.0,: Apartamento para à venda de 3 quartos no Centro.,R$ 800.000,R$ 405,R$ 288,27/10 às 11:42
"Lourdes_Belo Horizonte, Lourdes_Q5 ou mais_B4",1349409841.0,Apartamento para venda com 138m² e 3 vagas no bairro Lourdes,R$ 1.850.000,R$ 945,R$ 1,27/10 às 10:49
"Lourdes_Belo Horizonte, Lourdes_Q4_B4",1349292250.0,"Apartamento Alto Padrão 4 quartos 2 suítes em Lourdes, Belo Horizonte/MG",R$ 2.450.000,R$ 1.132,R$ 0,26/10 às 15:01
"Lourdes_Belo Horizonte, Lourdes_Q4_B4",1349292173.0,"Apartamento Alto Padrão 4 quartos, 2 suites em Lourdes, Belo Horizonte/MG",R$ 2.630.000,R$ 1.132,R$ 0,26/10 às 15:01
"Lourdes_Belo Horizonte, Lourdes_Q4_B4",1349292065.0,"Apartamento 4 quartos Alto Padrão em Lourdes, Belo Horizonte/MG",R$ 2.630.000,R$ 1.132,R$ 0,26/10 às 15:01
"Lourdes_Belo Horizonte, Lourdes_QNone_BNone",1349278474.0,"Sala para alugar em Belo Horizonte, Lourdes, com 49 m²",R$ 3.300,R$ 785,R$ 321,26/10 às 13:45
"Lourdes_Belo Horizonte, Lourdes_Q4_B3",1349248111.0,"Apartamento à venda, 4 quartos no bairro Lourdes.",R$ 2.790.000,R$ 2.500,R$ 800,26/10 às 11:59
"Centro_Belo Horizonte, Centro_Q2_B1",1349245119.0,APARTAMENTO PARA LOCAÇÃO NO BAIRRO LOURDES,R$ 3.600,R$ 800,R$ 348,26/10 às 11:57
"Lourdes_Belo Horizonte, Lourdes_QNone_BNone",1349241977.0,Venda Casa comercial Lourdes Belo Horizonte,R$ 1.850.000,R$ 0,R$ 1.200,26/10 às 11:50
"Lourdes_Belo Horizonte, Lourdes_Q4_B5 ou mais",1349234388.0,"Apartamento com área privativa, 4 quartos (4 suítes) no bairro Lourdes",R$ 3.980.000,R$ 4.000,R$ 21.500,26/10 às 11:38
"Lourdes_Belo Horizonte, Lourdes_Q3_B2",1349192868.0,Imóvel para venda com 100 metros quadrados com 3 quartos em Lourdes - Belo Horizonte - MG,R$ 1.450.000,R$ 1.200,R$ 680,26/10 às 10:49
"Lourdes_Belo Horizonte, Lourdes_Q2_B3",1349192783.0,ÁREA PRIVATIVA DE 2 QUARTOS À VENDA NO BAIRRO LOURDES,R$ 1.650.000,R$ 980,R$ 0,26/10 às 10:49
"Lourdes_Belo Horizonte, Lourdes_Q2_B3",1349192705.0,COBERTURA DUPLEX DE 2 QUARTOS À VENDA NO BAIRRO LOURDES,R$ 1.690.000,R$ 980,R$ 0,26/10 às 10:48
"Lourdes_Belo Horizonte, Lourdes_Q2_B2",1349192650.0,APARTAMENTO DE 2 QUARTOS PARA LOCAÇÃO NO BAIRRO LOURDES,R$ 1.220.000,R$ 895,R$ 0,26/10 às 10:47
"Lourdes_Belo Horizonte, Lourdes_Q2_B3",1349162451.0,"Cobertura com 2 Quartos e 3 banheiros à Venda, 110 m² - Lourdes, Belo Horizonte - MG",R$ 1.200.000,R$ 342,R$ 1,26/10 às 03:43
"Lourdes_Belo Horizonte, Lourdes_Q4_B4",1349144320.0,"Apartamento 04 quartos à venda no Lourdes, próximo ao Minas Tênis Clube",R$ 2.150.000,R$ 2.320,R$ 7.392,26/10 às 03:11
"Lourdes_Belo Horizonte, Lourdes_Q2_B2",1349143084.0,"Apartamento à venda em Lourdes com 59 m², 2 quartos, 1 suíte, 2 vagas",R$ 950.000,R$ 400,R$ 370,26/10 às 03:10
"Lourdes_Belo Horizonte, Lourdes_Q3_B2",1349142772.0,"Apartamento à venda em Lourdes com 90 m², 3 quartos, 1 suíte, 2 vagas",R$ 890.000,R$ 1.300,R$ 304,26/10 às 03:10
"Centro_Belo Horizonte, Centro_Q3_B1",1349142615.0,"Apartamento à venda em Centro com 120 m², 3 quartos",R$ 480.000,R$ 715,R$ 148,26/10 às 03:09
"Lourdes_Belo Horizonte, Lourdes_Q2_B1",1349122130.0,Imóvel para venda possui 80 metros quadrados com 2 quartos em Lourdes - Belo Horizonte - M,R$ 680.000,R$ 0,R$ 0,26/10 às 02:20
"Lourdes_Belo Horizonte, Lourdes_Q3_B4",1349115056.0,Cobertura para locação - Bairro de Lourdes - Belo Horizonte - MG,R$ 7.500,R$ 1.470,R$ 649,26/10 às 01:00
"Lourdes_Belo Horizonte, Lourdes_Q3_B1",1349111725.0,"Apartamento em Lourdes - Belo Horizonte, MG por 1589000",R$ 1.589.000,R$ 0,R$ 0,26/10 às 00:50
"Lourdes_Belo Horizonte, Lourdes_Q3_B3",1349109769.0,"Luxuoso Apartamento 3 Suítes em Lourdes, BH - R$ 1.839.000",R$ 1.839.000,R$ 0,R$ 0,26/10 às 00:43
"Lourdes_Belo Horizonte, Lourdes_QNone_BNone",1349109756.0,OPORTUNIDADE DE VENDA - Conjunto/Sala de 170m² na Rua da Bahia - 5 VAGAS por R$1.200.000,R$ 1.200.000,R$ 3.006,R$ 12.533,26/10 às 00:43
"Lourdes_Belo Horizonte, Lourdes_Q2_B2",1349109543.0,"Cobertura em Lourdes BH: 2 Suítes, 112m² por R$2.359.000",R$ 2.359.000,R$ 0,R$ 0,26/10 às 00:42
"Lourdes_Belo Horizonte, Lourdes_Q3_B3",1349106819.0,"Apartamento à venda, 3 quartos, 1 suíte, 3 vagas, Lourdes - Belo Horizonte/MG",R$ 5.500.000,R$ 0,R$ 0,26/10 às 00:31
"Lourdes_Belo Horizonte, Lourdes_Q4_B3",1349097633.0,"VENDA APARTAMENTO - 04 QUARTOS 152,00 M2 - BAIRRO: LOURDES",R$ 1.600.000,R$ 2.100,R$ 86.036,25/10 às 23:50
"Lourdes_Belo Horizonte, Lourdes_Q3_B2",1349097629.0,"VENDA APARTAMENTO - 03 QUARTOS 90,00 M2 - BAIRRO: LOURDES",R$ 890.000,R$ 2.100,R$ 304,25/10 às 23:50
"Lourdes_Belo Horizonte, Lourdes_Q3_B3",1349094170.0,Venda Apartamento 3 quartos Lourdes Belo Horizonte,R$ 980.000,R$ 800,R$ 0,25/10 às 23:36
"Lourdes_Belo Horizonte, Lourdes_Q4_B2",1349094131.0,Venda Apartamento 4 quartos Lourdes Belo Horizonte,R$ 1.400.000,R$ 1.854,R$ 294,25/10 às 23:36
"Lourdes_Belo Horizonte, Lourdes_Q2_B2",1349094120.0,Venda Apartamento 2 quartos Lourdes Belo Horizonte,R$ 700.000,R$ 330,R$ 214,25/10 às 23:36
"Lourdes_Belo Horizonte, Lourdes_Q2_B3",1349094095.0,Venda Apartamento 2 quartos Lourdes Belo Horizonte,R$ 1.080.000,R$ 900,R$ 330,25/10 às 23:36
"Lourdes_Belo Horizonte, Lourdes_Q4_B5 ou mais",1349094038.0,Venda Apartamento 4 quartos Lourdes Belo Horizonte,R$ 1.790.000,R$ 1.350,R$ 545,25/10 às 23:36
"Lourdes_Belo Horizonte, Lourdes_Q3_B3",1349093985.0,Venda Apartamento 3 quartos Lourdes Belo Horizonte,R$ 1.482.000,R$ 0,R$ 300,25/10 às 23:35
"Lourdes_Belo Horizonte, Lourdes_Q2_B3",1349093952.0,Venda Apartamento 2 quartos Lourdes Belo Horizonte,R$ 970.000,R$ 1.100,R$ 433,25/10 às 23:35
"Lourdes_Belo Horizonte, Lourdes_Q4_B5 ou mais",1349093913.0,Venda Apartamento 4 quartos Lourdes Belo Horizonte,R$ 2.640.000,R$ 2.650,R$ 1.231,25/10 às 23:35
"Lourdes_Belo Horizonte, Lourdes_Q3_B2",1349088395.0,Venda Apartamento 3 quartos Lourdes Belo Horizonte,R$ 1.422.000,R$ 0,R$ 0,25/10 às 23:19
"Lourdes_Belo Horizonte, Lourdes_QNone_BNone",1349088096.0,Venda Loja Lourdes Belo Horizonte,R$ 650.000,R$ 0,R$ 198,25/10 às 23:18
"Lourdes_Belo Horizonte, Lourdes_Q4_B3",1349088012.0,Venda Apartamento 4 quartos Lourdes Belo Horizonte,R$ 2.580.000,R$ 2.143,R$ 661,25/10 às 23:18
"Lourdes_Belo Horizonte, Lourdes_Q3_B2",1349087693.0,Venda Apartamento 3 quartos Lourdes Belo Horizonte,R$ 690.000,R$ 350,R$ 206,25/10 às 23:18
"Lourdes_Belo Horizonte, Lourdes_Q4_B4",1349055774.0,Edificio Terrazo da Vinci - Terrazo da Vinci,R$ 25.900,R$ 2.500,R$ 1.579,25/10 às 20:41
"Lourdes_Belo Horizonte, Lourdes_QNone_BNone",1349055714.0,Conjunto de salas/Andar corrido  Lourdes,R$ 310.000,R$ 760,R$ 3.466,25/10 às 20:40
"Lourdes_Belo Horizonte, Lourdes_Q4_B5 ou mais",1349022421.0,Venda Apartamento 4 quartos Lourdes Belo Horizonte,R$ 4.350.000,R$ 2.300,R$ 1.467,25/10 às 17:11
"Centro_Belo Horizonte, Centro_Q3_B1",1348961704.0,"Apartamento 3 Quartos à venda, 3 quartos, CENTRO - Belo Horizonte/MG",R$ 450.000,R$ 480,R$ 197,25/10 às 15:28
"Lourdes_Belo Horizonte, Lourdes_Q3_B2",1348957284.0,Apartamento com 3 quartos à venda em Belo Horizonte,R$ 989.177,R$ 0,R$ 0,25/10 às 14:51
"Lourdes_Belo Horizonte, Lourdes_Q4_B1",1348921342.0,Aluguel - APARTAMENTO - LOURDES Belo Horizonte MG,R$ 5.100,R$ 1.740,R$ 630,25/10 às 10:43
"Centro_Belo Horizonte, Centro_Q2_B1",1348717382.0,Apartamento 2 Dormitórios no Centro de BH - 81m² à Venda,R$ 350.000,R$ 642,R$ 1.445,24/10 às 13:52
"Lourdes_Belo Horizonte, Lourdes_Q2_B2",1348716902.0,"Venda Apartamento 2 Dormitórios em Lourdes - BH por R$1,05M",R$ 1.050.000,R$ 800,R$ 337,24/10 às 13:50
"Lourdes_Belo Horizonte, Lourdes_Q2_B2",1348716826.0,Venda de Apartamento 2 Suítes no Centro de Belo Horizonte,R$ 1.476.419,R$ 0,R$ 0,24/10 às 13:50
"Lourdes_Belo Horizonte, Lourdes_QNone_BNone",1348716760.0,"Loja em Lourdes BH: 225m², 5 Banheiros à Venda e Locação",R$ 10.000,R$ 0,R$ 8.670,24/10 às 13:49
"Lourdes_Belo Horizonte, Lourdes_QNone_BNone",1348716700.0,"Loja em Lourdes BH: 225m², 5 Banheiros à Venda e Locação",R$ 1.800.000,R$ 0,R$ 8.670,24/10 às 13:49
"Lourdes_Belo Horizonte, Lourdes_Q3_B2",1348671313.0,Apartamento à venda no Lourdes,R$ 1.350.000,R$ 1.122,R$ 5.280,24/10 às 11:29
"Lourdes_Belo Horizonte, Lourdes_Q4_B2",1348668973.0,"VENDA COBERTURA - 04 QUARTOS 218,00 M2 - BAIRRO: LOURDES",R$ 2.590.000,R$ 2.500,R$ 129.017,24/10 às 11:20
"Lourdes_Belo Horizonte, Lourdes_Q4_B2",1348668839.0,"VENDA APARTAMENTO - 04 QUARTOS 120,00 M2 - BAIRRO: LOURDES",R$ 950.000,R$ 450,R$ 374,24/10 às 11:20
"Lourdes_Belo Horizonte, Lourdes_Q2_B3",1348660033.0,"Apartamento com 2 dormitórios à venda, 80 m² por R$ 900.000,00 - Lourdes - Belo Horizonte/",R$ 900.000,R$ 1.157,R$ 398,24/10 às 10:56
"Lourdes_Belo Horizonte, Lourdes_QNone_BNone",1348659389.0,Locação Sala Lourdes Belo Horizonte,R$ 600,R$ 306,R$ 136,24/10 às 10:48
"Centro_Belo Horizonte, Centro_Q1_B1",1348637723.0,"Apartamento mobiliado com 1 quarto para alugar, 43 m² - Centro",R$ 3.590,R$ 570,R$ 239,24/10 às 09:14
"Lourdes_Belo Horizonte, Lourdes_Q1_B1",1348618333.0,apartamento de um quarto mobiliado para locação,R$ 2.000,R$ 1.574,R$ 200,24/10 às 07:32
"Lourdes_Belo Horizonte, Lourdes_QNone_BNone",1348599492.0,Sala para alugar no Lourdes,R$ 900,R$ 0,R$ 175,24/10 às 05:34
"Lourdes_Belo Horizonte, Lourdes_Q2_B3",1348597813.0,COBERTURA DUPLEX DE 2 QUARTOS À VENDA NO BAIRRO LOURDES,R$ 1.700.000,R$ 980,R$ 0,24/10 às 05:11
"Lourdes_Belo Horizonte, Lourdes_Q3_B1",1348597446.0,Apartamento Luxo com 3 Suítes Bairro de Lourdes,R$ 3.000.000,R$ 0,R$ 0,24/10 às 05:11
"Lourdes_Belo Horizonte, Lourdes_QNone_BNone",1348588879.0,Salas para alugar - Lourdes - Belo Horizonte/MG,R$ 3.300,R$ 0,R$ 0,24/10 às 04:55
"Lourdes_Belo Horizonte, Lourdes_Q4_B5 ou mais",1348574659.0,"Apartamento com 4 quartos à venda, 373 m² por R$ 3.500.000 - Lourdes - Belo Horizonte/MG",R$ 3.500.000,R$ 4.000,R$ 1.230,24/10 às 01:53
"Lourdes_Belo Horizonte, Lourdes_QNone_BNone",1348531590.0,Loja Comercial Lourdes,R$ 7.500,R$ 410,R$ 0,23/10 às 21:38
"Lourdes_Belo Horizonte, Lourdes_QNone_BNone",1348531596.0,Loja Lourdes,R$ 6.900,R$ 350,R$ 372,23/10 às 21:38
"Lourdes_Belo Horizonte, Lourdes_Q4_B3",1348393635.0,"Apartamento à venda, 4 quartos, 1 suíte, 2 vagas, Lourdes - Belo Horizonte/MG",R$ 1.950.000,R$ 2.600,R$ 634,23/10 às 14:28
"Lourdes_Belo Horizonte, Lourdes_Q2_B2",1348376948.0,Apartamento 2 quartos à venda no bairro Lourdes,R$ 1.115.000,R$ 786,R$ 468,23/10 às 13:20
"Cidade Jardim_Belo Horizonte, Cidade Jardim_Q4_B5 ou mais",1348371472.0,Cobertura à venda 4 quartos 4 suítes 5 vagas - Lourdes,R$ 5.100.000,R$ 0,R$ 0,23/10 às 13:04
"Cidade Jardim_Belo Horizonte, Cidade Jardim_Q4_B5 ou mais",1348371375.0,Apartamento à venda 4 quartos 4 suítes 4 vagas - Lourdes,R$ 2.980.000,R$ 0,R$ 0,23/10 às 13:03
"Lourdes_Belo Horizonte, Lourdes_Q2_B2",1348369174.0,Apartamento 2 quartos para aluguel no Lourdes,R$ 5.400,R$ 895,R$ 0,23/10 às 12:54
"Lourdes_Belo Horizonte, Lourdes_Q2_B3",1348275258.0,"Apt 2 quartos, 1 suíte ao lado da Praça da liberdade",R$ 800.000,R$ 950,R$ 295,23/10 às 08:10
"Lourdes_Belo Horizonte, Lourdes_Q2_B2",1348260677.0,Excelente Apto 2qts Novo Próximo ao Diamond Mall,R$ 1.160.000,R$ 700,R$ 395,23/10 às 06:46
"Centro_Belo Horizonte, Centro_Q1_B1",1348241159.0,"Apartamento Mobiliado para aluguel, 1 quarto, 1 suíte, 1 vaga, Centro - Belo Horizonte/MG",R$ 3.690,R$ 570,R$ 227,23/10 às 04:09
"Lourdes_Belo Horizonte, Lourdes_Q4_B3",1348235820.0,Venda Apartamento 4 quartos Lourdes Belo Horizonte,R$ 2.150.000,R$ 2.000,R$ 672,23/10 às 03:59
"Lourdes_Belo Horizonte, Lourdes_Q2_B2",1348232668.0,Aluguel Residential / Apartment Belo Horizonte MG,R$ 5.400,R$ 895,R$ 0,23/10 às 03:48
"Lourdes_Belo Horizonte, Lourdes_Q3_B1",1348232548.0,Venda Apartamento 3 quartos Lourdes Belo Horizonte,R$ 1.300.000,R$ 1.741,R$ 556,23/10 às 03:46
"Lourdes_Belo Horizonte, Lourdes_QNone_BNone",1348215570.0,Andar corrido para venda ou locação na Savassi / Lourdes,R$ 7.600.000,R$ 16.002,R$ 596,23/10 às 00:35
"Lourdes_Belo Horizonte, Lourdes_QNone_BNone",1348207203.0,"Andar Corporativo para alugar, 127 m² por R$ 5.125,01/mês - Lourdes - Belo Horizonte/MG",R$ 4.100,R$ 0,R$ 1.025,22/10 às 23:38
"Lourdes_Belo Horizonte, Lourdes_QNone_BNone",1348196790.0,Sala comercial,R$ 165.000,R$ 402,R$ 180,22/10 às 22:44
"Lourdes_Belo Horizonte, Lourdes_Q3_B2",1348173168.0,Apartamento,R$ 695.000,R$ 460,R$ 2.546,22/10 às 21:04
"Lourdes_Belo Horizonte, Lourdes_Q4_B5 ou mais",1347952989.0,"Apartamento 04 quartos à venda no Lourdes, próximo ao Fasano",R$ 6.500.000,R$ 5.500,R$ 2.400,22/10 às 11:14
"Lourdes_Belo Horizonte, Lourdes_Q2_B2",1347940963.0,APARTAMENTO DE 2 QUARTOS PARA LOCAÇÃO NO BAIRRO LOURDES,R$ 5.900,R$ 895,R$ 0,22/10 às 10:44
"Lourdes_Belo Horizonte, Lourdes_Q2_B2",1347940917.0,APARTAMENTO DE 2 QUARTOS PARA LOCAÇÃO NO BAIRRO LOURDES,R$ 5.900,R$ 895,R$ 0,22/10 às 10:44
"Lourdes_Belo Horizonte, Lourdes_Q1_B1",1347900750.0,"Flat para aluguel, 1 quarto, 1 suíte, 1 vaga, Lourdes - Belo Horizonte/MG",R$ 2.400,R$ 1.494,R$ 2.284,22/10 às 08:12
"Lourdes_Belo Horizonte, Lourdes_Q4_B4",1347884745.0,"Apartamento à venda, 4 quartos, 2 suítes, 3 vagas, Lourdes - Belo Horizonte/MG",R$ 2.190.000,R$ 1.000,R$ 0,22/10 às 04:53
"Lourdes_Belo Horizonte, Lourdes_Q4_B4",1347884560.0,"Cobertura à venda, 4 quartos, 2 suítes, 4 vagas, Lourdes - Belo Horizonte/MG",R$ 3.450.000,R$ 1.000,R$ 0,22/10 às 04:48
"Lourdes_Belo Horizonte, Lourdes_Q2_B2",1347883957.0,Apartamento 2 quartos com 2 vagas de garagem no bairro de Lourdes,R$ 5.400,R$ 895,R$ 0,22/10 às 04:20
"Lourdes_Belo Horizonte, Lourdes_Q2_B2",1347883935.0,Apartamento 2 quartos com 2 vagas de garagem no bairro de Lourdes,R$ 5.400,R$ 895,R$ 0,22/10 às 04:20
"Lourdes_Belo Horizonte, Lourdes_Q2_B2",1347878193.0,APARTAMENTO DE 2 QUARTOS PARA LOCAÇÃO NO BAIRRO LOURDES,R$ 1.200.000,R$ 864,R$ 468,22/10 às 03:03
"Lourdes_Belo Horizonte, Lourdes_Q2_B2",1347773271.0,Imóvel para aluguel possui 62 metros quadrados com 2 quartos em Lourdes - Belo Horizonte -,R$ 5.400,R$ 690,R$ 500,21/10 às 17:16
"Lourdes_Belo Horizonte, Lourdes_Q2_B2",1347772878.0,Imóvel para aluguel tem 62 metros quadrados com 2 quartos em Lourdes - Belo Horizonte - MG,R$ 5.400,R$ 690,R$ 500,21/10 às 17:14
"Lourdes_Belo Horizonte, Lourdes_Q2_B2",1347770272.0,Imóvel para aluguel com 62 metros quadrados com 2 quartos em Lourdes - Belo Horizonte - MG,R$ 5.400,R$ 690,R$ 500,21/10 às 17:09
"Lourdes_Belo Horizonte, Lourdes_QNone_BNone",1347405151.0,Lote comercial 420 m² no Centro de Belo Horizonte.,R$ 3.500.000,R$ 0,R$ 8.658,19/10 às 23:34
"Lourdes_Belo Horizonte, Lourdes_Q2_B2",1347375328.0,Apartamento à venda - Bairro Lourdes !,R$ 1.050.000,R$ 800,R$ 3.707,19/10 às 20:02
"Lourdes_Belo Horizonte, Lourdes_Q2_B3",1347326093.0,Apartamento 2 quartos no Lourdes,R$ 1.280.000,R$ 430,R$ 370,19/10 às 16:50
"Lourdes_Belo Horizonte, Lourdes_QNone_BNone",1347326083.0,Sala no Bairro Santo Agostinho,R$ 280.000,R$ 600,R$ 155,19/10 às 16:50
"Lourdes_Belo Horizonte, Lourdes_Q4_B2",1347305102.0,Cobertura com 4 Quartos à venda 2 vagas com 236m² no Lourdes .,R$ 1.650.000,R$ 1.000,R$ 226,19/10 às 14:53
"Santo Agostinho_Belo Horizonte, Santo Agostinho_Q1_B1",1347295409.0,"Flat para aluguel, 1 quarto, 1 suíte, 1 vaga, Santo Agostinho - Belo Horizonte/MG",R$ 2.000,R$ 1.865,R$ 2.587,19/10 às 14:02
"Lourdes_Belo Horizonte, Lourdes_Q1_B1",1347285336.0,Flat de 40 m² no Lourdes entre a Praça da Assembléia e Raul Soares - COMPRE JÁ ALUGADO!,R$ 550.000,R$ 500,R$ 247,19/10 às 13:10
"Lourdes_Belo Horizonte, Lourdes_QNone_BNone",1347217780.0,Sala no bairro Lourdes,R$ 350.000,R$ 0,R$ 450,19/10 às 07:01
"Lourdes_Belo Horizonte, Lourdes_Q4_B4",1347153501.0,"Apartamento de Luxo em Lourdes, BH - 151m²",R$ 2.220.000,R$ 1.500,R$ 7.500,18/10 às 20:46
"Lourdes_Belo Horizonte, Lourdes_Q4_B5 ou mais",1347092501.0,"APARTAMENTO, 4 QUARTOS, 305m² - LOURDES",R$ 4.200.000,R$ 2.600,R$ 1.760,18/10 às 17:06
"Lourdes_Belo Horizonte, Lourdes_Q4_B5 ou mais",1347092503.0,"Apartamento à venda, 4 quartos no Lourdes",R$ 3.350.000,R$ 2.500,R$ 1.450,18/10 às 17:06
"Lourdes_Belo Horizonte, Lourdes_Q4_B4",1346990281.0,"Apartamento à venda, 4 quartos, 2 suítes, 2 vagas, Lourdes",R$ 2.700.000,R$ 2.860,R$ 7.843,18/10 às 11:27
"Lourdes_Belo Horizonte, Lourdes_Q2_B3",1346968502.0,Apartamento duplex mobiliado para locação no Lourdes!,R$ 13.500,R$ 1.250,R$ 732,18/10 às 10:24
"Lourdes_Belo Horizonte, Lourdes_QNone_BNone",1346944975.0,CASA PARA FIM COMERCIAL EM EXCELENTE LOCALIZAÇÃO NO LOURDES!,R$ 7.000,R$ 0,R$ 11.901,18/10 às 08:42
"Lourdes_Belo Horizonte, Lourdes_Q5 ou mais_B3",1346942209.0,"Cobertura à venda, 5 quartos, 1 suíte, 3 vagas, Lourdes - Belo Horizonte/MG",R$ 2.300.000,R$ 2.500,R$ 97.272,18/10 às 08:26
"Lourdes_Belo Horizonte, Lourdes_QNone_BNone",1346911038.0,"Andar para aluguel, Lourdes - Belo Horizonte/MG",R$ 2.100,R$ 0,R$ 4.149,18/10 às 03:11
"Lourdes_Belo Horizonte, Lourdes_Q2_B1",1346910016.0,Apartamento 2 quartos e 1 vaga de garagem próximo ao shopping Diamond Mall,R$ 4.000,R$ 500,R$ 0,18/10 às 02:53
"Lourdes_Belo Horizonte, Lourdes_Q2_B2",1346876533.0,"Apartamento com 2 dormitórios à venda, 65 m² por R$ 1.200.000,00 - Lourdes - Belo Horizont",R$ 1.200.000,R$ 0,R$ 0,17/10 às 22:25
"Lourdes_Belo Horizonte, Lourdes_Q4_B3",1346851857.0,APARTAMENTO - 4 QTS - 1 VG - LOURDES,R$ 1.100.000,R$ 1.100,R$ 236,17/10 às 20:51
"Lourdes_Belo Horizonte, Lourdes_QNone_BNone",1346829815.0,Sala de Alto Padrão com 127 m2 na Savassi já alugada por 3 anos,R$ 1.200.000,R$ 1.300,R$ 862,17/10 às 19:38
"Lourdes_Belo Horizonte, Lourdes_Q3_B2",1346814182.0,Apartamento no bairro Lourdes!,R$ 890.000,R$ 2.100,R$ 3.343,17/10 às 18:55
"Lourdes_Belo Horizonte, Lourdes_Q3_B2",1346616233.0,"Apartamento à venda, 3 quartos, 1 suíte, 2 vagas, Lourdes - Belo Horizonte/MG",R$ 1.400.000,R$ 1.100,R$ 421,17/10 às 07:23
"Lourdes_Belo Horizonte, Lourdes_Q2_B2",1346616225.0,"Apartamento à venda, 2 quartos, 1 suíte, 1 vaga, Lourdes - Belo Horizonte/MG",R$ 1.050.000,R$ 800,R$ 337,17/10 às 07:23
"Lourdes_Belo Horizonte, Lourdes_Q4_B3",1346611456.0,Apartamento 4 quartos à venda em Lourdes,R$ 1.750.000,R$ 1.500,R$ 0,17/10 às 06:59
"Lourdes_Belo Horizonte, Lourdes_Q3_B3",1346571663.0,Apartamento 3 quartos  Lourdes,R$ 1.452.000,R$ 0,R$ 0,17/10 às 03:59
"Lourdes_Belo Horizonte, Lourdes_QNone_BNone",1346570342.0,"Loja 130m² no bairro Lourdes - Belo horizonte alugando por R$ 6.900,00",R$ 6.900,R$ 350,R$ 372,17/10 às 03:35
"Lourdes_Belo Horizonte, Lourdes_QNone_BNone",1346570218.0,"Loja 113m² no bairro Lourdes - Belo horizonte alugando por R$ 7.500,00",R$ 7.500,R$ 410,R$ 0,17/10 às 03:34
"Lourdes_Belo Horizonte, Lourdes_Q3_B2",1346552988.0,"Apartamento para Venda em Belo Horizonte, Lourdes, 3 dormitórios, 1 suíte, 2 banheiros, 2 ",R$ 1.200.000,R$ 1.450,R$ 0,17/10 às 02:11
"Lourdes_Belo Horizonte, Lourdes_Q4_B2",1346548608.0,Venda Apartamento 4 quartos Lourdes Belo Horizonte,R$ 1.400.000,R$ 1.854,R$ 294,17/10 às 02:01
"Lourdes_Belo Horizonte, Lourdes_Q2_B2",1346548504.0,Venda Área Privativa Lourdes Belo Horizonte,R$ 970.000,R$ 1.024,R$ 427,17/10 às 02:01
"Lourdes_Belo Horizonte, Lourdes_Q3_B3",1346548231.0,Venda Apartamento 3 quartos Lourdes Belo Horizonte,R$ 1.350.000,R$ 1.168,R$ 750,17/10 às 02:00
"Lourdes_Belo Horizonte, Lourdes_Q3_B4",1346534899.0,Cobertura 3 quartos em Lourdes - Lazer completo - Locação,R$ 10.150,R$ 1.200,R$ 689,17/10 às 00:33
"Centro_Belo Horizonte, Centro_Q4_B4",1346407357.0,"amplo apto com 220 metros quadrados, 2 vagas, 4 quartos em Centro !",R$ 995.000,R$ 1.260,R$ 2.899,16/10 às 15:51
"Lourdes_Belo Horizonte, Lourdes_Q4_B3",1346238661.0,"Apartamento à venda, 160 m² por R$ 1.800.000,00 - Lourdes - Belo Horizonte/MG",R$ 1.800.000,R$ 1.500,R$ 429,16/10 às 06:36
"Lourdes_Belo Horizonte, Lourdes_Q2_B3",1346231413.0,Venda Residential / Apartment Belo Horizonte MG,R$ 968.000,R$ 1.049,R$ 365,16/10 às 05:28
"Lourdes_Belo Horizonte, Lourdes_QNone_BNone",1346227580.0,SALA À VENDA NO LOURDES,R$ 220.000,R$ 416,R$ 139,16/10 às 04:19
"Lourdes_Belo Horizonte, Lourdes_Q4_B3",1346227514.0,Apartamento com 4 quartos (1 suíte) o bairro Lourdes,R$ 1.690.000,R$ 1.800,R$ 450,16/10 às 04:15
"Lourdes_Belo Horizonte, Lourdes_QNone_BNone",1346227467.0,SALA PARA ALUGAR NO LOURDES,R$ 1.200,R$ 416,R$ 139,16/10 às 04:12
"Lourdes_Belo Horizonte, Lourdes_Q2_B3",1346222084.0,COBERTURA TOP HOUSE DE 2 QUARTOS À VENDA NO BAIRRO LOURDES,R$ 1.980.000,R$ 900,R$ 550,16/10 às 02:34
"Lourdes_Belo Horizonte, Lourdes_QNone_BNone",1346173408.0,"Sala para alugar, 50 m² por R$1000,00/mês - Lourdes - Belo Horizonte/MG",R$ 1.000,R$ 678,R$ 1.697,15/10 às 22:51
"Lourdes_Belo Horizonte, Lourdes_Q3_B3",1346137753.0,"Apartamento de 3 suítes para locação em Lourdes, Belo Horizonte!",R$ 19.000,R$ 2.507,R$ 1.505,15/10 às 20:29
"Lourdes_Belo Horizonte, Lourdes_Q4_B2",1346137492.0,Apartamento à venda no Bairro Lourdes com 4 quartos!,R$ 3.350.000,R$ 1.903,R$ 1.105,15/10 às 20:28
"Lourdes_Belo Horizonte, Lourdes_Q3_B3",1346094719.0,"Apartamento 03 quartos à venda no Lourdes, próximo ao Shopping Diamond Mall",R$ 1.350.000,R$ 1.122,R$ 4.961,15/10 às 18:01
"Lourdes_Belo Horizonte, Lourdes_Q4_B4",1346071053.0,Área privativa à venda em Lourdes 291 m² Luxo padrão Caparaó 4 vagas,R$ 5.100.000,R$ 0,R$ 0,15/10 às 16:44
"Centro_Belo Horizonte, Centro_Q1_B1",1346018941.0,Apartamento 01 quarto para alugar no centro,R$ 1.664,R$ 362,R$ 150,15/10 às 13:40
"Lourdes_Belo Horizonte, Lourdes_Q2_B2",1346009185.0,Apartamento - 2 quartos em Lourdes,R$ 5.300,R$ 860,R$ 300,15/10 às 13:13
"Centro_Belo Horizonte, Centro_Q2_B1",1345976570.0,Venda Apartamento 2 quartos Centro Belo Horizonte,R$ 450.000,R$ 0,R$ 0,15/10 às 11:24
"Lourdes_Belo Horizonte, Lourdes_Q2_B2",1345968850.0,Apartamento á venda no bairro Lourdes,R$ 1.450.000,R$ 0,R$ 0,15/10 às 11:00
"Lourdes_Belo Horizonte, Lourdes_Q2_B2",1345920731.0,"Imperdível: Apartamento de Luxo à Venda em Belo Horizonte-MG, Lourdes - 2 Quartos, 1 Suíte",R$ 1.300.000,R$ 450,R$ 455,15/10 às 07:18
"Lourdes_Belo Horizonte, Lourdes_Q4_B5 ou mais",1345919439.0,Venda Apartamento 4 quartos Lourdes Belo Horizonte,R$ 2.900.000,R$ 4.000,R$ 1.400,15/10 às 07:16
"Lourdes_Belo Horizonte, Lourdes_Q4_B3",1345919367.0,Venda Cobertura Lourdes Belo Horizonte,R$ 1.490.000,R$ 1.000,R$ 578,15/10 às 07:16
"Lourdes_Belo Horizonte, Lourdes_Q1_B1",1345919260.0,Venda Apartamento 1 quarto Lourdes Belo Horizonte,R$ 580.000,R$ 1.100,R$ 273,15/10 às 07:16
"Lourdes_Belo Horizonte, Lourdes_QNone_BNone",1345919198.0,Locação Ponto comercial Lourdes Belo Horizonte,R$ 47.500,R$ 0,R$ 1.512,15/10 às 07:15
"Lourdes_Belo Horizonte, Lourdes_QNone_BNone",1345919132.0,Locação Casa comercial Lourdes Belo Horizonte,R$ 25.000,R$ 0,R$ 0,15/10 às 07:15
"Lourdes_Belo Horizonte, Lourdes_Q4_B1",1345918608.0,Venda Apartamento 4 quartos Lourdes Belo Horizonte,R$ 1.490.000,R$ 1.500,R$ 612,15/10 às 07:14
"Lourdes_Belo Horizonte, Lourdes_Q3_B2",1345912519.0,"Apartamento à venda, 3 quartos, 1 suíte, 2 vagas, Lourdes - Belo Horizonte/MG",R$ 1.850.000,R$ 1.700,R$ 462,15/10 às 07:03
"Lourdes_Belo Horizonte, Lourdes_Q4_B3",1345912489.0,"Apartamento à venda, 4 quartos, 1 suíte, 2 vagas, Lourdes - Belo Horizonte/MG",R$ 1.600.000,R$ 2.100,R$ 86.036,15/10 às 07:03
"Lourdes_Belo Horizonte, Lourdes_QNone_BNone",1345872677.0,Locação Sala Lourdes Belo Horizonte,R$ 5.000,R$ 0,R$ 689,15/10 às 00:38
"Centro_Belo Horizonte, Centro_QNone_BNone",1345872560.0,Locação Loja Centro Belo Horizonte,R$ 10.000,R$ 0,R$ 616,15/10 às 00:37
"Lourdes_Belo Horizonte, Lourdes_QNone_BNone",1345759141.0,Aluguel - SALA - CENTRO Belo Horizonte MG,R$ 1.200,R$ 0,R$ 0,14/10 às 17:55
"Lourdes_Belo Horizonte, Lourdes_Q2_B2",1345375829.0,"Venda Duplex 2 Suítes, 3 vagas, com ar condicionado em Lourdes BH - 88m² por R$1.600.000",R$ 1.600.000,R$ 1.784,R$ 582,12/10 às 21:01
"Lourdes_Belo Horizonte, Lourdes_QNone_BNone",1345311134.0,Locação Conjunto de salas Lourdes Belo Horizonte,R$ 6.000,R$ 2.100,R$ 447,12/10 às 13:50
"Santo Agostinho_Belo Horizonte, Santo Agostinho_QNone_BNone",1345308939.0,Venda Garagem Santo Agostinho Belo Horizonte,R$ 74.900,R$ 66,R$ 118,12/10 às 13:33
"Lourdes_Belo Horizonte, Lourdes_QNone_BNone",1345308624.0,Venda Loja Lourdes Belo Horizonte,R$ 495.000,R$ 0,R$ 319,12/10 às 13:31
"Lourdes_Belo Horizonte, Lourdes_Q1_B1",1345284666.0,"Apartamento 1 Quarto à venda, 1 quarto, 1 suíte, 1 vaga, Lourdes - Belo Horizonte/MG",R$ 450.000,R$ 2.000,R$ 226,12/10 às 11:41
"Lourdes_Belo Horizonte, Lourdes_QNone_BNone",1345283771.0,"Loja para aluguel, 1 vaga, Lourdes - Belo Horizonte/MG",R$ 8.000,R$ 0,R$ 5.940,12/10 às 11:37
"Lourdes_Belo Horizonte, Lourdes_Q4_B2",1345231757.0,"Apartamento à venda, 4 quartos, 1 suíte, 1 vaga, Lourdes - Belo Horizonte/MG",R$ 950.000,R$ 450,R$ 374,12/10 às 04:58
"Lourdes_Belo Horizonte, Lourdes_Q3_B3",1345231643.0,Excelente apartamento praça Marilia de Dirceu 1ª Locação,R$ 8.000,R$ 1.680,R$ 630,12/10 às 04:57
"Centro_Belo Horizonte, Centro_Q1_B1",1345222193.0,"Apartamento 1 quartos, 1 vagas, Centro - Belo Horizonte/MG",R$ 3.590,R$ 570,R$ 2.626,12/10 às 02:31
"Lourdes_Belo Horizonte, Lourdes_Q4_B4",1345157582.0,"Apartamento com 4 quartos e 4 banheiros à venda, 135 m² - Lourdes - Belo Horizonte/MG",R$ 1.100.000,R$ 1.200,R$ 150,11/10 às 20:12
"Centro_Belo Horizonte, Centro_Q1_B1",1345156524.0,Oportunidade Apto de 01 quarto com área privativa no Centro,R$ 3.500,R$ 570,R$ 292,11/10 às 20:08
"Lourdes_Belo Horizonte, Lourdes_Q4_B5 ou mais",1345152156.0,APARTAMENTO 4 QUARTOS LOURDES,R$ 30.000,R$ 6.080,R$ 2.405,11/10 às 19:45
"Lourdes_Belo Horizonte, Lourdes_Q2_B3",1345147286.0,2 SUITES LOURDES,R$ 5.500,R$ 1.000,R$ 5.500,11/10 às 19:21
"Lourdes_Belo Horizonte, Lourdes_Q2_B3",1345021170.0,"Aluguel apartamento mobiliado 02 quartos, 1 suite, 77 m2 - 01 vaga - Lourdes - Bhte / Mg",R$ 7.000,R$ 900,R$ 3.710,11/10 às 11:20
"Lourdes_Belo Horizonte, Lourdes_Q2_B2",1345015086.0,Apartamento á venda no bairro Lourdes,R$ 1.500.000,R$ 1.784,R$ 6.407,11/10 às 11:07
"Lourdes_Belo Horizonte, Lourdes_Q2_B3",1345014833.0,Apartamento á venda no bairro Lourdes,R$ 970.000,R$ 600,R$ 4.773,11/10 às 11:07
"Lourdes_Belo Horizonte, Lourdes_Q3_B3",1344956716.0,Venda Apartamento 3 quartos Lourdes Belo Horizonte,R$ 1.350.000,R$ 1.168,R$ 750,11/10 às 04:23
"Lourdes_Belo Horizonte, Lourdes_Q4_B3",1344956615.0,Venda Apartamento 4 quartos Lourdes Belo Horizonte,R$ 1.850.000,R$ 1.860,R$ 513,11/10 às 04:22
"Lourdes_Belo Horizonte, Lourdes_Q4_B2",1344956607.0,Venda Apartamento 4 quartos Lourdes Belo Horizonte,R$ 1.100.000,R$ 665,R$ 323,11/10 às 04:22
"Lourdes_Belo Horizonte, Lourdes_Q3_B1",1344956508.0,Venda Apartamento 3 quartos Lourdes Belo Horizonte,R$ 790.000,R$ 590,R$ 213,11/10 às 04:21
"Lourdes_Belo Horizonte, Lourdes_Q4_B1",1344956499.0,Venda Apartamento 4 quartos Lourdes Belo Horizonte,R$ 1.490.000,R$ 1.500,R$ 612,11/10 às 04:21
"Lourdes_Belo Horizonte, Lourdes_Q3_B3",1344948142.0,Cobertura Top House com 3 quartos (1 suíte) no bairro Lourdes,R$ 3.100.000,R$ 1.954,R$ 14.648,11/10 às 04:03
"Lourdes_Belo Horizonte, Lourdes_Q3_B1",1344941054.0,Venda Apartamento 3 quartos Lourdes Belo Horizonte,R$ 790.000,R$ 590,R$ 213,11/10 às 03:58
"Lourdes_Belo Horizonte, Lourdes_Q4_B3",1344941043.0,Venda Apartamento 4 quartos Lourdes Belo Horizonte,R$ 1.850.000,R$ 1.860,R$ 513,11/10 às 03:58
"Lourdes_Belo Horizonte, Lourdes_Q4_B1",1344940874.0,Venda Apartamento 4 quartos Lourdes Belo Horizonte,R$ 1.490.000,R$ 1.500,R$ 612,11/10 às 03:57
"Lourdes_Belo Horizonte, Lourdes_QNone_BNone",1344940229.0,Locação Loja Lourdes Belo Horizonte,R$ 40.000,R$ 0,R$ 666,11/10 às 03:51
"Centro_Belo Horizonte, Centro_Q1_B1",1344929602.0,Apartamento 1 quarto - Centro - Belo Horizonte/MG,R$ 485.000,R$ 0,R$ 0,11/10 às 02:32
"Lourdes_Belo Horizonte, Lourdes_Q2_B2",1344875771.0,Área Privativa / Garden com 2 quartos à venda em Belo Horizonte,R$ 1.390.000,R$ 500,R$ 500,10/10 às 21:39
"Lourdes_Belo Horizonte, Lourdes_Q2_B1",1344836465.0,APARTAMENTO - 2 QTS - 1 VG - LOURDES,R$ 810.000,R$ 500,R$ 0,10/10 às 19:34
"Lourdes_Belo Horizonte, Lourdes_Q2_B1",1344836380.0,APARTAMENTO - 2 QTS - 2 VGS - LOURDES,R$ 810.000,R$ 500,R$ 0,10/10 às 19:34
"Lourdes_Belo Horizonte, Lourdes_Q3_B3",1344682231.0,Venda Apartamento 3 quartos Lourdes Belo Horizonte,R$ 1.950.000,R$ 1.200,R$ 0,10/10 às 11:46
"Lourdes_Belo Horizonte, Lourdes_Q2_B2",1344681723.0,Locação Apartamento 2 quartos Lourdes Belo Horizonte,R$ 5.500,R$ 1.200,R$ 0,10/10 às 11:45
"Lourdes_Belo Horizonte, Lourdes_Q2_B3",1344668803.0,"Venda otimo apartamento 02 quartos, 1 suite, 77 m2 - 01 vaga - Lourdes - Bhte / Mg",R$ 1.050.000,R$ 900,R$ 3.710,10/10 às 11:29
"Lourdes_Belo Horizonte, Lourdes_Q3_B2",1344657946.0,Apartamento com Varanda - 90 m² - 3 quartos - 2 vagas - Bairro: Lourdes,R$ 890.000,R$ 1.300,R$ 304,10/10 às 11:09
"Lourdes_Belo Horizonte, Lourdes_Q2_B1",1344656803.0,Apartamento á venda no bairro,R$ 1.400.000,R$ 0,R$ 0,10/10 às 11:04
"Lourdes_Belo Horizonte, Lourdes_Q2_B1",1344638689.0,"Apartamento com 2 Quartos e 2 banheiros à Venda, 75 m² no Lourdes.",R$ 850.000,R$ 820,R$ 302,10/10 às 09:43
"Lourdes_Belo Horizonte, Lourdes_Q3_B2",1344600589.0,"Apartamento à venda, 3 quartos, 1 suíte, 2 vagas, Lourdes - Belo Horizonte/MG",R$ 1.850.000,R$ 1.700,R$ 462,10/10 às 04:12
"Lourdes_Belo Horizonte, Lourdes_Q4_B3",1344600585.0,"Apartamento à venda, 4 quartos, 1 suíte, 2 vagas, Lourdes - Belo Horizonte/MG",R$ 1.600.000,R$ 2.100,R$ 86.036,10/10 às 04:12
"Lourdes_Belo Horizonte, Lourdes_Q2_B2",1344600554.0,"Apartamento à venda, 2 quartos, 1 suíte, 1 vaga, Lourdes - Belo Horizonte/MG",R$ 1.050.000,R$ 800,R$ 33.718,10/10 às 04:11
"Lourdes_Belo Horizonte, Lourdes_Q4_B4",1344600549.0,"Apartamento à venda, 4 quartos, 2 suítes, 1 vaga, Lourdes - Belo Horizonte/MG",R$ 1.100.000,R$ 1.200,R$ 150,10/10 às 04:11
"Lourdes_Belo Horizonte, Lourdes_Q4_B2",1344597185.0,apartamento a venda contorno residence,R$ 2.490.000,R$ 1.132,R$ 600,10/10 às 03:58
"Lourdes_Belo Horizonte, Lourdes_Q1_B1",1344517180.0,Apartamento 01 quarto a venda no bairro de Lourdes em Belo Horizonte,R$ 485.000,R$ 0,R$ 0,09/10 às 20:16
"Lourdes_Belo Horizonte, Lourdes_QNone_BNone",1344351444.0,LOJA PARA LOCAÇÃO EM LOURDES.,R$ 40.000,R$ 0,R$ 4.780,09/10 às 11:34
"Lourdes_Belo Horizonte, Lourdes_Q3_B3",1344314678.0,Lourdes - Apartamento 3 quartos à venda na Anuar Donato,R$ 2.020.000,R$ 0,R$ 0,09/10 às 09:32
"Lourdes_Belo Horizonte, Lourdes_Q4_B4",1344314081.0,"Magnifico apartamento 04 quartos, 02 suítes, na melhor localização do Lourdes",R$ 1.750.000,R$ 1.000,R$ 742,09/10 às 09:31
"Lourdes_Belo Horizonte, Lourdes_Q4_B3",1344297259.0,04 QUARTOS A VENDA NO LOURDES,R$ 1.750.000,R$ 1.500,R$ 900,09/10 às 08:54
"Lourdes_Belo Horizonte, Lourdes_QNone_BNone",1344292226.0,Venda Sala Lourdes Belo Horizonte,R$ 380.000,R$ 582,R$ 267,09/10 às 08:31
"Lourdes_Belo Horizonte, Lourdes_QNone_BNone",1344270477.0,Loja para locação com 130m2 - Lourdes,R$ 6.900,R$ 250,R$ 3.300,09/10 às 07:19
"Lourdes_Belo Horizonte, Lourdes_Q3_B3",1344270265.0,Apartamento com 116m² 3 quartos no Lourdes,R$ 2.230.000,R$ 850,R$ 190,09/10 às 07:18
"Lourdes_Belo Horizonte, Lourdes_QNone_BNone",1344269402.0,Loja para locação com 113m2 - Lourdes,R$ 7.500,R$ 310,R$ 4.550,09/10 às 07:16
"Lourdes_Belo Horizonte, Lourdes_Q3_B3",1344222294.0,"Cobertura 03 quartos à venda no Lourdes, próximo a Praça Marília de Dirceu",R$ 2.500.000,R$ 2.250,R$ 7.326,09/10 às 04:24
"Centro_Belo Horizonte, Centro_QNone_BNone",1344199431.0,"Sala à venda, CENTRO - Belo Horizonte/MG",R$ 300.000,R$ 700,R$ 213,09/10 às 02:38
"Lourdes_Belo Horizonte, Lourdes_Q3_B3",1344160432.0,Lourdes - Apartamento 3 quartos à venda na Anuar Donato,R$ 1.350.000,R$ 1.061,R$ 5.286,08/10 às 23:46
"Lourdes_Belo Horizonte, Lourdes_QNone_BNone",1344160223.0,Venda Sala Lourdes Belo Horizonte,R$ 110.000,R$ 280,R$ 151,08/10 às 23:45
"Cidade Jardim_Belo Horizonte, Cidade Jardim_QNone_BNone",1344155664.0,Galpão para locação em Belo Horizonte,R$ 37.000,R$ 0,R$ 40.741,08/10 às 23:09
"Lourdes_Belo Horizonte, Lourdes_Q1_B2",1344144461.0,Cobertura Timbiras x São Paulo - Com 01 Suíte,R$ 510.000,R$ 917,R$ 2.584,08/10 às 22:22
"Lourdes_Belo Horizonte, Lourdes_Q4_B5 ou mais",1344111075.0,Cobertura na Praça Marília de Dirceu,R$ 5.900.000,R$ 3.800,R$ 0,08/10 às 20:18
"Lourdes_Belo Horizonte, Lourdes_Q3_B5 ou mais",1344101355.0,Cinematográfica cobertura no Lourdes,R$ 7.300.000,R$ 3.100,R$ 0,08/10 às 20:10
"Lourdes_Belo Horizonte, Lourdes_Q3_B3",1344066192.0,Imóvel para venda tem 110 metros quadrados com 3 quartos em Lourdes - Belo Horizonte - MG,R$ 1.350.000,R$ 1.100,R$ 470,08/10 às 18:38
"Lourdes_Belo Horizonte, Lourdes_QNone_BNone",1343381037.0,"Andar Corrido para aluguel, 5 vagas, Lourdes - Belo Horizonte/MG",R$ 20.000,R$ 4.300,R$ 22.009,05/10 às 11:24
"Lourdes_Belo Horizonte, Lourdes_Q3_B3",1343325943.0,"Apartamento para aluguel, 3 quartos, 3 suítes, 4 vagas, Lourdes - Belo Horizonte/MG",R$ 18.900,R$ 2.500,R$ 1.624,05/10 às 05:08
"Centro_Belo Horizonte, Centro_Q2_B2",1343325309.0,"Apartamento para aluguel, 2 quartos, Centro - Belo Horizonte/MG",R$ 2.000,R$ 750,R$ 1.697,05/10 às 04:53
"Centro_Belo Horizonte, Centro_QNone_BNone",1343319405.0,"Sala à venda, 35 m² por R$ 110.000,00 - Centro - Belo Horizonte/MG",R$ 110.000,R$ 0,R$ 0,05/10 às 03:28
"Lourdes_Belo Horizonte, Lourdes_Q1_B1",1343311359.0,Primeiro Housi em BH - Imovel para investidor,R$ 450.000,R$ 0,R$ 0,05/10 às 01:56
"Lourdes_Belo Horizonte, Lourdes_Q1_B1",1343311353.0,Primeiro Housi em BH - Imovel para investidor,R$ 450.000,R$ 0,R$ 0,05/10 às 01:56
"Lourdes_Belo Horizonte, Lourdes_Q2_B2",1343300084.0,"Cobertura para aluguel, 2 quartos, 1 suíte, 2 vagas, Lourdes - Belo Horizonte/MG",R$ 7.000,R$ 550,R$ 532,04/10 às 23:45
"Lourdes_Belo Horizonte, Lourdes_Q3_B2",1343295896.0,"Apartamento à venda no Lourdes | 116,16 m² - 3 quartos",R$ 2.230.000,R$ 850,R$ 190,04/10 às 23:39
"Centro_Belo Horizonte, Centro_Q2_B1",1343254341.0,Apartamento à venda no bairro Centro - Belo Horizonte/MG,R$ 880.000,R$ 0,R$ 300,04/10 às 19:54
"Lourdes_Belo Horizonte, Lourdes_Q4_B1",1343148414.0,Apartamento 4 quartos para venda no Lourdes,R$ 1.850.000,R$ 978,R$ 830,04/10 às 13:17
"Santo Agostinho_Belo Horizonte, Santo Agostinho_QNone_BNone",1343089947.0,Venda Sala Santo Agostinho Belo Horizonte,R$ 249.000,R$ 66,R$ 55,04/10 às 09:51
"Lourdes_Belo Horizonte, Lourdes_Q2_B3",1343089915.0,Venda Apartamento 2 quartos Lourdes Belo Horizonte,R$ 970.000,R$ 1.100,R$ 433,04/10 às 09:51
"Centro_Belo Horizonte, Centro_Q3_B2",1343067288.0,"Apartamento à venda, 3 quartos, 1 suíte, 1 vaga, Centro - Belo Horizonte/MG",R$ 800.000,R$ 405,R$ 0,04/10 às 08:16
"Lourdes_Belo Horizonte, Lourdes_QNone_BNone",1343040141.0,Conjunto de salas para venda no bairro Lourdes!,R$ 1.500.000,R$ 1.230,R$ 7.240,04/10 às 03:09
"Lourdes_Belo Horizonte, Lourdes_Q3_B2",1343038579.0,Apartamento com 3 quartos (1 suíte) no bairro Lourdes,R$ 1.350.000,R$ 1.122,R$ 5.286,04/10 às 02:50
"Centro_Belo Horizonte, Centro_Q1_B1",1343011903.0,APARTAMENTO DE 1 QUARTO | CENTRO,R$ 2.900,R$ 580,R$ 240,03/10 às 23:41
"Lourdes_Belo Horizonte, Lourdes_Q2_B3",1342945012.0,Ed. Trend Lourdes Residence: Linda Cobertura duplex de 110m² a venda.,R$ 1.880.000,R$ 900,R$ 16.600,03/10 às 21:18
"Lourdes_Belo Horizonte, Lourdes_Q3_B2",1342920588.0,"Apartamento à venda, 3 quartos, 1 suíte, 2 vagas, Lourdes - Belo Horizonte/MG",R$ 1.270.823,R$ 780,R$ 0,03/10 às 20:26
"Lourdes_Belo Horizonte, Lourdes_Q3_B2",1342920578.0,"Apartamento à venda, 3 quartos, 1 suíte, 2 vagas, Lourdes - Belo Horizonte/MG",R$ 1.326.880,R$ 780,R$ 0,03/10 às 20:26
"Lourdes_Belo Horizonte, Lourdes_Q2_B2",1342918142.0,Área privativa à venda 2 quartos 2 suítes 2 vagas - Lourdes,R$ 1.732.175,R$ 0,R$ 0,03/10 às 20:19
"Lourdes_Belo Horizonte, Lourdes_Q3_B3",1342901903.0,"Apartamento à venda, 3 quartos, 1 suíte, 2 vagas, Lourdes - Belo Horizonte/MG",R$ 1.270.880,R$ 991,R$ 426,03/10 às 19:51
"Lourdes_Belo Horizonte, Lourdes_Q4_B3",1342878657.0,"Apartamento à venda, 154 m² por R$ 1.600.000,00 - Lourdes - Belo Horizonte/MG",R$ 1.600.000,R$ 2.100,R$ 860,03/10 às 19:14
"Lourdes_Belo Horizonte, Lourdes_Q3_B3",1342819859.0,Apartamento com 3 quartos à venda em Lourdes - MG,R$ 1.390.000,R$ 450,R$ 270,03/10 às 17:49
"Lourdes_Belo Horizonte, Lourdes_Q2_B2",1342819776.0,Cobertura com 2 quartos à venda em Lourdes - MG,R$ 1.450.000,R$ 0,R$ 0,03/10 às 17:49
"Lourdes_Belo Horizonte, Lourdes_Q1_B1",1342788370.0,Apartamento 01 quarto a venda no bairro de Lourdes em Belo Horizonte,R$ 372.000,R$ 0,R$ 0,03/10 às 16:29
"Lourdes_Belo Horizonte, Lourdes_Q2_B3",1342604303.0,Apartamento com 2 quartos (2 suítes) no bairro Lourdes,R$ 960.000,R$ 950,R$ 300,02/10 às 16:09
"Lourdes_Belo Horizonte, Lourdes_Q4_B5 ou mais",1342570030.0,"Ed. Casa Rosada: Apartamento com 311m², 04 suítes e 04 vagas de garagens a venda.",R$ 6.900.000,R$ 5.600,R$ 30.800,02/10 às 13:57
"Lourdes_Belo Horizonte, Lourdes_Q3_B3",1342568263.0,"Cobertura para aluguel, 3 quartos, 1 suíte, 3 vagas, Lourdes - Belo Horizonte/MG",R$ 9.800,R$ 1.190,R$ 750,02/10 às 13:51
"Lourdes_Belo Horizonte, Lourdes_Q4_B3",1342513278.0,Apartamento no Lourdes para para aluguel na Ariane Imóveis,R$ 5.000,R$ 2.596,R$ 0,02/10 às 10:35
"Lourdes_Belo Horizonte, Lourdes_QNone_BNone",1342505757.0,Locação Loja Lourdes Belo Horizonte,R$ 850,R$ 140,R$ 113,02/10 às 09:59
"Lourdes_Belo Horizonte, Lourdes_Q3_B3",1342500608.0,"Cobertura à venda, 3 quartos, 1 suíte, 3 vagas, Lourdes - Belo Horizonte/MG",R$ 1.995.000,R$ 1.337,R$ 654,02/10 às 09:39
"Lourdes_Belo Horizonte, Lourdes_Q3_B2",1342488265.0,"Apartamento à venda, 3 quartos, 1 suíte, 2 vagas, Lourdes - Belo Horizonte/MG",R$ 1.350.000,R$ 1.061,R$ 5.900,02/10 às 09:07
"Lourdes_Belo Horizonte, Lourdes_QNone_BNone",1342485500.0,Loja com 3 andares separados entre si na Avenida Bias Fortes,R$ 3.200,R$ 390,R$ 354,02/10 às 08:47
"Lourdes_Belo Horizonte, Lourdes_Q2_B2",1342461329.0,Venda - APARTAMENTO - LOURDES Belo Horizonte MG,R$ 1.150.000,R$ 900,R$ 400,02/10 às 06:14
"Lourdes_Belo Horizonte, Lourdes_QNone_BNone",1342456146.0,Venda Conjunto de salas Lourdes Belo Horizonte,R$ 870.000,R$ 1.870,R$ 725,02/10 às 05:44
"Lourdes_Belo Horizonte, Lourdes_QNone_BNone",1342456153.0,Locação Sala Lourdes Belo Horizonte,R$ 2.000,R$ 676,R$ 240,02/10 às 05:44
"Lourdes_Belo Horizonte, Lourdes_Q3_B3",1342456182.0,"Ótimo apto 3 qts ste, varanda, closet , lazer 2 vagas Lourdes.",R$ 1.350.000,R$ 1.122,R$ 468,02/10 às 05:44
"Centro_Belo Horizonte, Centro_Q3_B2",1342456338.0,Venda Apartamento 3 quartos Centro Belo Horizonte,R$ 850.000,R$ 1.100,R$ 259,02/10 às 05:44
"Lourdes_Belo Horizonte, Lourdes_Q3_B3",1342450712.0,"Apartamento à venda, 120 m² por R$ 1.850.000,00 - Lourdes - Belo Horizonte/MG",R$ 1.850.000,R$ 1.700,R$ 462,02/10 às 05:27
"Lourdes_Belo Horizonte, Lourdes_Q4_B5 ou mais",1342446558.0,04 Quartos no Lourdes,R$ 2.780.000,R$ 2.000,R$ 900,02/10 às 04:31
"Santo Antônio_Belo Horizonte, Santo Antônio_QNone_BNone",1342446426.0,"Andar corrido para aluguel, 4 vagas, Lourdes - Belo Horizonte/MG",R$ 35.000,R$ 7.000,R$ 4.000,02/10 às 04:27
"Santo Antônio_Belo Horizonte, Santo Antônio_QNone_BNone",1342446421.0,"Andar corrido para aluguel, 4 vagas, Lourdes - Belo Horizonte/MG",R$ 21.000,R$ 4.500,R$ 2.600,02/10 às 04:27
"Lourdes_Belo Horizonte, Lourdes_QNone_BNone",1342438189.0,"Loja para alugar, 85 m² por R$ 9.300,00/mês - Lourdes - Belo Horizonte/MG",R$ 9.300,R$ 908,R$ 2.760,02/10 às 02:46
"Lourdes_Belo Horizonte, Lourdes_Q4_B4",1342437973.0,Linda casa de 4 quartos com 288m² - Lourdes,R$ 22.000,R$ 0,R$ 1.343,02/10 às 02:43
"Lourdes_Belo Horizonte, Lourdes_Q4_B3",1342337305.0,"APARTAMENTO, 4 QUARTOS, 393m² - LOURDES",R$ 32.000,R$ 3.600,R$ 1.900,01/10 às 18:38
"Lourdes_Belo Horizonte, Lourdes_Q2_B3",1342280783.0,APARTAMENTO DE 2 QUARTOS A VENDA NO BAIRRO LOURDES,R$ 1.050.000,R$ 800,R$ 252,01/10 às 15:11
"Lourdes_Belo Horizonte, Lourdes_Q4_B3",1342234980.0,"Apartamento à venda, 4 quartos, 1 suíte, 2 vagas, Lourdes - Belo Horizonte/MG",R$ 1.800.000,R$ 1.600,R$ 601,01/10 às 12:04
"Lourdes_Belo Horizonte, Lourdes_Q4_B3",1342234786.0,"Apartamento para aluguel, 4 quartos, 1 suíte, 2 vagas, Lourdes - Belo Horizonte/MG",R$ 6.600,R$ 1.600,R$ 601,01/10 às 12:02
"Lourdes_Belo Horizonte, Lourdes_QNone_BNone",1342150542.0,Venda Commercial / Office Belo Horizonte MG,R$ 380.000,R$ 0,R$ 0,01/10 às 04:08
"Lourdes_Belo Horizonte, Lourdes_Q2_B3",1342126317.0,Apartamento duplex - Loft | 2 quartos | Venda | Lourdes,R$ 3.500.000,R$ 510,R$ 898,30/09 às 23:45
"Lourdes_Belo Horizonte, Lourdes_Q2_B2",1342126218.0,Apartamento duplex - Loft | 2 quartos | Venda | Lourdes,R$ 3.100.000,R$ 510,R$ 890,30/09 às 23:45
"Lourdes_Belo Horizonte, Lourdes_Q4_B5 ou mais",1342118221.0,Venda Apartamento 4 quartos Lourdes Belo Horizonte,R$ 4.000.000,R$ 4.000,R$ 1.099,30/09 às 23:08
"Lourdes_Belo Horizonte, Lourdes_Q2_B2",1342003142.0,Apartamento com 2 quartos à venda em Lourdes - MG,R$ 1.050.000,R$ 0,R$ 0,30/09 às 16:18
"Lourdes_Belo Horizonte, Lourdes_Q4_B4",1342001929.0,Apartamento com 4 quartos à venda em Lourdes - MG,R$ 2.450.000,R$ 2.750,R$ 963,30/09 às 16:17
"Lourdes_Belo Horizonte, Lourdes_QNone_BNone",1342001907.0,Salas à venda em Lourdes - MG,R$ 6.405.156,R$ 0,R$ 0,30/09 às 16:16
"Lourdes_Belo Horizonte, Lourdes_Q4_B1",1342001757.0,Apartamento com 4 quartos à venda em Lourdes - MG,R$ 2.780.000,R$ 0,R$ 0,30/09 às 16:16
"Lourdes_Belo Horizonte, Lourdes_Q3_B2",1341699021.0,"Apartamento à venda em Belo Horizonte-MG, bairro Lourdes: 3 quartos, 1 suíte, 1 sala, 2 ba",R$ 1.600.000,R$ 1.530,R$ 503,29/09 às 03:42
"Lourdes_Belo Horizonte, Lourdes_Q3_B3",1341567405.0,"Apartamento à venda, 3 quartos, 1 suíte, 2 vagas, Lourdes - Belo Horizonte/MG",R$ 1.350.000,R$ 1.123,R$ 5.286,28/09 às 13:53
"Centro_Belo Horizonte, Centro_Q3_B4",1341513160.0,Venda Apartamento 3 quartos Centro Belo Horizonte,R$ 650.000,R$ 860,R$ 284,28/09 às 08:49
"Lourdes_Belo Horizonte, Lourdes_Q2_B3",1341513066.0,Venda Apartamento 2 quartos Lourdes Belo Horizonte,R$ 960.000,R$ 915,R$ 313,28/09 às 08:48
"Lourdes_Belo Horizonte, Lourdes_Q2_B2",1341485194.0,"Apartamento com 2 quartos à venda, 71 m² por R$ 1.285.000 - Lourdes - Belo Horizonte/MG",R$ 1.285.000,R$ 1.500,R$ 0,28/09 às 05:36
"Lourdes_Belo Horizonte, Lourdes_Q4_B4",1341481310.0,Apartamento Luxo Lourdes,R$ 1.950.000,R$ 978,R$ 830,28/09 às 03:56
"Lourdes_Belo Horizonte, Lourdes_Q3_B2",1341466920.0,"Apartamento de 151 m² para locação, com 3 Quartos (1 suíte) e 2 vagas, Lourdes",R$ 4.500,R$ 1.800,R$ 388,28/09 às 00:55
"Lourdes_Belo Horizonte, Lourdes_Q4_B3",1341450414.0,Venda Apartamento 4 quartos Lourdes Belo Horizonte,R$ 2.200.000,R$ 1.850,R$ 813,27/09 às 22:44
"Lourdes_Belo Horizonte, Lourdes_Q3_B3",1341404930.0,"Apartamento 3 quartos, 120m² no bairro Lourdes",R$ 1.380.000,R$ 1.599,R$ 7.164,27/09 às 19:15
"Centro_Belo Horizonte, Centro_Q3_B1",1341374885.0,Venda Apartamento 3 Dormitórios no Centro de BH - R$800.000,R$ 800.000,R$ 405,R$ 288,27/09 às 17:27
"Lourdes_Belo Horizonte, Lourdes_Q2_B2",1341325672.0,Apartamento de 3 quartos suite e lazer no Lourdes!,R$ 1.077.627,R$ 0,R$ 0,27/09 às 13:59
"Lourdes_Belo Horizonte, Lourdes_Q1_B2",1341325661.0,Apartamento de 3 quartos suite e lazer no Lourdes!,R$ 655.476,R$ 0,R$ 0,27/09 às 13:59
"Lourdes_Belo Horizonte, Lourdes_Q3_B2",1341325635.0,Apartamento de 3 quartos suite e lazer no Lourdes!,R$ 1.169.809,R$ 0,R$ 0,27/09 às 13:59
"Lourdes_Belo Horizonte, Lourdes_Q3_B3",1341325626.0,Apartamento de 3 quartos suite e lazer no Lourdes!,R$ 893.037,R$ 0,R$ 0,27/09 às 13:59
"Lourdes_Belo Horizonte, Lourdes_Q3_B2",1341322280.0,Cobertura com 3 quartos à venda - Lourdes,R$ 3.819.792,R$ 0,R$ 0,27/09 às 13:50
"Santo Agostinho_Belo Horizonte, Santo Agostinho_QNone_BNone",1341320750.0,Conjunto de salas para venda no bairro Santo Agostinho.,R$ 830.000,R$ 2.150,R$ 459,27/09 às 13:38
"Lourdes_Belo Horizonte, Lourdes_Q1_B1",1341319014.0,"Apartamento, 01 quarto, Bairro Lourdes",R$ 550.000,R$ 500,R$ 1.958,27/09 às 13:32
"Lourdes_Belo Horizonte, Lourdes_Q4_B4",1341318724.0,Área privativa com 4 quartos à venda - Lourdes,R$ 2.749.000,R$ 2.150,R$ 1.180,27/09 às 13:30
"Lourdes_Belo Horizonte, Lourdes_Q3_B2",1341314024.0,Apartamento 3 quartos à venda no Lourdes,R$ 1.425.000,R$ 850,R$ 486,27/09 às 13:13
"Lourdes_Belo Horizonte, Lourdes_Q3_B4",1341313316.0,APARTAMENTO DE 3 QUARTOS A VENDA NO BAIRRO LOURDES,R$ 2.230.000,R$ 850,R$ 190,27/09 às 13:05
"Lourdes_Belo Horizonte, Lourdes_QNone_BNone",1341251840.0,Venda Salão Lourdes Belo Horizonte,R$ 320.000,R$ 252,R$ 225,27/09 às 08:37
"Lourdes_Belo Horizonte, Lourdes_Q4_B3",1341246506.0,"Apartamento 4 Quartos à venda, 4 quartos, 2 suítes, 3 vagas, Lourdes - Belo Horizonte/MG",R$ 3.350.000,R$ 2.537,R$ 1.579,27/09 às 08:03
"Lourdes_Belo Horizonte, Lourdes_QNone_BNone",1341227101.0,"Andar para aluguel, Lourdes - Belo Horizonte/MG",R$ 31.000,R$ 0,R$ 2.108,27/09 às 06:27
"Lourdes_Belo Horizonte, Lourdes_Q1_B2",1341222315.0,"Apartamento à venda, 1 quarto, 1 suíte, 1 vaga, Lourdes - Belo Horizonte/MG",R$ 655.476,R$ 0,R$ 0,27/09 às 06:04
"Lourdes_Belo Horizonte, Lourdes_Q3_B3",1341222088.0,"Apartamento à venda, 3 quartos, 1 suíte, 2 vagas, Lourdes - Belo Horizonte/MG",R$ 893.037,R$ 0,R$ 0,27/09 às 06:02
"Lourdes_Belo Horizonte, Lourdes_Q2_B2",1341222102.0,"Apartamento à venda, 2 quartos, 1 suíte, 2 vagas, Lourdes - Belo Horizonte/MG",R$ 1.077.627,R$ 0,R$ 0,27/09 às 06:02
"Lourdes_Belo Horizonte, Lourdes_QNone_BNone",1341219040.0,Locação Sala Lourdes Belo Horizonte,R$ 5.000,R$ 849,R$ 727,27/09 às 05:39
"Lourdes_Belo Horizonte, Lourdes_QNone_BNone",1341219134.0,Locação Sala Lourdes Belo Horizonte,R$ 5.000,R$ 827,R$ 682,27/09 às 05:39
"Lourdes_Belo Horizonte, Lourdes_Q1_B1",1341203777.0,"Lançamento em Lourdes, para investir bem pagando pouco!",R$ 375.300,R$ 0,R$ 0,27/09 às 03:04
"Santo Agostinho_Belo Horizonte, Santo Agostinho_Q1_B1",1341198305.0,Flat mobiliado de 1 quarto para locação no coração de Lourdes,R$ 2.000,R$ 1.865,R$ 225,27/09 às 02:15
"Centro_Belo Horizonte, Centro_Q2_B1",1341159468.0,"Apartamento à venda, 2 quartos, Centro - Belo Horizonte/MG",R$ 410.000,R$ 665,R$ 150,26/09 às 22:08
"Lourdes_Belo Horizonte, Lourdes_Q2_B1",1341121210.0,"Apartamento com 1 Quarto e 2 banheiros à Venda, 77 m² por R$ 1.050.000",R$ 1.050.000,R$ 800,R$ 3.024,26/09 às 19:35
"Centro_Belo Horizonte, Centro_Q1_B1",1341105486.0,Aluguel - APARTAMENTO - CENTRO Belo Horizonte MG,R$ 3.790,R$ 570,R$ 240,26/09 às 19:12
"Lourdes_Belo Horizonte, Lourdes_Q2_B1",1341104820.0,"Apartamento à venda, 69 m² por R$ 980.000,00 - Lourdes - Belo Horizonte/MG",R$ 980.000,R$ 0,R$ 0,26/09 às 19:11
"Lourdes_Belo Horizonte, Lourdes_Q4_B3",1341047640.0,"Apartamento à venda, 4 quartos, 2 suítes, 5 vagas, Lourdes - Belo Horizonte/MG",R$ 5.200.000,R$ 5.000,R$ 25.461,26/09 às 15:50
"Lourdes_Belo Horizonte, Lourdes_QNone_BNone",1341008371.0,Locação Loja Lourdes Belo Horizonte,R$ 3.500,R$ 52,R$ 291,26/09 às 13:16
"Santo Agostinho_Belo Horizonte, Santo Agostinho_QNone_BNone",1341008330.0,Locação Andar-pilotis Santo Agostinho Belo Horizonte,R$ 41.040,R$ 8.485,R$ 2.021,26/09 às 13:16
"Santo Agostinho_Belo Horizonte, Santo Agostinho_QNone_BNone",1341008325.0,Locação Andar-pilotis Santo Agostinho Belo Horizonte,R$ 21.000,R$ 4.480,R$ 980,26/09 às 13:16
"Santo Agostinho_Belo Horizonte, Santo Agostinho_QNone_BNone",1341008322.0,Locação Andar-pilotis Santo Agostinho Belo Horizonte,R$ 38.475,R$ 8.208,R$ 1.795,26/09 às 13:16
"Lourdes_Belo Horizonte, Lourdes_Q3_B2",1340965598.0,"Área privativa à venda, 3 quartos, 1 suíte, 2 vagas, Lourdes - Belo Horizonte/MG",R$ 1.390.000,R$ 1.419,R$ 736,26/09 às 10:11
"Lourdes_Belo Horizonte, Lourdes_Q4_B5 ou mais",1340919157.0,"Apartamento à venda, 4 quartos no Lourdes",R$ 3.350.000,R$ 2.500,R$ 1.570,26/09 às 06:56
"Lourdes_Belo Horizonte, Lourdes_Q2_B2",1340892382.0,Apartamento com 2 Quartos e 2 banheiros a venda,R$ 1.100.000,R$ 1.100,R$ 370,26/09 às 02:15
"Lourdes_Belo Horizonte, Lourdes_Q2_B2",1340892360.0,Apartamento com 2 Quartos e 2 banheiros para locação,R$ 4.600,R$ 1.100,R$ 370,26/09 às 02:15
"Lourdes_Belo Horizonte, Lourdes_QNone_BNone",1340875042.0,Locação Sala Lourdes Belo Horizonte,R$ 1.000,R$ 296,R$ 183,25/09 às 23:54
"Lourdes_Belo Horizonte, Lourdes_QNone_BNone",1340875015.0,Locação Sala Lourdes Belo Horizonte,R$ 1.200,R$ 296,R$ 183,25/09 às 23:54
"Lourdes_Belo Horizonte, Lourdes_QNone_BNone",1340874994.0,Locação Sala Lourdes Belo Horizonte,R$ 1.200,R$ 296,R$ 183,25/09 às 23:54
"Lourdes_Belo Horizonte, Lourdes_QNone_BNone",1340874962.0,Locação Sala Lourdes Belo Horizonte,R$ 1.000,R$ 296,R$ 183,25/09 às 23:54
"Lourdes_Belo Horizonte, Lourdes_QNone_BNone",1340874898.0,Locação Sala Lourdes Belo Horizonte,R$ 1.000,R$ 296,R$ 183,25/09 às 23:54
"Lourdes_Belo Horizonte, Lourdes_QNone_BNone",1340874880.0,Locação Sala Lourdes Belo Horizonte,R$ 1.000,R$ 296,R$ 183,25/09 às 23:54
"Centro_Belo Horizonte, Centro_QNone_BNone",1340874832.0,Locação Sala Centro Belo Horizonte,R$ 1.000,R$ 712,R$ 213,25/09 às 23:54
"Lourdes_Belo Horizonte, Lourdes_Q2_B2",1340815424.0,Aluguel - APARTAMENTO - LOURDES Belo Horizonte MG,R$ 8.200,R$ 1.800,R$ 450,25/09 às 20:52
"Lourdes_Belo Horizonte, Lourdes_Q2_B2",1340718952.0,"Apartamento à venda, 2 quartos, 2 suítes, 3 vagas, Lourdes - Belo Horizonte/MG",R$ 1.550.000,R$ 1.690,R$ 6.407,25/09 às 14:25
"Lourdes_Belo Horizonte, Lourdes_QNone_BNone",1340703416.0,"Andar à venda, 4 vagas, Lourdes - Belo Horizonte/MG",R$ 2.220.000,R$ 3.100,R$ 14.600,25/09 às 13:29
"Lourdes_Belo Horizonte, Lourdes_Q2_B2",1340696245.0,"Apartamento à venda, 2 quartos, 1 suíte, Lourdes - Belo Horizonte/MG",R$ 1.050.000,R$ 800,R$ 3.070,25/09 às 13:03
"Lourdes_Belo Horizonte, Lourdes_Q0_B5 ou mais",1340692848.0,"PRÉDIO COMERCIAL DE 3.550 M2, ANDARES DE 400 M2, 56 VAGAS.CENTRO/LOURDES",R$ 39.975.950,R$ 0,R$ 132.000,25/09 às 12:42
"Lourdes_Belo Horizonte, Lourdes_QNone_BNone",1340635004.0,"Venda de Clínica Odontológica, 2 vagas, Lourdes - Belo Horizonte/MG",R$ 380.000,R$ 2.056,R$ 764,25/09 às 08:46
"Lourdes_Belo Horizonte, Lourdes_Q4_B5 ou mais",1340623273.0,Apartamento à venda no Bairro de Lourdes,R$ 3.700.000,R$ 4.500,R$ 20.512,25/09 às 07:09
"Lourdes_Belo Horizonte, Lourdes_Q0_B5 ou mais",1340613752.0,Andar Corporativo para alugar no Lourdes - Belo Horizonte/MG,R$ 20.000,R$ 4.500,R$ 25.200,25/09 às 04:37
"Lourdes_Belo Horizonte, Lourdes_Q2_B3",1340607976.0,"Apartamento com 2 quartos para alugar, 65 m² - Lourdes",R$ 5.500,R$ 671,R$ 137,25/09 às 03:00
"Centro_Belo Horizonte, Centro_Q3_B3",1340599390.0,"Apartamento à venda, 3 quartos, 1 suíte, 1 vaga, Centro - Belo Horizonte/MG",R$ 800.000,R$ 405,R$ 288,25/09 às 00:41
"Lourdes_Belo Horizonte, Lourdes_Q2_B2",1340569902.0,"Apartamento com 2 Quartos e 2 banheiros à Venda, 63 m² por R$ 1.166.000",R$ 1.166.000,R$ 770,R$ 334,24/09 às 22:24
"Lourdes_Belo Horizonte, Lourdes_Q2_B2",1340569829.0,Apartamento com 2 Quartos e 2 banheiros para locação,R$ 4.200,R$ 880,R$ 380,24/09 às 22:24
"Lourdes_Belo Horizonte, Lourdes_QNone_BNone",1340538268.0,Imóvel para aluguel e venda possui 200 metros quadrados em Centro - Belo Horizonte - MG,R$ 4.500,R$ 500,R$ 300,24/09 às 20:16
"Lourdes_Belo Horizonte, Lourdes_QNone_BNone",1340538250.0,Imóvel para aluguel e venda possui 200 metros quadrados em Centro - Belo Horizonte - MG,R$ 800.000,R$ 500,R$ 300,24/09 às 20:15
"Lourdes_Belo Horizonte, Lourdes_QNone_BNone",1340517260.0,Venda - SALA - LOURDES BELO HORIZONTE MG,R$ 380.000,R$ 583,R$ 267,24/09 às 18:54
"Lourdes_Belo Horizonte, Lourdes_QNone_BNone",1340499898.0,Escritório para venda tem 27 metros quadrados em Lourdes - Belo Horizonte - MG,R$ 320.000,R$ 560,R$ 1.584,24/09 às 17:45
"Lourdes_Belo Horizonte, Lourdes_Q2_B2",1340499212.0,Aluguel - APARTAMENTO - LOURDES Belo Horizonte MG,R$ 5.200,R$ 1.800,R$ 850,24/09 às 17:41
"Lourdes_Belo Horizonte, Lourdes_Q1_B1",1340499176.0,Venda - APARTAMENTO - LOURDES Belo Horizonte MG,R$ 380.000,R$ 0,R$ 0,24/09 às 17:41
"Lourdes_Belo Horizonte, Lourdes_Q2_B2",1340499147.0,Venda - APARTAMENTO - LOURDES Belo Horizonte MG,R$ 1.125.000,R$ 900,R$ 400,24/09 às 17:41
"Lourdes_Belo Horizonte, Lourdes_Q2_B2",1340499107.0,Venda - APARTAMENTO - LOURDES Belo Horizonte MG,R$ 1.075.000,R$ 900,R$ 400,24/09 às 17:41
"Lourdes_Belo Horizonte, Lourdes_Q1_B1",1340499076.0,Aluguel - APARTAMENTO - LOURDES Belo Horizonte MG,R$ 3.500,R$ 366,R$ 184,24/09 às 17:41
"Lourdes_Belo Horizonte, Lourdes_Q4_B4",1340490104.0,"Apartamento à venda em Belo Horizonte, Lourdes, com 4 quartos, com 311 m²",R$ 6.900.000,R$ 4.501,R$ 2.325,24/09 às 17:09
"Lourdes_Belo Horizonte, Lourdes_Q2_B3",1340464310.0,"Apartamento com área privativa, 02 quartos e 02 vagas a venda no bairro de Lourdes em Belo",R$ 870.000,R$ 0,R$ 0,24/09 às 15:40
"Lourdes_Belo Horizonte, Lourdes_Q1_B1",1340464291.0,Apartamento com 01 quarto e 01 vaga a venda no bairro de Lourdes em Belo Horizonte,R$ 840.000,R$ 0,R$ 0,24/09 às 15:40
"Lourdes_Belo Horizonte, Lourdes_Q1_B1",1340464252.0,Apartamento com 01 quarto e 01 vaga a venda no bairro de Lourdes em Belo Horizonte,R$ 820.000,R$ 0,R$ 0,24/09 às 15:40
"Lourdes_Belo Horizonte, Lourdes_QNone_BNone",1340401933.0,"Andar para aluguel, 4 vagas, Lourdes - Belo Horizonte/MG",R$ 8.235,R$ 3.100,R$ 14.600,24/09 às 12:15
"Lourdes_Belo Horizonte, Lourdes_Q4_B3",1340388647.0,"ÓTIMO APTO 151M2 , 4 QTOS , 2 SUITES ,TODO MONTADO , 3 VAGAS ,EM LOURDES.",R$ 2.220.000,R$ 1.900,R$ 8.580,24/09 às 11:20
"Centro_Belo Horizonte, Centro_Q1_B1",1340370213.0,Float: Apartamento para à venda de 1 quarto no Centro.,R$ 402.559,R$ 0,R$ 0,24/09 às 10:10
"Lourdes_Belo Horizonte, Lourdes_Q2_B2",1340340372.0,"Apartamento 2 Quartos à venda, 2 quartos, 2 suítes, 3 vagas, Lourdes - Belo Horizonte/MG",R$ 1.495.000,R$ 1.784,R$ 0,24/09 às 07:23
"Lourdes_Belo Horizonte, Lourdes_QNone_BNone",1340332350.0,Loja e Sobreloja em Galeria próximo a Praça da Liberdade - 44 m² - Bairro: Lourdes,R$ 1.100,R$ 387,R$ 0,24/09 às 06:32
"Lourdes_Belo Horizonte, Lourdes_QNone_BNone",1340332346.0,Loja e Sobreloja em Galeria próximo a Praça da Liberdade - 60 m² - Bairro: Lourdes,R$ 1.500,R$ 520,R$ 0,24/09 às 06:32
"Lourdes_Belo Horizonte, Lourdes_QNone_BNone",1340332321.0,Loja e Sobreloja em Galeria próximo a Praça da Liberdade - 80 m² - Bairro: Lourdes,R$ 2.000,R$ 550,R$ 0,24/09 às 06:31
"Lourdes_Belo Horizonte, Lourdes_QNone_BNone",1340324818.0,"Sala à venda, Lourdes - Belo Horizonte/MG",R$ 130.000,R$ 297,R$ 119,24/09 às 05:41
"Lourdes_Belo Horizonte, Lourdes_Q4_B4",1340311203.0,Casa comercial para locação no bairro de Lourdes,R$ 22.000,R$ 0,R$ 1.343,24/09 às 02:35
"Lourdes_Belo Horizonte, Lourdes_Q2_B2",1340309224.0,"Apartamento com 2 dormitórios para alugar, 60 m² por R$ 6.072,00/mês - Lourdes - Belo Hori",R$ 4.600,R$ 1.100,R$ 372,24/09 às 02:06
"Lourdes_Belo Horizonte, Lourdes_Q3_B3",1340301634.0,"Apartamento à venda, 3 quartos, 1 suíte, 2 vagas, Lourdes - Belo Horizonte/MG",R$ 1.442.866,R$ 765,R$ 0,24/09 às 00:25
"Lourdes_Belo Horizonte, Lourdes_Q3_B3",1340301629.0,"Apartamento à venda, 3 quartos, 1 suíte, 2 vagas, Lourdes - Belo Horizonte/MG",R$ 1.483.000,R$ 765,R$ 0,24/09 às 00:25
"Lourdes_Belo Horizonte, Lourdes_Q3_B3",1340301394.0,03 Quartos enfrente ao Minas Tênis Clube,R$ 1.389.000,R$ 1.741,R$ 445,24/09 às 00:23
"Lourdes_Belo Horizonte, Lourdes_Q3_B2",1340261269.0,Apartamento com 3 quartos à venda em Belo Horizonte,R$ 1.815.744,R$ 0,R$ 0,23/09 às 20:48
"Lourdes_Belo Horizonte, Lourdes_QNone_BNone",1340215585.0,Imóvel para aluguel possui 30 metros quadrados em Lourdes - Belo Horizonte - MG,R$ 3.000,R$ 0,R$ 0,23/09 às 18:29
"Lourdes_Belo Horizonte, Lourdes_Q2_B1",1340197998.0,Imóvel para aluguel possui 66 metros quadrados com 2 quartos em Lourdes - Belo Horizonte -,R$ 4.150,R$ 550,R$ 0,23/09 às 17:25
"Lourdes_Belo Horizonte, Lourdes_Q2_B1",1340197408.0,Imóvel para aluguel com 66 metros quadrados com 2 quartos em Lourdes - Belo Horizonte - MG,R$ 4.150,R$ 550,R$ 0,23/09 às 17:22
"Lourdes_Belo Horizonte, Lourdes_Q2_B3",1340189913.0,Duplex para aluguel tem 116 metros quadrados com 2 quartos em Lourdes - Belo Horizonte - M,R$ 6.500,R$ 550,R$ 0,23/09 às 17:03
"Lourdes_Belo Horizonte, Lourdes_Q4_B3",1340105196.0,"Apartamento à venda, 4 quartos, 1 suíte, 2 vagas, Lourdes - Belo Horizonte/MG",R$ 1.650.000,R$ 1.600,R$ 493,23/09 às 12:33
"Lourdes_Belo Horizonte, Lourdes_Q3_B3",1340077135.0,Imóvel para venda possui 100 metros quadrados com 3 quartos em Lourdes - Belo Horizonte - ,R$ 1.295.000,R$ 1.400,R$ 500,23/09 às 11:02
"Lourdes_Belo Horizonte, Lourdes_Q3_B2",1340076144.0,Imóvel para venda com 120 metros quadrados com 3 quartos em Lourdes - Belo Horizonte - MG,R$ 1.380.000,R$ 1.599,R$ 650,23/09 às 11:00
"Lourdes_Belo Horizonte, Lourdes_Q2_B2",1340043768.0,"Apartamento com 2 dormitórios à venda, 80 m² por R$ 580.000,00 - Lourdes - Belo Horizonte/",R$ 580.000,R$ 642,R$ 269,23/09 às 08:58
"Lourdes_Belo Horizonte, Lourdes_Q3_B2",1339877536.0,EXCLUSIVIDADE!!!  Apartamento 102 m² 3 Quartos 1 Suíte 2 Vagas PARALELAS no Lourdes,R$ 1.300.000,R$ 1,R$ 560,22/09 às 11:34
"Lourdes_Belo Horizonte, Lourdes_Q4_B3",1339837689.0,Venda Residential / Apartment Belo Horizonte MG,R$ 1.600.000,R$ 2.193,R$ 860,22/09 às 02:09
"Lourdes_Belo Horizonte, Lourdes_Q2_B2",1339761778.0,"Um empreendimento de alto padrão, para você que sonha em morar no Lourdes. Opção de 3, 2 o",R$ 890.000,R$ 0,R$ 0,21/09 às 17:02
"Lourdes_Belo Horizonte, Lourdes_Q1_B1",1339760372.0,"Um empreendimento de alto padrão, para você que sonha em morar no Lourdes. Opção de 3, 2 o",R$ 890.000,R$ 0,R$ 0,21/09 às 17:01
"Lourdes_Belo Horizonte, Lourdes_Q3_B3",1339708881.0,"Cobertura com 3 Quartos e 4 vagas à venda, por R$ 1.890.000",R$ 1.890.000,R$ 1.470,R$ 700,21/09 às 12:06
"Lourdes_Belo Horizonte, Lourdes_QNone_BNone",1339653899.0,"Sala à venda, 2 vagas, Lourdes - Belo Horizonte/MG",R$ 450.000,R$ 1.600,R$ 470,21/09 às 07:00
"Centro_Belo Horizonte, Centro_Q2_B1",1339648995.0,Excelente Apartamento Residencial à Venda Centro Sul - BH - MG,R$ 420.000,R$ 665,R$ 1.620,21/09 às 05:59
"Lourdes_Belo Horizonte, Lourdes_QNone_BNone",1339631024.0,LOJA PARA LOCAÇÃO NO BAIRRO LOURDES,R$ 45.000,R$ 0,R$ 4.800,21/09 às 03:54
"Lourdes_Belo Horizonte, Lourdes_QNone_BNone",1339614055.0,Casa comercial para locação no Lourdes/Centro,R$ 15.000,R$ 0,R$ 1.556,21/09 às 03:22
"Lourdes_Belo Horizonte, Lourdes_Q2_B2",1339585045.0,Apartamento com 2 quartos à venda em Lourdes - MG,R$ 1.034.952,R$ 1,R$ 1,21/09 às 01:23
"Lourdes_Belo Horizonte, Lourdes_Q2_B2",1339582428.0,Apartamento com 2 quartos à venda em Lourdes - MG,R$ 1.115.000,R$ 865,R$ 468,21/09 às 01:18
"Lourdes_Belo Horizonte, Lourdes_QNone_BNone",1339582041.0,Salas à venda em Lourdes - MG,R$ 1.307.140,R$ 0,R$ 0,21/09 às 01:18
"Lourdes_Belo Horizonte, Lourdes_Q2_B2",1339581328.0,Apartamento com 2 quartos à venda em Lourdes - MG,R$ 1.200.000,R$ 0,R$ 0,21/09 às 01:17
"Lourdes_Belo Horizonte, Lourdes_Q2_B2",1339580783.0,Apartamento com 2 quartos à venda em Lourdes - MG,R$ 1.850.790,R$ 1,R$ 1,21/09 às 01:16
"Lourdes_Belo Horizonte, Lourdes_Q2_B1",1339580547.0,Apartamento com 2 quartos à venda em Lourdes - MG,R$ 1.377.912,R$ 1,R$ 1,21/09 às 01:16
"Lourdes_Belo Horizonte, Lourdes_Q2_B2",1339580291.0,Apartamento com 2 quartos à venda em Lourdes - MG,R$ 1.100.000,R$ 864,R$ 468,21/09 às 01:15
"Lourdes_Belo Horizonte, Lourdes_Q5 ou mais_B4",1339580273.0,Cobertura com 5 quartos à venda em Lourdes - MG,R$ 4.100.000,R$ 2.577,R$ 1.100,21/09 às 01:15
"Lourdes_Belo Horizonte, Lourdes_Q2_B2",1339580185.0,Cobertura com 2 quartos à venda em Lourdes - MG,R$ 1.232.000,R$ 0,R$ 0,21/09 às 01:15
"Lourdes_Belo Horizonte, Lourdes_Q2_B2",1339580189.0,Cobertura com 2 quartos à venda em Lourdes - MG,R$ 1.200.000,R$ 0,R$ 0,21/09 às 01:15
"Lourdes_Belo Horizonte, Lourdes_Q2_B2",1339580107.0,Apartamento com 2 quartos à venda em Lourdes - MG,R$ 1.415.055,R$ 1,R$ 1,21/09 às 01:15
"Lourdes_Belo Horizonte, Lourdes_Q3_B3",1339579589.0,Apartamento com 3 quartos à venda em Lourdes - MG,R$ 1.070.000,R$ 0,R$ 0,21/09 às 01:14
"Lourdes_Belo Horizonte, Lourdes_Q2_B2",1339577600.0,Cobertura com 2 quartos à venda em Lourdes - MG,R$ 1.022.000,R$ 0,R$ 0,21/09 às 01:13
"Lourdes_Belo Horizonte, Lourdes_QNone_BNone",1339576857.0,Salas à venda em Lourdes - MG,R$ 5.490.000,R$ 0,R$ 4.000,21/09 às 01:13
"Lourdes_Belo Horizonte, Lourdes_Q3_B2",1339416811.0,Imóvel para venda com 98 metros quadrados com 3 quartos em Lourdes - Belo Horizonte - MG,R$ 1.100.000,R$ 1.200,R$ 600,20/09 às 18:59
"Lourdes_Belo Horizonte, Lourdes_Q3_B3",1339360677.0,Lindo apartamento 3 quartos bairro Lourdes,R$ 1.400.000,R$ 1.100,R$ 4.100,20/09 às 15:29
"Lourdes_Belo Horizonte, Lourdes_Q3_B3",1339352079.0,Lindo apartamento 3 quartos bairro Lourdes,R$ 890.000,R$ 1.300,R$ 304,20/09 às 15:05
"Lourdes_Belo Horizonte, Lourdes_Q1_B1",1339309661.0,"Studio à venda, 27 m² por R$ 392.800,00 - Lourdes - Belo Horizonte/MG",R$ 392.800,R$ 0,R$ 0,20/09 às 12:05
"Centro_Belo Horizonte, Centro_QNone_BNone",1339307957.0,"Loja para aluguel, Centro - Belo Horizonte/MG",R$ 3.120,R$ 0,R$ 1.027,20/09 às 11:50
"Lourdes_Belo Horizonte, Lourdes_Q4_B2",1339279801.0,"Apartamento á venda - Lourdes - 190 m² - 4quartos, 1 vaga - Belo Horizonte/MG - AP2040",R$ 1.490.000,R$ 1.300,R$ 482,20/09 às 10:11
"Lourdes_Belo Horizonte, Lourdes_Q0_BNone",1339236906.0,Prédio com 13 andares para alugar no bairro de Lourdes OPORTUNIDADE,R$ 130.000,R$ 0,R$ 0,20/09 às 05:40
"Lourdes_Belo Horizonte, Lourdes_QNone_BNone",1339237011.0,Venda Commercial / Building Belo Horizonte MG,R$ 2.500.000,R$ 0,R$ 0,20/09 às 05:40
"Lourdes_Belo Horizonte, Lourdes_Q4_B5 ou mais",1339230744.0,"Apartamento com 4 dormitórios à venda, 307 m² por R$ 5.200.000,00 - Lourdes - Belo Horizon",R$ 5.200.000,R$ 5.000,R$ 2.100,20/09 às 05:16
"Lourdes_Belo Horizonte, Lourdes_Q4_B2",1339230516.0,"Apartamento à venda, 4 quartos, 1 suíte, 1 vaga, Lourdes - Belo Horizonte/MG",R$ 950.000,R$ 450,R$ 0,20/09 às 05:14
"Lourdes_Belo Horizonte, Lourdes_Q3_B2",1339230489.0,"Apartamento à venda, 3 quartos, 1 suíte, 2 vagas, Lourdes - Belo Horizonte/MG",R$ 1.185.000,R$ 1.700,R$ 0,20/09 às 05:14
"Lourdes_Belo Horizonte, Lourdes_Q4_B3",1339230494.0,"Apartamento à venda, 4 quartos, 1 suíte, 2 vagas, Lourdes - Belo Horizonte/MG",R$ 1.600.000,R$ 2.100,R$ 0,20/09 às 05:14
"Centro_Belo Horizonte, Centro_Q2_B2",1339201772.0,Apartamento com 2 quartos à venda em Belo Horizonte,R$ 480.000,R$ 1.020,R$ 201,20/09 às 00:51
"Lourdes_Belo Horizonte, Lourdes_Q1_B2",1339191192.0,"Apartamento com 1 Quarto e 2 banheiros à Venda, 27 m²",R$ 450.000,R$ 594,R$ 1.944,19/09 às 23:37
"Lourdes_Belo Horizonte, Lourdes_Q3_B5 ou mais",1339190889.0,"Apartamento com 3 quartos, 150M², à venda em Belo Horizonte",R$ 3.000.000,R$ 0,R$ 0,19/09 às 23:36
"Lourdes_Belo Horizonte, Lourdes_Q2_B2",1339181007.0,Imóvel para venda com 65 metros quadrados com 2 quartos em Lourdes - Belo Horizonte - MG,R$ 1.150.000,R$ 900,R$ 390,19/09 às 23:06
"Lourdes_Belo Horizonte, Lourdes_Q4_B5 ou mais",1339166295.0,"Apartamento 04 quartos à venda no Lourdes, próximo ao Minas Tênis Clube",R$ 3.290.000,R$ 0,R$ 0,19/09 às 22:26
"Lourdes_Belo Horizonte, Lourdes_Q3_B1",1339162355.0,"Novo 3 quartos decorado à venda, em Lourdes - Belo Horizonte - MG",R$ 1.550.000,R$ 1.530,R$ 480,19/09 às 22:08
"Lourdes_Belo Horizonte, Lourdes_Q3_B2",1338992570.0,"Apartamento à venda, 3 quartos, 1 suíte, 2 vagas, Lourdes - Belo Horizonte/MG",R$ 1.480.000,R$ 1.000,R$ 536,19/09 às 11:25
"Lourdes_Belo Horizonte, Lourdes_Q3_B2",1338929482.0,"Cobertura à venda, 3 quartos, 1 suíte, 3 vagas, Lourdes - Belo Horizonte/MG",R$ 1.995.000,R$ 1.470,R$ 0,19/09 às 04:54
"Lourdes_Belo Horizonte, Lourdes_Q2_B2",1338928835.0,APARTAMENTO 2 QUARTOS PARA LOCAÇÃO NO BAIRRO LOURDES,R$ 4.000,R$ 550,R$ 0,19/09 às 04:54
"Lourdes_Belo Horizonte, Lourdes_Q4_B4",1338928361.0,APARTAMENTO DE 4 QUARTOS PARA LOCAÇÃO NO LOURDES,R$ 28.000,R$ 2.500,R$ 1.578,19/09 às 04:52
"Santo Antônio_Belo Horizonte, Santo Antônio_QNone_BNone",1338928568.0,LOJA COMERCIAL PARA ALUGUEL NO SANTO ANTÔNIO,R$ 10.000,R$ 0,R$ 122,19/09 às 04:52
"Cidade Jardim_Belo Horizonte, Cidade Jardim_Q4_B4",1338925483.0,"apartamento a venda de 205m2, 4 quartos codigo: 84028",R$ 2.350.000,R$ 1.000,R$ 100,19/09 às 04:35
"Lourdes_Belo Horizonte, Lourdes_Q4_B4",1338924234.0,"Apartamento para locação em Belo Horizonte, Lourdes, com 4 quartos, com 430 m²",R$ 30.000,R$ 3.328,R$ 1.724,19/09 às 04:24
"Lourdes_Belo Horizonte, Lourdes_Q4_B3",1338891079.0,"Apartamento 4 quartos, 2 suites e 3 vagas no lourdes",R$ 2.200.000,R$ 1.600,R$ 4.200,18/09 às 23:13
"Lourdes_Belo Horizonte, Lourdes_Q4_B4",1338888359.0,Cobertura a venda em Lourdes.,R$ 1.400.000,R$ 850,R$ 635,18/09 às 22:58
"Lourdes_Belo Horizonte, Lourdes_Q3_B2",1338816844.0,Área privativa à venda no bairro de Lourdes,R$ 3.545.775,R$ 0,R$ 0,18/09 às 19:23
"Lourdes_Belo Horizonte, Lourdes_Q2_B2",1338816558.0,Apartamento à venda no bairro Santo Agostinho,R$ 1.266.285,R$ 0,R$ 0,18/09 às 19:23
"Lourdes_Belo Horizonte, Lourdes_Q3_B2",1338782976.0,APARTAMENTO - 3 QTS - 2 VGS - LOURDES,R$ 1.100.000,R$ 1.730,R$ 423,18/09 às 17:06
"Lourdes_Belo Horizonte, Lourdes_Q3_B3",1338750953.0,Oportunidade em ponto nobre!,R$ 1.430.000,R$ 1.500,R$ 0,18/09 às 15:21
"Cidade Jardim_Belo Horizonte, Cidade Jardim_Q3_B4",1338718257.0,"Apartamento Garden com 3 dormitórios à venda, 244 m² por R$ 2.400.000,00 - Santo Antonio -",R$ 2.400.000,R$ 650,R$ 740,18/09 às 13:08
"Lourdes_Belo Horizonte, Lourdes_Q3_B3",1338674153.0,Locação Apartamento 3 quartos Lourdes Belo Horizonte,R$ 5.500,R$ 1.550,R$ 496,18/09 às 10:21
"Centro_Belo Horizonte, Centro_Q3_B3",1338654705.0,Edifício Santa Monica: Apartamento com 150m° e 03 quartos mobiliado para locação.,R$ 7.000,R$ 950,R$ 283,18/09 às 08:53
"Lourdes_Belo Horizonte, Lourdes_QNone_BNone",1338637852.0,Andar para alugar na Savassi,R$ 8.235,R$ 3.100,R$ 1.217,18/09 às 07:20
"Lourdes_Belo Horizonte, Lourdes_QNone_BNone",1338588274.0,Aluguel - SALA - LOURDES BELO HORIZONTE MG,R$ 1.300,R$ 1.215,R$ 300,17/09 às 22:53
"Lourdes_Belo Horizonte, Lourdes_Q2_B2",1338582584.0,"COBERTURA Á VENDA - 100,70 m² - LOURDES - BELO HORIZONTE (MG)",R$ 1.000.000,R$ 477,R$ 402,17/09 às 22:19
"Lourdes_Belo Horizonte, Lourdes_Q3_B3",1338554402.0,Lindo Apartamento Área Privativa 128m2 com 3 quartos e 2 vagas,R$ 1.390.000,R$ 500,R$ 0,17/09 às 20:55
"Lourdes_Belo Horizonte, Lourdes_Q3_B2",1338420787.0,Lourdes - Apartamento 3 quartos à venda na Anuar Donato,R$ 2.100.000,R$ 0,R$ 0,17/09 às 13:24
"Lourdes_Belo Horizonte, Lourdes_Q2_B3",1338420739.0,Lourdes - Apartamento 2 quartos à venda na Anuar Donato,R$ 1.277.141,R$ 0,R$ 0,17/09 às 13:23
"Lourdes_Belo Horizonte, Lourdes_QNone_BNone",1338420490.0,Lourdes - Sala(s) à venda na Anuar Donato,R$ 275.000,R$ 508,R$ 1.702,17/09 às 13:22
"Lourdes_Belo Horizonte, Lourdes_Q3_B2",1338420459.0,Lourdes - Apartamento 3 quartos à venda na Anuar Donato,R$ 2.541.357,R$ 1.500,R$ 0,17/09 às 13:22
"Lourdes_Belo Horizonte, Lourdes_Q2_B3",1338420451.0,Lourdes - Apartamento 2 quartos à venda na Anuar Donato,R$ 2.359.000,R$ 0,R$ 0,17/09 às 13:22
"Lourdes_Belo Horizonte, Lourdes_Q3_B2",1338420447.0,Lourdes - Apartamento 3 quartos à venda na Anuar Donato,R$ 1.938.540,R$ 750,R$ 450,17/09 às 13:22
"Lourdes_Belo Horizonte, Lourdes_Q2_B2",1338420423.0,Lourdes - Apartamento 2 quartos à venda na Anuar Donato,R$ 1.604.709,R$ 1.500,R$ 0,17/09 às 13:22
"Lourdes_Belo Horizonte, Lourdes_Q3_B2",1338420371.0,Lourdes - Apartamento 3 quartos à venda na Anuar Donato,R$ 2.631.266,R$ 1.500,R$ 0,17/09 às 13:21
"Lourdes_Belo Horizonte, Lourdes_Q3_B3",1338415767.0,Imóvel para venda possui 98 metros quadrados com 3 quartos em Lourdes - Belo Horizonte - M,R$ 1.450.000,R$ 1.450,R$ 700,17/09 às 13:16
"Centro_Belo Horizonte, Centro_Q3_B2",1338414695.0,Lourdes - Apartamento 3 quartos à venda na Anuar Donato,R$ 1.197.943,R$ 0,R$ 0,17/09 às 13:14
"Lourdes_Belo Horizonte, Lourdes_Q2_B3",1338414584.0,Lourdes - Apto Área Privativa 2 quartos à venda na Anuar Donato,R$ 3.784.996,R$ 0,R$ 0,17/09 às 13:13
"Lourdes_Belo Horizonte, Lourdes_QNone_BNone",1338414346.0,Lourdes - Sala(s) à venda na Anuar Donato,R$ 270.000,R$ 544,R$ 151,17/09 às 13:13
"Lourdes_Belo Horizonte, Lourdes_Q2_B2",1338414351.0,Lourdes - Apto Área Privativa 2 quartos à venda na Anuar Donato,R$ 1.644.290,R$ 0,R$ 0,17/09 às 13:13
"Lourdes_Belo Horizonte, Lourdes_Q3_B2",1338414392.0,Lourdes - Apto Área Privativa 3 quartos à venda na Anuar Donato,R$ 3.205.800,R$ 0,R$ 0,17/09 às 13:13
"Lourdes_Belo Horizonte, Lourdes_Q2_B3",1338414439.0,Lourdes - Apartamento 2 quartos à venda na Anuar Donato,R$ 1.330.321,R$ 0,R$ 0,17/09 às 13:13
"Centro_Belo Horizonte, Centro_Q3_B2",1338414484.0,Lourdes - Apartamento 3 quartos à venda na Anuar Donato,R$ 1.027.489,R$ 0,R$ 0,17/09 às 13:13
"Lourdes_Belo Horizonte, Lourdes_QNone_BNone",1338414561.0,Lourdes - Loja à venda na Anuar Donato,R$ 260.000,R$ 199,R$ 1.258,17/09 às 13:13
"Lourdes_Belo Horizonte, Lourdes_Q3_B2",1338414274.0,Lourdes - Apartamento 3 quartos à venda na Anuar Donato,R$ 2.521.596,R$ 0,R$ 0,17/09 às 13:13
"Lourdes_Belo Horizonte, Lourdes_Q2_B3",1338414107.0,Lourdes - Apartamento 2 quartos à venda na Anuar Donato,R$ 1.582.167,R$ 0,R$ 0,17/09 às 13:12
"Cidade Jardim_Belo Horizonte, Cidade Jardim_Q4_B2",1338414101.0,Cidade Jardim - Apartamento 4 quartos à venda na Anuar Donato,R$ 2.780.000,R$ 0,R$ 0,17/09 às 13:11
"Lourdes_Belo Horizonte, Lourdes_Q3_B1",1338414069.0,Lourdes - Apartamento 3 quartos à venda na Anuar Donato,R$ 1.326.880,R$ 0,R$ 0,17/09 às 13:11
"Lourdes_Belo Horizonte, Lourdes_Q3_B2",1338414010.0,Lourdes - Apartamento 3 quartos à venda na Anuar Donato,R$ 2.200.000,R$ 0,R$ 0,17/09 às 13:11
"Centro_Belo Horizonte, Centro_Q3_B2",1338413969.0,Lourdes - Apartamento 3 quartos à venda na Anuar Donato,R$ 1.157.254,R$ 0,R$ 0,17/09 às 13:11
"Lourdes_Belo Horizonte, Lourdes_Q3_B2",1338413949.0,Lourdes - Apartamento 3 quartos à venda na Anuar Donato,R$ 2.329.300,R$ 750,R$ 450,17/09 às 13:11
"Lourdes_Belo Horizonte, Lourdes_Q3_B2",1338413804.0,Lourdes - Apartamento 3 quartos à venda na Anuar Donato,R$ 2.535.837,R$ 1.500,R$ 0,17/09 às 13:10
"Lourdes_Belo Horizonte, Lourdes_Q3_B2",1338413342.0,Lourdes - Apartamento 3 quartos à venda na Anuar Donato,R$ 2.786.488,R$ 1.500,R$ 0,17/09 às 13:10
"Lourdes_Belo Horizonte, Lourdes_Q2_B1",1338413358.0,Lourdes - Apto Área Privativa 2 quartos à venda na Anuar Donato,R$ 1.650.000,R$ 0,R$ 0,17/09 às 13:10
"Centro_Belo Horizonte, Centro_Q1_B2",1338413380.0,Lourdes - Apartamento 1 quarto à venda na Anuar Donato,R$ 655.476,R$ 0,R$ 0,17/09 às 13:10
"Lourdes_Belo Horizonte, Lourdes_Q2_B2",1338413429.0,Lourdes - Apartamento 2 quartos à venda na Anuar Donato,R$ 1.699.960,R$ 750,R$ 450,17/09 às 13:10
"Lourdes_Belo Horizonte, Lourdes_QNone_BNone",1338413448.0,Lourdes - Sala(s) à venda na Anuar Donato,R$ 180.000,R$ 403,R$ 1.628,17/09 às 13:10
"Lourdes_Belo Horizonte, Lourdes_Q4_B4",1338413490.0,Lourdes - Cobertura 4 quartos à venda na Anuar Donato,R$ 7.159.854,R$ 2.400,R$ 0,17/09 às 13:10
"Centro_Belo Horizonte, Centro_Q2_B2",1338413523.0,Lourdes - Apartamento 2 quartos à venda na Anuar Donato,R$ 976.520,R$ 0,R$ 0,17/09 às 13:10
"Lourdes_Belo Horizonte, Lourdes_Q4_B3",1338413524.0,Santo Agostinho - Apartamento 4 quartos à venda na Anuar Donato,R$ 3.166.925,R$ 1.500,R$ 0,17/09 às 13:10
"Lourdes_Belo Horizonte, Lourdes_Q2_B2",1338413532.0,Lourdes - Apartamento 2 quartos à venda na Anuar Donato,R$ 1.556.576,R$ 1.500,R$ 0,17/09 às 13:10
"Lourdes_Belo Horizonte, Lourdes_Q1_B3",1338413547.0,Santo Agostinho - Apartamento 1 quarto à venda na Anuar Donato,R$ 862.096,R$ 700,R$ 0,17/09 às 13:10
"Lourdes_Belo Horizonte, Lourdes_Q4_B4",1338413551.0,Lourdes - Apartamento 4 quartos à venda na Anuar Donato,R$ 3.315.774,R$ 2.400,R$ 0,17/09 às 13:10
"Centro_Belo Horizonte, Centro_Q3_B2",1338413559.0,Lourdes - Apartamento 3 quartos à venda na Anuar Donato,R$ 1.170.307,R$ 0,R$ 0,17/09 às 13:10
"Lourdes_Belo Horizonte, Lourdes_Q4_B4",1338413594.0,Lourdes - Cobertura 4 quartos à venda na Anuar Donato,R$ 5.590.646,R$ 2.400,R$ 0,17/09 às 13:10
"Lourdes_Belo Horizonte, Lourdes_Q4_B4",1338413645.0,Lourdes - Apartamento 4 quartos à venda na Anuar Donato,R$ 3.555.094,R$ 2.400,R$ 0,17/09 às 13:10
"Lourdes_Belo Horizonte, Lourdes_QNone_BNone",1338413647.0,Lourdes - Sala(s) à venda na Anuar Donato,R$ 160.000,R$ 377,R$ 1.562,17/09 às 13:10
"Cidade Jardim_Belo Horizonte, Cidade Jardim_Q4_B2",1338413654.0,Cidade Jardim - Apto Área Privativa 4 quartos à venda na Anuar Donato,R$ 3.930.000,R$ 0,R$ 0,17/09 às 13:10
"Centro_Belo Horizonte, Centro_Q1_B2",1338413682.0,Lourdes - Apartamento 1 quarto à venda na Anuar Donato,R$ 893.037,R$ 0,R$ 0,17/09 às 13:10
"Lourdes_Belo Horizonte, Lourdes_Q3_B2",1338413691.0,Lourdes - Apto Área Privativa 3 quartos à venda na Anuar Donato,R$ 2.769.360,R$ 0,R$ 0,17/09 às 13:10
"Lourdes_Belo Horizonte, Lourdes_Q2_B2",1338413297.0,Lourdes - Apartamento 2 quartos à venda na Anuar Donato,R$ 1.654.520,R$ 750,R$ 450,17/09 às 13:10
"Lourdes_Belo Horizonte, Lourdes_Q3_B2",1338413299.0,Lourdes - Apto Área Privativa 3 quartos à venda na Anuar Donato,R$ 2.453.041,R$ 1.500,R$ 0,17/09 às 13:10
"Centro_Belo Horizonte, Centro_Q3_B2",1338413310.0,Lourdes - Apartamento 3 quartos à venda na Anuar Donato,R$ 1.077.627,R$ 0,R$ 0,17/09 às 13:10
"Lourdes_Belo Horizonte, Lourdes_Q3_B1",1338413313.0,Lourdes - Cobertura 3 quartos à venda na Anuar Donato,R$ 1.690.000,R$ 0,R$ 0,17/09 às 13:10
"Lourdes_Belo Horizonte, Lourdes_Q4_B3",1338413318.0,Santo Agostinho - Apartamento 4 quartos à venda na Anuar Donato,R$ 3.048.315,R$ 1.500,R$ 0,17/09 às 13:10
"Lourdes_Belo Horizonte, Lourdes_QNone_BNone",1338413118.0,Lourdes - Sala(s) à venda na Anuar Donato,R$ 150.000,R$ 403,R$ 1.628,17/09 às 13:10
"Lourdes_Belo Horizonte, Lourdes_Q2_B2",1338413101.0,Lourdes - Apartamento 2 quartos à venda na Anuar Donato,R$ 1.856.780,R$ 750,R$ 450,17/09 às 13:10
"Lourdes_Belo Horizonte, Lourdes_Q3_B2",1338413077.0,Lourdes - Apartamento 3 quartos à venda na Anuar Donato,R$ 2.249.240,R$ 750,R$ 450,17/09 às 13:10
"Lourdes_Belo Horizonte, Lourdes_Q3_B3",1338412988.0,Lourdes - Apto Área Privativa 3 quartos à venda na Anuar Donato,R$ 2.500.000,R$ 0,R$ 0,17/09 às 13:09
"Centro_Belo Horizonte, Centro_Q3_B2",1338412948.0,Lourdes - Apartamento 3 quartos à venda na Anuar Donato,R$ 1.170.171,R$ 0,R$ 0,17/09 às 13:09
"Lourdes_Belo Horizonte, Lourdes_Q3_B3",1338412926.0,Lourdes - Apartamento 3 quartos à venda na Anuar Donato,R$ 1.800.000,R$ 0,R$ 0,17/09 às 13:09
"Centro_Belo Horizonte, Centro_Q3_B2",1338412899.0,Lourdes - Apartamento 3 quartos à venda na Anuar Donato,R$ 1.169.809,R$ 0,R$ 0,17/09 às 13:09
"Lourdes_Belo Horizonte, Lourdes_Q2_B2",1338412840.0,Lourdes - Apto Área Privativa 2 quartos à venda na Anuar Donato,R$ 1.941.197,R$ 1.500,R$ 0,17/09 às 13:09
"Lourdes_Belo Horizonte, Lourdes_Q4_B4",1338400233.0,Venda Dúplex Lourdes Belo Horizonte,R$ 1.700.000,R$ 864,R$ 250,17/09 às 12:41
"Lourdes_Belo Horizonte, Lourdes_QNone_BNone",1338349321.0,Locação Sala Lourdes Belo Horizonte,R$ 1.200,R$ 180,R$ 124,17/09 às 09:14
"Lourdes_Belo Horizonte, Lourdes_Q2_B1",1338315989.0,"Apartamento com 2 dormitórios para alugar, 56 m² por R$ 5.565,00/mês - Lourdes - Belo Hori",R$ 4.200,R$ 1.000,R$ 365,17/09 às 03:52
"Lourdes_Belo Horizonte, Lourdes_Q3_B3",1338307154.0,Venda Apartamento 3 quartos Lourdes Belo Horizonte,R$ 900.000,R$ 850,R$ 126,17/09 às 01:20
"Lourdes_Belo Horizonte, Lourdes_Q3_B3",1338253240.0,"Lindo apartamento 3 quartos, Bairro Lourdes",R$ 2.100.000,R$ 1.500,R$ 0,16/09 às 20:29
"Cidade Jardim_Belo Horizonte, Cidade Jardim_Q4_B5 ou mais",1338246840.0,Apartamento com área privativa no Cidade Jardim,R$ 4.100.000,R$ 0,R$ 0,16/09 às 20:11
"Cidade Jardim_Belo Horizonte, Cidade Jardim_Q5 ou mais_B5 ou mais",1338246830.0,Ótima cobertura de Luxo no Cidade Jardim,R$ 5.100.000,R$ 0,R$ 0,16/09 às 20:11
"Centro_Belo Horizonte, Centro_Q2_B2",1338233945.0,Imóvel para venda com 84m Centro - Primor Imóveis BH.,R$ 315.000,R$ 642,R$ 145,16/09 às 19:53
"Lourdes_Belo Horizonte, Lourdes_Q3_B3",1338193561.0,"Apartamento 03 quartos à venda em Lourdes, Próximo à Praça da Liberdade",R$ 2.020.000,R$ 0,R$ 0,16/09 às 18:46
"Lourdes_Belo Horizonte, Lourdes_Q4_B4",1338165722.0,Imóvel para venda tem 151 metros quadrados com 4 quartos em Lourdes - Belo Horizonte - MG,R$ 2.200.000,R$ 2.900,R$ 8.500,16/09 às 17:52
"Lourdes_Belo Horizonte, Lourdes_Q4_B4",1338111390.0,Apartamento para aluguel com 04 quartos no bairro de Lourdes próximo a Praça da Liberdade,R$ 3.600.000,R$ 3.600,R$ 15.218,16/09 às 15:16
"Lourdes_Belo Horizonte, Lourdes_Q4_B4",1337994002.0,APARTAMENTO 4 QUARTOS À VENDA NO BAIRRO DE LOURDES,R$ 2.800.000,R$ 1.132,R$ 0,16/09 às 05:52
"Lourdes_Belo Horizonte, Lourdes_Q4_B4",1337993999.0,APARTAMENTO 4 QUARTOS À VENDA NO BAIRRO DE LOURDES,R$ 2.550.000,R$ 1.132,R$ 0,16/09 às 05:52
"Lourdes_Belo Horizonte, Lourdes_Q4_B3",1337823637.0,Apartamento 04 quartos / Lourdes (BH) - Locação,R$ 8.000,R$ 1.850,R$ 670,15/09 às 01:49
"Lourdes_Belo Horizonte, Lourdes_Q1_B1",1337621507.0,Venda Apartamento 1 quarto Lourdes Belo Horizonte,R$ 340.000,R$ 607,R$ 123,14/09 às 03:43
"Lourdes_Belo Horizonte, Lourdes_Q2_B2",1337615869.0,"Apartamento 2 e 3 suítes, 75m² a 128m², 2 vagas de garagem, à venda - Lourdes",R$ 1.556.576,R$ 0,R$ 0,14/09 às 02:24
"Lourdes_Belo Horizonte, Lourdes_Q3_B3",1337615801.0,"Apartamento 2 e 3 suítes, 75m² a 128m², 2 vagas de garagem, à venda - Lourdes",R$ 2.631.266,R$ 0,R$ 0,14/09 às 02:23
"Lourdes_Belo Horizonte, Lourdes_Q3_B3",1337615763.0,"Apartamento 2 e 3 suítes, 75m² a 128m², 2 vagas de garagem, à venda - Lourdes",R$ 3.139.266,R$ 0,R$ 0,14/09 às 02:23
"Lourdes_Belo Horizonte, Lourdes_Q2_B2",1337615216.0,"Apartamento 2 e 3 suítes, 75m² a 128m², 2 vagas de garagem, à venda - Lourdes",R$ 1.941.197,R$ 0,R$ 0,14/09 às 02:16
"Lourdes_Belo Horizonte, Lourdes_Q4_B4",1337599672.0,Venda Apartamento 4 quartos Lourdes Belo Horizonte,R$ 1.900.000,R$ 1.700,R$ 506,13/09 às 23:12
"Lourdes_Belo Horizonte, Lourdes_QNone_BNone",1337596102.0,SALA PARA ALUGAR NO BAIRRO DE LOURDES,R$ 800,R$ 580,R$ 157,13/09 às 22:48
"Lourdes_Belo Horizonte, Lourdes_QNone_BNone",1337596046.0,Locacao Loja Lourdes/Belo Horizonte MG Brasil,R$ 1.000,R$ 151,R$ 112,13/09 às 22:48
"Lourdes_Belo Horizonte, Lourdes_QNone_BNone",1337521571.0,Excelente loja comercial no Bairro Lourdes!,R$ 19.000,R$ 0,R$ 1.500,13/09 às 16:50
"Lourdes_Belo Horizonte, Lourdes_Q2_B4",1337462049.0,2 SUITES LOURDES,R$ 5.000,R$ 2.075,R$ 934,13/09 às 13:31
"Lourdes_Belo Horizonte, Lourdes_Q3_B1",1337439472.0,"Apartamento em Lourdes, BH: 3 Dorms, 188m² - Venda R$1.995.000",R$ 1.995.000,R$ 1.470,R$ 655,13/09 às 12:06
"Lourdes_Belo Horizonte, Lourdes_QNone_BNone",1337424403.0,Andar com 74 m² para alugar no Bairro de Lourdes,R$ 3.300,R$ 0,R$ 5.306,13/09 às 11:12
"Lourdes_Belo Horizonte, Lourdes_QNone_BNone",1337369882.0,"Andar corrido para aluguel, Lourdes - Belo Horizonte/MG",R$ 6.000,R$ 2.223,R$ 792,13/09 às 08:26
"Lourdes_Belo Horizonte, Lourdes_QNone_BNone",1337369577.0,"Andar corrido para aluguel, Lourdes - Belo Horizonte/MG",R$ 6.000,R$ 2.204,R$ 787,13/09 às 08:23
"Lourdes_Belo Horizonte, Lourdes_Q2_B2",1337347132.0,"Apartamento à venda no bairro Lourdes | 62,60 m² - 2 quartos",R$ 1.157.397,R$ 0,R$ 0,13/09 às 05:21
"Lourdes_Belo Horizonte, Lourdes_Q2_B2",1337347123.0,"Apartamento à venda no Lourdes | 62,60 ² - 2 quartos",R$ 1.058.162,R$ 0,R$ 0,13/09 às 05:21
"Lourdes_Belo Horizonte, Lourdes_Q3_B2",1337345746.0,"Apartamento com 3 dormitórios à venda, 109 m² por R$ 2.250.000,00 - Lourdes - Belo Horizon",R$ 2.250.000,R$ 0,R$ 0,13/09 às 04:40
"Lourdes_Belo Horizonte, Lourdes_Q2_B1",1337338054.0,"Apartamento com 2 dormitórios à venda, 80 m² por R$ 760.000,00 - Lourdes - Belo Horizonte/",R$ 760.000,R$ 929,R$ 3.219,13/09 às 04:06
"Lourdes_Belo Horizonte, Lourdes_Q2_B3",1337331679.0,"Apartamento à venda, 2 quartos, 1 suíte, 2 vagas, Lourdes - Belo Horizonte/MG",R$ 1.200.000,R$ 1.130,R$ 418,13/09 às 03:11
"Lourdes_Belo Horizonte, Lourdes_Q4_B4",1337277266.0,Alto Luxo no Lourdes,R$ 18.000,R$ 2.750,R$ 1.550,12/09 às 20:50
"Lourdes_Belo Horizonte, Lourdes_Q1_B1",1337265421.0,"Apartamento com 1 dormitório à venda, 25 m² por R$ 364.000,00 - Lourdes - Belo Horizonte/M",R$ 364.000,R$ 0,R$ 0,12/09 às 19:51
"Lourdes_Belo Horizonte, Lourdes_Q3_B2",1337172136.0,Apto 3quartos 135m2 Lourdes 01 vaga,R$ 985.000,R$ 1.200,R$ 0,12/09 às 15:19
"Lourdes_Belo Horizonte, Lourdes_Q2_B2",1337157938.0,Apartamento com 2 quartos à venda em Belo Horizonte,R$ 1.400.000,R$ 1.500,R$ 500,12/09 às 14:39
"Centro_Belo Horizonte, Centro_Q4_B2",1337115420.0,APARTAMENTO - 4 QTS - 1 VG - CENTRO,R$ 750.000,R$ 1.080,R$ 305,12/09 às 12:28
"Lourdes_Belo Horizonte, Lourdes_Q3_B3",1337073525.0,Imóvel para venda tem 110 metros quadrados com 3 quartos em Lourdes - Belo Horizonte - MG,R$ 1.350.000,R$ 1.350,R$ 488,12/09 às 10:39
"Lourdes_Belo Horizonte, Lourdes_Q2_B2",1337065180.0,Imóvel para venda possui 120 metros quadrados com 2 quartos em Lourdes - Belo Horizonte - ,R$ 1.100.000,R$ 550,R$ 320,12/09 às 10:11
"Cidade Jardim_Belo Horizonte, Cidade Jardim_Q4_B5 ou mais",1337021785.0,APARTAMENTO DE 4 QUARTOS À VENDA NO BAIRRO LOURDES,R$ 2.600.000,R$ 2.800,R$ 500,12/09 às 06:19
"Lourdes_Belo Horizonte, Lourdes_Q4_B3",1337001937.0,Apartamento 4 quartos no bairro Lourdes em BH,R$ 1.600.000,R$ 2.100,R$ 860,12/09 às 01:59
"Lourdes_Belo Horizonte, Lourdes_Q3_B2",1337000555.0,Apartamento para aluguel 3 quartos 1 suíte 1 vaga - Lourdes,R$ 4.800,R$ 1.100,R$ 235,12/09 às 01:34
"Cidade Jardim_Belo Horizonte, Cidade Jardim_Q4_B4",1336998596.0,"apartamento a venda de 205m2, 4 quartos codigo: 83168",R$ 2.900.000,R$ 1.000,R$ 100,12/09 às 01:24
"Cidade Jardim_Belo Horizonte, Cidade Jardim_Q4_B4",1336998583.0,"Apartamento com 205m2, a venda no bairro Cidade Jardim codigo: 83159",R$ 2.860.000,R$ 1.000,R$ 100,12/09 às 01:24
"Lourdes_Belo Horizonte, Lourdes_Q4_B3",1336996395.0,"Apto 04 qtos, 02 suítes, varanda, 03 vagas. Lourdes. BH/MG",R$ 1.750.000,R$ 1.000,R$ 10.340,12/09 às 01:03
"Lourdes_Belo Horizonte, Lourdes_Q4_B5 ou mais",1336972986.0,Venda Apartamento 4 quartos Lourdes Belo Horizonte,R$ 2.640.000,R$ 2.650,R$ 1.231,11/09 às 22:01
"Lourdes_Belo Horizonte, Lourdes_QNone_BNone",1336972867.0,Venda Sala Lourdes Belo Horizonte,R$ 509.250,R$ 1.603,R$ 463,11/09 às 22:01
"Lourdes_Belo Horizonte, Lourdes_Q2_B3",1336972801.0,Venda Apartamento 2 quartos Lourdes Belo Horizonte,R$ 780.000,R$ 1.100,R$ 280,11/09 às 22:01
"Lourdes_Belo Horizonte, Lourdes_QNone_BNone",1336857201.0,Sala / Conjunto com 1 quarto para alugar em Belo Horizonte,R$ 850,R$ 360,R$ 150,11/09 às 14:36
"Lourdes_Belo Horizonte, Lourdes_Q3_B2",1336824237.0,Excelente área privativa no Santo Agostinho,R$ 1.490.000,R$ 500,R$ 0,11/09 às 12:42
"Lourdes_Belo Horizonte, Lourdes_Q1_B2",1336816452.0,Cobertura bairro Lourdes.,R$ 1.550.000,R$ 0,R$ 0,11/09 às 12:29
"Lourdes_Belo Horizonte, Lourdes_Q4_B4",1336816378.0,Excelente apartamento Bairro Lourdes,R$ 1.850.000,R$ 2.100,R$ 0,11/09 às 12:29
"Lourdes_Belo Horizonte, Lourdes_QNone_BNone",1336816358.0,Sala corporativa - Bairro lourdes,R$ 1.384.480,R$ 0,R$ 0,11/09 às 12:29
"Lourdes_Belo Horizonte, Lourdes_Q3_B2",1336815240.0,Ótimo apartamento de alto padrão no Bairro Lourdes,R$ 2.230.000,R$ 850,R$ 190,11/09 às 12:26
"Lourdes_Belo Horizonte, Lourdes_Q2_B3",1336814547.0,Ótimo apartamento no Bairro Lourdes.,R$ 1.280.000,R$ 332,R$ 327,11/09 às 12:24
"Lourdes_Belo Horizonte, Lourdes_Q4_B2",1336703878.0,"Apartamento com 4 dormitórios à venda, 160 m² por R$ 1.600.000,00 - Lourdes - Belo Horizon",R$ 1.600.000,R$ 1.700,R$ 0,11/09 às 04:24
"Lourdes_Belo Horizonte, Lourdes_Q2_B3",1336695487.0,Venda Apartamento 2 quartos Lourdes Belo Horizonte,R$ 780.000,R$ 1.100,R$ 280,11/09 às 02:41
"Centro_Belo Horizonte, Centro_QNone_BNone",1336693108.0,"Loja à venda, Centro - Belo Horizonte/MG",R$ 5.200.000,R$ 0,R$ 0,11/09 às 01:50
"Lourdes_Belo Horizonte, Lourdes_Q4_B4",1336692101.0,"Apartamento de 370m², 4 quartos, 2 suítes, para alugar no Lourdes.",R$ 14.450,R$ 3.000,R$ 1.000,11/09 às 01:31
"Lourdes_Belo Horizonte, Lourdes_Q3_B5 ou mais",1336613609.0,Apartamento 3 Quartos no Lourdes Edifício Rotarte,R$ 2.190.000,R$ 1.600,R$ 7.500,10/09 às 19:54
"Lourdes_Belo Horizonte, Lourdes_Q2_B3",1336608888.0,"Apartamento à venda, 2 quartos, 1 suíte, Lourdes - Belo Horizonte/MG",R$ 1.895.663,R$ 0,R$ 0,10/09 às 19:30
"Lourdes_Belo Horizonte, Lourdes_Q3_B3",1336543505.0,"Apartamento com 3 dormitórios à venda, 90 m² por R$ 1.450.000,00 - Lourdes - Belo Horizont",R$ 1.450.000,R$ 1.100,R$ 8.462,10/09 às 16:11
"Lourdes_Belo Horizonte, Lourdes_QNone_BNone",1336435596.0,"Loja para aluguel, Lourdes - Belo Horizonte/MG",R$ 15.000,R$ 0,R$ 9.704,10/09 às 11:53
"Lourdes_Belo Horizonte, Lourdes_Q4_B2",1336358958.0,Aluguel - APARTAMENTO - LOURDES Belo Horizonte MG,R$ 28.000,R$ 2.500,R$ 1.580,10/09 às 02:59
"Lourdes_Belo Horizonte, Lourdes_Q1_B1",1335777296.0,APARTAMENTO DE 01 QUARTO 45M2 DISPONÍVEL PARA VENDA,R$ 550.000,R$ 420,R$ 198,07/09 às 09:43
"Lourdes_Belo Horizonte, Lourdes_QNone_BNone",1335757755.0,Aluguel Commercial / Loja Belo Horizonte MG,R$ 9.900,R$ 908,R$ 230,07/09 às 06:44
"Lourdes_Belo Horizonte, Lourdes_QNone_BNone",1335757704.0,Aluguel Commercial / Loja Belo Horizonte MG,R$ 9.900,R$ 908,R$ 230,07/09 às 06:43
"Lourdes_Belo Horizonte, Lourdes_QNone_BNone",1335755033.0,"Andar corrido para aluguel, Lourdes - Belo Horizonte/MG",R$ 3.800,R$ 1.900,R$ 480,07/09 às 05:58
"Lourdes_Belo Horizonte, Lourdes_Q4_B4",1335727288.0,Apartamento à venda no bairro Lourdes,R$ 2.900.000,R$ 3.000,R$ 10.096,07/09 às 00:47
"Lourdes_Belo Horizonte, Lourdes_Q3_B3",1335727137.0,Venda - APARTAMENTO - LOURDES BELO HORIZONTE MG,R$ 1.185.000,R$ 1.700,R$ 462,07/09 às 00:46
"Cidade Jardim_Belo Horizonte, Cidade Jardim_QNone_BNone",1335726481.0,Venda Sala Cidade Jardim Belo Horizonte,R$ 120.000,R$ 300,R$ 180,07/09 às 00:40
"Santo Antônio_Belo Horizonte, Santo Antônio_QNone_BNone",1335726411.0,Venda Garagem Santo Antônio Belo Horizonte,R$ 50.000,R$ 238,R$ 29,07/09 às 00:39
"Lourdes_Belo Horizonte, Lourdes_Q3_B2",1335726242.0,Venda Apartamento 3 quartos Lourdes Belo Horizonte,R$ 800.000,R$ 437,R$ 236,07/09 às 00:38
"Lourdes_Belo Horizonte, Lourdes_Q2_B3",1335574131.0,"Moderno duplex semi mobiliado, 2 quartos, 90 m²,  1º aluguel, em Lourdes - Belo Horizonte ",R$ 1.600.000,R$ 1.784,R$ 582,06/09 às 13:09
"Lourdes_Belo Horizonte, Lourdes_Q2_B2",1335554940.0,"Apartamento à venda, 2 quartos, 1 suíte, 1 vaga, Lourdes - Belo Horizonte/MG",R$ 1.050.000,R$ 800,R$ 0,06/09 às 11:55
"Lourdes_Belo Horizonte, Lourdes_Q4_B5 ou mais",1335548412.0,"Apartamento à venda, 4 quartos, 4 suítes, 5 vagas, Lourdes - Belo Horizonte/MG",R$ 5.500.000,R$ 5.200,R$ 0,06/09 às 11:32
"Lourdes_Belo Horizonte, Lourdes_Q2_B2",1335511541.0,"Apartamento à venda, 2 quartos, 1 suíte, 1 vaga, Lourdes - Belo Horizonte/MG",R$ 1.050.000,R$ 800,R$ 3.710,06/09 às 09:02
"Lourdes_Belo Horizonte, Lourdes_Q3_B3",1335489824.0,Venda Apartamento 3 quartos Lourdes Belo Horizonte,R$ 1.450.000,R$ 1.418,R$ 769,06/09 às 06:11
"Lourdes_Belo Horizonte, Lourdes_Q4_B4",1335483929.0,Apartamento com 4 quartos (3 suítes) no bairro Lourdes,R$ 1.850.000,R$ 900,R$ 9.126,06/09 às 05:10
"Lourdes_Belo Horizonte, Lourdes_Q4_B5 ou mais",1335471108.0,"Apartamento 4 Quartos à venda, 4 quartos, 4 suítes, 4 vagas, Lourdes - Belo Horizonte/MG",R$ 4.500.000,R$ 3.554,R$ 1.920,06/09 às 03:04
"Lourdes_Belo Horizonte, Lourdes_QNone_BNone",1335465707.0,Venda ou locação Loja Lourdes Belo Horizonte,R$ 390.000,R$ 330,R$ 154,06/09 às 01:56
"Lourdes_Belo Horizonte, Lourdes_QNone_BNone",1335465693.0,Venda ou locação Loja Lourdes Belo Horizonte,R$ 1.950,R$ 330,R$ 154,06/09 às 01:56
"Lourdes_Belo Horizonte, Lourdes_Q3_B2",1335465278.0,"COBERTURA 3 QUARTOS,100² - LOURDES",R$ 1.750.000,R$ 650,R$ 280,06/09 às 01:49
"Lourdes_Belo Horizonte, Lourdes_Q4_B4",1335465275.0,"APARTAMENTO, 4 QUARTOS, 373m², - LOURDES",R$ 3.000.000,R$ 4.900,R$ 1.230,06/09 às 01:49
"Lourdes_Belo Horizonte, Lourdes_Q4_B4",1335325727.0,"Apartamento 04 quartos à venda em Lourdes, próximo ao Minas Tênis Clube",R$ 1.850.000,R$ 942,R$ 9.125,05/09 às 14:34
"Lourdes_Belo Horizonte, Lourdes_Q3_B3",1335201991.0,"Apartamento à venda, 109 m² por R$ 2.521.596,00 - Lourdes - Belo Horizonte/MG",R$ 2.521.596,R$ 0,R$ 0,05/09 às 06:45
"Lourdes_Belo Horizonte, Lourdes_Q3_B2",1335166464.0,Aluguel - APARTAMENTO - LOURDES Belo Horizonte MG,R$ 6.200,R$ 2.700,R$ 1.000,05/09 às 00:26
"Lourdes_Belo Horizonte, Lourdes_Q2_B2",1335164510.0,Apartamento para aluguel 2 quartos 1 suíte 1 vaga - Lourdes,R$ 4.300,R$ 845,R$ 303,05/09 às 00:09
"Centro_Belo Horizonte, Centro_QNone_BNone",1335063942.0,LOJA DE GALERIA  NO CENTRO      ALUGUEL,R$ 280.000,R$ 840,R$ 260,04/09 às 16:49
"Lourdes_Belo Horizonte, Lourdes_Q4_B2",1335049966.0,Imóvel para venda com 130 metros quadrados com 4 quartos em Lourdes - Belo Horizonte - MG,R$ 2.550.000,R$ 1.132,R$ 10,04/09 às 16:00
"Lourdes_Belo Horizonte, Lourdes_Q1_B1",1334961347.0,APTO 1 QUARTO LOURDES PROX. PRAÇA DA LIBERDADE,R$ 600.000,R$ 820,R$ 247,04/09 às 11:38
"Lourdes_Belo Horizonte, Lourdes_Q3_B3",1334875759.0,"Apartamento Garden à venda, 93 m² por R$ 2.769.360,00 - Lourdes - Belo Horizonte/MG",R$ 2.769.360,R$ 0,R$ 0,04/09 às 06:52
"Lourdes_Belo Horizonte, Lourdes_Q3_B3",1334875748.0,"Apartamento Garden à venda, 111 m² por R$ 3.205.800,00 - Lourdes - Belo Horizonte/MG",R$ 3.205.800,R$ 0,R$ 0,04/09 às 06:52
"Lourdes_Belo Horizonte, Lourdes_Q2_B2",1334870802.0,Venda Residential / Apartment Belo Horizonte MG,R$ 770.000,R$ 1.090,R$ 380,04/09 às 05:36
"Lourdes_Belo Horizonte, Lourdes_Q3_B3",1334842234.0,Venda Residential / Apartment Belo Horizonte MG,R$ 1.100.000,R$ 1.200,R$ 520,04/09 às 00:12
"Centro_Belo Horizonte, Centro_Q3_B2",1334842232.0,Venda Residential / Apartment Belo Horizonte MG,R$ 265.000,R$ 790,R$ 120,04/09 às 00:12
"Lourdes_Belo Horizonte, Lourdes_Q2_B2",1334753076.0,"Apartamento à venda, 2 quartos, 1 suíte, 1 vaga, Lourdes - Belo Horizonte/MG",R$ 830.000,R$ 0,R$ 0,03/09 às 18:01
"Centro_Belo Horizonte, Centro_Q1_B1",1334644581.0,Aluguel - APARTAMENTO - CENTRO Belo Horizonte MG,R$ 3.790,R$ 570,R$ 240,03/09 às 12:17
"Lourdes_Belo Horizonte, Lourdes_Q1_B1",1334631231.0,Apartamento à venda 1 quarto 1 suíte 1 vaga - Lourdes,R$ 873.850,R$ 0,R$ 0,03/09 às 11:41
"Lourdes_Belo Horizonte, Lourdes_Q1_B1",1334630796.0,Apartamento à venda 1 quarto 1 suíte 1 vaga - Lourdes,R$ 862.096,R$ 0,R$ 0,03/09 às 11:41
"Lourdes_Belo Horizonte, Lourdes_Q2_B2",1334552573.0,"Loft à venda, 2 quartos, 2 suítes, 1 vaga, Lourdes - Belo Horizonte/MG",R$ 3.500.000,R$ 0,R$ 0,03/09 às 06:02
"Lourdes_Belo Horizonte, Lourdes_Q2_B2",1334552208.0,"Loft à venda, 2 quartos, 2 suítes, 1 vaga, Lourdes - Belo Horizonte/MG",R$ 3.100.000,R$ 0,R$ 0,03/09 às 06:01
"Lourdes_Belo Horizonte, Lourdes_Q2_B3",1334519203.0,Lourdes - Apartamento 2 quartos à venda na Anuar Donato,R$ 1.450.000,R$ 1.584,R$ 6.043,03/09 às 01:43
"Lourdes_Belo Horizonte, Lourdes_Q2_B2",1334433876.0,Lançamento 2 quartos Lourdes,R$ 4.600,R$ 868,R$ 321,02/09 às 19:06
"Lourdes_Belo Horizonte, Lourdes_Q2_B1",1334433826.0,Ótimo Apartamento 2 Quartos Lourdes 54m²,R$ 4.200,R$ 825,R$ 315,02/09 às 19:06
"Lourdes_Belo Horizonte, Lourdes_QNone_BNone",1334382228.0,Loja para aluguel no Lourdes - Belo Horizonte - MG,R$ 1.800,R$ 0,R$ 1.140,02/09 às 16:40
"Lourdes_Belo Horizonte, Lourdes_Q4_B3",1334003530.0,"Apartamento de luxo à venda em Belo Horizonte-MG, no bairro Lourdes: 4 quartos, 2 suítes, ",R$ 2.550.000,R$ 0,R$ 0,01/09 às 02:49
"Lourdes_Belo Horizonte, Lourdes_QNone_BNone",1333865340.0,Venda Commercial / Loja Belo Horizonte MG,R$ 1.550.000,R$ 2.360,R$ 657,31/08 às 12:21
"Lourdes_Belo Horizonte, Lourdes_QNone_BNone",1333859636.0,LOJA DE 165m2 NO BAIRRO DE LOURDES,R$ 8.000,R$ 530,R$ 550,31/08 às 11:59
"Lourdes_Belo Horizonte, Lourdes_Q4_B4",1333817780.0,"Área privativa à venda, 4 quartos, 2 suítes, 4 vagas, Lourdes - Belo Horizonte/MG",R$ 5.200.000,R$ 3.000,R$ 1.640,31/08 às 07:27
"Lourdes_Belo Horizonte, Lourdes_Q2_B1",1333814169.0,Apartamento 2 quartos suíte Bairro de Lourdes,R$ 1.115.000,R$ 786,R$ 468,31/08 às 07:03
"Lourdes_Belo Horizonte, Lourdes_Q4_B5 ou mais",1333796845.0,"Edifício Dom Rafaelo Sanzio: Apartamento de 436m², 04 quartos, 04 suítes, varanda e 03 vag",R$ 4.500.000,R$ 3.720,R$ 1.300,31/08 às 02:50
"Centro_Belo Horizonte, Centro_QNone_BNone",1333792566.0,"Imóvel Comercial à Venda no Centro de BH: 1 Quarto, 2 Salas, 2 Banheiros, 250m² de Área",R$ 450.000,R$ 0,R$ 0,31/08 às 02:27
"Lourdes_Belo Horizonte, Lourdes_Q4_B3",1333792496.0,"Apartamento à venda em Belo Horizonte-MG, Lourdes: 4 quartos, 2 suítes, 130,94m², 4 vagas ",R$ 2.800.000,R$ 0,R$ 0,31/08 às 02:27
"Cidade Jardim_Belo Horizonte, Cidade Jardim_Q3_B2",1333766536.0,"Apartamento à venda, 3 quartos, 1 suíte, 2 vagas, Cidade Jardim - Belo Horizonte/MG",R$ 1.049.800,R$ 0,R$ 0,30/08 às 23:15
"Cidade Jardim_Belo Horizonte, Cidade Jardim_Q2_B2",1333766459.0,"Apartamento à venda, 2 quartos, 1 suíte, 1 vaga, Cidade Jardim - Belo Horizonte/MG",R$ 777.300,R$ 0,R$ 0,30/08 às 23:11
"Cidade Jardim_Belo Horizonte, Cidade Jardim_Q3_B2",1333756602.0,"Apartamento à venda, 3 quartos, 1 suíte, 2 vagas, Cidade Jardim - Belo Horizonte/MG",R$ 1.207.600,R$ 0,R$ 0,30/08 às 21:55
"Cidade Jardim_Belo Horizonte, Cidade Jardim_Q2_B2",1333754311.0,"Apartamento com área privativa à venda, 2 quartos, 1 suíte, 1 vaga, Cidade Jardim - Belo H",R$ 957.200,R$ 0,R$ 0,30/08 às 21:50
"Centro_Belo Horizonte, Centro_QNone_BNone",1333733716.0,"Ponto comercial para aluguel, 14 vagas, Centro - Belo Horizonte/MG",R$ 75.000,R$ 0,R$ 0,30/08 às 21:20
"Lourdes_Belo Horizonte, Lourdes_QNone_BNone",1333599138.0,"Andar para aluguel, Lourdes - Belo Horizonte/MG",R$ 33.500,R$ 0,R$ 2.108,30/08 às 13:04
"Centro_Belo Horizonte, Centro_QNone_BNone",1333584461.0,Venda Sala Centro Belo Horizonte,R$ 65.000,R$ 0,R$ 116,30/08 às 12:21
"Lourdes_Belo Horizonte, Lourdes_Q4_B5 ou mais",1333572693.0,APARTAMENTO - 4 QTS - 3 VGS - LOURDES,R$ 2.550.000,R$ 3.500,R$ 997,30/08 às 11:47
"Lourdes_Belo Horizonte, Lourdes_Q3_B2",1333570132.0,Apartamento à venda no bairro Lourdes,R$ 1.090.000,R$ 1.276,R$ 3.190,30/08 às 11:35
"Lourdes_Belo Horizonte, Lourdes_Q4_B3",1333568401.0,"APARTAMENTO 4 QUARTOS, 228m² - LOURDES",R$ 26.500,R$ 2.500,R$ 1.570,30/08 às 11:28
"Lourdes_Belo Horizonte, Lourdes_Q3_B2",1333546661.0,"Apartamento, 3 quartos, 1 suite - Lourdes",R$ 1.250.000,R$ 1.700,R$ 462,30/08 às 10:46
"Lourdes_Belo Horizonte, Lourdes_Q2_B1",1333520863.0,"Apartamento à venda, 2 quartos, 1 suíte, 2 vagas, Lourdes - Belo Horizonte/MG",R$ 1.115.000,R$ 786,R$ 0,30/08 às 09:48
"Lourdes_Belo Horizonte, Lourdes_Q4_B5 ou mais",1333507376.0,"Cobertura 04 quartos à venda no Lourdes, próximo ao Minas Tênis Clube.",R$ 5.600.000,R$ 0,R$ 0,30/08 às 09:02
"Lourdes_Belo Horizonte, Lourdes_Q2_B2",1333506824.0,"Área privativa 02 quartos à venda em Lourdes, próximo ao Diamond Mall",R$ 1.645.000,R$ 850,R$ 0,30/08 às 09:00
"Lourdes_Belo Horizonte, Lourdes_Q2_B2",1333506797.0,"Cobertura 02 quartos à venda em Lourdes, próximo ao Diamond Mall",R$ 1.675.000,R$ 850,R$ 0,30/08 às 08:59
"Lourdes_Belo Horizonte, Lourdes_Q2_B2",1333506731.0,"Apartamento 02 quartos à venda em Lourdes, próximo ao Diamond Mall",R$ 1.208.000,R$ 800,R$ 0,30/08 às 08:59
"Lourdes_Belo Horizonte, Lourdes_Q1_B2",1333483085.0,"Cobertura Tophouse - R$ 1.550.000,00 - 90m² - Lourdes",R$ 1.550.000,R$ 1.200,R$ 0,30/08 às 02:55
"Lourdes_Belo Horizonte, Lourdes_Q4_B3",1333482608.0,Lourdes - Apartamento 4 quartos à venda na Anuar Donato,R$ 1.915.000,R$ 1.775,R$ 5.989,30/08 às 02:49
"Lourdes_Belo Horizonte, Lourdes_QNone_BNone",1333476384.0,"ALUGUEL PONTO COMERCIAL - 415,M2 - BAIRRO: LOURDES",R$ 6.360.000,R$ 0,R$ 958,30/08 às 02:35
"Centro_Belo Horizonte, Centro_QNone_BNone",1333362020.0,Sala comercial Metrópoles,R$ 5.960,R$ 1.935,R$ 169,29/08 às 20:07
"Lourdes_Belo Horizonte, Lourdes_Q1_B1",1333353247.0,"Apartamento 1 Quarto para aluguel, 1 quarto, 1 vaga, Lourdes - Belo Horizonte/MG",R$ 2.800,R$ 763,R$ 356,29/08 às 19:31
"Lourdes_Belo Horizonte, Lourdes_QNone_BNone",1333336123.0,"Conjunto de Salas para aluguel, Lourdes - Belo Horizonte/MG",R$ 3.500,R$ 1.500,R$ 7,29/08 às 18:33
"Lourdes_Belo Horizonte, Lourdes_Q3_B2",1333283067.0,Venda Apartamento 3 quartos Lourdes Belo Horizonte,R$ 1.510.000,R$ 750,R$ 540,29/08 às 14:43
"Lourdes_Belo Horizonte, Lourdes_Q4_B3",1333215610.0,"Apartamento à venda no Lourdes, 152 m² com 4 quartos, 1 suite, 2 vagas",R$ 1.600.000,R$ 2.100,R$ 860,29/08 às 10:22
"Lourdes_Belo Horizonte, Lourdes_Q1_B1",1333207091.0,"Cobertura à venda, 1 quarto, 1 suíte, 2 vagas, Lourdes - Belo Horizonte/MG",R$ 998.000,R$ 450,R$ 0,29/08 às 09:53
"Lourdes_Belo Horizonte, Lourdes_QNone_BNone",1333196533.0,"Sala à venda, Lourdes - Belo Horizonte/MG",R$ 100.000,R$ 250,R$ 1.558,29/08 às 09:06
"Lourdes_Belo Horizonte, Lourdes_Q0_B5 ou mais",1333188422.0,"Prédio para aluguel, 56 vagas, Lourdes - Belo Horizonte/MG",R$ 180.000,R$ 0,R$ 770.000,29/08 às 08:29
"Lourdes_Belo Horizonte, Lourdes_Q2_B2",1333162091.0,Lourdes - Apartamento 2 quartos à venda na Anuar Donato,R$ 1.157.397,R$ 400,R$ 0,29/08 às 03:52
"Lourdes_Belo Horizonte, Lourdes_Q2_B2",1333161918.0,Lourdes - Apartamento 2 quartos à venda na Anuar Donato,R$ 1.050.654,R$ 400,R$ 0,29/08 às 03:49
"Lourdes_Belo Horizonte, Lourdes_Q2_B2",1333161669.0,Lourdes - Apartamento 2 quartos à venda na Anuar Donato,R$ 1.012.066,R$ 400,R$ 0,29/08 às 03:47
"Lourdes_Belo Horizonte, Lourdes_Q2_B2",1333159046.0,"Apartamento 2 Quartos à venda, 2 quartos, 1 suíte, 1 vaga, Lourdes - Belo Horizonte/MG",R$ 760.000,R$ 929,R$ 293,29/08 às 03:28
"Lourdes_Belo Horizonte, Lourdes_QNone_BNone",1333157301.0,"Loja para aluguel, 3 vagas, Lourdes - Belo Horizonte/MG",R$ 33.000,R$ 0,R$ 21.584,29/08 às 03:10
"Lourdes_Belo Horizonte, Lourdes_QNone_BNone",1333156176.0,Ed Otávio Scarpelli: Loja para para aluguel de no Lourdes.,R$ 19.000,R$ 0,R$ 0,29/08 às 02:57
"Lourdes_Belo Horizonte, Lourdes_Q2_B3",1333153195.0,Apartamento para aluguel 2 quartos 2 suítes 2 vagas - Lourdes,R$ 13.500,R$ 1.250,R$ 732,29/08 às 02:47
"Lourdes_Belo Horizonte, Lourdes_Q3_B3",1333148445.0,"Apartamento 3 Quartos à venda, 3 quartos, 1 suíte, 1 vaga, Lourdes - Belo Horizonte/MG",R$ 700.000,R$ 350,R$ 185,29/08 às 02:06
"Lourdes_Belo Horizonte, Lourdes_QNone_BNone",1333060425.0,Grande oportunidade no bairro de Lourdes!!,R$ 30.000,R$ 0,R$ 1.350,28/08 às 18:58
"Lourdes_Belo Horizonte, Lourdes_QNone_BNone",1333059156.0,"Loja Comercial, no bairro de Lourdes com 313,87m2.",R$ 19.500,R$ 0,R$ 0,28/08 às 18:56
"Lourdes_Belo Horizonte, Lourdes_QNone_BNone",1333019221.0,ANDAR-PILOTIS,R$ 795.000,R$ 1.584,R$ 1.510,28/08 às 17:10
"Cidade Jardim_Belo Horizonte, Cidade Jardim_Q1_B1",1333015237.0,APRT-HOTEL Mercure Belo Horizonte Lourdes A VENDA,R$ 490.000,R$ 1.300,R$ 4.000,28/08 às 16:55
"Lourdes_Belo Horizonte, Lourdes_Q3_B5 ou mais",1332884428.0,Imóvel para venda possui 231 metros quadrados com 3 quartos em Lourdes - Belo Horizonte - ,R$ 5.950.000,R$ 3.000,R$ 25.300,28/08 às 10:42
"Lourdes_Belo Horizonte, Lourdes_Q2_B1",1332882319.0,"Cobertura à venda, 2 quartos, 1 suíte, 1 vaga, LOURDES - Belo Horizonte/MG",R$ 980.000,R$ 580,R$ 292,28/08 às 10:36
"Lourdes_Belo Horizonte, Lourdes_Q2_B2",1332837679.0,"Apartamento à venda, 2 quartos, 1 suíte, 2 vagas, Lourdes - Belo Horizonte/MG",R$ 1.050.000,R$ 350,R$ 0,28/08 às 07:06
"Lourdes_Belo Horizonte, Lourdes_Q2_B2",1332832113.0,"Apartamento à venda, 2 quartos, 1 suíte, 2 vagas, Lourdes - Belo Horizonte/MG",R$ 960.000,R$ 1.228,R$ 4.487,28/08 às 06:06
"Santo Antônio_Belo Horizonte, Santo Antônio_QNone_BNone",1332828656.0,Venda Conjunto de salas Santo Antônio Belo Horizonte,R$ 599.000,R$ 835,R$ 347,28/08 às 05:33
"Lourdes_Belo Horizonte, Lourdes_Q2_B2",1332818620.0,Venda Apartamento 2 quartos Lourdes Belo Horizonte,R$ 700.000,R$ 330,R$ 214,28/08 às 02:16
"Lourdes_Belo Horizonte, Lourdes_Q3_B3",1332818389.0,"Lourdes Home Style - Apartamento em Lourdes, Belo Horizonte/MG",R$ 1.299.000,R$ 1.200,R$ 460,28/08 às 02:13
"Lourdes_Belo Horizonte, Lourdes_Q4_B4",1332817191.0,"Apartamento à venda, 4 quartos, 1 suíte, 2 vagas, Lourdes - Belo Horizonte/MG",R$ 1.690.000,R$ 1.462,R$ 6.256,28/08 às 01:52
"Santo Agostinho_Belo Horizonte, Santo Agostinho_QNone_BNone",1332817062.0,"Sala à venda, 1 vaga, Lourdes - Belo Horizonte/MG",R$ 490.000,R$ 1.310,R$ 306,28/08 às 01:50
"Santo Agostinho_Belo Horizonte, Santo Agostinho_QNone_BNone",1332817049.0,"Sala para aluguel, 1 vaga, Lourdes - Belo Horizonte/MG",R$ 1.600,R$ 1.310,R$ 306,28/08 às 01:50
"Cidade Jardim_Belo Horizonte, Cidade Jardim_Q4_B2",1332816297.0,Venda - APARTAMENTO - SANTO AGOSTINHO Belo Horizonte MG,R$ 1.400.000,R$ 1.500,R$ 290,28/08 às 01:43
"Lourdes_Belo Horizonte, Lourdes_Q2_B2",1332814620.0,Lourdes - Apartamento 2 quartos à venda na Anuar Donato,R$ 1.145.116,R$ 940,R$ 415,28/08 às 01:32
"Lourdes_Belo Horizonte, Lourdes_Q2_B2",1332814160.0,Lourdes - Apartamento 2 quartos à venda na Anuar Donato,R$ 1.144.569,R$ 940,R$ 415,28/08 às 01:29
"Lourdes_Belo Horizonte, Lourdes_QNone_BNone",1332811412.0,Aluguel - ANDAR - LOURDES Belo Horizonte MG,R$ 18.000,R$ 2.900,R$ 982,28/08 às 01:18
"Lourdes_Belo Horizonte, Lourdes_Q1_B2",1332788796.0,Cobertura à venda no Lourdes,R$ 980.000,R$ 580,R$ 380,27/08 às 23:05
"Lourdes_Belo Horizonte, Lourdes_Q4_B5 ou mais",1332788697.0,"Apartamento com 4 dormitórios à venda, 400 m² - Lourdes - Belo Horizonte/MG",R$ 6.000.000,R$ 6.000,R$ 2.150,27/08 às 23:04
"Lourdes_Belo Horizonte, Lourdes_QNone_BNone",1332529117.0,LOJA DE 130m2 NO BAIRRO DE LOURDES,R$ 6.900,R$ 350,R$ 409,27/08 às 07:37
"Lourdes_Belo Horizonte, Lourdes_QNone_BNone",1332528688.0,LOJA DE 113m2 NO BAIRRO DE LOURDES,R$ 7.500,R$ 410,R$ 435,27/08 às 07:32
"Lourdes_Belo Horizonte, Lourdes_Q3_B3",1332525259.0,"Cobertura à venda, 3 quartos, 2 suítes, 2 vagas, Lourdes - Belo Horizonte/MG",R$ 1.750.000,R$ 650,R$ 0,27/08 às 07:04
"Lourdes_Belo Horizonte, Lourdes_Q4_B4",1332525074.0,"Apartamento à venda, 4 quartos, 4 suítes, 4 vagas, Lourdes - Belo Horizonte/MG",R$ 7.800.000,R$ 4.500,R$ 28.273,27/08 às 07:02
"Lourdes_Belo Horizonte, Lourdes_Q2_B3",1332500556.0,"Excelente Cobertura Tophouse no Lourdes à venda por R$ 1.600.000,0",R$ 1.600.000,R$ 200,R$ 0,27/08 às 01:43
"Lourdes_Belo Horizonte, Lourdes_Q2_B2",1332497276.0,Aluguel - APARTAMENTO - LOURDES Belo Horizonte MG,R$ 4.600,R$ 880,R$ 390,27/08 às 01:11
"Lourdes_Belo Horizonte, Lourdes_Q2_B1",1332496166.0,Aluguel - APARTAMENTO - LOURDES Belo Horizonte MG,R$ 4.200,R$ 880,R$ 365,27/08 às 01:04
"Lourdes_Belo Horizonte, Lourdes_QNone_BNone",1332483671.0,Loja para locação 320m² - Bairro Lourdes,R$ 28.000,R$ 0,R$ 1.750,27/08 às 00:13
"Lourdes_Belo Horizonte, Lourdes_Q2_B3",1332310228.0,Aluguel - APARTAMENTO - LOURDES Belo Horizonte MG,R$ 13.500,R$ 1.250,R$ 732,26/08 às 12:59
"Lourdes_Belo Horizonte, Lourdes_Q2_B2",1332279972.0,"Apartamento à venda em Belo Horizonte, Lourdes, com 2 quartos, com 63 m², Edifício Mykonos",R$ 1.184.482,R$ 0,R$ 468,26/08 às 11:08
"Lourdes_Belo Horizonte, Lourdes_Q3_B4",1332236592.0,"Apartamento 03 quartos em Lourdes, próximo ao Minas Tênis Clube",R$ 2.080.000,R$ 896,R$ 0,26/08 às 08:24
"Lourdes_Belo Horizonte, Lourdes_Q2_B3",1332236589.0,"Apartamento 02 quartos à venda em Lourdes, próximo ao Super Nosso",R$ 1.050.000,R$ 983,R$ 3.709,26/08 às 08:24
"Centro_Belo Horizonte, Centro_QNone_BNone",1332182324.0,Escritório para aluguel possui 31 metros quadrados em Centro - Belo Horizonte - MG,R$ 400,R$ 400,R$ 130,25/08 às 21:31
"Lourdes_Belo Horizonte, Lourdes_Q3_B3",1332054288.0,"Cobertura com 3 dormitórios à venda, 99 m² por R$ 1.750.000 - Lourdes - Belo Horizonte/MG",R$ 1.750.000,R$ 0,R$ 0,25/08 às 06:01
"Lourdes_Belo Horizonte, Lourdes_QNone_BNone",1332053863.0,"Sala à venda, 26 m² por R$ 180.000,00 - Lourdes - Belo Horizonte/MG",R$ 180.000,R$ 400,R$ 159,25/08 às 05:45
"Lourdes_Belo Horizonte, Lourdes_QNone_BNone",1332053757.0,"Box/Garagem à venda por R$ 50.000,00 - Lourdes - Belo Horizonte/MG",R$ 50.000,R$ 200,R$ 18,25/08 às 05:41
"Lourdes_Belo Horizonte, Lourdes_Q2_B2",1332053747.0,"Apartamento com 2 dormitórios à venda, 74 m² por R$ 1.050.000 - Lourdes - Belo Horizonte/M",R$ 1.050.000,R$ 0,R$ 0,25/08 às 05:41
"Lourdes_Belo Horizonte, Lourdes_QNone_BNone",1332053713.0,"Sala, 28 m² - venda por R$ 180.000,00 ou aluguel por R$ 1.261,33/mês - Lourdes - Belo Hori",R$ 180.000,R$ 400,R$ 161,25/08 às 05:39
"Lourdes_Belo Horizonte, Lourdes_QNone_BNone",1332053704.0,"Sala, 28 m² - venda por R$ 180.000,00 ou aluguel por R$ 1.261,33/mês - Lourdes - Belo Hori",R$ 700,R$ 400,R$ 161,25/08 às 05:39
"Lourdes_Belo Horizonte, Lourdes_QNone_BNone",1332053699.0,"Sala à venda, 28 m² por R$ 180.000,00 - Lourdes - Belo Horizonte/MG",R$ 180.000,R$ 400,R$ 159,25/08 às 05:39
"Lourdes_Belo Horizonte, Lourdes_QNone_BNone",1332053700.0,"Sala para alugar, 95 m² por R$ 4.056,91/mês - Lourdes - Belo Horizonte/MG",R$ 2.400,R$ 1.200,R$ 457,25/08 às 05:39
"Lourdes_Belo Horizonte, Lourdes_Q3_B4",1332053685.0,"Apartamento à venda, 109 m² por R$ 2.571.780,26 - Lourdes - Belo Horizonte/MG",R$ 2.571.780,R$ 0,R$ 0,25/08 às 05:38
"Lourdes_Belo Horizonte, Lourdes_QNone_BNone",1332053666.0,"Sala à venda, 28 m² por R$ 180.000,00 - Lourdes - Belo Horizonte/MG",R$ 180.000,R$ 400,R$ 159,25/08 às 05:38
"Lourdes_Belo Horizonte, Lourdes_Q1_B1",1332053554.0,"Apartamento Duplex com 1 dormitório à venda, 60 m² por R$ 320.000,00 - Lourdes - Belo Hori",R$ 320.000,R$ 650,R$ 0,25/08 às 05:35
"Lourdes_Belo Horizonte, Lourdes_Q3_B2",1332053369.0,"Casa com 3 dormitórios à venda, 188 m² por R$ 800.000,00 - Lourdes - Belo Horizonte/MG",R$ 800.000,R$ 0,R$ 566,25/08 às 05:31
"Lourdes_Belo Horizonte, Lourdes_QNone_BNone",1332053366.0,"Prédio à venda, 2836 m² por R$ 22.000.000,00 - Lourdes - Belo Horizonte/MG",R$ 22.000.000,R$ 0,R$ 70.295,25/08 às 05:31
"Lourdes_Belo Horizonte, Lourdes_QNone_BNone",1332053265.0,"Box/Garagem à venda por R$ 50.000,00 - Lourdes - Belo Horizonte/MG",R$ 50.000,R$ 200,R$ 18,25/08 às 05:29
"Lourdes_Belo Horizonte, Lourdes_Q4_B5 ou mais",1332053193.0,"Cobertura à venda, 580 m² por R$ 7.295.000,00 - Lourdes - Belo Horizonte/MG",R$ 7.295.000,R$ 2.500,R$ 894,25/08 às 05:28
"Lourdes_Belo Horizonte, Lourdes_QNone_BNone",1332053183.0,"Sala, 26 m² - venda por R$ 180.000,00 ou aluguel por R$ 1.258,58/mês - Lourdes - Belo Hori",R$ 180.000,R$ 400,R$ 159,25/08 às 05:28
"Lourdes_Belo Horizonte, Lourdes_QNone_BNone",1332053185.0,"Sala, 26 m² - venda por R$ 180.000,00 ou aluguel por R$ 1.258,58/mês - Lourdes - Belo Hori",R$ 700,R$ 400,R$ 159,25/08 às 05:28
"Lourdes_Belo Horizonte, Lourdes_QNone_BNone",1332053064.0,"Loja, 90 m² - venda por R$ 690.000,00 ou aluguel por R$ 4.352,29 - Lourdes - Belo Horizont",R$ 690.000,R$ 0,R$ 352,25/08 às 05:27
"Lourdes_Belo Horizonte, Lourdes_QNone_BNone",1332053049.0,"Loja, 90 m² - venda por R$ 690.000,00 ou aluguel por R$ 4.352,29 - Lourdes - Belo Horizont",R$ 4.000,R$ 0,R$ 352,25/08 às 05:27
"Lourdes_Belo Horizonte, Lourdes_Q2_B2",1332053032.0,"Apartamento à venda, 71 m² por R$ 809.000,00 - Lourdes - Belo Horizonte/MG",R$ 809.000,R$ 0,R$ 0,25/08 às 05:27
"Lourdes_Belo Horizonte, Lourdes_QNone_BNone",1332052999.0,"Sala, 26 m² - venda por R$ 180.000,00 ou aluguel por R$ 1.258,58/mês - Lourdes - Belo Hori",R$ 180.000,R$ 400,R$ 159,25/08 às 05:26
"Centro_Belo Horizonte, Centro_QNone_BNone",1332052975.0,"Sala à venda, 34 m² por R$ 70.000,00 - Centro - Belo Horizonte/MG",R$ 70.000,R$ 274,R$ 112,25/08 às 05:26
"Lourdes_Belo Horizonte, Lourdes_QNone_BNone",1332052965.0,"Sala, 26 m² - venda por R$ 180.000,00 ou aluguel por R$ 1.258,58/mês - Lourdes - Belo Hori",R$ 700,R$ 400,R$ 159,25/08 às 05:26
"Lourdes_Belo Horizonte, Lourdes_Q5 ou mais_B3",1332052963.0,"Casa com 5 dormitórios à venda, 172 m² por R$ 2.600.000,00 - Lourdes - Belo Horizonte/MG",R$ 2.600.000,R$ 0,R$ 1.134,25/08 às 05:26
"Lourdes_Belo Horizonte, Lourdes_QNone_BNone",1332052951.0,"Sala para alugar, 26 m² por R$ 1.352,30/mês - Lourdes - Belo Horizonte/MG",R$ 800,R$ 400,R$ 152,25/08 às 05:26
"Lourdes_Belo Horizonte, Lourdes_Q3_B2",1332052938.0,"Apartamento Garden à venda, 128 m² por R$ 1.490.000,00 - Lourdes - Belo Horizonte/MG",R$ 1.490.000,R$ 500,R$ 0,25/08 às 05:26
"Lourdes_Belo Horizonte, Lourdes_QNone_BNone",1332052929.0,"Sala à venda, 24 m² por R$ 220.000,00 - Lourdes - Belo Horizonte/MG",R$ 220.000,R$ 363,R$ 114,25/08 às 05:26
"Lourdes_Belo Horizonte, Lourdes_QNone_BNone",1332052906.0,"Sala à venda, 24 m² por R$ 165.000,00 - Lourdes - Belo Horizonte/MG",R$ 165.000,R$ 479,R$ 0,25/08 às 05:25
"Lourdes_Belo Horizonte, Lourdes_QNone_BNone",1332052865.0,"Andar corrido - 890.000,00",R$ 890.000,R$ 0,R$ 0,25/08 às 05:24
"Centro_Belo Horizonte, Centro_QNone_BNone",1332052801.0,"Sala à venda, 34 m² por R$ 70.000,00 - Centro - Belo Horizonte/MG",R$ 70.000,R$ 274,R$ 112,25/08 às 05:23
"Lourdes_Belo Horizonte, Lourdes_Q4_B5 ou mais",1332052785.0,"Apartamento com 4 dormitórios à venda, 170 m² por R$ 2.000.000,00 - Lourdes - Belo Horizon",R$ 2.000.000,R$ 1.500,R$ 753,25/08 às 05:23
"Lourdes_Belo Horizonte, Lourdes_QNone_BNone",1332052726.0,"Loja, 200 m² - venda por R$ 1.800.000,00 ou aluguel por R$ 10.000,00/mês - Lourdes - Belo ",R$ 1.800.000,R$ 0,R$ 0,25/08 às 05:23
"Lourdes_Belo Horizonte, Lourdes_QNone_BNone",1332052733.0,"Box/Garagem à venda por R$ 50.000,00 - Lourdes - Belo Horizonte/MG",R$ 50.000,R$ 200,R$ 20,25/08 às 05:23
"Lourdes_Belo Horizonte, Lourdes_Q2_B2",1332052735.0,"Apartamento à venda, 69 m² por R$ 980.000,00 - Lourdes - Belo Horizonte/MG",R$ 980.000,R$ 0,R$ 0,25/08 às 05:23
"Lourdes_Belo Horizonte, Lourdes_Q1_B1",1332052698.0,"Apartamento com 1 dormitório à venda, 50 m² por R$ 520.000,00 - Lourdes - Belo Horizonte/M",R$ 520.000,R$ 350,R$ 116,25/08 às 05:23
"Lourdes_Belo Horizonte, Lourdes_Q2_B3",1332052687.0,"Cobertura à venda, 59 m² por R$ 1.000.000,00 - Lourdes - Belo Horizonte/MG",R$ 1.000.000,R$ 0,R$ 0,25/08 às 05:23
"Lourdes_Belo Horizonte, Lourdes_Q2_B2",1332052678.0,"Apartamento Garden à venda, 127 m² por R$ 1.732.174,52 - Lourdes - Belo Horizonte/MG",R$ 1.732.175,R$ 0,R$ 0,25/08 às 05:23
"Lourdes_Belo Horizonte, Lourdes_QNone_BNone",1332052673.0,"Box/Garagem à venda por R$ 50.000,00 - Lourdes - Belo Horizonte/MG",R$ 50.000,R$ 200,R$ 18,25/08 às 05:23
"Lourdes_Belo Horizonte, Lourdes_QNone_BNone",1332052665.0,"Conjunto, 57 m² - venda por R$ 360.000,00 ou aluguel por R$ 2.537,84/mês - Lourdes - Belo",R$ 1.400,R$ 800,R$ 338,25/08 às 05:23
"Lourdes_Belo Horizonte, Lourdes_QNone_BNone",1332052656.0,"Loja, 200 m² - venda por R$ 1.800.000,00 ou aluguel por R$ 10.000,00/mês - Lourdes - Belo ",R$ 10.000,R$ 0,R$ 0,25/08 às 05:23
"Lourdes_Belo Horizonte, Lourdes_QNone_BNone",1332052644.0,"Sala, 52 m² - venda por R$ 360.000,00 ou aluguel por R$ 2.884,98/mês - Lourdes - Belo Hori",R$ 360.000,R$ 800,R$ 285,25/08 às 05:23
"Lourdes_Belo Horizonte, Lourdes_Q2_B2",1332052645.0,"Apartamento Garden com 2 dormitórios à venda, 137 m² por R$ 1.897.311,73 - Lourdes - Belo",R$ 1.897.312,R$ 0,R$ 0,25/08 às 05:23
"Lourdes_Belo Horizonte, Lourdes_Q1_B1",1332052631.0,"Cobertura com 1 dormitório à venda, 87 m² por R$ 998.000 - Lourdes - Belo Horizonte/MG",R$ 998.000,R$ 0,R$ 0,25/08 às 05:23
"Lourdes_Belo Horizonte, Lourdes_QNone_BNone",1332052641.0,"Andar Corporativo para alugar, 173 m² por R$ 10.100,00/mês - Lourdes - Belo Horizonte/MG",R$ 8.000,R$ 1.000,R$ 1.100,25/08 às 05:23
"Lourdes_Belo Horizonte, Lourdes_QNone_BNone",1332052591.0,"Prédio à venda, 2621 m² por R$ 14.000.000,00 - Lourdes - Belo Horizonte/MG",R$ 14.000.000,R$ 0,R$ 5.996,25/08 às 05:23
"Lourdes_Belo Horizonte, Lourdes_QNone_BNone",1332052571.0,Box/Garagem à venda por R$ 50.000 - Lourdes - Belo Horizonte/MG,R$ 50.000,R$ 200,R$ 18,25/08 às 05:23
"Lourdes_Belo Horizonte, Lourdes_QNone_BNone",1332052574.0,Box/Garagem à venda por R$ 50.000 - Lourdes - Belo Horizonte/MG,R$ 50.000,R$ 200,R$ 18,25/08 às 05:23
"Lourdes_Belo Horizonte, Lourdes_QNone_BNone",1332052577.0,"Conjunto, 57 m² - venda por R$ 360.000,00 ou aluguel por R$ 2.537,84/mês - Lourdes - Belo",R$ 360.000,R$ 800,R$ 338,25/08 às 05:23
"Lourdes_Belo Horizonte, Lourdes_Q2_B3",1332052567.0,"Apartamento Garden à venda, 66 m² por R$ 1.644.289,76 - Lourdes - Belo Horizonte/MG",R$ 1.644.290,R$ 0,R$ 0,25/08 às 05:23
"Lourdes_Belo Horizonte, Lourdes_QNone_BNone",1332052549.0,"Sala, 26 m² - venda por R$ 180.000,00 ou aluguel por R$ 1.251,43/mês - Lourdes - Belo Hori",R$ 700,R$ 400,R$ 151,25/08 às 05:23
"Lourdes_Belo Horizonte, Lourdes_Q2_B3",1332052534.0,"Apartamento à venda, 75 m² por R$ 1.510.109,17 - Lourdes - Belo Horizonte/MG",R$ 1.510.109,R$ 0,R$ 0,25/08 às 05:22
"Lourdes_Belo Horizonte, Lourdes_Q3_B4",1332052535.0,"Apartamento à venda, 163 m² por R$ 1.380.000,00 - Lourdes - Belo Horizonte/MG",R$ 1.380.000,R$ 400,R$ 220,25/08 às 05:22
"Lourdes_Belo Horizonte, Lourdes_QNone_BNone",1332052513.0,"Sala para alugar, 65 m² por R$ 2.482,77/mês - Lourdes - Belo Horizonte/MG",R$ 1.500,R$ 894,R$ 89,25/08 às 05:22
"Lourdes_Belo Horizonte, Lourdes_Q4_B3",1332052514.0,"Apartamento com 4 dormitórios à venda, 189 m² por R$ 2.200.000,00 - Lourdes - Belo Horizon",R$ 2.200.000,R$ 1.800,R$ 647,25/08 às 05:22
"Lourdes_Belo Horizonte, Lourdes_Q4_B5 ou mais",1332052522.0,"Apartamento com 4 dormitórios à venda, 307 m² por R$ 5.200.000,00 - Lourdes - Belo Horizon",R$ 5.200.000,R$ 5.000,R$ 2.100,25/08 às 05:22
"Lourdes_Belo Horizonte, Lourdes_QNone_BNone",1332052483.0,"Sala, 52 m² - venda por R$ 360.000,00 ou aluguel por R$ 2.884,98/mês - Lourdes - Belo Hori",R$ 1.800,R$ 800,R$ 285,25/08 às 05:22
"Lourdes_Belo Horizonte, Lourdes_QNone_BNone",1332052452.0,"Conjunto, 56 m² - venda por R$ 360.000,00 ou aluguel por R$ 3.285,98/mês - Lourdes - Belo",R$ 360.000,R$ 800,R$ 286,25/08 às 05:22
"Lourdes_Belo Horizonte, Lourdes_QNone_BNone",1332052456.0,"Sala, 26 m² - venda por R$ 180.000,00 ou aluguel por R$ 1.251,43/mês - Lourdes - Belo Hori",R$ 180.000,R$ 400,R$ 151,25/08 às 05:22
"Lourdes_Belo Horizonte, Lourdes_QNone_BNone",1332052434.0,"Terreno à venda, 600 m² por R$ 6.000.000,00 - Lourdes - Belo Horizonte/MG",R$ 6.000.000,R$ 0,R$ 3.878,25/08 às 05:22
"Lourdes_Belo Horizonte, Lourdes_Q3_B4",1332052422.0,"Apartamento com 3 dormitórios à venda, 128 m² por R$ 3.068.296,16 - Lourdes - Belo Horizon",R$ 3.068.296,R$ 0,R$ 0,25/08 às 05:22
"Lourdes_Belo Horizonte, Lourdes_QNone_BNone",1332052402.0,"Sala à venda, 25 m² por R$ 130.000,00 - Lourdes - Belo Horizonte/MG",R$ 130.000,R$ 317,R$ 106,25/08 às 05:22
"Lourdes_Belo Horizonte, Lourdes_QNone_BNone",1332052399.0,"Conjunto, 57 m² - venda por R$ 360.000,00 ou aluguel por R$ 2.734,97/mês - Lourdes - Belo",R$ 1.600,R$ 800,R$ 335,25/08 às 05:22
"Lourdes_Belo Horizonte, Lourdes_QNone_BNone",1332052397.0,"Andar Corporativo à venda, 125 m² por R$ 900.000,00 - Lourdes - Belo Horizonte/MG",R$ 900.000,R$ 0,R$ 0,25/08 às 05:22
"Lourdes_Belo Horizonte, Lourdes_QNone_BNone",1332052379.0,"Conjunto, 57 m² - venda por R$ 360.000,00 ou aluguel por R$ 2.734,97/mês - Lourdes - Belo",R$ 360.000,R$ 800,R$ 335,25/08 às 05:22
"Lourdes_Belo Horizonte, Lourdes_Q1_B1",1332052390.0,"Cobertura com 1 dormitório à venda, 79 m² por R$ 998.000 - Lourdes - Belo Horizonte/MG",R$ 998.000,R$ 0,R$ 0,25/08 às 05:22
"Lourdes_Belo Horizonte, Lourdes_Q3_B2",1332046209.0,Apartamento Para Venda No Bairro Lourdes!,R$ 1.555.000,R$ 1.419,R$ 769,25/08 às 01:31
"Lourdes_Belo Horizonte, Lourdes_Q2_B3",1332033776.0,"Apartamento à venda em Belo Horizonte-MG, Lourdes: 2 quartos, 1 suíte, 1 sala, 3 banheiros",R$ 1.252.471,R$ 700,R$ 334,24/08 às 23:38
"Lourdes_Belo Horizonte, Lourdes_Q4_B3",1331891733.0,Apartamento 4 quartos para aluguel no Lourdes,R$ 26.500,R$ 2.500,R$ 1.578,24/08 às 11:37
"Lourdes_Belo Horizonte, Lourdes_Q4_B5 ou mais",1331880716.0,Apartamento a venda no Lourdes - Belo Horizonte/MG,R$ 4.200.000,R$ 2.600,R$ 1.765,24/08 às 10:44
"Lourdes_Belo Horizonte, Lourdes_Q2_B2",1331861524.0,Apartamento Moderno e Completo ao Lado do Diamond Mall,R$ 4.790,R$ 880,R$ 4.502,24/08 às 08:48
"Lourdes_Belo Horizonte, Lourdes_Q4_B4",1331811673.0,Locação Apartamento 4 quartos Lourdes Belo Horizonte,R$ 26.500,R$ 2.500,R$ 1.578,24/08 às 00:07
"Lourdes_Belo Horizonte, Lourdes_Q3_B3",1331808175.0,"VENDA COBERTURA - 03 QUARTOS 100,00 M2 - BAIRRO: LOURDES",R$ 1.750.000,R$ 0,R$ 0,23/08 às 23:49
"Centro_Belo Horizonte, Centro_Q1_B1",1331640549.0,"Edifício Float: apartamentos com 1 quarto, para airbnb, com 25 a 30m², à venda no Centro/L",R$ 386.000,R$ 0,R$ 0,23/08 às 14:42
"Centro_Belo Horizonte, Centro_Q2_B1",1331639744.0,"Edifício Metrópolis: apartamento novo com 2 quartos e 2 vagas, co Centro/Lourdes.",R$ 609.000,R$ 400,R$ 100,23/08 às 14:40
"Lourdes_Belo Horizonte, Lourdes_Q2_B2",1331619468.0,"Apartamento com área de 67m², 02 quartos sendo 01 suíte, 02 vagas de garagem, no bairro de",R$ 1.115.000,R$ 865,R$ 468,23/08 às 13:56
"Lourdes_Belo Horizonte, Lourdes_Q2_B3",1331593064.0,"Cobertura, 02 quartos, Lourdes. Venda.",R$ 1.780.000,R$ 2.060,R$ 0,23/08 às 12:35
"Lourdes_Belo Horizonte, Lourdes_Q1_B1",1331592102.0,Apartamento 01 quarto - Venda - Lourdes,R$ 530.000,R$ 450,R$ 206,23/08 às 12:34
"Lourdes_Belo Horizonte, Lourdes_Q3_B2",1331591966.0,"Apartamento, 03 quaetos, Lourdes. Venda.",R$ 2.100.000,R$ 1.830,R$ 583,23/08 às 12:34
"Lourdes_Belo Horizonte, Lourdes_Q3_B3",1331591371.0,"Apartamento 04 quartos, Lourdes - Venda",R$ 2.300.000,R$ 0,R$ 0,23/08 às 12:32
"Lourdes_Belo Horizonte, Lourdes_Q1_B1",1331591363.0,Apartamento 01 quarto - Venda - Lourdes,R$ 470.000,R$ 450,R$ 206,23/08 às 12:32
"Lourdes_Belo Horizonte, Lourdes_QNone_BNone",1331504964.0,Loja para locação no Lourdes com cerca de 660 m²,R$ 33.000,R$ 0,R$ 20.612,23/08 às 00:08
"Lourdes_Belo Horizonte, Lourdes_QNone_BNone",1331481083.0,Sala Comercial Á Venda - Ed. Wall Street - Santo Agostinho - Belo Horizonte,R$ 269.000,R$ 678,R$ 1.898,22/08 às 22:02
"Lourdes_Belo Horizonte, Lourdes_Q2_B2",1331264038.0,Imóvel para venda com 75 metros quadrados com 2 quartos em Lourdes - Belo Horizonte - MG,R$ 960.000,R$ 655,R$ 387,22/08 às 10:43
"Lourdes_Belo Horizonte, Lourdes_Q2_B3",1331242273.0,"APARTAMENTO, 2 QUARTOS, 160m² - LOURDES",R$ 1.380.000,R$ 350,R$ 337,22/08 às 09:26
"Lourdes_Belo Horizonte, Lourdes_Q3_B2",1331225245.0,"Apartamento à venda no Lourdes, Belo Horizonte",R$ 1.250.000,R$ 1.100,R$ 416,22/08 às 08:08
"Lourdes_Belo Horizonte, Lourdes_Q4_B5 ou mais",1331217238.0,"Vendo ótimo apartamento com 294m²próximo ao Minas I - 4quartos, 2suites, varanda, 3vagas l",R$ 2.400.000,R$ 1.200,R$ 0,22/08 às 07:02
"Lourdes_Belo Horizonte, Lourdes_Q2_B2",1331206022.0,Apartamento 2 quartos à venda no Lourdes,R$ 950.000,R$ 1.250,R$ 434,22/08 às 04:21
"Cidade Jardim_Belo Horizonte, Cidade Jardim_QNone_BNone",1331205376.0,Galpão Amplo e Estratégico no Cidade Jardim,R$ 36.000,R$ 0,R$ 3.200,22/08 às 04:14
"Lourdes_Belo Horizonte, Lourdes_Q4_B2",1331199632.0,Apartamento | 4 quartos | Venda | Lourdes,R$ 1.900.000,R$ 2.300,R$ 629,22/08 às 02:28
"Lourdes_Belo Horizonte, Lourdes_Q2_B2",1331191950.0,Apartamento com 2 quartos (1 suíte) no bairro Lourdes,R$ 1.050.000,R$ 1.500,R$ 3.500,22/08 às 00:36
"Lourdes_Belo Horizonte, Lourdes_Q4_B4",1331179842.0,"Apartamento à venda, 4 quartos, 2 suítes, 2 vagas, Lourdes - Belo Horizonte/MG",R$ 2.700.000,R$ 2.336,R$ 0,21/08 às 23:17
"Santo Agostinho_Belo Horizonte, Santo Agostinho_Q4_B4",1331177281.0,Lindo Apartamento Alto Padrão 4 quartos e 3 Vagas no Lourdes Novo,R$ 2.100.000,R$ 1.000,R$ 0,21/08 às 23:04
"Lourdes_Belo Horizonte, Lourdes_Q2_B1",1331148760.0,"Apartamento para locação em Belo Horizonte, Lourdes, com 2 quartos, com 80 m²",R$ 4.600,R$ 800,R$ 368,21/08 às 21:22
"Lourdes_Belo Horizonte, Lourdes_Q4_B3",1331146235.0,"APARTAMENTO, 4 QUARTOS, 393m² - LOURDES",R$ 32.000,R$ 3.600,R$ 1.900,21/08 às 21:13
"Lourdes_Belo Horizonte, Lourdes_QNone_BNone",1331141979.0,Salas para locação na Rua Espirito Santo,R$ 1.000,R$ 250,R$ 120,21/08 às 20:53
"Lourdes_Belo Horizonte, Lourdes_QNone_BNone",1331123230.0,EXCELENTE SALA COMERCIAL DE 23 METROS NA MELHOR LOCALIZAAAO DO FUNCIONARIOS EM BH.,R$ 105.000,R$ 272,R$ 125,21/08 às 19:52
"Lourdes_Belo Horizonte, Lourdes_Q3_B3",1331102107.0,"Apartamento com 3 Quartos e 2 banheiros à Venda, 110 m² por R$ 1.250.000",R$ 1.185.000,R$ 1.700,R$ 353,21/08 às 18:21
"Lourdes_Belo Horizonte, Lourdes_Q2_B2",1331101903.0,"Apartamento MOBILIADO à venda em Lourdes com 77 m² , 2 quartos (1 suíte) e 1 vaga",R$ 1.020.000,R$ 800,R$ 275,21/08 às 18:20
"Lourdes_Belo Horizonte, Lourdes_Q2_B2",1330974650.0,"VENDA APARTAMENTO - 02 QUARTOS 75,00 M2 - BAIRRO: LOURDES",R$ 830.000,R$ 760,R$ 302,21/08 às 12:55
"Lourdes_Belo Horizonte, Lourdes_Q1_B1",1330855000.0,Lourdes - Apartamento 1 quarto à venda na Anuar Donato,R$ 350.000,R$ 545,R$ 1.589,21/08 às 02:12
"Lourdes_Belo Horizonte, Lourdes_QNone_BNone",1330854213.0,Lourdes - Sala(s) à venda na Anuar Donato,R$ 330.000,R$ 571,R$ 2.352,21/08 às 02:09
"Lourdes_Belo Horizonte, Lourdes_Q4_B4",1330757169.0,VENDE / LOURDES / PONTO NOBRE / 4 QTOS 170M²/ 2 VAGAS/ PORT. 24Hrs/ SALÃO DE FESTAS/ QUADR,R$ 1.500.000,R$ 1.600,R$ 568,20/08 às 19:01
"Lourdes_Belo Horizonte, Lourdes_Q3_B2",1330720760.0,Imóvel para venda tem 83 metros quadrados com 3 quartos em Lourdes - Belo Horizonte - MG,R$ 1.330.000,R$ 980,R$ 0,20/08 às 17:53
"Lourdes_Belo Horizonte, Lourdes_Q4_B5 ou mais",1330645303.0,Cond. Ed. Palazzo Barberini: Prédio de alto luxo com apartamento de 265m² no Bairro de Lou,R$ 3.690.000,R$ 3.100,R$ 23.842,20/08 às 13:58
"Lourdes_Belo Horizonte, Lourdes_QNone_BNone",1330607168.0,"Loja para Aluguel em Excelente Localização  Rua São Paulo, Bairro Lourdes, no Coração de B",R$ 4.800,R$ 0,R$ 191,20/08 às 11:53
"Lourdes_Belo Horizonte, Lourdes_Q4_B5 ou mais",1330606443.0,Apartamento com 4 quartos para aluguel - Lourdes,R$ 15.000,R$ 2.900,R$ 1.100,20/08 às 11:48
"Lourdes_Belo Horizonte, Lourdes_Q5 ou mais_B4",1330560058.0,Locação Casa Lourdes Belo Horizonte,R$ 80.000,R$ 0,R$ 4.514,20/08 às 09:17
"Lourdes_Belo Horizonte, Lourdes_Q0_B5 ou mais",1330550206.0,"Prédio à venda, 56 vagas, Lourdes - Belo Horizonte/MG",R$ 39.975.950,R$ 0,R$ 1,20/08 às 08:43
"Lourdes_Belo Horizonte, Lourdes_Q1_B2",1330549749.0,Aluguel Residential / Apartment Belo Horizonte MG,R$ 4.000,R$ 1.000,R$ 385,20/08 às 08:42
"Lourdes_Belo Horizonte, Lourdes_Q2_B2",1330542850.0,COBERTURA 2 QUARTOS À VENDA NO BAIRRO DE LOURDES,R$ 1.650.000,R$ 750,R$ 0,20/08 às 08:09
"Lourdes_Belo Horizonte, Lourdes_Q2_B2",1330542768.0,COBERTURA 2 QUARTOS À VENDA NO BAIRRO DE LOURDES,R$ 1.670.000,R$ 750,R$ 0,20/08 às 08:08
"Lourdes_Belo Horizonte, Lourdes_Q2_B2",1330542524.0,APARTAMENTO 2 QUARTOS À VENDA NO BAIRRO DE LOURDES,R$ 1.180.000,R$ 650,R$ 0,20/08 às 08:07
"Lourdes_Belo Horizonte, Lourdes_Q2_B2",1330538609.0,ÁREA PRIVATIVA 2 QUARTOS À VENDA NO BAIRRO DE LOURDES,R$ 1.470.000,R$ 650,R$ 0,20/08 às 07:09
"Lourdes_Belo Horizonte, Lourdes_Q2_B2",1330537762.0,APARTAMENTO 2 QUARTOS À VENDA NO BAIRRO DE LOURDES,R$ 1.120.000,R$ 650,R$ 0,20/08 às 06:58
"Lourdes_Belo Horizonte, Lourdes_Q2_B2",1330537222.0,ÁREA PRIVATIVA 2 QUARTOS À VENDA NO BAIRRO DE LOURDES,R$ 1.450.000,R$ 650,R$ 0,20/08 às 06:48
"Lourdes_Belo Horizonte, Lourdes_QNone_BNone",1330523154.0,Lourdes - Sala(s) à venda na Anuar Donato,R$ 360.000,R$ 1.129,R$ 2.974,20/08 às 00:41
"Lourdes_Belo Horizonte, Lourdes_QNone_BNone",1330522896.0,Lourdes - Sala(s) à venda na Anuar Donato,R$ 550.000,R$ 0,R$ 0,20/08 às 00:39
"Centro_Belo Horizonte, Centro_QNone_BNone",1330522897.0,Centro - Sala(s) à venda na Anuar Donato,R$ 300.000,R$ 503,R$ 2.115,20/08 às 00:39
"Cidade Jardim_Belo Horizonte, Cidade Jardim_Q1_B1",1330522829.0,Lourdes - Flat/Hotel/Apart 1 quarto à venda na Anuar Donato,R$ 480.000,R$ 0,R$ 0,20/08 às 00:39
"Centro_Belo Horizonte, Centro_Q2_B3",1330518954.0,"Área privatica com varanda, vazio, suíte",R$ 380.000,R$ 600,R$ 160,20/08 às 00:18
"Lourdes_Belo Horizonte, Lourdes_Q4_B5 ou mais",1330510418.0,"Apartamento em frente ao MINAS 1 Lourdes -4 dormitórios para alugar, 4 Suítes por R$ 26.50",R$ 26.500,R$ 2.500,R$ 1.578,19/08 às 23:26
"Lourdes_Belo Horizonte, Lourdes_QNone_BNone",1330472283.0,Aluguel - SALA - LOURDES BELO HORIZONTE MG,R$ 700,R$ 534,R$ 120,19/08 às 20:24
"Lourdes_Belo Horizonte, Lourdes_Q4_B4",1330469436.0,Excelente apartamento de luxo próximo ao Clube Minas 1.,R$ 28.000,R$ 2.500,R$ 1.578,19/08 às 20:12
"Lourdes_Belo Horizonte, Lourdes_QNone_BNone",1330284387.0,Aluguel Commercial / Office Belo Horizonte MG,R$ 53.501,R$ 0,R$ 0,19/08 às 09:24
"Lourdes_Belo Horizonte, Lourdes_QNone_BNone",1330276649.0,Aluguel Commercial / Office Belo Horizonte MG,R$ 24.513,R$ 0,R$ 0,19/08 às 08:58
"Lourdes_Belo Horizonte, Lourdes_QNone_BNone",1330275480.0,Aluguel Commercial / Office Belo Horizonte MG,R$ 10.546,R$ 0,R$ 0,19/08 às 08:55
"Lourdes_Belo Horizonte, Lourdes_QNone_BNone",1330275018.0,Aluguel Commercial / Office Belo Horizonte MG,R$ 21.221,R$ 0,R$ 0,19/08 às 08:53
"Lourdes_Belo Horizonte, Lourdes_QNone_BNone",1330270798.0,Aluguel Commercial / Office Belo Horizonte MG,R$ 19.824,R$ 0,R$ 0,19/08 às 08:40
"Lourdes_Belo Horizonte, Lourdes_Q1_B1",1330268327.0,Venda Residential / Penthouse Belo Horizonte MG,R$ 650.000,R$ 917,R$ 234,19/08 às 08:36
"Lourdes_Belo Horizonte, Lourdes_QNone_BNone",1330262000.0,Aluguel Commercial / Office Belo Horizonte MG,R$ 19.809,R$ 0,R$ 0,19/08 às 08:03
"Lourdes_Belo Horizonte, Lourdes_QNone_BNone",1330261877.0,Aluguel Commercial / Office Belo Horizonte MG,R$ 8.926,R$ 0,R$ 0,19/08 às 08:02
"Lourdes_Belo Horizonte, Lourdes_Q2_B1",1330067158.0,"Apartamento em Lourdes, Edifício Trend Lourdes",R$ 1.115.000,R$ 780,R$ 0,18/08 às 05:51
"Lourdes_Belo Horizonte, Lourdes_Q2_B2",1329840443.0,Locação Apartamento 2 quartos Lourdes Belo Horizonte,R$ 6.300,R$ 929,R$ 337,17/08 às 03:00
"Lourdes_Belo Horizonte, Lourdes_QNone_BNone",1329819848.0,Aluguel Commercial / Loja Belo Horizonte MG,R$ 27.900,R$ 0,R$ 0,17/08 às 00:27
"Lourdes_Belo Horizonte, Lourdes_QNone_BNone",1329818469.0,Aluguel Commercial / Office Belo Horizonte MG,R$ 20.154,R$ 0,R$ 0,17/08 às 00:22
"Lourdes_Belo Horizonte, Lourdes_QNone_BNone",1329818289.0,Aluguel Commercial / Office Belo Horizonte MG,R$ 50.120,R$ 0,R$ 0,17/08 às 00:22
"Lourdes_Belo Horizonte, Lourdes_QNone_BNone",1329818094.0,Aluguel Commercial / Office Belo Horizonte MG,R$ 19.219,R$ 0,R$ 0,17/08 às 00:21
"Lourdes_Belo Horizonte, Lourdes_Q4_B4",1329805442.0,Apartamento de cobertura com 4 quartos no Lourdes,R$ 4.190.000,R$ 2.446,R$ 1.078,16/08 às 23:35
"Lourdes_Belo Horizonte, Lourdes_Q4_B5 ou mais",1329778012.0,"Apartamento à venda em Belo Horizonte, Lourdes, com 4 suítes, com 205 m²",R$ 2.900.000,R$ 905,R$ 409,16/08 às 22:01
"Lourdes_Belo Horizonte, Lourdes_Q3_B2",1329741232.0,APARTAMENTO 3 QUARTOS ? LOURDES-BELO HORIZONTE /MG,R$ 1.905.000,R$ 1.500,R$ 420,16/08 às 20:25
"Lourdes_Belo Horizonte, Lourdes_Q4_B2",1329733939.0,Apartamento para locação no Lourdes - em frente ao MInas I- Belo Horizonte/MG,R$ 1.750.000,R$ 1.700,R$ 600,16/08 às 19:37
"Lourdes_Belo Horizonte, Lourdes_Q2_B2",1329698999.0,"Apartamento à venda, 2 quartos no bairro Lourdes",R$ 1.050.000,R$ 855,R$ 295,16/08 às 16:38
"Lourdes_Belo Horizonte, Lourdes_Q3_B3",1329698008.0,Apartamento a venda no Lourdes- Belo Horizonte/MG,R$ 1.480.500,R$ 1,R$ 1,16/08 às 16:38
"Lourdes_Belo Horizonte, Lourdes_Q4_B3",1329697331.0,Apartamento 4 quartos a venda no Lourdes -Belo Horizonte /MG,R$ 1.750.000,R$ 1.000,R$ 900,16/08 às 16:37
"Lourdes_Belo Horizonte, Lourdes_Q3_B2",1329697334.0,APARTAMENTO A VENDA NO BAIRRO LOURDES,R$ 986.938,R$ 0,R$ 0,16/08 às 16:37
"Lourdes_Belo Horizonte, Lourdes_Q4_B2",1329697376.0,Apartamento 4 quartos a venda no Lourdes - Belo Horizonte/MG,R$ 1.850.000,R$ 2.200,R$ 865,16/08 às 16:37
"Lourdes_Belo Horizonte, Lourdes_Q4_B3",1329697026.0,Apartamento 4 quartos a venda no Lourdes - Belo Horizonte /MG,R$ 1.500.000,R$ 2.350,R$ 201,16/08 às 16:35
"Lourdes_Belo Horizonte, Lourdes_Q5 ou mais_B5 ou mais",1329696907.0,Casa comercial para locação no Lourdes- Belo Horizonte /MG,R$ 22.000,R$ 0,R$ 0,16/08 às 16:34
"Lourdes_Belo Horizonte, Lourdes_Q4_B2",1329696720.0,Apartamento para locação no Lourdes - em frente ao MInas I- Belo Horizonte/MG,R$ 6.600,R$ 1.700,R$ 600,16/08 às 16:34
"Lourdes_Belo Horizonte, Lourdes_Q3_B3",1329696739.0,"APARTAMENTO 3 QUARTOS, 112m² - SANTO AGOSTINHO- BELO HORIZONTE/MG",R$ 1.550.000,R$ 1.490,R$ 546,16/08 às 16:34
"Lourdes_Belo Horizonte, Lourdes_Q4_B2",1329696520.0,"Apartamento com 4 dormitórios para alugar, 230 m² por R$ 10.449,00/mês - Lourdes - Belo Ho",R$ 8.000,R$ 1.843,R$ 606,16/08 às 16:34
"Lourdes_Belo Horizonte, Lourdes_QNone_BNone",1329638605.0,"Locação de Sala Comercial em Lourdes, Belo Horizonte-MG: 02 Salas, 1 Banheiro, 85m² de Áre",R$ 8.300,R$ 908,R$ 229,16/08 às 14:09
"Lourdes_Belo Horizonte, Lourdes_QNone_BNone",1329594417.0,"Oportunidade única: Sala comercial à venda em Lourdes, BH-MG! 9 salas, 1 banheiro, 325,98 ",R$ 1.490.000,R$ 3.100,R$ 1.571,16/08 às 11:12
"Lourdes_Belo Horizonte, Lourdes_Q3_B3",1329590239.0,"Cobertura 3 suites, 4 vagas, ponto nobre no Lourdes, alto padrão à venda, Lourdes, Belo Ho",R$ 3.450.000,R$ 1.200,R$ 698,16/08 às 10:59
"Lourdes_Belo Horizonte, Lourdes_Q3_B2",1329506459.0,Martius Milton: Apartamento para à venda de 3 quartos no Lourdes.,R$ 2.521.596,R$ 0,R$ 0,16/08 às 02:14
"Lourdes_Belo Horizonte, Lourdes_QNone_BNone",1329495333.0,SALA COMERCIAL 23 M² LOURDES ( FUNCIONÁRIOS ) BELO HORIZONTE - MG,R$ 105.000,R$ 272,R$ 125,16/08 às 01:20
"Lourdes_Belo Horizonte, Lourdes_Q3_B2",1329490126.0,Jade: Apartamento para à venda de 3 quartos no Lourdes.,R$ 1.178.724,R$ 0,R$ 0,16/08 às 01:05
"Lourdes_Belo Horizonte, Lourdes_Q3_B2",1329485244.0,Jade: Apartamento para à venda de 3 quartos no Lourdes.,R$ 1.220.281,R$ 0,R$ 0,16/08 às 00:45
"Lourdes_Belo Horizonte, Lourdes_Q3_B2",1329473102.0,Jade: Apartamento para à venda de 3 quartos no Lourdes.,R$ 1.090.436,R$ 0,R$ 0,16/08 às 00:02
"Lourdes_Belo Horizonte, Lourdes_Q3_B2",1329469021.0,Martius Milton: Área privativa para à venda de 3 quartos no Lourdes.,R$ 2.769.360,R$ 0,R$ 0,15/08 às 23:48
"Lourdes_Belo Horizonte, Lourdes_Q3_B2",1329461694.0,Martius Milton: Área privativa para à venda de 3 quartos no Lourdes.,R$ 3.205.800,R$ 0,R$ 0,15/08 às 23:30
"Lourdes_Belo Horizonte, Lourdes_Q1_B1",1329456151.0,Jade: Apartamento para à venda de 1 quarto no Lourdes.,R$ 906.796,R$ 0,R$ 0,15/08 às 23:11
"Lourdes_Belo Horizonte, Lourdes_Q1_B1",1329449078.0,Jade: Apartamento para à venda de 1 quarto no Lourdes.,R$ 665.575,R$ 0,R$ 0,15/08 às 22:45
"Lourdes_Belo Horizonte, Lourdes_Q4_B3",1329422621.0,Chambord - Chambord Residencias,R$ 1.890.000,R$ 2.490,R$ 660,15/08 às 21:34
"Lourdes_Belo Horizonte, Lourdes_Q4_B3",1329325762.0,"Apartamento 4 Quartos à venda, 4 quartos, 3 suítes, 3 vagas, Lourdes - Belo Horizonte/MG",R$ 1.850.000,R$ 942,R$ 830,15/08 às 16:20
"Lourdes_Belo Horizonte, Lourdes_QNone_BNone",1329313421.0,"Sala, 29 m² - venda por R$ 150.000,00 ou aluguel por R$ 1.033,31/mês - Lourdes - Belo Hori",R$ 150.000,R$ 385,R$ 148,15/08 às 15:37
"Lourdes_Belo Horizonte, Lourdes_Q4_B2",1329164518.0,"Apartamento para locação em Belo Horizonte, Lourdes, com 4 suítes, com 250 m², Nevada",R$ 12.800,R$ 2.206,R$ 652,15/08 às 00:53
"Lourdes_Belo Horizonte, Lourdes_Q3_B3",1329080854.0,Imóvel para venda possui 110 metros quadrados com 3 quartos em Lourdes - Belo Horizonte - ,R$ 1.300.000,R$ 1.100,R$ 410,14/08 às 18:42
"Centro_Belo Horizonte, Centro_Q2_B1",1328968198.0,"Apartamento 2 quartos, com varanda - Centro - Belo Horizonte/MG",R$ 980.000,R$ 860,R$ 0,14/08 às 10:52
"Lourdes_Belo Horizonte, Lourdes_QNone_BNone",1328967736.0,2 SALAS JUNTAS com 54m2 e 4 VAGAS de garagem,R$ 480.000,R$ 1.025,R$ 355,14/08 às 10:50
"Centro_Belo Horizonte, Centro_Q2_B1",1328967290.0,"Apartamento 2 quartos, com varanda - Centro - Belo Horizonte/MG",R$ 980.000,R$ 0,R$ 0,14/08 às 10:47
"Lourdes_Belo Horizonte, Lourdes_QNone_BNone",1328917484.0,"Sala à venda, 20 m² por R$ 110.000,00 - Lourdes - Belo Horizonte/MG",R$ 110.000,R$ 385,R$ 166,14/08 às 06:25
"Lourdes_Belo Horizonte, Lourdes_Q2_B2",1328900111.0,Venda ou locação Área Privativa Lourdes Belo Horizonte,R$ 1.320.000,R$ 500,R$ 400,14/08 às 04:07
"Lourdes_Belo Horizonte, Lourdes_Q2_B2",1328900103.0,Venda ou locação Área Privativa Lourdes Belo Horizonte,R$ 8.000,R$ 500,R$ 400,14/08 às 04:07
"Lourdes_Belo Horizonte, Lourdes_Q4_B4",1328846697.0,"Apartamento com 4 Quartos e 4 banheiros à Venda, 280 m²",R$ 5.200.000,R$ 0,R$ 0,13/08 às 21:27
"Lourdes_Belo Horizonte, Lourdes_Q4_B5 ou mais",1328846629.0,"Apartamento com 4 Quartos para alugar, 311m² - Lourdes",R$ 7.800.000,R$ 3.482,R$ 1.500,13/08 às 21:27
"Lourdes_Belo Horizonte, Lourdes_QNone_BNone",1328828718.0,Aluguel - PREDIO - LOURDES Belo Horizonte MG,R$ 20.000,R$ 0,R$ 1.682,13/08 às 20:15
"Lourdes_Belo Horizonte, Lourdes_QNone_BNone",1328828273.0,Venda - SALA - LOURDES Belo Horizonte MG,R$ 750.000,R$ 1.275,R$ 415,13/08 às 20:13
"Lourdes_Belo Horizonte, Lourdes_QNone_BNone",1328828147.0,Venda - SALA - LOURDES Belo Horizonte MG,R$ 275.000,R$ 508,R$ 155,13/08 às 20:13
"Lourdes_Belo Horizonte, Lourdes_Q4_B4",1328652518.0,Condomínio Edifício Verona: Lindo apartamento de 180m² totalmente reformado a venda.,R$ 1.600.000,R$ 1.800,R$ 7.327,13/08 às 11:35
"Lourdes_Belo Horizonte, Lourdes_Q2_B2",1328638628.0,Mykonos: Apartamento para à venda de 2 quartos no Lourdes.,R$ 1.159.742,R$ 0,R$ 0,13/08 às 11:08
"Lourdes_Belo Horizonte, Lourdes_QNone_BNone",1328587956.0,"Sala à venda, Lourdes - Belo Horizonte/MG",R$ 105.000,R$ 272,R$ 1.375,13/08 às 07:36
"Lourdes_Belo Horizonte, Lourdes_Q2_B2",1328581546.0,"Apartamento Garden, Intermezzo, 02 quartos, novo, ponto nobre , 02 vagas à venda, Lourdes,",R$ 1.645.000,R$ 1.200,R$ 684,13/08 às 06:35
"Lourdes_Belo Horizonte, Lourdes_Q3_B2",1328577841.0,"Apartamento à venda, 85 m² por R$ 1.400.000,00 - Lourdes - Belo Horizonte/MG",R$ 1.400.000,R$ 1.100,R$ 410,13/08 às 06:09
"Lourdes_Belo Horizonte, Lourdes_Q2_B2",1328574824.0,"Apartamento à venda, 77 m² por R$ 1.050.000,00 - Lourdes - Belo Horizonte/MG",R$ 1.050.000,R$ 800,R$ 275,13/08 às 05:51
"Lourdes_Belo Horizonte, Lourdes_Q1_B1",1328553923.0,"Flat para aluguel, 1 quarto, 1 suíte, 1 vaga, Lourdes - Belo Horizonte/MG",R$ 2.400,R$ 1.501,R$ 1.977,13/08 às 03:59
"Lourdes_Belo Horizonte, Lourdes_Q4_B3",1328538577.0,"Apartamento à venda, 4 quartos, 2 suítes, 3 vagas, Lourdes - Belo Horizonte/MG",R$ 2.220.000,R$ 1.000,R$ 10.349,13/08 às 02:54
"Lourdes_Belo Horizonte, Lourdes_Q2_B2",1328502704.0,Venda - APARTAMENTO - LOURDES Belo Horizonte MG,R$ 1.600.000,R$ 1.950,R$ 863,13/08 às 00:55
"Centro_Belo Horizonte, Centro_QNone_BNone",1328499928.0,"Sala à venda, 78 m² por R$ 350.000,00 - Centro - Belo Horizonte/MG",R$ 350.000,R$ 662,R$ 165,13/08 às 00:25
"Lourdes_Belo Horizonte, Lourdes_Q4_B3",1328472171.0,APARTAMENTO 4 QUARTOS A VENDA NO BAIRRO LOURDES!,R$ 1.750.000,R$ 1.000,R$ 9.882,12/08 às 21:54
"Lourdes_Belo Horizonte, Lourdes_Q2_B2",1328428445.0,Apartamento para alugar com 120 m quadrados com 2 quartos em Lourdes - Belo Horizonte - MG,R$ 2.800,R$ 700,R$ 0,12/08 às 19:31
"Lourdes_Belo Horizonte, Lourdes_QNone_BNone",1328377412.0,Imóvel para aluguel tem 511 metros quadrados em Lourdes - Belo Horizonte - MG,R$ 30.000,R$ 0,R$ 0,12/08 às 17:04
"Centro_Belo Horizonte, Centro_Q2_B1",1328048778.0,"Apartamento à venda, 2 quartos, Lourdes - Belo Horizonte/MG",R$ 410.000,R$ 675,R$ 165,10/08 às 23:44
"Lourdes_Belo Horizonte, Lourdes_Q4_B4",1327905654.0,Apartamento a venda no bairro Lourdes,R$ 2.220.000,R$ 1.600,R$ 0,10/08 às 10:11
"Centro_Belo Horizonte, Centro_Q1_B1",1327895224.0,"Apartamento com área privativa à venda, 1 quarto, 1 suíte, 1 vaga, Centro - Belo Horizonte",R$ 550.000,R$ 800,R$ 325,10/08 às 09:32
"Lourdes_Belo Horizonte, Lourdes_Q3_B2",1327880005.0,Cobertura à venda no bairro de Lourdes,R$ 5.113.150,R$ 0,R$ 0,10/08 às 07:38
"Lourdes_Belo Horizonte, Lourdes_Q3_B2",1327879978.0,Apartamento à venda no bairro de Lourdes,R$ 2.707.168,R$ 0,R$ 0,10/08 às 07:38
"Lourdes_Belo Horizonte, Lourdes_QNone_BNone",1327830660.0,"Loja para aluguel, Lourdes - Belo Horizonte/MG",R$ 27.900,R$ 0,R$ 0,09/08 às 23:27
"Lourdes_Belo Horizonte, Lourdes_Q4_B5 ou mais",1327725406.0,Imóvel para venda tem 343 metros quadrados com 4 quartos em Lourdes - Belo Horizonte - MG,R$ 2.400.000,R$ 3.600,R$ 11.968,09/08 às 15:19
"Cidade Jardim_Belo Horizonte, Cidade Jardim_Q3_B3",1327716811.0,"Cobertura em Prado - Belo Horizonte, MG",R$ 1.441.000,R$ 300,R$ 350,09/08 às 14:55
"Lourdes_Belo Horizonte, Lourdes_QNone_BNone",1327653555.0,Ponto comercial/Loja/Box para aluguel possui 82 metros quadrados em Lourdes - Belo Horizon,R$ 2.500,R$ 205,R$ 126,09/08 às 11:35
"Lourdes_Belo Horizonte, Lourdes_Q4_B3",1327649042.0,"Apartamento à venda, 4 quartos, 2 suítes, 3 vagas, Lourdes - Belo Horizonte/MG",R$ 2.220.000,R$ 1.380,R$ 10.360,09/08 às 11:16
"Lourdes_Belo Horizonte, Lourdes_Q1_B2",1327640014.0,"Apartamento 1 suíte master, com lavabo - Lourdes - Belo Horizonte/MG",R$ 750.000,R$ 0,R$ 0,09/08 às 10:45
"Centro_Belo Horizonte, Centro_Q3_B2",1327614205.0,Edifício Satélite: Apartamento totalmente reformado com 112m° todo mobiliado e 03 quartos,R$ 500.000,R$ 610,R$ 120,09/08 às 09:47
"Centro_Belo Horizonte, Centro_QNone_BNone",1327573786.0,Locação Sala Centro Belo Horizonte,R$ 557,R$ 88,R$ 21,09/08 às 05:24
"Centro_Belo Horizonte, Centro_QNone_BNone",1327573764.0,Locação Sala Centro Belo Horizonte,R$ 585,R$ 94,R$ 28,09/08 às 05:24
"Lourdes_Belo Horizonte, Lourdes_Q1_B1",1327573377.0,"Apartamento à venda, 56 m² por R$ 2.010.000,00 - Lourdes - Belo Horizonte/MG",R$ 2.010.000,R$ 1.200,R$ 1,09/08 às 05:21
"Lourdes_Belo Horizonte, Lourdes_Q2_B3",1327573173.0,Locação Cobertura Lourdes Belo Horizonte,R$ 7.000,R$ 550,R$ 0,09/08 às 05:18
"Lourdes_Belo Horizonte, Lourdes_Q1_B1",1327573069.0,"Cobertura com 1 dormitório à venda, 89 m² por R$ 1.480.000,00 - Lourdes - Belo Horizonte/M",R$ 1.480.000,R$ 1.200,R$ 1,09/08 às 05:16
"Lourdes_Belo Horizonte, Lourdes_Q3_B3",1327557879.0,Apartamento à Venda no bairro Lourdes | 256 m² - 3 quartos,R$ 2.500.000,R$ 1.750,R$ 694,09/08 às 01:30
"Lourdes_Belo Horizonte, Lourdes_Q3_B3",1327557855.0,Apartamento à Venda no bairro Lourdes | 256 m² - 3 quartos,R$ 11.000,R$ 1.750,R$ 694,09/08 às 01:29
"Centro_Belo Horizonte, Centro_QNone_BNone",1327426083.0,LOJA DE GALERIA  NO CENTRO      ALUGUEL,R$ 1.100,R$ 840,R$ 260,08/08 às 15:48
"Lourdes_Belo Horizonte, Lourdes_Q4_B5 ou mais",1327365779.0,"Apartamento com 2 suítes e 2 semi-suítes, 190 m², à venda no Lourdes",R$ 2.400.000,R$ 1.800,R$ 647,08/08 às 13:10
"Centro_Belo Horizonte, Centro_QNone_BNone",1327329763.0,Locação Sala Centro Belo Horizonte,R$ 726,R$ 124,R$ 38,08/08 às 10:48
"Centro_Belo Horizonte, Centro_QNone_BNone",1327329671.0,Locação Sala Centro Belo Horizonte,R$ 642,R$ 68,R$ 12,08/08 às 10:48
"Centro_Belo Horizonte, Centro_QNone_BNone",1327329581.0,Locação Sala Centro Belo Horizonte,R$ 990,R$ 245,R$ 74,08/08 às 10:48
"Lourdes_Belo Horizonte, Lourdes_Q3_B2",1327329568.0,Venda Apartamento 3 quartos Lourdes Belo Horizonte,R$ 635.000,R$ 500,R$ 195,08/08 às 10:48
"Centro_Belo Horizonte, Centro_QNone_BNone",1327329403.0,Venda Sala Centro Belo Horizonte,R$ 80.000,R$ 317,R$ 105,08/08 às 10:48
"Centro_Belo Horizonte, Centro_QNone_BNone",1327329363.0,Locação Sala Centro Belo Horizonte,R$ 650,R$ 373,R$ 138,08/08 às 10:48
"Lourdes_Belo Horizonte, Lourdes_QNone_BNone",1327329316.0,Venda Andar-pilotis Lourdes Belo Horizonte,R$ 2.500.000,R$ 0,R$ 0,08/08 às 10:48
"Lourdes_Belo Horizonte, Lourdes_QNone_BNone",1327329260.0,Venda Casa comercial Lourdes Belo Horizonte,R$ 1.300.000,R$ 0,R$ 1.050,08/08 às 10:47
"Lourdes_Belo Horizonte, Lourdes_Q1_B2",1327329268.0,Venda Apartamento 1 quarto Lourdes Belo Horizonte,R$ 650.000,R$ 1.350,R$ 187,08/08 às 10:47
"Centro_Belo Horizonte, Centro_QNone_BNone",1327329215.0,Locação Sala Centro Belo Horizonte,R$ 726,R$ 97,R$ 29,08/08 às 10:47
"Centro_Belo Horizonte, Centro_QNone_BNone",1327329207.0,Locação Sala Centro Belo Horizonte,R$ 700,R$ 101,R$ 31,08/08 às 10:47
"Centro_Belo Horizonte, Centro_QNone_BNone",1327329189.0,Locação Sala Centro Belo Horizonte,R$ 642,R$ 0,R$ 79,08/08 às 10:47
"Lourdes_Belo Horizonte, Lourdes_Q1_B1",1327328701.0,Oportunidade Apto 01 no Lourdes,R$ 3.400,R$ 763,R$ 356,08/08 às 10:45
"Lourdes_Belo Horizonte, Lourdes_Q2_B1",1327324260.0,"Apartamento à venda, 2 quartos, Lourdes - Belo Horizonte/MG",R$ 400.000,R$ 652,R$ 0,08/08 às 10:25
"Lourdes_Belo Horizonte, Lourdes_Q4_B5 ou mais",1327324257.0,"Apartamento à venda, 4 quartos, 2 suítes, 4 vagas, Lourdes - Belo Horizonte/MG",R$ 3.400.000,R$ 1.800,R$ 17.368,08/08 às 10:25
"Lourdes_Belo Horizonte, Lourdes_Q4_B3",1327323641.0,"Cobertura à venda, 4 quartos, 1 suíte, 2 vagas, Lourdes - Belo Horizonte/MG",R$ 1.490.000,R$ 1.200,R$ 6.359,08/08 às 10:22
"Centro_Belo Horizonte, Centro_QNone_BNone",1327288858.0,ANDAR CORRIDO: 365 M² - CENTRO,R$ 4.500,R$ 2.350,R$ 648,08/08 às 07:33
"Lourdes_Belo Horizonte, Lourdes_Q4_B2",1327277946.0,"Apartamento à venda, 4 quartos, 2 suítes, 3 vagas, Lourdes - Belo Horizonte/MG",R$ 2.220.000,R$ 1.090,R$ 898,08/08 às 06:26
"Lourdes_Belo Horizonte, Lourdes_QNone_BNone",1327273925.0,"Sala, 29 m² - venda por R$ 150.000,00 ou aluguel por R$ 1.033,31/mês - Lourdes - Belo Hori",R$ 150.000,R$ 385,R$ 148,08/08 às 05:33
"Lourdes_Belo Horizonte, Lourdes_Q2_B2",1327272134.0,APARTAMENTO - 2 QTS - 2 VGS - LOURDES,R$ 1.390.000,R$ 0,R$ 0,08/08 às 05:06
"Centro_Belo Horizonte, Centro_QNone_BNone",1327271880.0,"Sala, 31m², Centro. Venda.",R$ 90.000,R$ 479,R$ 158,08/08 às 05:00
"Lourdes_Belo Horizonte, Lourdes_QNone_BNone",1327267373.0,"Sala para aluguel, Lourdes - Belo Horizonte/MG",R$ 1.300,R$ 550,R$ 2.158,08/08 às 03:28
"Cidade Jardim_Belo Horizonte, Cidade Jardim_QNone_BNone",1327249981.0,GALPÃO COMERCIAL PARA LOCAÇÃO NO BAIRRO CIDADE JARDIM,R$ 37.000,R$ 0,R$ 3.200,08/08 às 00:06
"Lourdes_Belo Horizonte, Lourdes_Q4_B4",1327049719.0,"Contorno Residence - Apartamento Alto Padrão em Lourdes, Belo Horizonte/MG",R$ 2.450.000,R$ 1.150,R$ 292,07/08 às 10:52
"Santo Antônio_Belo Horizonte, Santo Antônio_QNone_BNone",1326999675.0,Sala comercial para venda no bairro Santo Antônio,R$ 220.000,R$ 386,R$ 214,07/08 às 06:16
"Lourdes_Belo Horizonte, Lourdes_Q4_B2",1326997508.0,"Apartamento 4 Quartos à venda, 4 quartos, 1 suíte, 3 vagas, Lourdes - Belo Horizonte/MG",R$ 4.300.000,R$ 2.470,R$ 829,07/08 às 05:50
"Lourdes_Belo Horizonte, Lourdes_Q4_B3",1326996483.0,"Apartamento 4 Quartos à venda, 4 quartos, 2 suítes, 3 vagas, Lourdes - Belo Horizonte/MG",R$ 2.200.000,R$ 1.090,R$ 898,07/08 às 05:35
"Lourdes_Belo Horizonte, Lourdes_Q2_B2",1326981106.0,"Apartamento à venda, 2 quartos, 1 suíte, 1 vaga, Lourdes - Belo Horizonte/MG",R$ 1.050.000,R$ 983,R$ 3.710,07/08 às 02:06
"Lourdes_Belo Horizonte, Lourdes_Q2_B1",1326824909.0,Apartamento 2 quartos para locação no Bairro Lourdes,R$ 4.200,R$ 1.100,R$ 370,06/08 às 13:56
"Lourdes_Belo Horizonte, Lourdes_Q4_B4",1326791368.0,Lourdes - Apartamento 04 quartos e 02 vagas de garagem paralelas,R$ 2.200.000,R$ 2.750,R$ 8.390,06/08 às 12:01
"Lourdes_Belo Horizonte, Lourdes_Q2_B2",1326788841.0,Imóvel para venda com 110 metros quadrados com 2 quartos em Lourdes - Belo Horizonte - MG,R$ 1.200.000,R$ 1.500,R$ 881,06/08 às 11:54
"Lourdes_Belo Horizonte, Lourdes_Q2_B2",1326752137.0,Apartamento à venda 2 quartos 1 suíte 2 vagas - Lourdes,R$ 1.270.000,R$ 0,R$ 0,06/08 às 09:47
"Lourdes_Belo Horizonte, Lourdes_Q2_B2",1326752009.0,Apartamento à venda 2 quartos 1 suíte 2 vagas - Lourdes,R$ 1.660.000,R$ 0,R$ 0,06/08 às 09:46
"Lourdes_Belo Horizonte, Lourdes_Q2_B2",1326751741.0,Apartamento à venda 2 quartos 1 suíte 3 vagas - Lourdes,R$ 1.700.000,R$ 0,R$ 0,06/08 às 09:46
"Lourdes_Belo Horizonte, Lourdes_Q2_B3",1326747971.0,lourdes apartamento duplex 121m² 03 vg lazer,R$ 2.400.000,R$ 1.870,R$ 482,06/08 às 09:32
"Lourdes_Belo Horizonte, Lourdes_QNone_BNone",1326740128.0,"Andar corrido para aluguel, Lourdes - Belo Horizonte/MG",R$ 3.300,R$ 0,R$ 624,06/08 às 09:02
"Lourdes_Belo Horizonte, Lourdes_Q4_B3",1326720135.0,Apartamento à venda no bairro de Lourdes,R$ 2.200.000,R$ 1.150,R$ 737,06/08 às 07:19
"Lourdes_Belo Horizonte, Lourdes_Q2_B3",1326712515.0,Cobertura com 2 quartos (1 suíte) no bairro Lourdes,R$ 1.720.000,R$ 700,R$ 0,06/08 às 06:03
"Lourdes_Belo Horizonte, Lourdes_Q3_B3",1326707358.0,"Apartamento com 3 dormitórios para alugar, 91 m² - Lourdes - Belo Horizonte/MG",R$ 9.250,R$ 1.100,R$ 700,06/08 às 05:22
"Lourdes_Belo Horizonte, Lourdes_Q3_B3",1326707349.0,"Apartamento com 3 dormitórios para alugar, 91 m² - Lourdes - Belo Horizonte/MG",R$ 2.100.000,R$ 1.100,R$ 700,06/08 às 05:22
"Lourdes_Belo Horizonte, Lourdes_Q4_B3",1326693299.0,4 QTS 2 SUITES 3 VGS,R$ 2.220.000,R$ 1.000,R$ 7.000,06/08 às 02:08
"Lourdes_Belo Horizonte, Lourdes_Q4_B5 ou mais",1326657744.0,APARTAMENTO DE 4 QUARTOS SUÍTES PARA ALUGAR NO BAIRRO LOURDES!,R$ 28.900,R$ 6.080,R$ 2.823,05/08 às 23:51
"Lourdes_Belo Horizonte, Lourdes_Q1_B1",1326610966.0,Flat para aluguel possui 40 m² com 1 quarto em Lourdes - Belo Horizonte - MG,R$ 4.200,R$ 1.500,R$ 0,05/08 às 20:05
"Lourdes_Belo Horizonte, Lourdes_QNone_BNone",1326589077.0,Sala Comercial para Locação - Ed. Wall Street - Santo Agostinho - Belo Horizonte,R$ 750,R$ 678,R$ 155,05/08 às 18:39
"Lourdes_Belo Horizonte, Lourdes_QNone_BNone",1326402735.0,Andar comercial para alugar no Lourdes em BH,R$ 4.100,R$ 0,R$ 828,05/08 às 04:47
"Centro_Belo Horizonte, Centro_Q0_B5 ou mais",1326089857.0,PREDIO PARA LOCAÇÃO NO BAIRRO CENTRO DE BELO HORIZONTE!,R$ 150.000,R$ 0,R$ 7.000,03/08 às 11:37
"Centro_Belo Horizonte, Centro_Q0_B5 ou mais",1326060142.0,"Prédio à venda, 56 vagas, Centro - Belo Horizonte/MG",R$ 42.000.000,R$ 0,R$ 0,03/08 às 09:25
"Lourdes_Belo Horizonte, Lourdes_QNone_BNone",1326059140.0,"Loja para aluguel, Lourdes - Belo Horizonte/MG",R$ 8.300,R$ 908,R$ 0,03/08 às 09:19
"Lourdes_Belo Horizonte, Lourdes_Q1_B2",1326023446.0,Cobertura duplex à venda no Lourdes/Centro,R$ 650.000,R$ 804,R$ 244,03/08 às 05:17
"Lourdes_Belo Horizonte, Lourdes_QNone_BNone",1325982198.0,Prédio para venda - Lourdes,R$ 39.997.595,R$ 0,R$ 0,02/08 às 23:09
"Lourdes_Belo Horizonte, Lourdes_QNone_BNone",1325982105.0,Prédio para locação - Lourdes,R$ 183.495,R$ 0,R$ 0,02/08 às 23:08
"Lourdes_Belo Horizonte, Lourdes_Q4_B3",1325976903.0,Venda - APARTAMENTO - LOURDES BELO HORIZONTE MG,R$ 1.800.000,R$ 0,R$ 500,02/08 às 22:28
"Lourdes_Belo Horizonte, Lourdes_Q4_B4",1325921589.0,"Apartamento 04 quartos à venda em Lourdes, próximo ao Minas Tênis Clube",R$ 4.700.000,R$ 4.122,R$ 20.278,02/08 às 17:36
"Santo Agostinho_Belo Horizonte, Santo Agostinho_QNone_BNone",1325920737.0,"Sala / Conj Salas à venda, 3 vagas, Lourdes - Belo Horizonte/MG",R$ 1.100.000,R$ 3.300,R$ 10.200,02/08 às 17:32
"Lourdes_Belo Horizonte, Lourdes_Q4_B3",1325780686.0,COBERTURA 4 QUARTOS À VENDA NO BAIRRO DE LOURDES,R$ 1.650.000,R$ 1.000,R$ 226,02/08 às 08:57
"Lourdes_Belo Horizonte, Lourdes_Q2_B2",1325753244.0,"Apartamento, 2 quartos, 1 suíte, 1 vagas no Lourdes",R$ 1.050.000,R$ 800,R$ 275,02/08 às 05:25
"Lourdes_Belo Horizonte, Lourdes_Q4_B4",1325752566.0,"Apartamento 4 Quartos à venda, 4 quartos, 4 suítes, 4 vagas, Lourdes - Belo Horizonte/MG",R$ 7.800.000,R$ 4.300,R$ 2.833,02/08 às 05:11
"Lourdes_Belo Horizonte, Lourdes_QNone_BNone",1325748984.0,"Andar comercial para alugar no Lourdes, Marília de Dirceu",R$ 3.300,R$ 0,R$ 482,02/08 às 04:14
"Lourdes_Belo Horizonte, Lourdes_Q2_B2",1325745693.0,Venda Apartamento 2 quartos Lourdes Belo Horizonte,R$ 1.070.000,R$ 800,R$ 250,02/08 às 03:43
"Lourdes_Belo Horizonte, Lourdes_Q4_B3",1325745495.0,Venda Apartamento 4 quartos Lourdes Belo Horizonte,R$ 2.580.000,R$ 2.143,R$ 661,02/08 às 03:40
"Centro_Belo Horizonte, Centro_Q3_B2",1325745468.0,Venda Apartamento 3 quartos Centro Belo Horizonte,R$ 450.000,R$ 600,R$ 186,02/08 às 03:40
"Lourdes_Belo Horizonte, Lourdes_Q2_B2",1325745431.0,Venda Apartamento 2 quartos Lourdes Belo Horizonte,R$ 1.144.569,R$ 0,R$ 10,02/08 às 03:39
"Lourdes_Belo Horizonte, Lourdes_Q3_B2",1325745396.0,Venda Apartamento 3 quartos Lourdes Belo Horizonte,R$ 1.510.000,R$ 750,R$ 540,02/08 às 03:39
"Lourdes_Belo Horizonte, Lourdes_Q2_B3",1325745302.0,Venda Apartamento 2 quartos Lourdes Belo Horizonte,R$ 760.000,R$ 844,R$ 292,02/08 às 03:38
"Lourdes_Belo Horizonte, Lourdes_Q2_B2",1325745245.0,Venda Apartamento 2 quartos Lourdes Belo Horizonte,R$ 2.200.000,R$ 1.100,R$ 872,02/08 às 03:37
"Lourdes_Belo Horizonte, Lourdes_Q3_B2",1325745227.0,Venda Apartamento 3 quartos Lourdes Belo Horizonte,R$ 1.385.000,R$ 1.100,R$ 650,02/08 às 03:37
"Lourdes_Belo Horizonte, Lourdes_Q2_B2",1325745195.0,Venda Cobertura Lourdes Belo Horizonte,R$ 1.690.000,R$ 0,R$ 1,02/08 às 03:36
"Lourdes_Belo Horizonte, Lourdes_Q4_B5 ou mais",1325745120.0,Venda Apartamento 4 quartos Lourdes Belo Horizonte,R$ 2.640.000,R$ 2.650,R$ 1.231,02/08 às 03:35
"Lourdes_Belo Horizonte, Lourdes_Q4_B4",1325745111.0,Venda Apartamento 4 quartos Lourdes Belo Horizonte,R$ 2.200.000,R$ 2.764,R$ 831,02/08 às 03:34
"Lourdes_Belo Horizonte, Lourdes_Q3_B2",1325745106.0,Venda Apartamento 3 quartos Lourdes Belo Horizonte,R$ 1.100.000,R$ 1.200,R$ 600,02/08 às 03:34
"Lourdes_Belo Horizonte, Lourdes_Q4_B3",1325745087.0,Venda Apartamento 4 quartos Lourdes Belo Horizonte,R$ 1.700.000,R$ 1.575,R$ 753,02/08 às 03:34
"Lourdes_Belo Horizonte, Lourdes_Q3_B2",1325745089.0,Venda Apartamento 3 quartos Lourdes Belo Horizonte,R$ 635.000,R$ 500,R$ 195,02/08 às 03:34
"Lourdes_Belo Horizonte, Lourdes_Q4_B4",1325745072.0,Venda Apartamento 4 quartos Lourdes Belo Horizonte,R$ 1.850.000,R$ 907,R$ 829,02/08 às 03:34
"Lourdes_Belo Horizonte, Lourdes_Q3_B2",1325745067.0,Venda Apartamento 3 quartos Lourdes Belo Horizonte,R$ 1.290.000,R$ 1.448,R$ 573,02/08 às 03:34
"Lourdes_Belo Horizonte, Lourdes_Q4_B5 ou mais",1325745063.0,Venda Apartamento 4 quartos Lourdes Belo Horizonte,R$ 2.900.000,R$ 0,R$ 648,02/08 às 03:34
"Lourdes_Belo Horizonte, Lourdes_Q4_B5 ou mais",1325745021.0,Venda Apartamento 4 quartos Lourdes Belo Horizonte,R$ 7.600.000,R$ 6.000,R$ 2.700,02/08 às 03:32
"Lourdes_Belo Horizonte, Lourdes_Q2_B2",1325744977.0,Venda Apartamento 2 quartos Lourdes Belo Horizonte,R$ 1.173.498,R$ 0,R$ 0,02/08 às 03:31
"Lourdes_Belo Horizonte, Lourdes_Q3_B2",1325744967.0,Venda Apartamento 3 quartos Lourdes Belo Horizonte,R$ 690.000,R$ 350,R$ 206,02/08 às 03:31
"Lourdes_Belo Horizonte, Lourdes_Q4_B3",1325744935.0,Venda Apartamento 4 quartos Lourdes Belo Horizonte,R$ 2.100.000,R$ 0,R$ 0,02/08 às 03:30
"Lourdes_Belo Horizonte, Lourdes_Q4_B4",1325744904.0,Venda Apartamento 4 quartos Lourdes Belo Horizonte,R$ 2.000.000,R$ 1.500,R$ 700,02/08 às 03:29
"Lourdes_Belo Horizonte, Lourdes_Q2_B3",1325744824.0,Venda Apartamento 2 quartos Lourdes Belo Horizonte,R$ 1.200.000,R$ 1.058,R$ 393,02/08 às 03:27
"Lourdes_Belo Horizonte, Lourdes_Q2_B2",1325744811.0,Venda Cobertura Lourdes Belo Horizonte,R$ 520.000,R$ 1.052,R$ 137,02/08 às 03:27
"Lourdes_Belo Horizonte, Lourdes_Q4_B3",1325744791.0,Venda Apartamento 4 quartos Lourdes Belo Horizonte,R$ 2.200.000,R$ 0,R$ 0,02/08 às 03:26
"Lourdes_Belo Horizonte, Lourdes_Q3_B2",1325744454.0,Venda Apartamento 3 quartos Lourdes Belo Horizonte,R$ 635.000,R$ 1.050,R$ 182,02/08 às 03:19
"Cidade Jardim_Belo Horizonte, Cidade Jardim_QNone_BNone",1325523487.0,GALPÃO ZONA SUL,R$ 37.000,R$ 0,R$ 3.200,01/08 às 11:50
"Lourdes_Belo Horizonte, Lourdes_QNone_BNone",1325522293.0,SALA 30 M2 PRONTA PARA DENTISTA,R$ 165.000,R$ 410,R$ 100,01/08 às 11:49
"Lourdes_Belo Horizonte, Lourdes_Q3_B2",1325480858.0,"Edifício Paradiso: apartamento de 3 quartos, com 128,09m² à venda no Lourdes.",R$ 3.108.184,R$ 0,R$ 0,01/08 às 09:49
"Lourdes_Belo Horizonte, Lourdes_Q2_B2",1325480815.0,"Edifício Paradiso: apartamento de 2 quartos, com 75,25m² à venda no Lourdes.",R$ 1.541.165,R$ 0,R$ 0,01/08 às 09:48
"Lourdes_Belo Horizonte, Lourdes_Q3_B2",1325480748.0,"Edifício Paradiso: apartamento de 3 quartos, com 109,08m² à venda no Lourdes.",R$ 2.510.730,R$ 0,R$ 0,01/08 às 09:48
"Lourdes_Belo Horizonte, Lourdes_Q4_B2",1325478773.0,"Apartamento à venda, 4 quartos, 2 suítes, 3 vagas, Lourdes - Belo Horizonte/MG",R$ 2.000.000,R$ 1.600,R$ 7.000,01/08 às 09:42
"Lourdes_Belo Horizonte, Lourdes_Q2_B2",1325447834.0,"Apartamento 2 Quartos à venda, 2 quartos, 1 suíte, 1 vaga, Lourdes - Belo Horizonte/MG",R$ 635.000,R$ 1.077,R$ 200,01/08 às 06:50
"Lourdes_Belo Horizonte, Lourdes_QNone_BNone",1325438257.0,Loja para alugar no bairro de Lourdes,R$ 8.000,R$ 530,R$ 5.500,01/08 às 05:45
"Lourdes_Belo Horizonte, Lourdes_QNone_BNone",1325421916.0,Lourdes - Prédio comercial para aluguel na Anuar Donato,R$ 25.000,R$ 0,R$ 25.146,01/08 às 02:16
"Cidade Jardim_Belo Horizonte, Cidade Jardim_QNone_BNone",1325290951.0,Cidade Jardim - Galpão para aluguel na Anuar Donato,R$ 37.000,R$ 0,R$ 37.346,31/07 às 16:04
"Cidade Jardim_Belo Horizonte, Cidade Jardim_QNone_BNone",1325205867.0,"Galpão para aluguel, Cidade Jardim - Belo Horizonte/MG",R$ 37.000,R$ 0,R$ 3.200,31/07 às 12:17
"Lourdes_Belo Horizonte, Lourdes_Q4_B4",1325171549.0,"Apartamento com 4 dormitórios à venda, 143 m² por R$ 2.998.000 - Lourdes - Belo Horizonte/",R$ 2.998.000,R$ 0,R$ 0,31/07 às 10:30
"Lourdes_Belo Horizonte, Lourdes_Q4_B4",1325169579.0,"Apartamento com 4 dormitórios à venda, 143 m² por R$ 2.945.000,00 - Lourdes - Belo Horizon",R$ 2.945.000,R$ 0,R$ 0,31/07 às 10:21
"Lourdes_Belo Horizonte, Lourdes_Q4_B2",1325162652.0,"Apartamento 4 Quartos à venda, 4 quartos, 1 suíte, 2 vagas, Lourdes - Belo Horizonte/MG",R$ 2.200.000,R$ 2.750,R$ 870,31/07 às 10:17
"Lourdes_Belo Horizonte, Lourdes_Q4_B2",1325161709.0,"Apartamento 4 Quartos à venda, 4 quartos, 1 suíte, 2 vagas, Lourdes - Belo Horizonte/MG",R$ 1.600.000,R$ 1.582,R$ 563,31/07 às 10:17
"Centro_Belo Horizonte, Centro_Q1_B1",1325102333.0,Apartamento 1 quarto para alugar no centro,R$ 3.000,R$ 570,R$ 2.618,31/07 às 02:57
"Lourdes_Belo Horizonte, Lourdes_Q3_B3",1325090336.0,"Lançamento no Lourdes. Edificio Omini 1 suite, 2 semi-suites",R$ 1.950.000,R$ 1.000,R$ 0,31/07 às 02:49
"Lourdes_Belo Horizonte, Lourdes_Q3_B2",1324956495.0,"Cobertura à venda, 3 quartos, 1 suíte, 2 vagas, Lourdes - Belo Horizonte/MG",R$ 5.426.200,R$ 0,R$ 0,30/07 às 16:55
"Lourdes_Belo Horizonte, Lourdes_Q3_B2",1324956458.0,"Area privativa à venda, 3 quartos, 1 suíte, 2 vagas, Lourdes - Belo Horizonte/MG",R$ 3.545.775,R$ 0,R$ 0,30/07 às 16:55
"Lourdes_Belo Horizonte, Lourdes_Q3_B2",1324956335.0,"Area privativa à venda, 3 quartos, 1 suíte, 2 vagas, Lourdes - Belo Horizonte/MG",R$ 3.237.600,R$ 0,R$ 0,30/07 às 16:55
"Lourdes_Belo Horizonte, Lourdes_Q4_B4",1324930896.0,"4 quartos em Lourdes, 1 por andar, com 234 metros quadrados",R$ 2.200.000,R$ 2.500,R$ 9.344,30/07 às 15:24
"Lourdes_Belo Horizonte, Lourdes_Q3_B2",1324919759.0,"Apartamento à venda, 3 quartos, 1 suíte, 2 vagas, Lourdes - Belo Horizonte/MG",R$ 2.783.580,R$ 0,R$ 0,30/07 às 14:38
"Cidade Jardim_Belo Horizonte, Cidade Jardim_Q4_B5 ou mais",1324838681.0,"Apartamento à venda, 4 quartos, 4 suítes, 4 vagas, Lourdes - Belo Horizonte/MG",R$ 2.900.000,R$ 0,R$ 0,30/07 às 09:02
"Lourdes_Belo Horizonte, Lourdes_Q3_B3",1324837744.0,"Apartamento à venda, 3 quartos, 1 suíte, 2 vagas, Lourdes - Belo Horizonte/MG",R$ 2.284.402,R$ 0,R$ 9.108,30/07 às 08:56
"Lourdes_Belo Horizonte, Lourdes_Q4_B5 ou mais",1324837628.0,Apartamento à venda de 4 quartos em Lourdes,R$ 3.500.000,R$ 3.500,R$ 1.018,30/07 às 08:54
"Lourdes_Belo Horizonte, Lourdes_Q4_B3",1324812263.0,Apartamento à venda no Lourdes | 152 m² - 4 quartos,R$ 1.745.000,R$ 1.000,R$ 752,30/07 às 04:45
"Lourdes_Belo Horizonte, Lourdes_Q2_B4",1324811325.0,"PRÓXIMO A IGREJA DE LOURDES 1-APTOS TIPO,Á.PRIVATIVA , COBERTURA, 2QTS 1/2 VAGAS.",R$ 1.290.000,R$ 0,R$ 0,30/07 às 04:24
"Lourdes_Belo Horizonte, Lourdes_Q2_B3",1324807468.0,"PRÓXIMO A IGREJA DE LOURDES 1-APTOS TIPO,Á.PRIVATIVA , COBERTURA, 2QTS 1/2 VAGAS.",R$ 830.000,R$ 0,R$ 0,30/07 às 03:35
"Lourdes_Belo Horizonte, Lourdes_QNone_BNone",1324691248.0,VENDE / LOURDES/ SALA 35 M² / PORT. 24 HRS/ AV. OLEGÁRIO MACIEL/ EM FRENTE À RECEITA FEDER,R$ 250.000,R$ 385,R$ 135,29/07 às 17:45
"Lourdes_Belo Horizonte, Lourdes_QNone_BNone",1324411725.0,"Andar Corrido Comercial para Locação em Belo Horizonte, Lourdes, 1 banheiro",R$ 4.100,R$ 0,R$ 827,28/07 às 12:38
"Lourdes_Belo Horizonte, Lourdes_Q3_B2",1324352747.0,BELO HORIZONTE - Apartamento Padrão - Lourdes,R$ 1.390.000,R$ 280,R$ 436,28/07 às 00:43
"Lourdes_Belo Horizonte, Lourdes_Q4_B3",1324266538.0,Venda Cobertura Lourdes Belo Horizonte,R$ 4.500.000,R$ 1.892,R$ 714,27/07 às 15:53
"Lourdes_Belo Horizonte, Lourdes_Q3_B2",1324265839.0,"Apartamento à venda, 3 quartos, 1 suíte, 2 vagas, Lourdes - Belo Horizonte/MG",R$ 1.270.822,R$ 0,R$ 0,27/07 às 15:51
"Lourdes_Belo Horizonte, Lourdes_Q3_B2",1324246009.0,"VENDA APARTAMENTO - 03 QUARTOS 100,00 M2 - BAIRRO: LOURDES",R$ 1.200.000,R$ 1.100,R$ 503,27/07 às 13:53
"Lourdes_Belo Horizonte, Lourdes_QNone_BNone",1324154373.0,Estacionamento á venda no Lourdes.,R$ 1.500.000,R$ 0,R$ 0,27/07 às 01:24
"Santo Agostinho_Belo Horizonte, Santo Agostinho_Q4_B3",1324133777.0,BELO HORIZONTE - Apartamento Padrão - LOURDES,R$ 2.380.000,R$ 1.100,R$ 612,26/07 às 23:06
"Centro_Belo Horizonte, Centro_Q2_B2",1324036154.0,2 quartos com vaga no centro/alugado,R$ 420.000,R$ 750,R$ 1.600,26/07 às 15:30
"Lourdes_Belo Horizonte, Lourdes_Q1_B1",1324033486.0,"Apartamento com 1 dorm, Lourdes, Belo Horizonte, Cod: 547",R$ 3.200,R$ 650,R$ 285,26/07 às 15:16
"Lourdes_Belo Horizonte, Lourdes_QNone_BNone",1324004091.0,Venda Sala Lourdes Belo Horizonte,R$ 155.000,R$ 662,R$ 180,26/07 às 12:58
"Lourdes_Belo Horizonte, Lourdes_Q2_B1",1323918741.0,"Apartamento com 2 dormitórios à venda, 71 m² por R$ 1.492.605,00 - Lourdes - Belo Horizont",R$ 1.492.605,R$ 0,R$ 0,26/07 às 06:25
"Lourdes_Belo Horizonte, Lourdes_Q2_B2",1323912754.0,"Apartamento Garden com 2 dormitórios à venda, 110 m² por R$ 1.490.000,00 - Lourdes - Belo ",R$ 1.490.000,R$ 320,R$ 341,26/07 às 03:52
"Lourdes_Belo Horizonte, Lourdes_QNone_BNone",1323911628.0,"Sala à venda, 40 m² por R$ 188.000 - Lourdes - Belo Horizonte/MG",R$ 188.000,R$ 579,R$ 166,26/07 às 03:19
"Lourdes_Belo Horizonte, Lourdes_Q1_B2",1323883548.0,Imóvel para venda possui 94 metros quadrados com 1 quarto em Lourdes - Belo Horizonte - MG,R$ 695.000,R$ 1.153,R$ 200,26/07 às 00:04
"Lourdes_Belo Horizonte, Lourdes_Q4_B4",1323561596.0,Venda - APARTAMENTO - LOURDES BELO HORIZONTE MG,R$ 2.000.000,R$ 1.700,R$ 462,24/07 às 18:06
"Centro_Belo Horizonte, Centro_QNone_BNone",1323550704.0,Sala para aluguel possui 23 metros quadrados em Centro - Belo Horizonte - MG,R$ 50.000,R$ 262,R$ 122,24/07 às 17:18
"Lourdes_Belo Horizonte, Lourdes_Q3_B2",1323488660.0,APARTAMENTO 03 QUARTOS 01 SUÍTE LOURDES VENDA,R$ 1.400.000,R$ 1.100,R$ 411,24/07 às 13:42
"Lourdes_Belo Horizonte, Lourdes_Q2_B2",1323380259.0,Lançamento no Lourdes. Edificio Omini,R$ 5.500,R$ 1.000,R$ 0,24/07 às 06:14
"Lourdes_Belo Horizonte, Lourdes_Q2_B3",1323377845.0,"Cobertura à venda, 2 quartos, 1 suíte, 3 vagas, Lourdes - Belo Horizonte/MG",R$ 1.790.000,R$ 900,R$ 0,24/07 às 05:57
"Lourdes_Belo Horizonte, Lourdes_Q2_B1",1323363242.0,"Apartamento à venda e para alugar em Belo Horizonte, Lourdes, com 2 quartos, com 77 m²",R$ 6.100,R$ 949,R$ 344,24/07 às 03:09
"Lourdes_Belo Horizonte, Lourdes_Q2_B1",1323363230.0,"Apartamento à venda e para alugar em Belo Horizonte, Lourdes, com 2 quartos, com 77 m²",R$ 1.050.000,R$ 949,R$ 344,24/07 às 03:09
"Lourdes_Belo Horizonte, Lourdes_Q3_B3",1323325348.0,"Apartamento com 3 dormitórios à venda, 120 m² por R$ 2.600.000,00 - Lourdes - Belo Horizon",R$ 2.600.000,R$ 0,R$ 0,23/07 às 22:36
"Lourdes_Belo Horizonte, Lourdes_Q2_B3",1323325294.0,"Apartamento com 2 dormitórios à venda, 67 m² por R$ 1.450.000,00 - Lourdes - Belo Horizont",R$ 1.450.000,R$ 0,R$ 0,23/07 às 22:36
"Lourdes_Belo Horizonte, Lourdes_Q3_B3",1323272396.0,"Cobertura à venda em Belo Horizonte-MG, bairro Lourdes: 3 quartos, 1 suíte, 2 salas, 3 ban",R$ 1.950.000,R$ 0,R$ 0,23/07 às 18:30
"Lourdes_Belo Horizonte, Lourdes_Q4_B4",1323266475.0,Venda - APARTAMENTO - LOURDES BELO HORIZONTE MG,R$ 1.900.000,R$ 1.100,R$ 400,23/07 às 18:01
"Lourdes_Belo Horizonte, Lourdes_QNone_BNone",1323185966.0,Locação Andar-pilotis Lourdes Belo Horizonte,R$ 13.000,R$ 3.146,R$ 1.457,23/07 às 14:08
"Centro_Belo Horizonte, Centro_Q4_B3",1323185671.0,Venda Apartamento 4 quartos Centro Belo Horizonte,R$ 860.000,R$ 1.131,R$ 258,23/07 às 14:08
"Lourdes_Belo Horizonte, Lourdes_Q3_B2",1323183894.0,Venda Apartamento 3 quartos Lourdes Belo Horizonte,R$ 898.000,R$ 600,R$ 263,23/07 às 14:01
"Lourdes_Belo Horizonte, Lourdes_QNone_BNone",1323183841.0,Locação Casa comercial Lourdes Belo Horizonte,R$ 3.700,R$ 0,R$ 592,23/07 às 14:01
"Lourdes_Belo Horizonte, Lourdes_Q2_B3",1323085311.0,Venda Apartamento 2 quartos Lourdes Belo Horizonte,R$ 880.000,R$ 0,R$ 0,23/07 às 08:05
"Lourdes_Belo Horizonte, Lourdes_Q2_B1",1323084835.0,Venda Apartamento 2 quartos Lourdes Belo Horizonte,R$ 830.000,R$ 0,R$ 0,23/07 às 08:00
"Lourdes_Belo Horizonte, Lourdes_Q2_B3",1323084707.0,Venda Apartamento 2 quartos Lourdes Belo Horizonte,R$ 900.000,R$ 0,R$ 0,23/07 às 08:00
"Lourdes_Belo Horizonte, Lourdes_Q2_B3",1323083929.0,Venda Cobertura Lourdes Belo Horizonte,R$ 1.500.000,R$ 0,R$ 0,23/07 às 07:57
"Lourdes_Belo Horizonte, Lourdes_Q4_B3",1323059297.0,APARTAMENTO - 4 QTS - 2 VGS - LOURDES,R$ 1.600.000,R$ 2.100,R$ 860,23/07 às 03:03
"Lourdes_Belo Horizonte, Lourdes_Q2_B2",1323054560.0,Venda ou locação Área Privativa Lourdes Belo Horizonte,R$ 8.000,R$ 500,R$ 400,23/07 às 02:07
"Cidade Jardim_Belo Horizonte, Cidade Jardim_QNone_BNone",1323032012.0,GALPÃO DE 1.200m2 NO BAIRRO CIDADE JARDIM,R$ 37.000,R$ 0,R$ 3.735,23/07 às 00:32
"Lourdes_Belo Horizonte, Lourdes_Q4_B5 ou mais",1322906817.0,4 QUARTOS PROX MINAS,R$ 3.300.000,R$ 2.800,R$ 1.460,22/07 às 16:07
"Lourdes_Belo Horizonte, Lourdes_Q2_B2",1322662155.0,"Apartamento com 98m², 2 quartos, 1 vaga e a poucos metros da Praça da Liberdade",R$ 760.000,R$ 929,R$ 292,21/07 às 13:45
"Lourdes_Belo Horizonte, Lourdes_QNone_BNone",1322620239.0,"Andar corrido para aluguel, Lourdes - Belo Horizonte/MG",R$ 3.300,R$ 0,R$ 482,21/07 às 09:29
"Lourdes_Belo Horizonte, Lourdes_Q3_B2",1322460134.0,APARTAMENTO 3 QUARTOS À VENDA NO BAIRRO DE LOURDES,R$ 1.856.740,R$ 1.500,R$ 562,20/07 às 10:42
"Lourdes_Belo Horizonte, Lourdes_Q2_B3",1322456115.0,Venda Apartamento 2 quartos Lourdes Belo Horizonte,R$ 990.000,R$ 0,R$ 0,20/07 às 10:36
"Lourdes_Belo Horizonte, Lourdes_Q4_B5 ou mais",1322451749.0,"Apartamento à venda, 4 quartos, 2 suítes, 4 vagas, Lourdes - Belo Horizonte/MG",R$ 3.800.000,R$ 2.433,R$ 17.113,20/07 às 10:33
"Lourdes_Belo Horizonte, Lourdes_Q4_B3",1322410138.0,"Apartamento 4 Quartos em Lourdes, BH - 152m² por R$1.600.000",R$ 1.600.000,R$ 2.100,R$ 860,20/07 às 06:04
"Lourdes_Belo Horizonte, Lourdes_Q2_B2",1322410038.0,Apartamento em Lourdes - Belo Horizonte,R$ 950.000,R$ 400,R$ 370,20/07 às 06:03
"Lourdes_Belo Horizonte, Lourdes_Q4_B2",1322409183.0,"Apartamento em Lourdes BH: 4 Quartos, 120m², R$ 950 Mil",R$ 950.000,R$ 450,R$ 1.000,20/07 às 05:49
"Lourdes_Belo Horizonte, Lourdes_Q3_B3",1322404381.0,"Apartamento para Venda em Belo Horizonte, Lourdes, 3 dormitórios, 1 suíte, 3 banheiros, 1 ",R$ 650.000,R$ 1.560,R$ 280,20/07 às 05:25
"Lourdes_Belo Horizonte, Lourdes_QNone_BNone",1322400921.0,"Sala para alugar, 74 m² por R$ 3.300,01/mês - Lourdes - Belo Horizonte/MG",R$ 3.300,R$ 0,R$ 0,20/07 às 05:18
"Lourdes_Belo Horizonte, Lourdes_Q2_B2",1322400721.0,"Apartamento com 2 quartos para alugar, 71 m² por R$ 5.500/mês - Lourdes - Belo Horizonte/M",R$ 5.000,R$ 500,R$ 0,20/07 às 05:18
"Lourdes_Belo Horizonte, Lourdes_QNone_BNone",1322242990.0,"Sala à venda, 1 vaga, LOURDES - Belo Horizonte/MG",R$ 540.750,R$ 1.603,R$ 405,19/07 às 16:02
"Lourdes_Belo Horizonte, Lourdes_QNone_BNone",1322223893.0,"Sala à venda, 1 vaga, LOURDES - Belo Horizonte/MG",R$ 540.750,R$ 1.603,R$ 405,19/07 às 15:23
"Lourdes_Belo Horizonte, Lourdes_QNone_BNone",1322218229.0,"Sala à venda, 1 vaga, LOURDES - Belo Horizonte/MG",R$ 509.250,R$ 1.603,R$ 405,19/07 às 15:08
"Lourdes_Belo Horizonte, Lourdes_Q3_B2",1322157616.0,APARTAMENTO 3 QUARTOS À VENDA NO BAIRRO DE LOURDES,R$ 1.905.958,R$ 1.500,R$ 562,19/07 às 11:11
"Centro_Belo Horizonte, Centro_Q5 ou mais_B4",1322143040.0,Condomínio Ed. Eularino Teixeira: Apartamento com 227m² localizado região central a poucos,R$ 900.000,R$ 900,R$ 3.180,19/07 às 10:09
"Lourdes_Belo Horizonte, Lourdes_QNone_BNone",1322142330.0,"Andar corrido para aluguel, 5 vagas, Lourdes - Belo Horizonte/MG",R$ 6.800,R$ 3.006,R$ 11.495,19/07 às 10:03
"Lourdes_Belo Horizonte, Lourdes_Q5 ou mais_B5 ou mais",1322079495.0,Apartamento de 5 quartos no Lourdes!,R$ 2.800.000,R$ 4.000,R$ 1.403,19/07 às 03:59
"Lourdes_Belo Horizonte, Lourdes_Q3_B4",1321990572.0,COBERTURA TRIPEX Á VENDA 240 M² 03 QTOS 03 VGS. B. S. AGOSTINHO-BH. MG,R$ 2.700.000,R$ 2.392,R$ 1.100,18/07 às 18:41
"Lourdes_Belo Horizonte, Lourdes_Q1_B1",1321986914.0,"Flat para aluguel, 1 quarto, 1 suíte, 1 vaga, Lourdes - Belo Horizonte/MG",R$ 2.400,R$ 1.494,R$ 2.247,18/07 às 18:37
"Lourdes_Belo Horizonte, Lourdes_QNone_BNone",1321827845.0,"Casa para alugar, 600 m² por R$ 22.359,00/mês - Lourdes - Belo Horizonte/MG",R$ 20.000,R$ 0,R$ 2.359,18/07 às 09:39
"Santo Antônio_Belo Horizonte, Santo Antônio_Q1_B1",1321811086.0,Flat no Novotel Savassi dentro do pool,R$ 489.000,R$ 0,R$ 10,18/07 às 07:54
"Lourdes_Belo Horizonte, Lourdes_Q2_B3",1321810481.0,Venda Apartamento 2 quartos Lourdes Belo Horizonte,R$ 1.400.000,R$ 0,R$ 0,18/07 às 07:43
"Lourdes_Belo Horizonte, Lourdes_Q3_B3",1321808898.0,Venda Apartamento 3 quartos Lourdes Belo Horizonte,R$ 2.600.000,R$ 0,R$ 0,18/07 às 07:30
"Lourdes_Belo Horizonte, Lourdes_Q3_B2",1321803085.0,"Magnifico apartamento 03 quartos com 110m², na melhor localização do Lourdes",R$ 1.300.000,R$ 1.500,R$ 585,18/07 às 06:24
"Santo Antônio_Belo Horizonte, Santo Antônio_QNone_BNone",1321797667.0,"ALUGUEL LOJA - 800,00 M2 -BAIRRO: LOURDES",R$ 35.000,R$ 400,R$ 2.737,18/07 às 05:32
"Lourdes_Belo Horizonte, Lourdes_Q2_B2",1321632817.0,Imóvel para venda possui 54 metros quadrados com 2 quartos em Lourdes - Belo Horizonte - M,R$ 840.000,R$ 0,R$ 0,17/07 às 15:03
"Lourdes_Belo Horizonte, Lourdes_Q4_B3",1321627151.0,Apartamento 04 suítes a venda próximo do Minas,R$ 5.200.000,R$ 5.000,R$ 2.100,17/07 às 14:52
"Lourdes_Belo Horizonte, Lourdes_QNone_BNone",1321611308.0,"Andar com 183 m², 4 vagas à venda no Bairro de Lourdes",R$ 2.200.000,R$ 3.100,R$ 14.600,17/07 às 14:00
"Lourdes_Belo Horizonte, Lourdes_Q5 ou mais_B3",1321526453.0,"Casa para aluguel, 6 quartos, 5 vagas, Lourdes - Belo Horizonte/MG",R$ 25.000,R$ 0,R$ 0,17/07 às 07:38
"Lourdes_Belo Horizonte, Lourdes_QNone_BNone",1321515910.0,"Andar para aluguel, Lourdes - Belo Horizonte/MG",R$ 3.300,R$ 0,R$ 480,17/07 às 06:15
"Lourdes_Belo Horizonte, Lourdes_Q2_B3",1321498344.0,ALTISSIMO PADRÃO PRÓXIMO AO SHOPPING DAIMOND MALL,R$ 1.600.000,R$ 970,R$ 297,17/07 às 03:41
"Lourdes_Belo Horizonte, Lourdes_Q4_B2",1321492728.0,"Apartamento para Venda em Belo Horizonte, Lourdes, 4 dormitórios, 1 suíte, 2 banheiros, 2 ",R$ 1.900.000,R$ 2.400,R$ 660,17/07 às 02:35
"Lourdes_Belo Horizonte, Lourdes_QNone_BNone",1321490250.0,"Sala para alugar, 165 m² por R$ 8.904,00/mês - Lourdes - Belo Horizonte/MG",R$ 6.000,R$ 2.288,R$ 616,17/07 às 02:23
"Centro_Belo Horizonte, Centro_Q2_B1",1321366850.0,Apartamento em Localização Privilegiada!!!,R$ 650.000,R$ 600,R$ 0,16/07 às 15:01
"Lourdes_Belo Horizonte, Lourdes_QNone_BNone",1321290232.0,"Loja para aluguel, Lourdes - Belo Horizonte/MG",R$ 28.000,R$ 0,R$ 958,16/07 às 10:14
"Lourdes_Belo Horizonte, Lourdes_Q3_B2",1321264399.0,"Lindo apartamento 03 quartos com 120m², na melhor localização do Lourdes",R$ 1.250.000,R$ 1.700,R$ 462,16/07 às 08:43
"Lourdes_Belo Horizonte, Lourdes_Q4_B3",1321257743.0,"VENDA APARTAMENTO - 04 QUARTOS 190,00 M2 - BAIRRO: LOURDES",R$ 1.680.000,R$ 2.000,R$ 9.595,16/07 às 08:10
"Lourdes_Belo Horizonte, Lourdes_QNone_BNone",1321237438.0,"Vaga de garagem à venda, 1 vaga, Lourdes - Belo Horizonte/MG",R$ 70.000,R$ 52,R$ 11,16/07 às 05:00
"Lourdes_Belo Horizonte, Lourdes_Q4_B5 ou mais",1321213849.0,Excelente apartamento para venda e locação no Lourdes!,R$ 29.000,R$ 6.000,R$ 2.956,16/07 às 01:45
"Lourdes_Belo Horizonte, Lourdes_Q4_B5 ou mais",1321213840.0,Excelente apartamento para venda e locação no Lourdes!,R$ 6.500.000,R$ 6.000,R$ 2.956,16/07 às 01:45
"Lourdes_Belo Horizonte, Lourdes_QNone_BNone",1320769509.0,Sala comercial a venda no bairro de Lourdes,R$ 550.000,R$ 1,R$ 1,13/07 às 23:19
"Lourdes_Belo Horizonte, Lourdes_Q2_B3",1320752012.0,"Px Praça Liberdade, varanda, vazio, vista definitiva",R$ 760.000,R$ 800,R$ 3.219,13/07 às 21:05
"Centro_Belo Horizonte, Centro_Q1_B1",1320726437.0,"Imóvel para venda com 1 quarto, próximo shopping, mercado e outros, Centro - Belo Horizont",R$ 250.000,R$ 340,R$ 0,13/07 às 18:22
"Lourdes_Belo Horizonte, Lourdes_Q4_B5 ou mais",1320581880.0,Apartamento 04 quartos a venda no bairro de Lourdes na cidade de Belo Horizonte,R$ 2.550.000,R$ 1.132,R$ 0,13/07 às 02:19
"Lourdes_Belo Horizonte, Lourdes_Q3_B3",1320521501.0,"Apartamento para Venda em Belo Horizonte, Lourdes, 3 dormitórios, 1 suíte, 3 banheiros",R$ 718.000,R$ 844,R$ 154,12/07 às 21:14
"Lourdes_Belo Horizonte, Lourdes_Q4_B5 ou mais",1320508859.0,Apartamento a venda no bairro Lourdes,R$ 3.690.000,R$ 4.000,R$ 24.967,12/07 às 20:18
"Lourdes_Belo Horizonte, Lourdes_Q4_B2",1320508805.0,Apartamento a venda no bairro Lourdes,R$ 640.000,R$ 1.200,R$ 2.200,12/07 às 20:18
"Lourdes_Belo Horizonte, Lourdes_Q4_B4",1320402005.0,Lourdes - Apto Área Privativa 4 quartos à venda na Anuar Donato,R$ 4.750.000,R$ 2.476,R$ 1.700,12/07 às 13:56
"Lourdes_Belo Horizonte, Lourdes_Q4_B3",1320306328.0,"Apartamento à venda, 4 quartos, 1 suíte, 2 vagas, Lourdes - Belo Horizonte/MG",R$ 1.600.000,R$ 1.180,R$ 440,12/07 às 06:27
"Lourdes_Belo Horizonte, Lourdes_Q4_B3",1320295555.0,Cobertura com 4 quartos (1 suíte) no bairro Lourdes,R$ 2.420.000,R$ 2.500,R$ 14.192,12/07 às 06:19
"Lourdes_Belo Horizonte, Lourdes_Q4_B5 ou mais",1320291056.0,Apartamento mobiliado e decorado com 04 quartos e 04 vagas para locação no bairro de Lourd,R$ 14.500,R$ 2.922,R$ 1.100,12/07 às 05:31
"Lourdes_Belo Horizonte, Lourdes_Q4_B5 ou mais",1320211767.0,Imóvel para venda possui 207 metros quadrados com 4 quartos em Lourdes - Belo Horizonte - ,R$ 4.350.000,R$ 2.360,R$ 1.470,11/07 às 18:37
"Cidade Jardim_Belo Horizonte, Cidade Jardim_QNone_BNone",1320199657.0,Galpão com 1.196 m² - Cidade Jardim,R$ 37.000,R$ 0,R$ 3.370,11/07 às 18:17
"Lourdes_Belo Horizonte, Lourdes_Q4_B4",1320176882.0,Venda - APARTAMENTO - LOURDES Belo Horizonte MG,R$ 2.400.000,R$ 3.500,R$ 980,11/07 às 17:57
"Lourdes_Belo Horizonte, Lourdes_Q2_B1",1320170164.0,"Apartamento à venda e para locação em Belo Horizonte, Lourdes, com 2 quartos, com 64 m²",R$ 990.000,R$ 752,R$ 373,11/07 às 17:42
"Lourdes_Belo Horizonte, Lourdes_Q2_B1",1320170039.0,"Apartamento à venda e para locação em Belo Horizonte, Lourdes, com 2 quartos, com 64 m²",R$ 4.200,R$ 752,R$ 373,11/07 às 17:42
"Lourdes_Belo Horizonte, Lourdes_QNone_BNone",1320160016.0,Loja para locação - Lourdes - Belo Horizonte / MG,R$ 1.080.000,R$ 330,R$ 199,11/07 às 17:36
"Lourdes_Belo Horizonte, Lourdes_Q4_B4",1320132174.0,"Apartamento com 4 dormitórios à venda, 380 m² por R$ 2.450.000,00 - Lourdes - Belo Horizon",R$ 2.450.000,R$ 1.540,R$ 550,11/07 às 16:45
"Lourdes_Belo Horizonte, Lourdes_QNone_BNone",1320013993.0,"Loja para aluguel, 4 vagas, Lourdes - Belo Horizonte/MG",R$ 33.000,R$ 0,R$ 1.900,11/07 às 06:45
"Lourdes_Belo Horizonte, Lourdes_Q3_B1",1319985025.0,APARTAMENTO - 3 QTS - 3 VGS - LOURDES,R$ 1.995.000,R$ 1.470,R$ 655,11/07 às 04:28
"Lourdes_Belo Horizonte, Lourdes_Q4_B2",1319896456.0,Imóvel para venda possui 150 metros quadrados com 4 quartos em Lourdes - Belo Horizonte - ,R$ 900.000,R$ 360,R$ 403,10/07 às 18:15
"Lourdes_Belo Horizonte, Lourdes_Q2_B2",1319861053.0,Lourdes - Apartamento 2 quartos à venda na Anuar Donato,R$ 1.400.000,R$ 0,R$ 0,10/07 às 17:32
"Lourdes_Belo Horizonte, Lourdes_Q2_B4",1319857429.0,COBERTURA DUPLEX LOURDES,R$ 2.200.000,R$ 1.000,R$ 698,10/07 às 17:29
"Lourdes_Belo Horizonte, Lourdes_Q0_B4",1319748482.0,"Andar Corporativo para aluguel, 1 vaga, Lourdes - Belo Horizonte/MG",R$ 6.000,R$ 2.320,R$ 895,10/07 às 10:14
"Lourdes_Belo Horizonte, Lourdes_Q4_B3",1319729522.0,Apartamento a venda no bairro de Lourdes,R$ 1.600.000,R$ 2.100,R$ 9.464,10/07 às 08:02
"Lourdes_Belo Horizonte, Lourdes_Q2_B2",1319721709.0,Lindo apartamento 02 quartos na melhor localização do Lourdes,R$ 950.000,R$ 400,R$ 370,10/07 às 05:37
"Lourdes_Belo Horizonte, Lourdes_Q1_B1",1319721111.0,"Flat, In-House, Lourdes, Belo Horizonte, 1 quarto, R$450.000,00, à venda na TWA Investimen",R$ 450.000,R$ 0,R$ 0,10/07 às 05:26
"Lourdes_Belo Horizonte, Lourdes_Q1_B1",1319719300.0,"Flat, In-House, Lourdes, Belo Horizonte, 1 quarto, R$450.000,00, à venda na TWA Investimen",R$ 450.000,R$ 0,R$ 0,10/07 às 05:14
"Lourdes_Belo Horizonte, Lourdes_Q1_B1",1319719307.0,"Flat, In-House, Lourdes, Belo Horizonte, 1 quarto, R$450.000,00, à venda na TWA Investimen",R$ 450.000,R$ 0,R$ 0,10/07 às 05:14
"Lourdes_Belo Horizonte, Lourdes_Q1_B1",1319719090.0,"Flat, In-House, Lourdes, Belo Horizonte, 1 quarto, R$450.000,00, à venda na TWA Investimen",R$ 450.000,R$ 0,R$ 0,10/07 às 05:13
"Lourdes_Belo Horizonte, Lourdes_Q1_B1",1319718975.0,"Flat, In-House, Lourdes, Belo Horizonte, 1 quarto, R$450.000,00, à venda na TWA Investimen",R$ 450.000,R$ 0,R$ 0,10/07 às 05:13
"Lourdes_Belo Horizonte, Lourdes_QNone_BNone",1319718951.0,"ALUGUEL PONTO COMERCIAL - 415,M2 - BAIRRO: LOURDES",R$ 28.000,R$ 1.450,R$ 958,10/07 às 05:13
"Lourdes_Belo Horizonte, Lourdes_Q1_B1",1319718919.0,"Flat, In-House, Lourdes, Belo Horizonte, 1 quarto, R$450.000,00, à venda na TWA Investimen",R$ 450.000,R$ 0,R$ 0,10/07 às 05:12
"Lourdes_Belo Horizonte, Lourdes_QNone_BNone",1319718582.0,Andar para alugar no Lourdes,R$ 3.300,R$ 0,R$ 442,10/07 às 05:11
"Lourdes_Belo Horizonte, Lourdes_Q4_B4",1319705089.0,Locação Apartamento 4 quartos Lourdes Belo Horizonte,R$ 15.500,R$ 2.922,R$ 1.055,10/07 às 04:43
"Lourdes_Belo Horizonte, Lourdes_Q3_B2",1319704921.0,Venda Apartamento 3 quartos Lourdes Belo Horizonte,R$ 760.000,R$ 600,R$ 233,10/07 às 04:43
"Lourdes_Belo Horizonte, Lourdes_Q2_B2",1319699911.0,APARTAMENTO - 2 QTS - 2 VGS - LOURDES,R$ 950.000,R$ 0,R$ 370,10/07 às 04:29
"Lourdes_Belo Horizonte, Lourdes_Q2_B2",1319698452.0,Apartamento à venda no bairro de Lourdes,R$ 1.050.000,R$ 0,R$ 0,10/07 às 04:15
"Lourdes_Belo Horizonte, Lourdes_Q2_B2",1319697403.0,Apartamento com área privativa à venda,R$ 1.200.000,R$ 0,R$ 0,10/07 às 03:53
"Lourdes_Belo Horizonte, Lourdes_Q1_B1",1319697336.0,Apartamento à venda no bairro de Lourdes,R$ 450.000,R$ 200,R$ 200,10/07 às 03:51
"Lourdes_Belo Horizonte, Lourdes_Q4_B5 ou mais",1319684354.0,Venda Apartamento 4 quartos Lourdes Belo Horizonte,R$ 2.900.000,R$ 2.986,R$ 1.118,10/07 às 01:06
"Lourdes_Belo Horizonte, Lourdes_Q2_B2",1319683126.0,Imóvel para venda possui 174 metros quadrados com 2 quartos em Lourdes - Belo Horizonte - ,R$ 2.200.000,R$ 1.100,R$ 872,10/07 às 00:58
"Lourdes_Belo Horizonte, Lourdes_Q4_B5 ou mais",1319533944.0,"Apartamento com 4 dormitórios à venda, 152 m² por R$ 1.750.000,00 - Lourdes - Belo Horizon",R$ 1.750.000,R$ 1.000,R$ 900,09/07 às 12:43
"Lourdes_Belo Horizonte, Lourdes_Q4_B2",1319436430.0,Venda - APARTAMENTO - LOURDES Belo Horizonte MG,R$ 1.650.000,R$ 1.600,R$ 375,09/07 às 01:48
"Lourdes_Belo Horizonte, Lourdes_QNone_BNone",1319412785.0,Sala comercial com 107.04 m2 no Bairro de Lourdes.,R$ 1.384.480,R$ 0,R$ 0,09/07 às 01:12
"Lourdes_Belo Horizonte, Lourdes_Q5 ou mais_B5 ou mais",1319173583.0,"Cobertura Triplex à venda, 6 quartos, 2 suítes, 2 vagas, Lourdes - Belo Horizonte/MG",R$ 2.200.000,R$ 1.800,R$ 788,08/07 às 04:03
"Lourdes_Belo Horizonte, Lourdes_Q2_B2",1318917795.0,"APARTAMENTO 2 QUARTOS, SUÍTE 70M² LOURDES, BELO HORIZONTE - MG",R$ 5.000,R$ 992,R$ 476,06/07 às 15:11
"Centro_Belo Horizonte, Centro_Q2_B1",1318793791.0,"Apartamento novinho para alugar no centro/lourdes 2 quartos, varanda, 1 vaga, elevador.",R$ 650.000,R$ 757,R$ 0,06/07 às 03:07
"Lourdes_Belo Horizonte, Lourdes_Q2_B3",1318792567.0,"Apartamento, Lourdes, Belo Horizonte, 2 quartos, R$1.450.000,00, à venda na TWA Investimen",R$ 1.450.000,R$ 1.200,R$ 250,06/07 às 03:05
"Lourdes_Belo Horizonte, Lourdes_QNone_BNone",1318786913.0,Aluguel - ANDAR - LOURDES Belo Horizonte MG,R$ 6.200,R$ 2.320,R$ 895,06/07 às 02:56
"Lourdes_Belo Horizonte, Lourdes_QNone_BNone",1318783710.0,"Loja para alugar, 45 m² por R$ 4.129,71/mês - Lourdes - Belo Horizonte/MG",R$ 3.500,R$ 389,R$ 241,06/07 às 02:54
"Lourdes_Belo Horizonte, Lourdes_QNone_BNone",1318770573.0,Belo Horizonte - Conjunto Comercial/Sala - Lourdes,R$ 1.500,R$ 382,R$ 0,06/07 às 02:42
"Lourdes_Belo Horizonte, Lourdes_QNone_BNone",1318770558.0,Belo Horizonte - Conjunto Comercial/Sala - Lourdes,R$ 1.200,R$ 382,R$ 0,06/07 às 02:42
"Lourdes_Belo Horizonte, Lourdes_Q2_B2",1318761029.0,30% SINAL 2 QTS.LOURDES ALTO PADRÃO/priv./tipo,R$ 1.071.415,R$ 0,R$ 0,06/07 às 01:19
"Lourdes_Belo Horizonte, Lourdes_Q2_B2",1318760939.0,LOURDES/APTO.2 QTS.ALTO PADRÃO FINANC.DIRETO,R$ 895.320,R$ 0,R$ 0,06/07 às 01:18
"Lourdes_Belo Horizonte, Lourdes_Q2_B2",1318760845.0,SINAL 30% -COBERTURA.LOURDES ALTO PADRÃO,R$ 1.308.690,R$ 0,R$ 0,06/07 às 01:18
"Lourdes_Belo Horizonte, Lourdes_QNone_BNone",1318719200.0,Escritório para aluguel e venda possui 46 metros quadrados em Lourdes - Belo Horizonte - M,R$ 120.000,R$ 430,R$ 152,05/07 às 20:40
"Lourdes_Belo Horizonte, Lourdes_QNone_BNone",1318719189.0,Escritório para aluguel e venda possui 46 metros quadrados em Lourdes - Belo Horizonte - M,R$ 400,R$ 430,R$ 152,05/07 às 20:40
"Lourdes_Belo Horizonte, Lourdes_Q4_B2",1318581562.0,Venda Apartamento 4 quartos Lourdes Belo Horizonte,R$ 1.400.000,R$ 2.600,R$ 692,05/07 às 10:26
"Lourdes_Belo Horizonte, Lourdes_QNone_BNone",1318581564.0,Venda Loja Lourdes Belo Horizonte,R$ 1.350.000,R$ 0,R$ 334,05/07 às 10:26
"Centro_Belo Horizonte, Centro_QNone_BNone",1318574138.0,"Sala Comercial para Venda em Belo Horizonte, Centro, 2 banheiros",R$ 220.000,R$ 926,R$ 263,05/07 às 10:02
"Centro_Belo Horizonte, Centro_QNone_BNone",1318564542.0,Venda Estacionamento Centro Belo Horizonte,R$ 540.000,R$ 230,R$ 206,05/07 às 09:46
"Lourdes_Belo Horizonte, Lourdes_Q2_B3",1318562907.0,Apartamento à venda no bairro Lourdes,R$ 1.200.000,R$ 2.170,R$ 9.702,05/07 às 09:44
"Lourdes_Belo Horizonte, Lourdes_QNone_BNone",1318561887.0,"Andar para aluguel, Lourdes - Belo Horizonte/MG",R$ 3.300,R$ 0,R$ 598,05/07 às 09:42
"Lourdes_Belo Horizonte, Lourdes_Q3_B2",1318536370.0,"Apartamento à venda, 3 quartos, 1 suíte, 2 vagas, Lourdes - Belo Horizonte/MG",R$ 1.950.000,R$ 2.600,R$ 7.622,05/07 às 06:58
"Lourdes_Belo Horizonte, Lourdes_Q4_B2",1318530267.0,"Apartamento 4 Quartos à venda, 4 quartos, 1 suíte, 2 vagas, Lourdes - Belo Horizonte/MG",R$ 1.600.000,R$ 1.176,R$ 519,05/07 às 04:24
"Lourdes_Belo Horizonte, Lourdes_Q4_B3",1318518938.0,"Apartamento à venda, 4 quartos, 1 suíte, 2 vagas, Lourdes - Belo Horizonte/MG",R$ 1.445.000,R$ 1.180,R$ 519,05/07 às 02:31
"Lourdes_Belo Horizonte, Lourdes_Q4_B3",1318518537.0,"Apartamento à venda, 4 quartos, 1 suíte, 1 vaga, Lourdes - Belo Horizonte/MG",R$ 1.690.000,R$ 1.300,R$ 5.970,05/07 às 02:30
"Lourdes_Belo Horizonte, Lourdes_QNone_BNone",1318514911.0,Venda Prédio Lourdes Belo Horizonte,R$ 5.850.000,R$ 1.140,R$ 1.352,05/07 às 02:25
"Lourdes_Belo Horizonte, Lourdes_Q2_B2",1318513743.0,Venda Apartamento 2 quartos Lourdes Belo Horizonte,R$ 1.070.000,R$ 800,R$ 250,05/07 às 02:25
"Lourdes_Belo Horizonte, Lourdes_Q2_B2",1318513563.0,Venda Apartamento 2 quartos Lourdes Belo Horizonte,R$ 1.100.000,R$ 850,R$ 2,05/07 às 02:25
"Lourdes_Belo Horizonte, Lourdes_Q2_B2",1318513458.0,Venda Apartamento 2 quartos Lourdes Belo Horizonte,R$ 1.166.000,R$ 800,R$ 310,05/07 às 02:25
"Lourdes_Belo Horizonte, Lourdes_Q1_B1",1318513370.0,Venda Cobertura Lourdes Belo Horizonte,R$ 1.000.000,R$ 450,R$ 0,05/07 às 02:25
"Lourdes_Belo Horizonte, Lourdes_Q2_B3",1318513338.0,Venda Apartamento 2 quartos Lourdes Belo Horizonte,R$ 760.000,R$ 844,R$ 292,05/07 às 02:25
"Lourdes_Belo Horizonte, Lourdes_QNone_BNone",1318513342.0,Venda Prédio Lourdes Belo Horizonte,R$ 6.300.000,R$ 1,R$ 1,05/07 às 02:25
"Lourdes_Belo Horizonte, Lourdes_Q2_B3",1318513246.0,Venda Apartamento 2 quartos Lourdes Belo Horizonte,R$ 1.350.000,R$ 0,R$ 0,05/07 às 02:25
"Lourdes_Belo Horizonte, Lourdes_Q3_B3",1318512878.0,Venda Apartamento 3 quartos Lourdes Belo Horizonte,R$ 980.000,R$ 800,R$ 0,05/07 às 02:24
"Lourdes_Belo Horizonte, Lourdes_Q4_B3",1318480175.0,"Apto Alto Padrão, 200m² - 04 quartos - Bairro Lourdes.",R$ 4.500,R$ 1.519,R$ 485,04/07 às 23:13
"Lourdes_Belo Horizonte, Lourdes_Q4_B5 ou mais",1318412730.0,"Apartamento 04 quartos à venda em Lourdes, próximo ao Minas Tênis Clube I",R$ 3.500.000,R$ 4.500,R$ 14.565,04/07 às 17:49
"Lourdes_Belo Horizonte, Lourdes_Q4_B3",1318324534.0,"Apartamento 4 Quartos à venda, 4 quartos, 1 suíte, 2 vagas, Lourdes - Belo Horizonte/MG",R$ 1.600.000,R$ 1.400,R$ 4.000,04/07 às 12:24
"Lourdes_Belo Horizonte, Lourdes_Q4_B5 ou mais",1318301832.0,"Apartamento 04 quartos á venda em Lourdes, próximo à Praça da Assembleia",R$ 2.490.000,R$ 2.650,R$ 13.549,04/07 às 11:52
"Lourdes_Belo Horizonte, Lourdes_Q2_B3",1318292159.0,"Apartamento com 2 dormitórios à venda, 56 m² por R$ 954.000 - Lourdes - Belo Horizonte/MG",R$ 954.000,R$ 0,R$ 0,04/07 às 11:32
"Lourdes_Belo Horizonte, Lourdes_Q2_B3",1318288551.0,"Apartamento com 2 dormitórios à venda, 56 m² por R$ 1.116.000 - Lourdes - Belo Horizonte/M",R$ 1.116.000,R$ 0,R$ 0,04/07 às 11:28
"Lourdes_Belo Horizonte, Lourdes_Q3_B3",1318287309.0,Venda - APARTAMENTO - LOURDES Belo Horizonte MG,R$ 1.250.000,R$ 1.780,R$ 550,04/07 às 11:28
"Lourdes_Belo Horizonte, Lourdes_Q4_B2",1318280093.0,Apartamento de 04 quartos à Venda - Lourdes,R$ 1.200.000,R$ 1.057,R$ 277,04/07 às 11:07
"Lourdes_Belo Horizonte, Lourdes_QNone_BNone",1318233309.0,"Sala para aluguel, Lourdes - Belo Horizonte/MG",R$ 1.000,R$ 595,R$ 2.118,04/07 às 03:49
"Lourdes_Belo Horizonte, Lourdes_QNone_BNone",1318233248.0,"Sala para aluguel, Lourdes - Belo Horizonte/MG",R$ 1.000,R$ 530,R$ 0,04/07 às 03:49
"Lourdes_Belo Horizonte, Lourdes_QNone_BNone",1318233217.0,"Sala para aluguel, Lourdes - Belo Horizonte/MG",R$ 1.500,R$ 950,R$ 2.920,04/07 às 03:49
"Lourdes_Belo Horizonte, Lourdes_QNone_BNone",1318224587.0,Casa comercial para alugar no Lourdes,R$ 14.000,R$ 0,R$ 3.500,04/07 às 03:32
"Centro_Belo Horizonte, Centro_Q2_B3",1318037905.0,"Apartamento 2 Quartos à venda, 2 quartos, 2 suítes, 1 vaga, Centro - Belo Horizonte/MG",R$ 620.000,R$ 850,R$ 140,03/07 às 13:18
"Centro_Belo Horizonte, Centro_QNone_BNone",1318026458.0,Conjunto de 2 salas com a anti-sala no Centro,R$ 300.000,R$ 700,R$ 1.740,03/07 às 13:10
"Lourdes_Belo Horizonte, Lourdes_Q1_B1",1317975720.0,Venda - APARTAMENTO - LOURDES Belo Horizonte MG,R$ 560.000,R$ 650,R$ 0,03/07 às 10:06
"Lourdes_Belo Horizonte, Lourdes_QNone_BNone",1317962455.0,CASA COMERCIAL PARA LOCAÇÃO NO BAIRRO DE LOURDES,R$ 8.000.000,R$ 0,R$ 2.053,03/07 às 09:14
"Lourdes_Belo Horizonte, Lourdes_QNone_BNone",1317941304.0,Lourdes - Sala(s) para aluguel na Anuar Donato,R$ 1.200,R$ 0,R$ 1.558,03/07 às 07:29
"Lourdes_Belo Horizonte, Lourdes_Q3_B2",1317933311.0,Venda - COBERTURA - LOURDES Belo Horizonte MG,R$ 1.600.000,R$ 1.000,R$ 1.000,03/07 às 06:17
"Lourdes_Belo Horizonte, Lourdes_QNone_BNone",1317930853.0,Sala Comercial para aluguel - Lourdes,R$ 3.300,R$ 190,R$ 482,03/07 às 05:32
"Lourdes_Belo Horizonte, Lourdes_QNone_BNone",1317922607.0,Andar para alugar no Lourdes,R$ 4.100,R$ 0,R$ 9.103,03/07 às 04:17
"Lourdes_Belo Horizonte, Lourdes_Q2_B3",1317748223.0,"Apartamento à venda, 2 quartos, 2 suítes, 2 vagas, Lourdes - Belo Horizonte/MG",R$ 1.699.960,R$ 0,R$ 0,02/07 às 19:01
"Lourdes_Belo Horizonte, Lourdes_Q2_B2",1317747788.0,"Apartamento à venda, 2 quartos, 1 suíte, 2 vagas, Lourdes - Belo Horizonte/MG",R$ 1.654.520,R$ 0,R$ 0,02/07 às 18:58
"Lourdes_Belo Horizonte, Lourdes_Q3_B3",1317746463.0,"Apartamento à venda, 3 quartos, 1 suíte, 2 vagas, Lourdes - Belo Horizonte/MG",R$ 2.329.300,R$ 0,R$ 0,02/07 às 18:55
"Lourdes_Belo Horizonte, Lourdes_Q3_B3",1317746452.0,"Apartamento à venda, 3 quartos, 1 suíte, 2 vagas, Lourdes - Belo Horizonte/MG",R$ 1.938.540,R$ 0,R$ 0,02/07 às 18:55
"Lourdes_Belo Horizonte, Lourdes_Q3_B3",1317746420.0,"Apartamento à venda, 3 quartos, 1 suíte, 2 vagas, Lourdes - Belo Horizonte/MG",R$ 2.249.240,R$ 0,R$ 0,02/07 às 18:55
"Lourdes_Belo Horizonte, Lourdes_Q2_B3",1317739829.0,"Cobertura à venda, 2 quartos, 1 suíte, 3 vagas, Lourdes - Belo Horizonte/MG",R$ 1.995.000,R$ 1.038,R$ 7.006,02/07 às 18:40
"Lourdes_Belo Horizonte, Lourdes_Q3_B3",1317739302.0,"Apartamento 3 Quartos à venda, 3 quartos, 1 suíte, 2 vagas, Lourdes - Belo Horizonte/MG",R$ 2.099.000,R$ 1.100,R$ 570,02/07 às 18:40
"Lourdes_Belo Horizonte, Lourdes_Q3_B4",1317739086.0,"Apartamento 3 Quartos à venda, 3 quartos, 1 suíte, 1 vaga, Lourdes - Belo Horizonte/MG",R$ 920.000,R$ 1.500,R$ 0,02/07 às 18:40
"Lourdes_Belo Horizonte, Lourdes_Q3_B3",1317726227.0,"Apartamento 2 Quartos à venda, 3 quartos, 1 suíte, 1 vaga, Lourdes - Belo Horizonte/MG",R$ 820.000,R$ 870,R$ 3.384,02/07 às 18:18
"Lourdes_Belo Horizonte, Lourdes_Q3_B3",1317710739.0,"Apartamento 3 Quartos à venda, 3 quartos, 1 suíte, 2 vagas, Lourdes - Belo Horizonte/MG",R$ 1.200.000,R$ 1.340,R$ 5.903,02/07 às 17:06
"Lourdes_Belo Horizonte, Lourdes_Q2_B3",1317695544.0,"Apartamento à venda, 2 quartos, 2 suítes, 2 vagas, Lourdes - Belo Horizonte/MG",R$ 1.856.780,R$ 0,R$ 0,02/07 às 16:18
"Lourdes_Belo Horizonte, Lourdes_Q3_B3",1317665043.0,"Apartamento à venda, 3 quartos, 1 suíte, 2 vagas, Lourdes - Belo Horizonte/MG",R$ 1.100.000,R$ 1.200,R$ 0,02/07 às 14:12
"Lourdes_Belo Horizonte, Lourdes_QNone_BNone",1317660853.0,CASA COMERCIAL PARA LOCAÇÃO NO BAIRRO DE LOURDES,R$ 23.000,R$ 0,R$ 2.053,02/07 às 14:02
"Lourdes_Belo Horizonte, Lourdes_Q2_B2",1317605080.0,"Pré-Lançamento, apartamento 1, 2 ou 3 quartos com suíte e varanda gourmet",R$ 991.565,R$ 0,R$ 0,02/07 às 10:13
"Lourdes_Belo Horizonte, Lourdes_Q3_B2",1317604358.0,Apartamento à venda 3 quartos 1 suíte 1 vaga - Lourdes,R$ 1.046.742,R$ 0,R$ 0,02/07 às 10:12
"Lourdes_Belo Horizonte, Lourdes_Q4_B5 ou mais",1317579650.0,Apartamento 4 quartos à venda no Lourdes,R$ 3.700.000,R$ 4.500,R$ 20.489,02/07 às 07:44
"Lourdes_Belo Horizonte, Lourdes_QNone_BNone",1317567086.0,"Sala, Lourdes, Belo Horizonte, R$1.490.000,00, à venda na TWA Investimentos.",R$ 1.490.000,R$ 1.500,R$ 700,02/07 às 07:14
"Lourdes_Belo Horizonte, Lourdes_Q4_B4",1317527686.0,Venda - APARTAMENTO - LOURDES BELO HORIZONTE MG,R$ 2.490.000,R$ 0,R$ 1.078,02/07 às 04:38
"Centro_Belo Horizonte, Centro_QNone_BNone",1317508059.0,Loja para locação Centro - Lourdes,R$ 12.189,R$ 1.357,R$ 1,02/07 às 01:41
"Centro_Belo Horizonte, Centro_QNone_BNone",1317508036.0,Sala para locação Centro - Lourdes,R$ 2.433,R$ 721,R$ 1,02/07 às 01:41
"Centro_Belo Horizonte, Centro_QNone_BNone",1317507619.0,Sala para locação Centro - Lourdes,R$ 5.908,R$ 1.502,R$ 1,02/07 às 01:37
"Centro_Belo Horizonte, Centro_QNone_BNone",1317507604.0,Loja para locação Centro - Lourdes,R$ 22.757,R$ 2.560,R$ 1,02/07 às 01:37
"Centro_Belo Horizonte, Centro_QNone_BNone",1317507563.0,Loja para locação Centro - Lourdes,R$ 10.568,R$ 1.202,R$ 1,02/07 às 01:36
"Centro_Belo Horizonte, Centro_QNone_BNone",1317507542.0,Sala para locação Centro - Lourdes,R$ 1.546,R$ 584,R$ 1,02/07 às 01:36
"Centro_Belo Horizonte, Centro_QNone_BNone",1317507529.0,Loja para locação Centro - Lourdes,R$ 8.652,R$ 1.023,R$ 1,02/07 às 01:36
"Lourdes_Belo Horizonte, Lourdes_Q1_B1",1317365409.0,"Apartamento 1 Quarto à venda, 1 quarto, 1 suíte, Lourdes - Belo Horizonte/MG",R$ 380.000,R$ 658,R$ 132,01/07 às 14:33
"Lourdes_Belo Horizonte, Lourdes_Q2_B2",1317362904.0,"Cobertura Duplex à venda, 2 quartos, 1 suíte, 2 vagas, Lourdes - Belo Horizonte/MG",R$ 1.390.000,R$ 1.815,R$ 500,01/07 às 14:31
"Lourdes_Belo Horizonte, Lourdes_Q2_B2",1317362809.0,"Área privativa à venda, 2 quartos, 1 suíte, 2 vagas, Lourdes - Belo Horizonte/MG",R$ 1.260.000,R$ 2.170,R$ 377,01/07 às 14:31
"Lourdes_Belo Horizonte, Lourdes_Q4_B3",1317362823.0,"Apartamento 4 Quartos à venda, 4 quartos, 1 suíte, 1 vaga, Lourdes - Belo Horizonte/MG",R$ 750.000,R$ 1.000,R$ 0,01/07 às 14:31
"Lourdes_Belo Horizonte, Lourdes_Q5 ou mais_B4",1317362704.0,"Cobertura Duplex à venda, 5 quartos, 1 suíte, 3 vagas, Lourdes - Belo Horizonte/MG",R$ 2.300.000,R$ 2.500,R$ 0,01/07 às 14:31
"Centro_Belo Horizonte, Centro_Q2_B1",1317362580.0,"Apartamento 2 Quartos à venda, 2 quartos, Centro - Belo Horizonte/MG",R$ 272.000,R$ 510,R$ 272,01/07 às 14:31
"Lourdes_Belo Horizonte, Lourdes_Q2_B2",1317362518.0,"Apartamento 2 Quartos à venda, 2 quartos, 1 vaga, Lourdes - Belo Horizonte/MG",R$ 640.000,R$ 880,R$ 2.738,01/07 às 14:31
"Lourdes_Belo Horizonte, Lourdes_Q4_B4",1317362396.0,"Cobertura Duplex à venda, 4 quartos, 1 suíte, 3 vagas, Lourdes - Belo Horizonte/MG",R$ 2.690.000,R$ 1.600,R$ 0,01/07 às 14:31
"Lourdes_Belo Horizonte, Lourdes_Q1_B1",1317362354.0,"Apartamento 1 Quarto à venda, 1 quarto, 1 vaga, Lourdes - Belo Horizonte/MG",R$ 370.000,R$ 395,R$ 1.224,01/07 às 14:31
"Lourdes_Belo Horizonte, Lourdes_QNone_BNone",1317362211.0,"Lote à venda, Lourdes - Belo Horizonte/MG",R$ 4.800.000,R$ 0,R$ 0,01/07 às 14:31
"Lourdes_Belo Horizonte, Lourdes_Q3_B2",1316915205.0,Condomínio Edifício Itapoã: Apartamento com 105m² de 03 quartos ao Lado do Minas Tênis Clu,R$ 930.000,R$ 767,R$ 2.530,29/06 às 10:28
"Lourdes_Belo Horizonte, Lourdes_Q2_B2",1316914500.0,"Edifício Lourdes 1580: apartamento novo com 67m², 2 quartos e 2 vagas, à venda no Lourdes",R$ 1.144.569,R$ 0,R$ 0,29/06 às 10:28
"Lourdes_Belo Horizonte, Lourdes_Q2_B2",1316913100.0,"Edifício Lourdes 1580: apartamento com 67,26m², 2 quartos e 2 vagas, à venda no Lourdes",R$ 1.246.763,R$ 0,R$ 0,29/06 às 10:28
"Lourdes_Belo Horizonte, Lourdes_Q4_B3",1316845978.0,Apartamento à Venda no Lourdes com 4 Quartos.,R$ 998.000,R$ 665,R$ 323,29/06 às 05:30
"Lourdes_Belo Horizonte, Lourdes_Q3_B1",1316636801.0,Apartamento 100m2 1 vaga Barro Preto/Lourdes,R$ 430.000,R$ 850,R$ 0,28/06 às 10:53
"Lourdes_Belo Horizonte, Lourdes_Q2_B2",1316576805.0,Lourdes - Apartamento 2 quartos à venda na Anuar Donato,R$ 1.150.000,R$ 300,R$ 209,28/06 às 04:46
"Lourdes_Belo Horizonte, Lourdes_QNone_BNone",1316282398.0,"Casa Comercial para aluguel, Lourdes - Belo Horizonte/MG",R$ 14.000,R$ 0,R$ 0,27/06 às 07:48
"Lourdes_Belo Horizonte, Lourdes_QNone_BNone",1316281874.0,"Casa Comercial à venda, Lourdes - Belo Horizonte/MG",R$ 8.500.000,R$ 0,R$ 0,27/06 às 07:42
"Lourdes_Belo Horizonte, Lourdes_Q4_B3",1316263266.0,Apartamento de 4 quartos com lazer próximo ao Minas,R$ 1.800.000,R$ 1.600,R$ 5.219,27/06 às 04:06
"Lourdes_Belo Horizonte, Lourdes_Q4_B5 ou mais",1316238533.0,"APTO. À VENDA , 04 QTOS, 02 SUITES, 04 VGS VISTA PANORAMICA B.LOURDES-BH/MG",R$ 4.350.000,R$ 2.800,R$ 1.578,26/06 às 23:55
"Lourdes_Belo Horizonte, Lourdes_Q3_B3",1316185255.0,"Apartamento com 3 dormitórios para alugar, 86 m² por R$ 7.487,53/mês - Lourdes - Belo Hori",R$ 6.000,R$ 900,R$ 588,26/06 às 20:11
"Lourdes_Belo Horizonte, Lourdes_Q4_B4",1316023564.0,"Apartamento com 4 Quartos e 4 banheiros à Venda, 270 m² por R$ 2.955.000",R$ 2.955.000,R$ 2.310,R$ 798,26/06 às 12:37
"Lourdes_Belo Horizonte, Lourdes_Q1_B1",1315958742.0,"Cobertura com 1 dormitório à venda, 94 m² por R$ 600.000,00 - Lourdes - Belo Horizonte/MG",R$ 600.000,R$ 957,R$ 0,26/06 às 07:16
"Lourdes_Belo Horizonte, Lourdes_QNone_BNone",1315939623.0,Loja para alugar com 88m² e mais sala de 25m² de esquina em Lourdes!!!!,R$ 7.500,R$ 255,R$ 394,26/06 às 03:20
"Lourdes_Belo Horizonte, Lourdes_Q3_B3",1315938687.0,Lourdes - Cobertura 3 quartos para aluguel na Anuar Donato,R$ 9.850,R$ 1.200,R$ 7.585,26/06 às 03:04
"Lourdes_Belo Horizonte, Lourdes_Q2_B3",1315930960.0,"Apartamento à venda, 2 quartos, 1 suíte, 2 vagas, Lourdes - Belo Horizonte/MG",R$ 1.252.471,R$ 1,R$ 1,26/06 às 01:19
"Lourdes_Belo Horizonte, Lourdes_QNone_BNone",1315928394.0,Loja para alugar no Lourdes,R$ 1.100,R$ 170,R$ 99,26/06 às 00:57
"Lourdes_Belo Horizonte, Lourdes_Q4_B4",1315871083.0,Venda - APARTAMENTO - LOURDES BELO HORIZONTE MG,R$ 2.000.000,R$ 0,R$ 700,25/06 às 20:21
"Lourdes_Belo Horizonte, Lourdes_Q3_B2",1315713134.0,Apartamento de Alto Padrão com 3 Suítes no Bairro de Lourdes - Belo Horizonte,R$ 2.990.000,R$ 0,R$ 0,25/06 às 11:25
"Lourdes_Belo Horizonte, Lourdes_Q2_B2",1315695991.0,"Apartamento com 2 dorms, mobiliado - Lourdes, BH, Cod: 290",R$ 4.500,R$ 990,R$ 380,25/06 às 10:38
"Lourdes_Belo Horizonte, Lourdes_QNone_BNone",1315613961.0,Aluguel - SALA - LOURDES BELO HORIZONTE MG,R$ 800,R$ 421,R$ 172,24/06 às 23:51
"Lourdes_Belo Horizonte, Lourdes_Q2_B2",1315559304.0,"Apartamento com 2 dormitórios, 66 m² - venda por R$ 1.120.000,00 ou aluguel por R$ 5.590,0",R$ 1.120.000,R$ 500,R$ 700,24/06 às 19:48
"Lourdes_Belo Horizonte, Lourdes_Q2_B2",1315559253.0,"Apartamento com 2 dormitórios, 66 m² - venda por R$ 1.120.000,00 ou aluguel por R$ 5.590,0",R$ 4.390,R$ 500,R$ 700,24/06 às 19:48
"Lourdes_Belo Horizonte, Lourdes_Q4_B4",1315523964.0,Área Privativa 04 quartos à venda no Lourdes Edificio San Sebastian,R$ 4.750.000,R$ 2.700,R$ 20.000,24/06 às 17:22
"Lourdes_Belo Horizonte, Lourdes_QNone_BNone",1315468075.0,Sala - Lourdes,R$ 180.000,R$ 421,R$ 135,24/06 às 14:33
"Lourdes_Belo Horizonte, Lourdes_Q2_B3",1315093823.0,Área Privativa Alto Padrão Nova - BH - Lourdes - 2 quartos (1 suíte) - 3 Vagas - Elevador,R$ 1.895.663,R$ 1,R$ 1,22/06 às 15:55
"Lourdes_Belo Horizonte, Lourdes_Q2_B3",1315086827.0,Apartamento Alto Padrão Novo - BH - Lourdes - 2 Quartos (1 Suíte) - 2 Vagas - Elevador,R$ 1.090.587,R$ 1,R$ 1,22/06 às 15:11
"Lourdes_Belo Horizonte, Lourdes_Q2_B3",1314794105.0,Apartamento Novo Alto Padrão - BH - Lourdes - 2 Quartos (2 Suítes) - 2 Vagas,R$ 1.117.617,R$ 1,R$ 1,21/06 às 11:38
"Lourdes_Belo Horizonte, Lourdes_Q4_B3",1314791559.0,"Apartamento à venda - Lourdes - 200 m² - 4 quartos, 3 vagas - Belo Horizonte/MG - Lazer co",R$ 1.650.000,R$ 1.300,R$ 678,21/06 às 11:36
"Lourdes_Belo Horizonte, Lourdes_Q3_B2",1314730165.0,Lourdes - Apartamento 3 quartos à venda na Anuar Donato,R$ 1.450.000,R$ 1.378,R$ 5.046,21/06 às 01:54
"Lourdes_Belo Horizonte, Lourdes_Q1_B1",1314723987.0,"Apto Mobiliado à venda, 1 quarto, 1 suíte, 1 vaga, Lourdes - Belo Horizonte/MG",R$ 400.000,R$ 590,R$ 150,21/06 às 00:33
"Lourdes_Belo Horizonte, Lourdes_Q2_B2",1314497133.0,Apartamento Alto Padrão de 2 quartos no Lourdes,R$ 1.208.000,R$ 1,R$ 1,20/06 às 09:29
"Lourdes_Belo Horizonte, Lourdes_Q2_B2",1314456692.0,"Apartamento à venda, 2 quartos, 2 suítes, 2 vagas, Lourdes - Belo Horizonte/MG",R$ 1.378.000,R$ 0,R$ 0,20/06 às 05:24
"Lourdes_Belo Horizonte, Lourdes_Q1_B1",1314453529.0,"Apartamento à venda, 1 quarto, 1 vaga, Lourdes - Belo Horizonte/MG",R$ 460.000,R$ 0,R$ 0,20/06 às 04:26
"Lourdes_Belo Horizonte, Lourdes_Q3_B2",1314443620.0,"Apartamento com 112,64 m² no bairro Santo Agostinho",R$ 1.550.000,R$ 1.600,R$ 6.559,20/06 às 02:13
"Lourdes_Belo Horizonte, Lourdes_Q2_B2",1314435683.0,"Predio alto luxo com lazer completo, apto de 2 quartos com suite e duas vagas.",R$ 1.378.000,R$ 0,R$ 0,20/06 às 01:11
"Lourdes_Belo Horizonte, Lourdes_Q2_B2",1314432925.0,"Apartamento à venda, 2 quartos, 2 suítes, 2 vagas, Lourdes - Belo Horizonte/MG",R$ 1.378.000,R$ 0,R$ 0,20/06 às 00:40
"Lourdes_Belo Horizonte, Lourdes_Q2_B2",1314374290.0,Apartamento 02 quartos no Lourdes,R$ 1.390.000,R$ 400,R$ 500,19/06 às 20:25
"Cidade Jardim_Belo Horizonte, Cidade Jardim_Q3_B2",1314296882.0,Apartamento 3 quartos 1 vaga Santo Agostinho,R$ 635.000,R$ 440,R$ 179,19/06 às 16:10
"Lourdes_Belo Horizonte, Lourdes_Q2_B2",1314210575.0,APARTAMENTO DE 2 QUARTOS SENDO 1 SUÍTE NO MELHOR PONTO DO BAIRRO LOURDES!,R$ 4.620,R$ 1.034,R$ 423,19/06 às 11:11
"Lourdes_Belo Horizonte, Lourdes_Q3_B3",1314209731.0,"Cobertura de alto padrão 3 quartos a venda no Lourdes, BH/MG",R$ 3.820.000,R$ 1.400,R$ 3.600,19/06 às 11:07
"Lourdes_Belo Horizonte, Lourdes_Q3_B3",1314209077.0,Apartamento 3 Quartos - Bairro Lourdes,R$ 1.100.000,R$ 1.750,R$ 4.950,19/06 às 11:06
"Lourdes_Belo Horizonte, Lourdes_Q3_B2",1314206804.0,"Apartamento de alto padrão 3 quartos à venda no Lourdes, BH/MG",R$ 1.385.000,R$ 1.400,R$ 3.600,19/06 às 11:00
"Lourdes_Belo Horizonte, Lourdes_QNone_BNone",1314206663.0,"Sala Comercial de 300 m² disponível para locação, bairro Lourdes/BH",R$ 21.000,R$ 2.300,R$ 2.000,19/06 às 11:00
"Lourdes_Belo Horizonte, Lourdes_QNone_BNone",1314206629.0,Andar Comercial disponível para locação no Bairro de Lourdes/BH-MG,R$ 59.000,R$ 6.900,R$ 6.000,19/06 às 11:00
"Lourdes_Belo Horizonte, Lourdes_Q4_B5 ou mais",1314206408.0,Apartamento amplo com varanda no Lourdes,R$ 2.400.000,R$ 1.200,R$ 700,19/06 às 10:59
"Centro_Belo Horizonte, Centro_QNone_BNone",1314203167.0,"Prédio Comercial com 8 Andares, 56 vagas no Bairro de Lourdes/ Belo Horizonte",R$ 150.000,R$ 0,R$ 85.200,19/06 às 10:56
"Lourdes_Belo Horizonte, Lourdes_Q4_B5 ou mais",1314173648.0,"Apartamento à venda, 4 quartos, 4 suítes, 4 vagas, Lourdes - Belo Horizonte/MG",R$ 3.000.000,R$ 3.950,R$ 15.432,19/06 às 08:29
"Lourdes_Belo Horizonte, Lourdes_Q2_B2",1314169735.0,Lourdes - Cobertura 2 quartos para aluguel na Anuar Donato,R$ 7.000,R$ 500,R$ 0,19/06 às 08:12
"Lourdes_Belo Horizonte, Lourdes_Q2_B2",1314123831.0,"Apartamento para venda  localização privilegiada, próximo  ao Minas Tênis",R$ 1.116.000,R$ 950,R$ 0,19/06 às 02:15
"Lourdes_Belo Horizonte, Lourdes_Q2_B3",1314120509.0,cobertura com 2 vagas no Lourdes,R$ 1.000.000,R$ 580,R$ 0,19/06 às 01:53
"Lourdes_Belo Horizonte, Lourdes_Q2_B1",1314069708.0,"Apartamento  para alugar,próximo ao Minas Tênis com conforto e qualidade",R$ 4.200,R$ 910,R$ 0,18/06 às 22:51
"Lourdes_Belo Horizonte, Lourdes_QNone_BNone",1313816837.0,Sala Comercial para aluguel - Lourdes,R$ 4.100,R$ 0,R$ 828,18/06 às 03:50
"Cidade Jardim_Belo Horizonte, Cidade Jardim_QNone_BNone",1313814990.0,Galpão para alugar na região Centro-Sul de Belo Horizonte,R$ 37.000,R$ 0,R$ 3.395,18/06 às 03:18
"Centro_Belo Horizonte, Centro_Q2_B2",1313709115.0,Apto 02 quartos com garagem no Centro,R$ 620.000,R$ 685,R$ 155,17/06 às 18:16
"Lourdes_Belo Horizonte, Lourdes_Q3_B2",1313699776.0,Imóvel para venda com 112 metros quadrados com 3 quartos em Lourdes - Belo Horizonte - MG,R$ 1.550.000,R$ 1.490,R$ 596,17/06 às 17:41
"Lourdes_Belo Horizonte, Lourdes_Q3_B4",1313243024.0,"Cobertura duplex  03 quartos à venda em Lourdes, próximo ao Diamond Mall",R$ 2.100.000,R$ 2.797,R$ 7.981,15/06 às 14:35
"Lourdes_Belo Horizonte, Lourdes_Q4_B3",1313216709.0,Imóvel para venda com 232 metros quadrados com 4 quartos em Lourdes - Belo Horizonte - MG,R$ 2.580.000,R$ 670,R$ 2.398,15/06 às 12:33
"Lourdes_Belo Horizonte, Lourdes_Q4_B4",1313154735.0,"Apartamento para aluguel, 4 quartos, 2 suítes, 4 vagas, Lourdes - Belo Horizonte/MG",R$ 15.500,R$ 2.922,R$ 12.159,15/06 às 07:49
"Centro_Belo Horizonte, Centro_Q2_B2",1313130827.0,Apartamento de 77 m² em excelente estado de conservação à venda.,R$ 410.000,R$ 675,R$ 155,15/06 às 04:23
"Lourdes_Belo Horizonte, Lourdes_Q3_B3",1313113601.0,"Apartamento a venda, 3 quartos, Lourdes",R$ 2.230.000,R$ 750,R$ 0,15/06 às 01:34
"Lourdes_Belo Horizonte, Lourdes_Q3_B2",1313113573.0,"Apartamento cobertura de 176 m2 total, 3 quartos, 1 suíte, 3 vagas, no bairro de Lourdes.",R$ 1.980.000,R$ 1.200,R$ 7.243,15/06 às 01:34
"Lourdes_Belo Horizonte, Lourdes_QNone_BNone",1313029017.0,"Andar Corporativo para alugar, 800 m² - Lourdes - Belo Horizonte/MG",R$ 53.501,R$ 0,R$ 0,14/06 às 18:21
"Lourdes_Belo Horizonte, Lourdes_Q2_B3",1312851559.0,COBERTURA DUPLEX DE 2 QUARTOS PARA LOCAÇÃO NO BAIRRO LOURDES,R$ 6.000,R$ 550,R$ 0,14/06 às 05:21
"Lourdes_Belo Horizonte, Lourdes_Q1_B2",1312849439.0,COBERTURA - LOURDES - MG,R$ 700.000,R$ 917,R$ 247,14/06 às 04:56
"Lourdes_Belo Horizonte, Lourdes_Q2_B2",1312835824.0,"Apartamento para aluguel, 2 quartos, 1 suíte, 2 vagas, Lourdes - Belo Horizonte/MG",R$ 4.500,R$ 550,R$ 363,14/06 às 01:49
"Lourdes_Belo Horizonte, Lourdes_Q2_B2",1312835534.0,"Apartamento para aluguel, 2 quartos, 1 suíte, 2 vagas, Lourdes - Belo Horizonte/MG",R$ 4.500,R$ 550,R$ 354,14/06 às 01:49
"Lourdes_Belo Horizonte, Lourdes_Q2_B2",1312835362.0,"Cobertura para aluguel, 2 quartos, 1 suíte, 2 vagas, Lourdes - Belo Horizonte/MG",R$ 6.000,R$ 550,R$ 532,14/06 às 01:48
"Lourdes_Belo Horizonte, Lourdes_Q1_B2",1312834824.0,COBERTURA - LOURDES - MG,R$ 700.000,R$ 917,R$ 247,14/06 às 01:44
"Lourdes_Belo Horizonte, Lourdes_Q1_B2",1312832049.0,COBERTURA - LOURDES - MG,R$ 700.000,R$ 917,R$ 247,14/06 às 01:02
"Lourdes_Belo Horizonte, Lourdes_QNone_BNone",1312827718.0,Loja para alugar no Lourdes,R$ 45.000,R$ 0,R$ 52.086,14/06 às 00:30
"Lourdes_Belo Horizonte, Lourdes_Q3_B2",1312820737.0,Área privativa com 3 quartos à venda - Lourdes,R$ 720.000,R$ 350,R$ 110,14/06 às 00:07
"Lourdes_Belo Horizonte, Lourdes_Q2_B2",1312801280.0,Maravilhoso 02 quartos próximo ao Diamond Mall,R$ 1.130.000,R$ 760,R$ 241,13/06 às 22:10
"Lourdes_Belo Horizonte, Lourdes_Q3_B4",1312740631.0,Cobertura duplex à venda no Lourdes,R$ 1.750.000,R$ 650,R$ 675,13/06 às 19:08
"Lourdes_Belo Horizonte, Lourdes_QNone_BNone",1312672579.0,Ponto Comercial para alugar no bairro Lourdes - Belo Horizonte/MG,R$ 6.672,R$ 0,R$ 788,13/06 às 14:55
"Lourdes_Belo Horizonte, Lourdes_QNone_BNone",1312672363.0,Ponto Comercial para alugar no bairro Lourdes - Belo Horizonte/MG,R$ 6.216,R$ 0,R$ 788,13/06 às 14:54
"Lourdes_Belo Horizonte, Lourdes_Q4_B2",1312622123.0,Apartamento para venda tem 135 metros quadrados com 4 quartos em Lourdes - Belo Horizonte ,R$ 690.000,R$ 350,R$ 2.060,13/06 às 12:14
"Centro_Belo Horizonte, Centro_QNone_BNone",1312577652.0,ANDAR CORRIDO COM 315 M² - CENTRO,R$ 4.200,R$ 2.300,R$ 660,13/06 às 08:52
"Lourdes_Belo Horizonte, Lourdes_QNone_BNone",1312569366.0,CASA COMERCIAL (1.400M²) - LOURDES,R$ 50.000,R$ 0,R$ 3.783,13/06 às 08:10
"Lourdes_Belo Horizonte, Lourdes_Q2_B3",1312567319.0,COBERTURA DUPLEX DE 2 QUARTOS PARA VENDA NO BAIRRO LOURDES,R$ 1.250.000,R$ 550,R$ 0,13/06 às 07:58
"Lourdes_Belo Horizonte, Lourdes_Q2_B2",1312559188.0,APARTAMENTO 2 QUARTOS PARA VENDA NO BAIRRO LOURDES,R$ 779.000,R$ 550,R$ 0,13/06 às 06:39
"Lourdes_Belo Horizonte, Lourdes_Q2_B2",1312558292.0,APARTAMENTO 2 QUARTOS PARA VENDA NO BAIRRO LOURDES,R$ 779.000,R$ 550,R$ 0,13/06 às 06:34
"Lourdes_Belo Horizonte, Lourdes_Q4_B4",1312531416.0,"Apartamento com 4 dormitórios à venda, 280 m² por Lourdes - Belo Horizonte/MG",R$ 1.390.000,R$ 850,R$ 600,13/06 às 02:07
"Lourdes_Belo Horizonte, Lourdes_Q2_B2",1312454240.0,"Apartamento Aconchegante em Lourdes, com 2 Quartos e 2 Vagas",R$ 1.045.000,R$ 0,R$ 0,12/06 às 21:15
"Lourdes_Belo Horizonte, Lourdes_Q4_B4",1312444121.0,Apartamento para venda com 260 metros quadrados com 4 quartos em Lourdes - Belo Horizonte ,R$ 2.980.000,R$ 2.300,R$ 920,12/06 às 20:44
"Lourdes_Belo Horizonte, Lourdes_Q1_B2",1312255290.0,Cobertura com 1 quarto à venda - Lourdes,R$ 1.540.000,R$ 0,R$ 0,12/06 às 00:37
"Lourdes_Belo Horizonte, Lourdes_Q3_B1",1311949656.0,"Apto 03 qtos, suíte, DCE e 1 vaga",R$ 478.000,R$ 820,R$ 225,11/06 às 03:25
"Lourdes_Belo Horizonte, Lourdes_Q2_B3",1311933214.0,"Cobertura 2 qts, 2 suítes, 2 vagas - 100,70 m²",R$ 1.100.000,R$ 650,R$ 180,11/06 às 00:25
"Lourdes_Belo Horizonte, Lourdes_Q2_B2",1311926548.0,Apartamento 2 quartos de 65 m² no Lourdes - BH/MG,R$ 1.130.000,R$ 0,R$ 0,10/06 às 23:31
"Lourdes_Belo Horizonte, Lourdes_Q3_B2",1311916964.0,"Apartamento novo com 3 quartos à venda, 82 m² - Lourdes",R$ 1.326.880,R$ 780,R$ 0,10/06 às 22:41
"Lourdes_Belo Horizonte, Lourdes_Q2_B3",1311877303.0,Aluguel - COBERTURA - LOURDES BELO HORIZONTE MG,R$ 7.000,R$ 500,R$ 0,10/06 às 20:05
"Lourdes_Belo Horizonte, Lourdes_Q1_B2",1311410399.0,Cobertura duplex à venda no Bairro de Lourdes,R$ 998.000,R$ 550,R$ 220,08/06 às 18:26
"Cidade Jardim_Belo Horizonte, Cidade Jardim_Q4_B2",1311404518.0,Aluguel - APARTAMENTO - SANTO AGOSTINHO Belo Horizonte MG,R$ 10.000,R$ 1.550,R$ 350,08/06 às 17:39
"Lourdes_Belo Horizonte, Lourdes_Q3_B3",1311285814.0,Venda - APARTAMENTO - LOURDES Belo Horizonte MG,R$ 1.200.000,R$ 1.850,R$ 476,08/06 às 07:10
"Centro_Belo Horizonte, Centro_Q3_B2",1311277863.0,"Apartamento à venda, 3 quartos, 1 suíte, Centro - Belo Horizonte/MG",R$ 455.000,R$ 625,R$ 127,08/06 às 05:39
"Lourdes_Belo Horizonte, Lourdes_Q4_B2",1311263118.0,"Apartamento 4 Quartos à venda, 4 quartos, 1 suíte, 2 vagas, Lourdes - Belo Horizonte/MG",R$ 1.700.000,R$ 1.617,R$ 753,08/06 às 02:50
"Centro_Belo Horizonte, Centro_Q3_B2",1311261615.0,"Apartamento à venda, 3 quartos, 1 suíte, Centro - Belo Horizonte/MG",R$ 455.000,R$ 625,R$ 127,08/06 às 02:24
"Lourdes_Belo Horizonte, Lourdes_Q4_B5 ou mais",1311260602.0,Lourdes - Apto Área Privativa 4 quartos à venda na Anuar Donato,R$ 2.749.000,R$ 2.150,R$ 13.631,08/06 às 02:10
"Lourdes_Belo Horizonte, Lourdes_QNone_BNone",1311260425.0,"Sala à venda, 1 vaga, Lourdes - Belo Horizonte/MG",R$ 550.000,R$ 460,R$ 330,08/06 às 02:06
"Lourdes_Belo Horizonte, Lourdes_Q0_B5 ou mais",1311257546.0,Prédio comercial para alugar no bairro Lourdes.,R$ 48.000,R$ 0,R$ 3.090,08/06 às 01:42
"Centro_Belo Horizonte, Centro_QNone_BNone",1311257286.0,"Loja para alugar no Centro, ótimo ponto comercial",R$ 12.190,R$ 1.358,R$ 0,08/06 às 01:38
"Centro_Belo Horizonte, Centro_QNone_BNone",1311256928.0,Loja para alugar no Centro de BH,R$ 8.652,R$ 1.023,R$ 0,08/06 às 01:34
"Centro_Belo Horizonte, Centro_Q3_B2",1311256201.0,"Apartamento à venda, 3 quartos, 1 suíte, Centro - Belo Horizonte/MG",R$ 455.000,R$ 625,R$ 127,08/06 às 01:23
"Lourdes_Belo Horizonte, Lourdes_QNone_BNone",1311255900.0,Andar comercial para alugar no Lourdes em BH,R$ 30.000,R$ 7.458,R$ 4.602,08/06 às 01:19
"Lourdes_Belo Horizonte, Lourdes_QNone_BNone",1311255533.0,Galpão para alugar no Centro de BH,R$ 10.000,R$ 0,R$ 998,08/06 às 01:16
"Lourdes_Belo Horizonte, Lourdes_QNone_BNone",1311253458.0,Loja para alugar no Lourdes,R$ 33.000,R$ 0,R$ 21.584,08/06 às 00:46
"Lourdes_Belo Horizonte, Lourdes_Q4_B2",1311251015.0,Apartamento com 4 quartos à venda - Lourdes,R$ 950.000,R$ 450,R$ 380,08/06 às 00:24
"Lourdes_Belo Horizonte, Lourdes_Q2_B2",1311242252.0,"Cobertura com 2 dormitórios à venda, 65 m² Lourdes - Belo Horizonte/MG",R$ 1.650.000,R$ 0,R$ 0,07/06 às 23:14
"Lourdes_Belo Horizonte, Lourdes_Q2_B2",1311242102.0,"Apartamento com 2 dormitórios à venda, 128 m² por R$ 1.600.000,00 - Lourdes - Belo Horizon",R$ 1.600.000,R$ 0,R$ 0,07/06 às 23:13
"Lourdes_Belo Horizonte, Lourdes_Q2_B3",1311242002.0,"Apartamento com 2 dormitórios à venda, 65 m² por R$ 1.130.000,00 - Lourdes - Belo Horizont",R$ 1.130.000,R$ 0,R$ 480,07/06 às 23:12
"Lourdes_Belo Horizonte, Lourdes_Q2_B2",1311204126.0,Apartamento de 2 quartos no bairro Lourdes,R$ 1.314.743,R$ 0,R$ 13.147,07/06 às 19:24
"Lourdes_Belo Horizonte, Lourdes_Q4_B2",1311204015.0,Apartamento de 4 quartos no bairro Lourdes,R$ 680.000,R$ 0,R$ 0,07/06 às 19:24
"Lourdes_Belo Horizonte, Lourdes_Q4_B4",1311203955.0,Apartamento de 4 quartos no bairro Lourdes,R$ 2.000.000,R$ 2.000,R$ 1.000,07/06 às 19:23
"Lourdes_Belo Horizonte, Lourdes_Q4_B4",1311203196.0,Apartamento de 4 quartos no bairro Funcionários,R$ 2.000.000,R$ 2.000,R$ 1.000,07/06 às 19:22
"Lourdes_Belo Horizonte, Lourdes_Q4_B2",1311202914.0,Apartamento de 4 quartos no bairro Lourdes,R$ 680.000,R$ 0,R$ 0,07/06 às 19:22
"Lourdes_Belo Horizonte, Lourdes_Q4_B5 ou mais",1311202853.0,Apartamento de 4 quartos no bairro Lourdes,R$ 5.200.000,R$ 3.500,R$ 18.000,07/06 às 19:22
"Lourdes_Belo Horizonte, Lourdes_Q2_B2",1311202717.0,Apartamento de 2 quartos no bairro Lourdes,R$ 1.100.000,R$ 0,R$ 0,07/06 às 19:22
"Lourdes_Belo Horizonte, Lourdes_Q2_B2",1311202515.0,Apartamento de 2 quartos no bairro Lourdes,R$ 2.009.169,R$ 0,R$ 0,07/06 às 19:21
"Lourdes_Belo Horizonte, Lourdes_Q2_B2",1311202081.0,Apartamento de 2 quartos no bairro Lourdes,R$ 1.350.000,R$ 636,R$ 0,07/06 às 19:21
"Lourdes_Belo Horizonte, Lourdes_Q2_B2",1311202034.0,Apartamento de 2 quartos no bairro Lourdes,R$ 1.350.000,R$ 636,R$ 0,07/06 às 19:21
"Lourdes_Belo Horizonte, Lourdes_Q2_B2",1311201630.0,Apartamento de 2 quartos no bairro Lourdes,R$ 1.120.000,R$ 723,R$ 0,07/06 às 19:20
"Lourdes_Belo Horizonte, Lourdes_Q2_B2",1311201594.0,Apartamento de 2 quartos no bairro Lourdes,R$ 919.000,R$ 0,R$ 0,07/06 às 19:20
"Lourdes_Belo Horizonte, Lourdes_Q2_B2",1311201479.0,Apartamento de 2 quartos no bairro Lourdes,R$ 895.000,R$ 0,R$ 0,07/06 às 19:20
"Lourdes_Belo Horizonte, Lourdes_Q2_B2",1311200654.0,Apartamento de 2 quartos no bairro Lourdes,R$ 980.000,R$ 0,R$ 0,07/06 às 19:19
"Lourdes_Belo Horizonte, Lourdes_Q4_B3",1311200419.0,Apartamento de 4 quartos no bairro Lourdes,R$ 2.320.000,R$ 0,R$ 0,07/06 às 19:19
"Lourdes_Belo Horizonte, Lourdes_Q2_B3",1311198386.0,Cobertura de 2 quartos no bairro Lourdes,R$ 1.449.000,R$ 0,R$ 0,07/06 às 19:17
"Lourdes_Belo Horizonte, Lourdes_Q2_B2",1311197583.0,Apartamento de 2 quartos no bairro Lourdes,R$ 1.400.000,R$ 0,R$ 0,07/06 às 19:16
"Lourdes_Belo Horizonte, Lourdes_Q2_B3",1311197457.0,Apartamento de 2 quartos no bairro Lourdes,R$ 849.000,R$ 0,R$ 0,07/06 às 19:16
"Lourdes_Belo Horizonte, Lourdes_Q1_B2",1311197377.0,Cobertura de 1 quartos no bairro Lourdes,R$ 998.000,R$ 0,R$ 0,07/06 às 19:16
"Lourdes_Belo Horizonte, Lourdes_Q2_B2",1311197210.0,Apartamento de 2 quartos no bairro Lourdes,R$ 1.400.000,R$ 0,R$ 0,07/06 às 19:16
"Lourdes_Belo Horizonte, Lourdes_Q1_B2",1311196964.0,Cobertura de 1 quartos no bairro Funcionários,R$ 998.000,R$ 0,R$ 0,07/06 às 19:15
"Centro_Belo Horizonte, Centro_Q2_B3",1311196953.0,Apartamento de 2 quartos no bairro Funcionários,R$ 849.000,R$ 0,R$ 0,07/06 às 19:15
"Lourdes_Belo Horizonte, Lourdes_Q3_B4",1311196937.0,Apartamento de 3 quartos no bairro Lourdes,R$ 1.069.000,R$ 0,R$ 0,07/06 às 19:15
"Lourdes_Belo Horizonte, Lourdes_Q4_B5 ou mais",1311176130.0,Apartamento 04 quartos à venda em Lourdes próximo ao Minas Tênis,R$ 5.900.000,R$ 4.952,R$ 23.124,07/06 às 18:17
"Lourdes_Belo Horizonte, Lourdes_Q4_B4",1311170642.0,Cobertura à venda em Lourdes,R$ 2.120.000,R$ 1.100,R$ 500,07/06 às 18:01
"Lourdes_Belo Horizonte, Lourdes_QNone_BNone",1311154335.0,Aluguel - SALA - LOURDES Belo Horizonte MG,R$ 1.000,R$ 511,R$ 185,07/06 às 17:20
"Lourdes_Belo Horizonte, Lourdes_Q4_B4",1310992557.0,APARTAMENTO 4 QUARTOS SENDO 2 SUÍTES NO MELHOR PONTO DO LOURDES!,R$ 18.500,R$ 2.922,R$ 1.105,07/06 às 02:46
"Centro_Belo Horizonte, Centro_Q3_B2",1310988605.0,"Cond. Ed. Santa Mônica: Excelente apartamento com 178,89 para reforma próximo ao Shopping ",R$ 589.000,R$ 950,R$ 3.117,07/06 às 02:16
"Centro_Belo Horizonte, Centro_Q1_B1",1310857585.0,Aluguel - APT.AREA PRIVATIVA - CENTRO Belo Horizonte MG,R$ 3.290,R$ 570,R$ 212,06/06 às 16:48
"Centro_Belo Horizonte, Centro_Q3_B2",1310727800.0,Venda Apartamento 3 quartos Centro Belo Horizonte,R$ 450.000,R$ 600,R$ 186,06/06 às 08:38
"Lourdes_Belo Horizonte, Lourdes_Q3_B4",1310716725.0,Apartamento 3 quartos  Santo Agostinho,R$ 1.550.000,R$ 1.490,R$ 6.559,06/06 às 07:17
"Lourdes_Belo Horizonte, Lourdes_QNone_BNone",1310709013.0,Conjunto de Salas para alugar bairro de Lourdes,R$ 2.800,R$ 0,R$ 580,06/06 às 05:59
"Lourdes_Belo Horizonte, Lourdes_Q1_B1",1310704451.0,Apartamento 01 suíte a venda no bairro de Lourdes,R$ 849.928,R$ 1,R$ 1,06/06 às 05:21
"Lourdes_Belo Horizonte, Lourdes_Q2_B1",1310700004.0,Apartamento 02 suítes venda no bairro de Lourdes,R$ 929.379,R$ 1,R$ 1,06/06 às 05:01
"Lourdes_Belo Horizonte, Lourdes_Q3_B2",1310699829.0,Apartamento 03 quartos venda no bairro de Lourdes,R$ 1.082.684,R$ 1,R$ 1,06/06 às 05:01
"Lourdes_Belo Horizonte, Lourdes_Q3_B2",1310698800.0,Apartamento 03 quartos venda no bairro de Lourdes,R$ 1.062.698,R$ 1,R$ 1,06/06 às 04:58
"Lourdes_Belo Horizonte, Lourdes_Q1_B1",1310697414.0,Apartamento 01 suíte a venda no bairro de Lourdes,R$ 623.834,R$ 1,R$ 1,06/06 às 04:53
"Lourdes_Belo Horizonte, Lourdes_Q3_B2",1310697249.0,Apartamento 03 quartos venda no bairro de Lourdes,R$ 957.697,R$ 1,R$ 1,06/06 às 04:52
"Lourdes_Belo Horizonte, Lourdes_QNone_BNone",1310671301.0,LOJA DE 360M² AV BIAS FORTES,R$ 40.000,R$ 0,R$ 0,06/06 às 03:03
"Lourdes_Belo Horizonte, Lourdes_Q4_B4",1310653529.0,"Apartamento à venda, 4 quartos, 2 suítes, 3 vagas, Lourdes - Belo Horizonte/MG",R$ 2.830.000,R$ 2.310,R$ 9.568,06/06 às 00:18
"Lourdes_Belo Horizonte, Lourdes_Q3_B2",1310637389.0,"Apartamento com 3 quartos à venda, 113 m² por R$ 1.550.000 - Santo Agostinho - Belo Horizo",R$ 1.550.000,R$ 1.600,R$ 6.560,05/06 às 23:02
"Lourdes_Belo Horizonte, Lourdes_QNone_BNone",1310549971.0,Andar corrido 893 m2 no Lourdes,R$ 15.000,R$ 9.693,R$ 2.000,05/06 às 18:16
"Lourdes_Belo Horizonte, Lourdes_Q4_B4",1310549635.0,APTO COM ÁREA PRIVATIVA EM LOURDES,R$ 2.749.000,R$ 2.410,R$ 1.000,05/06 às 18:16
"Lourdes_Belo Horizonte, Lourdes_Q4_B3",1310514060.0,APARTAMENTO DE 4 QUARTOS A VENDA NO BAIRRO DE LOURDES,R$ 2.700.000,R$ 2.997,R$ 1.068,05/06 às 16:24
"Lourdes_Belo Horizonte, Lourdes_Q2_B1",1310391544.0,Apartamento 2 quartos  Lourdes,R$ 960.000,R$ 910,R$ 0,05/06 às 12:35
"Lourdes_Belo Horizonte, Lourdes_Q2_B2",1310388515.0,Apartamento 2 quartos  Lourdes,R$ 1.166.000,R$ 956,R$ 0,05/06 às 12:25
"Lourdes_Belo Horizonte, Lourdes_Q4_B5 ou mais",1310369070.0,"Apartamento 4 quartos sendo 2 suítes, com varanda e lavabo - Lourdes - Belo Horizonte/MG",R$ 5.200.000,R$ 5.000,R$ 2.100,05/06 às 09:31
"Lourdes_Belo Horizonte, Lourdes_Q5 ou mais_B4",1310344476.0,"Cobertura com 6 Quartos e 4 banheiros à Venda, 300 m²",R$ 2.200.000,R$ 1.800,R$ 9.554,05/06 às 03:57
"Centro_Belo Horizonte, Centro_QNone_BNone",1310340835.0,Locação Loja Centro Belo Horizonte,R$ 12.000,R$ 0,R$ 650,05/06 às 03:28
"Lourdes_Belo Horizonte, Lourdes_QNone_BNone",1310336794.0,Locação Andar-pilotis Lourdes Belo Horizonte,R$ 5.500,R$ 2.478,R$ 924,05/06 às 03:02
"Lourdes_Belo Horizonte, Lourdes_QNone_BNone",1310336702.0,Locação Loja Lourdes Belo Horizonte,R$ 70.000,R$ 0,R$ 3.615,05/06 às 03:02
"Lourdes_Belo Horizonte, Lourdes_Q4_B2",1310317131.0,"Apartamento 4 Quartos à venda, 4 quartos, 1 suíte, 2 vagas, Lourdes - Belo Horizonte/MG",R$ 1.600.000,R$ 2.090,R$ 860,05/06 às 00:12
"Lourdes_Belo Horizonte, Lourdes_QNone_BNone",1310010218.0,"Torre comercial (3 andares) com área total de 428,09 m² - Lourdes - Belo Horizonte/MG",R$ 6.300.000,R$ 0,R$ 0,04/06 às 05:28
"Lourdes_Belo Horizonte, Lourdes_QNone_BNone",1310003941.0,Maravilhosa loja no melhor ponto do Belvedere,R$ 5.524.760,R$ 3.386,R$ 941,04/06 às 03:16
"Lourdes_Belo Horizonte, Lourdes_Q2_B2",1309989468.0,"Apartamento 2 Quartos à venda, 2 quartos, 1 suíte, 2 vagas, Lourdes - Belo Horizonte/MG",R$ 1.100.000,R$ 700,R$ 465,03/06 às 23:48
"Centro_Belo Horizonte, Centro_QNone_BNone",1309989243.0,"Loja para aluguel, Centro - Belo Horizonte/MG",R$ 2.000,R$ 920,R$ 325,03/06 às 23:46
"Lourdes_Belo Horizonte, Lourdes_Q2_B2",1309830448.0,Apartamento para venda tem 64 metros quadrados com 2 quartos em Lourdes - Belo Horizonte -,R$ 1.195.000,R$ 0,R$ 0,03/06 às 13:29
"Lourdes_Belo Horizonte, Lourdes_Q4_B2",1309743954.0,"Apartamento 04 quartos à venda em Lourdes, próximo à Praça Marília de Dirceu",R$ 1.250.000,R$ 1.600,R$ 5.973,03/06 às 09:10
"Lourdes_Belo Horizonte, Lourdes_QNone_BNone",1309540599.0,"Sala, 29 m² - venda por R$ 150.000,00 ou aluguel por R$ 1.033,31/mês - Lourdes - Belo Hori",R$ 500,R$ 385,R$ 148,02/06 às 07:48
"Lourdes_Belo Horizonte, Lourdes_QNone_BNone",1309540515.0,"Sala, 29 m² - venda por R$ 150.000,00 ou aluguel por R$ 1.033,31/mês - Lourdes - Belo Hori",R$ 500,R$ 385,R$ 148,02/06 às 07:46
"Lourdes_Belo Horizonte, Lourdes_Q1_B2",1309398887.0,"Apartamento 1 quarto com suíte, 68m² à venda no Lourdes",R$ 370.000,R$ 840,R$ 1.627,01/06 às 12:33
"Lourdes_Belo Horizonte, Lourdes_QNone_BNone",1309352565.0,"Sala à venda, 55 m² por R$ 350.000,00 - Lourdes - Belo Horizonte/MG",R$ 350.000,R$ 380,R$ 160,01/06 às 08:55
"Lourdes_Belo Horizonte, Lourdes_QNone_BNone",1309350278.0,SALA APROX. 30M² PARA LOCAÇÃO NO LOURDES,R$ 450,R$ 390,R$ 1.690,01/06 às 08:41
"Lourdes_Belo Horizonte, Lourdes_Q1_B1",1309333313.0,"Flat para aluguel, 1 quarto, 1 suíte, 1 vaga, Lourdes - Belo Horizonte/MG",R$ 2.400,R$ 1.494,R$ 2.247,01/06 às 06:30
"Lourdes_Belo Horizonte, Lourdes_Q3_B2",1308873397.0,"Apartamento à venda, 3 quartos, 3 suítes, 2 vagas, Lourdes - Belo Horizonte/MG",R$ 2.437.830,R$ 0,R$ 0,30/05 às 10:57
"Lourdes_Belo Horizonte, Lourdes_QNone_BNone",1308797311.0,"Sala comercial a venda, Lourdes, Belo Horizonte/MG",R$ 2.200.000,R$ 3.100,R$ 14.595,30/05 às 01:26
"Lourdes_Belo Horizonte, Lourdes_Q0_B3",1308789318.0,"Prédio para aluguel 4 pavimentos - Lourdes, Belo Horizonte/MG",R$ 35.000,R$ 0,R$ 2.208,30/05 às 00:19
"Lourdes_Belo Horizonte, Lourdes_Q2_B2",1308772825.0,Apartamento para aluguel com 120 metros quadrados com 2 quartos em Lourdes - Belo Horizont,R$ 2.800,R$ 700,R$ 0,29/05 às 23:22
"Lourdes_Belo Horizonte, Lourdes_Q2_B2",1308761084.0,Apartamento para aluguel com 120 metros quadrados com 2 quartos em Lourdes - Belo Horizont,R$ 2.800,R$ 700,R$ 0,29/05 às 23:07
"Lourdes_Belo Horizonte, Lourdes_QNone_BNone",1308703425.0,Sala para alugar no funcionários,R$ 1.650,R$ 500,R$ 3.466,29/05 às 21:54
"Lourdes_Belo Horizonte, Lourdes_QNone_BNone",1308700183.0,Sala para alugar no funcionários,R$ 650,R$ 350,R$ 1.558,29/05 às 21:52
"Lourdes_Belo Horizonte, Lourdes_QNone_BNone",1308699718.0,Sala para alugar no funcionários,R$ 650,R$ 350,R$ 1.558,29/05 às 21:51
"Lourdes_Belo Horizonte, Lourdes_Q4_B5 ou mais",1308682840.0,"Cobertura à venda, 500 m² por R$ 7.290.000,00 - Lourdes - Belo Horizonte/MG",R$ 7.290.000,R$ 0,R$ 0,29/05 às 21:39
"Cidade Jardim_Belo Horizonte, Cidade Jardim_QNone_BNone",1308679524.0,"Galpão para alugar na avenida do Contorno, próximo à avenida Raja Gabaglia, no Bairro Cida",R$ 37.000,R$ 0,R$ 3.180,29/05 às 21:35
"Lourdes_Belo Horizonte, Lourdes_Q2_B3",1308676989.0,"Edifício Downtown Lourdes: empreendimento com 2 quartos e 2 suítes, na melhor localização ",R$ 1.235.195,R$ 0,R$ 0,29/05 às 21:33
"Centro_Belo Horizonte, Centro_QNone_BNone",1308616161.0,BELO HORIZONTE - Loja/Salão - Centro,R$ 190.000,R$ 400,R$ 190,29/05 às 17:38
"Lourdes_Belo Horizonte, Lourdes_QNone_BNone",1308605537.0,Sala comercial aluguel Zona Sul Avenida Contorno,R$ 1.200,R$ 595,R$ 170,29/05 às 17:02
"Lourdes_Belo Horizonte, Lourdes_Q4_B5 ou mais",1308496712.0,"Maravilhoso e exclusivo apto 4qts, 4 suiítes, 5 vgs, coração do bairro de Lourdes",R$ 11.550.000,R$ 0,R$ 0,29/05 às 11:42
"Lourdes_Belo Horizonte, Lourdes_Q4_B3",1308488895.0,"Apartamento 4 Quartos à venda, 4 quartos, 2 suítes, 5 vagas, Lourdes - Belo Horizonte/MG",R$ 3.700.000,R$ 4.732,R$ 1.771,29/05 às 11:12
"Lourdes_Belo Horizonte, Lourdes_Q4_B4",1308419530.0,"Apartamento com 4 dormitórios à venda, 209 m² por R$ 4.500.000,00 - Lourdes - Belo Horizon",R$ 4.500.000,R$ 2.300,R$ 0,29/05 às 01:02
"Lourdes_Belo Horizonte, Lourdes_Q1_B1",1308046234.0,Apartamento com cobertura no Lourdes - Primor Imóveis BH.,R$ 510.000,R$ 917,R$ 2.583,27/05 às 13:19
"Lourdes_Belo Horizonte, Lourdes_Q4_B3",1307749065.0,"Cobertura com 4 dormitórios à venda, 220 m² por R$ 2.120.000,00 - Lourdes - Belo Horizonte",R$ 2.120.000,R$ 1.090,R$ 6.000,26/05 às 01:19
"Lourdes_Belo Horizonte, Lourdes_Q2_B3",1307709617.0,"Apartamento à venda, 2 quartos, 1 suíte, 2 vagas, Lourdes - Belo Horizonte/MG",R$ 1.630.000,R$ 0,R$ 0,25/05 às 22:51
"Lourdes_Belo Horizonte, Lourdes_Q2_B2",1307709430.0,"Apartamento à venda, 2 quartos, 1 suíte, 2 vagas, Lourdes - Belo Horizonte/MG",R$ 1.124.000,R$ 0,R$ 0,25/05 às 22:49
"Lourdes_Belo Horizonte, Lourdes_Q2_B2",1307709280.0,"Apartamento à venda, 2 quartos, 1 suíte, 2 vagas, Lourdes - Belo Horizonte/MG",R$ 1.600.000,R$ 0,R$ 0,25/05 às 22:48
"Lourdes_Belo Horizonte, Lourdes_Q4_B5 ou mais",1307708287.0,Lourdes - Apartamento 4 quartos à venda na Anuar Donato,R$ 3.500.000,R$ 4.485,R$ 15.432,25/05 às 22:40
"Lourdes_Belo Horizonte, Lourdes_Q1_B1",1307707332.0,Lourdes - Apartamento 1 quarto para aluguel na Anuar Donato,R$ 3.500,R$ 1.340,R$ 3.510,25/05 às 22:34
"Lourdes_Belo Horizonte, Lourdes_Q2_B3",1307493320.0,Apartamento no Bairro de Lourdes 2 quartos,R$ 1.390.000,R$ 500,R$ 340,24/05 às 23:51
"Lourdes_Belo Horizonte, Lourdes_Q3_B3",1307426832.0,Apartamento para venda possui 100 metros quadrados com 3 quartos em Lourdes - Belo Horizon,R$ 1.300.000,R$ 2.100,R$ 6.754,24/05 às 19:01
"Lourdes_Belo Horizonte, Lourdes_Q4_B3",1307373466.0,"Apartamento à venda, 4 quartos, 1 suíte, 3 vagas, Lourdes - Belo Horizonte/MG",R$ 1.730.000,R$ 2.300,R$ 0,24/05 às 15:48
"Lourdes_Belo Horizonte, Lourdes_Q2_B2",1307267659.0,Apartamento com 2 quartos para alugar- Lourdes - Belo Horizonte/MG,R$ 3.900,R$ 500,R$ 281,24/05 às 07:38
"Lourdes_Belo Horizonte, Lourdes_Q1_B1",1307246410.0,"Apartamento à venda, 1 quarto, 1 vaga, Lourdes - Belo Horizonte/MG",R$ 1.297.820,R$ 0,R$ 0,24/05 às 04:42
"Centro_Belo Horizonte, Centro_QNone_BNone",1307219993.0,"Loja para aluguel, Centro - Belo Horizonte/MG",R$ 18.000,R$ 0,R$ 0,24/05 às 02:19
"Lourdes_Belo Horizonte, Lourdes_Q2_B2",1307096568.0,"2 Quartos, 2 Suites com lavabo - Lourdes",R$ 1.856.780,R$ 850,R$ 5.000,23/05 às 15:41
"Lourdes_Belo Horizonte, Lourdes_QNone_BNone",1307063019.0,Sala/Conjunto para venda com 40 metros quadrados em Lourdes - Belo Horizonte - MG,R$ 155.000,R$ 655,R$ 189,23/05 às 13:59
"Centro_Belo Horizonte, Centro_QNone_BNone",1306957111.0,SALA COMERCIAL PARA LOCAÇÃO NO CENTRO,R$ 3.000,R$ 0,R$ 0,23/05 às 11:19
"Centro_Belo Horizonte, Centro_QNone_BNone",1306957096.0,LOJA COMERCIAL PARA LOCAÇÃO NO CENTRO,R$ 10.179,R$ 0,R$ 0,23/05 às 11:19
"Centro_Belo Horizonte, Centro_QNone_BNone",1306957081.0,LOJA COMERCIAL PARA LOCAÇÃO NO CENTRO,R$ 14.341,R$ 0,R$ 0,23/05 às 11:19
"Lourdes_Belo Horizonte, Lourdes_Q3_B3",1306877619.0,"Apartamento 3 quartos com lazer completo, no coração do Lourdes",R$ 1.500.000,R$ 1.415,R$ 782,23/05 às 04:46
"Lourdes_Belo Horizonte, Lourdes_QNone_BNone",1306830303.0,Locação Sala Lourdes Belo Horizonte,R$ 850,R$ 366,R$ 132,22/05 às 23:01
"Lourdes_Belo Horizonte, Lourdes_Q1_B1",1306823343.0,"Cobertura à venda em Belo Horizonte, Lourdes, com 1 suíte, com 94 m², Porto Prince",R$ 650.000,R$ 918,R$ 2.485,22/05 às 22:32
"Lourdes_Belo Horizonte, Lourdes_Q3_B4",1306778818.0,Venda Cobertura Lourdes Belo Horizonte,R$ 1.980.000,R$ 1.200,R$ 690,22/05 às 18:42
"Lourdes_Belo Horizonte, Lourdes_Q4_B5 ou mais",1306749371.0,"Apartamento 04 suítes à venda no Lourdes, próximo ao Minas Tênis Clube",R$ 6.500.000,R$ 4.700,R$ 26.760,22/05 às 16:45
"Lourdes_Belo Horizonte, Lourdes_Q3_B3",1306701942.0,Venda Apartamento 3 quartos Lourdes Belo Horizonte,R$ 1.290.000,R$ 1.400,R$ 500,22/05 às 14:03
"Lourdes_Belo Horizonte, Lourdes_Q3_B4",1306700482.0,Venda Cobertura Lourdes Belo Horizonte,R$ 1.980.000,R$ 1.200,R$ 690,22/05 às 13:58
"Centro_Belo Horizonte, Centro_Q2_B1",1306699415.0,Venda Apartamento 2 quartos Centro Belo Horizonte,R$ 280.000,R$ 400,R$ 75,22/05 às 13:56
"Lourdes_Belo Horizonte, Lourdes_Q4_B5 ou mais",1308877711.0,apto último andar linda vista Praça liberdade,R$ 2.500.000,R$ 1.500,R$ 1.100,30/05 às 11:08
"Lourdes_Belo Horizonte, Lourdes_Q2_B1",1306584851.0,Apartamento 2 quartos para locação no Bairro Lourdes,R$ 4.600,R$ 1.100,R$ 370,22/05 às 06:22
"Lourdes_Belo Horizonte, Lourdes_Q3_B2",1306574864.0,Lourdes - Apartamento 3 quartos à venda na Anuar Donato,R$ 1.843.700,R$ 1.500,R$ 5.408,22/05 às 04:38
"Centro_Belo Horizonte, Centro_Q2_B1",1306574687.0,"Apartamento no Centro - 72 m2 - 2 quartos, próximo ao Shopping Cidade",R$ 400.000,R$ 675,R$ 1.650,22/05 às 04:36
"Lourdes_Belo Horizonte, Lourdes_Q2_B5 ou mais",1306573910.0,"Apartamento à venda, 2 quartos, 2 suítes, 5 vagas, Lourdes - Belo Horizonte/MG",R$ 5.200.000,R$ 5.000,R$ 0,22/05 às 04:22
"Lourdes_Belo Horizonte, Lourdes_Q3_B3",1306552916.0,"Apartamento à venda, 3 quartos, 1 suíte, 2 vagas, Lourdes - Belo Horizonte/MG",R$ 1.990.000,R$ 840,R$ 0,22/05 às 02:01
"Lourdes_Belo Horizonte, Lourdes_Q2_B1",1306332836.0,Apartamento com 2 quartos no bairro Lourdes,R$ 4.200,R$ 850,R$ 370,21/05 às 10:52
"Lourdes_Belo Horizonte, Lourdes_Q2_B2",1306332665.0,Apartamento 2 quartos ( 1 suite ) no Lourdes,R$ 4.600,R$ 850,R$ 372,21/05 às 10:52
"Lourdes_Belo Horizonte, Lourdes_Q3_B3",1306292048.0,"Apartamento de luxo 03 quartos a venda, 95 m², 01 Suíte, 02 vagas, DCE e lazer no Lourdes,",R$ 1.500.000,R$ 1.315,R$ 783,21/05 às 08:37
"Lourdes_Belo Horizonte, Lourdes_Q3_B1",1306256847.0,"Apartamento à venda, 3 quartos, 1 suíte, 2 vagas, Lourdes - Belo Horizonte/MG",R$ 2.020.000,R$ 0,R$ 0,21/05 às 04:22
"Lourdes_Belo Horizonte, Lourdes_Q1_B2",1306256349.0,"Apartamento à venda, 1 quarto, 1 suíte, 1 vaga, Lourdes - Belo Horizonte/MG",R$ 1.490.000,R$ 0,R$ 0,21/05 às 04:21
"Lourdes_Belo Horizonte, Lourdes_QNone_BNone",1306252645.0,"ALUGUEL - LOJA COM 680,00 M2 - BAIRRO: LOURDES",R$ 38.000,R$ 0,R$ 1.873,21/05 às 03:44
"Centro_Belo Horizonte, Centro_QNone_BNone",1305998088.0,LOJA COMERCIAL PARA LOCAÇÃO NO CENTRO,R$ 12.433,R$ 0,R$ 0,20/05 às 10:51
"Lourdes_Belo Horizonte, Lourdes_Q2_B2",1305901677.0,"Apartamento à venda em Belo Horizonte, Lourdes, com 2 quartos, com 65.18 m², Premiatto",R$ 1.270.000,R$ 3,R$ 5,19/05 às 20:34
"Lourdes_Belo Horizonte, Lourdes_Q1_B1",1305861925.0,"Ap.1Quarto 26m2, Flat, Stúdio, Loft, Novo, Lourdes - BH. Todo Montado.",R$ 450.000,R$ 400,R$ 250,19/05 às 16:36
"Lourdes_Belo Horizonte, Lourdes_QNone_BNone",1305784070.0,"Lojas Comerciais 34, 24, 34 e 42m2, Térreo, Prédio Gabarito, Ponto Nobre, Santo Agostinho",R$ 384.000,R$ 250,R$ 200,19/05 às 09:02
"Lourdes_Belo Horizonte, Lourdes_QNone_BNone",1305575216.0,Grande oportunidade comercial em Lourdes!,R$ 13.000,R$ 2.000,R$ 0,18/05 às 10:51
"Centro_Belo Horizonte, Centro_QNone_BNone",1305574760.0,SALA COMERCIAL PARA LOCAÇÃO NO CENTRO,R$ 2.235,R$ 0,R$ 0,18/05 às 10:49
"Centro_Belo Horizonte, Centro_QNone_BNone",1305574648.0,SALA COMERCIAL PARA LOCAÇÃO NO CENTRO,R$ 7.417,R$ 0,R$ 0,18/05 às 10:49
"Centro_Belo Horizonte, Centro_QNone_BNone",1305574643.0,SALA COMERCIAL PARA LOCAÇÃO NO CENTRO,R$ 2.323,R$ 0,R$ 0,18/05 às 10:49
"Centro_Belo Horizonte, Centro_QNone_BNone",1305574638.0,SALA COMERCIAL PARA LOCAÇÃO NO CENTRO,R$ 2.541,R$ 0,R$ 0,18/05 às 10:49
"Centro_Belo Horizonte, Centro_QNone_BNone",1305574634.0,SALA COMERCIAL PARA LOCAÇÃO NO CENTRO,R$ 2.512,R$ 0,R$ 0,18/05 às 10:49
"Centro_Belo Horizonte, Centro_QNone_BNone",1305574626.0,SALA COMERCIAL PARA LOCAÇÃO NO CENTRO,R$ 2.608,R$ 0,R$ 0,18/05 às 10:49
"Lourdes_Belo Horizonte, Lourdes_Q4_B4",1305506657.0,"Apartamento à venda, 4 quartos, 1 suíte, 2 vagas, Lourdes - Belo Horizonte/MG",R$ 1.590.000,R$ 1.300,R$ 536,18/05 às 01:10
"Lourdes_Belo Horizonte, Lourdes_QNone_BNone",1305312338.0,Grande oportunidade comercial em Lourdes,R$ 13.000,R$ 2.000,R$ 1.600,17/05 às 10:46
"Centro_Belo Horizonte, Centro_QNone_BNone",1305312164.0,SALA COMERCIAL PARA LOCAÇÃO NO CENTRO,R$ 1.734,R$ 0,R$ 0,17/05 às 10:45
"Centro_Belo Horizonte, Centro_QNone_BNone",1305312064.0,SALA COMERCIAL PARA LOCAÇÃO NO CENTRO,R$ 3.069,R$ 0,R$ 0,17/05 às 10:45
"Centro_Belo Horizonte, Centro_QNone_BNone",1305311955.0,SALA COMERCIAL PARA LOCAÇÃO NO CENTRO,R$ 2.361,R$ 0,R$ 0,17/05 às 10:45
"Lourdes_Belo Horizonte, Lourdes_Q4_B4",1305200065.0,Excelente apto próximo ao Minas Tênis Clube e Praça da Liberdade.,R$ 1.500.000,R$ 1.200,R$ 445,16/05 às 22:42
"Centro_Belo Horizonte, Centro_QNone_BNone",1305152581.0,SALA COMERCIAL PARA LOCAÇÃO NO CENTRO,R$ 2.194,R$ 0,R$ 0,16/05 às 18:59
"Centro_Belo Horizonte, Centro_QNone_BNone",1305152561.0,SALA COMERCIAL PARA LOCAÇÃO NO CENTRO,R$ 2.572,R$ 0,R$ 0,16/05 às 18:59
"Lourdes_Belo Horizonte, Lourdes_QNone_BNone",1305152557.0,"Loja com 313,87m²; Lourdes",R$ 27.900,R$ 0,R$ 1.562,16/05 às 18:59
"Lourdes_Belo Horizonte, Lourdes_QNone_BNone",1305152552.0,ANDAR PARA LOCAÇÃO NO BAIRRO LOURDES,R$ 6.000,R$ 2.192,R$ 792,16/05 às 18:59
"Centro_Belo Horizonte, Centro_QNone_BNone",1305152543.0,SALA COMERCIAL PARA LOCAÇÃO NO CENTRO,R$ 8.057,R$ 0,R$ 0,16/05 às 18:59
"Centro_Belo Horizonte, Centro_QNone_BNone",1305152548.0,SALA COMERCIAL PARA LOCAÇÃO NO CENTRO,R$ 1.728,R$ 0,R$ 0,16/05 às 18:59
"Centro_Belo Horizonte, Centro_QNone_BNone",1305152540.0,SALA COMERCIAL PARA LOCAÇÃO NO CENTRO,R$ 2.622,R$ 0,R$ 0,16/05 às 18:59
"Santo Agostinho_Belo Horizonte, Santo Agostinho_QNone_BNone",1305152490.0,LOJA COMERCIAL PARA ALUGAR NO SANTO AGOSTINHO,R$ 15.000,R$ 1.500,R$ 651,16/05 às 18:59
"Centro_Belo Horizonte, Centro_QNone_BNone",1305152496.0,SALA COMERCIAL PARA LOCAÇÃO NO CENTRO,R$ 1.790,R$ 0,R$ 0,16/05 às 18:59
"Centro_Belo Horizonte, Centro_QNone_BNone",1305152499.0,SALA COMERCIAL PARA LOCAÇÃO NO CENTRO,R$ 2.194,R$ 0,R$ 0,16/05 às 18:59
"Centro_Belo Horizonte, Centro_QNone_BNone",1305152469.0,SALA COMERCIAL PARA LOCAÇÃO NO CENTRO,R$ 1.793,R$ 0,R$ 0,16/05 às 18:59
"Centro_Belo Horizonte, Centro_QNone_BNone",1305152471.0,SALA COMERCIAL PARA LOCAÇÃO NO CENTRO,R$ 2.321,R$ 0,R$ 0,16/05 às 18:59
"Centro_Belo Horizonte, Centro_QNone_BNone",1305152460.0,SALA COMERCIAL PARA LOCAÇÃO NO CENTRO,R$ 2.896,R$ 0,R$ 0,16/05 às 18:58
"Centro_Belo Horizonte, Centro_QNone_BNone",1305152446.0,SALA COMERCIAL PARA LOCAÇÃO NO CENTRO,R$ 3.114,R$ 0,R$ 0,16/05 às 18:58
"Centro_Belo Horizonte, Centro_QNone_BNone",1305152451.0,SALA COMERCIAL PARA LOCAÇÃO NO CENTRO,R$ 3.098,R$ 0,R$ 0,16/05 às 18:58
"Centro_Belo Horizonte, Centro_QNone_BNone",1305152438.0,SALA COMERCIAL PARA LOCAÇÃO NO CENTRO,R$ 1.730,R$ 0,R$ 0,16/05 às 18:58
"Centro_Belo Horizonte, Centro_QNone_BNone",1305152439.0,SALA COMERCIAL PARA LOCAÇÃO NO CENTRO,R$ 2.314,R$ 0,R$ 0,16/05 às 18:58
"Lourdes_Belo Horizonte, Lourdes_QNone_BNone",1305152427.0,LOJA DE 557M² PARA LOCAÇÃO NO BAIRRO LOURDES,R$ 40.000,R$ 2.900,R$ 2.100,16/05 às 18:58
"Lourdes_Belo Horizonte, Lourdes_QNone_BNone",1305152414.0,Loja para aluguel 212m²; Lourdes,R$ 21.000,R$ 0,R$ 1.314,16/05 às 18:58
"Centro_Belo Horizonte, Centro_QNone_BNone",1305152418.0,SALA COMERCIAL PARA LOCAÇÃO NO CENTRO,R$ 1.858,R$ 0,R$ 0,16/05 às 18:58
"Centro_Belo Horizonte, Centro_QNone_BNone",1305152402.0,SALA COMERCIAL PARA LOCAÇÃO NO CENTRO,R$ 1.867,R$ 0,R$ 0,16/05 às 18:58
"Centro_Belo Horizonte, Centro_QNone_BNone",1305152405.0,SALA COMERCIAL PARA LOCAÇÃO NO CENTRO,R$ 2.237,R$ 0,R$ 0,16/05 às 18:58
"Centro_Belo Horizonte, Centro_QNone_BNone",1305152393.0,SALA COMERCIAL PARA LOCAÇÃO NO CENTRO,R$ 1.605,R$ 0,R$ 0,16/05 às 18:58
"Lourdes_Belo Horizonte, Lourdes_QNone_BNone",1305048122.0,Aluguel - SALA - LOURDES Belo Horizonte MG,R$ 1.200,R$ 380,R$ 0,16/05 às 13:20
"Lourdes_Belo Horizonte, Lourdes_QNone_BNone",1305048026.0,Aluguel - SALA - LOURDES Belo Horizonte MG,R$ 1.300,R$ 380,R$ 0,16/05 às 13:20
"Lourdes_Belo Horizonte, Lourdes_QNone_BNone",1305047995.0,Aluguel - SALA - LOURDES Belo Horizonte MG,R$ 950,R$ 380,R$ 0,16/05 às 13:20
"Lourdes_Belo Horizonte, Lourdes_Q0_B5 ou mais",1305022747.0,PRÉDIO COMERCIAL PARA LOCAÇÃO BAIRRO LOURDES,R$ 214.600,R$ 0,R$ 1,16/05 às 12:08
"Lourdes_Belo Horizonte, Lourdes_QNone_BNone",1305021248.0,Andar para locação no Lourdes,R$ 6.000,R$ 2.165,R$ 752,16/05 às 12:01
"Lourdes_Belo Horizonte, Lourdes_QNone_BNone",1305021225.0,Andar para locação no Lourdes,R$ 6.000,R$ 2.192,R$ 792,16/05 às 12:01
"Lourdes_Belo Horizonte, Lourdes_Q4_B3",1305006430.0,APARTAMENTO 4 QUARTOS 154m² LOURDES,R$ 6.300,R$ 1.700,R$ 600,16/05 às 11:39
"Centro_Belo Horizonte, Centro_QNone_BNone",1304993394.0,LOJA PARA ALUGAR NO BAIRRO CENTRO DE 317m²,R$ 20.225,R$ 0,R$ 1.000,16/05 às 11:26
"Centro_Belo Horizonte, Centro_QNone_BNone",1304993300.0,LOJA PARA LOCAÇÃO NO BAIRRO CENTRO DE 243m²,R$ 18.225,R$ 0,R$ 1.000,16/05 às 11:26
"Lourdes_Belo Horizonte, Lourdes_QNone_BNone",1304993255.0,CASA COMERCIAL DE 600M² NO BAIRRO LOURDES,R$ 19.500,R$ 0,R$ 2.575,16/05 às 11:26
"Lourdes_Belo Horizonte, Lourdes_QNone_BNone",1304993268.0,captado para cliente especifico,R$ 800,R$ 506,R$ 56,16/05 às 11:26
"Centro_Belo Horizonte, Centro_QNone_BNone",1304993244.0,LOJA DE RUA PARA LOCAÇÃO PARA CENTRO EM BELO HORIZONTE,R$ 3.120,R$ 0,R$ 926,16/05 às 11:26
"Lourdes_Belo Horizonte, Lourdes_QNone_BNone",1304993164.0,Grande oportunidade comercial em Lourdes,R$ 13.000,R$ 2.000,R$ 1.600,16/05 às 11:26
"Lourdes_Belo Horizonte, Lourdes_QNone_BNone",1304993122.0,Lojão de 543m² linear em Lourdes,R$ 32.000,R$ 600,R$ 2.667,16/05 às 11:26
"Centro_Belo Horizonte, Centro_QNone_BNone",1304993029.0,LOJA AMPLA COMERCIAL PARA LOCAÇÃO NO BAIRRO CENTRO,R$ 26.000,R$ 0,R$ 1.000,16/05 às 11:26
"Lourdes_Belo Horizonte, Lourdes_Q3_B2",1304915827.0,"Área privativa à venda, 3 quartos, 1 suíte, 2 vagas, Lourdes - Belo Horizonte/MG",R$ 2.450.000,R$ 2.983,R$ 951,16/05 às 03:30
"Lourdes_Belo Horizonte, Lourdes_Q4_B3",1304877171.0,Excelente apto 4 qtos próximo ao Minas Tênis Clube,R$ 1.400.000,R$ 1.176,R$ 4.660,15/05 às 22:48
"Lourdes_Belo Horizonte, Lourdes_Q1_B1",1304702570.0,"Apartamento à venda, 1 quarto, 1 suíte, 1 vaga, Santo Agostinho - Belo Horizonte/MG",R$ 839.715,R$ 0,R$ 0,15/05 às 13:00
"Centro_Belo Horizonte, Centro_QNone_BNone",1304696960.0,Venda Sala Centro Belo Horizonte,R$ 80.000,R$ 300,R$ 100,15/05 às 12:45
"Lourdes_Belo Horizonte, Lourdes_Q3_B4",1304685935.0,Apartamento à Venda na Lourdes com 3 quartos.,R$ 2.357.940,R$ 1,R$ 1,15/05 às 12:01
"Lourdes_Belo Horizonte, Lourdes_Q2_B2",1304647644.0,Apartamento à Venda na Lourdes com 2 suítes,R$ 1.273.490,R$ 1,R$ 1,15/05 às 10:17
"Lourdes_Belo Horizonte, Lourdes_QNone_BNone",1304508477.0,Belo Horizonte - Conjunto Comercial/Sala - Lourdes,R$ 510.000,R$ 382,R$ 0,14/05 às 21:16
"Lourdes_Belo Horizonte, Lourdes_QNone_BNone",1304508356.0,Belo Horizonte - Conjunto Comercial/Sala - Lourdes,R$ 280.000,R$ 382,R$ 0,14/05 às 21:16
"Lourdes_Belo Horizonte, Lourdes_QNone_BNone",1304487854.0,Belo Horizonte - Conjunto Comercial/Sala - Lourdes,R$ 230.000,R$ 382,R$ 0,14/05 às 19:54
"Lourdes_Belo Horizonte, Lourdes_Q2_B3",1304431307.0,Apartamento para venda tem 106 metros quadrados com 2 quartos em Lourdes - Belo Horizonte ,R$ 870.000,R$ 0,R$ 0,14/05 às 16:21
"Centro_Belo Horizonte, Centro_QNone_BNone",1304347619.0,"Sala Comercial com 52,59 m² no Centro",R$ 1.986,R$ 788,R$ 69,14/05 às 12:03
"Centro_Belo Horizonte, Centro_QNone_BNone",1304343033.0,"Sala com 36,34 m² no Centro",R$ 1.526,R$ 53,R$ 57,14/05 às 11:49
"Centro_Belo Horizonte, Centro_QNone_BNone",1304342808.0,"Sala com 42,01 m² no Centro",R$ 1.815,R$ 735,R$ 64,14/05 às 11:48
"Centro_Belo Horizonte, Centro_QNone_BNone",1304339595.0,"Sala com 37,35 m² no Centro",R$ 1.581,R$ 668,R$ 59,14/05 às 11:37
"Centro_Belo Horizonte, Centro_QNone_BNone",1304334589.0,"Sala com 36,69 m² no Centro",R$ 1.546,R$ 660,R$ 58,14/05 às 11:22
"Centro_Belo Horizonte, Centro_QNone_BNone",1304324916.0,"Sala com 50,17 m² no Centro",R$ 1.821,R$ 746,R$ 65,14/05 às 11:00
"Lourdes_Belo Horizonte, Lourdes_Q3_B3",1304285551.0,Cobertura no Lourdes com 3 Quartos.,R$ 2.099.000,R$ 0,R$ 0,14/05 às 08:49
"Lourdes_Belo Horizonte, Lourdes_Q1_B2",1304276425.0,"Cobertura à venda, 1 quarto, 1 suíte, 1 vaga, Lourdes - Belo Horizonte/MG",R$ 600.000,R$ 804,R$ 176,14/05 às 07:51
"Lourdes_Belo Horizonte, Lourdes_Q2_B2",1304270970.0,COBERTURA DE 2 QUARTOS NO LOURDES,R$ 1.100.000,R$ 315,R$ 257,14/05 às 07:19
"Lourdes_Belo Horizonte, Lourdes_Q4_B5 ou mais",1304141812.0,"Apartamento à venda, Ed. Santiago de Compostela, Rua Felipe dos Santos, Lourdes, Belo Hori",R$ 5.200.000,R$ 5.000,R$ 2.100,13/05 às 17:26
"Lourdes_Belo Horizonte, Lourdes_Q4_B4",1303975962.0,Apartamento com 04 quartos no bairro de Lourdes próximo a Praça da Liberdade,R$ 4.200.000,R$ 2.590,R$ 15.218,13/05 às 10:44
"Lourdes_Belo Horizonte, Lourdes_Q4_B3",1303959882.0,Apartamento 04 quartos em Lourdes próximo ao Minas Tênis Clube,R$ 1.715.000,R$ 1.616,R$ 7.785,13/05 às 09:57
"Lourdes_Belo Horizonte, Lourdes_Q4_B2",1303958622.0,"Apartamento 04 quartos à venda em Lourdes, próximo à Praça Marília de Dirceu",R$ 1.297.000,R$ 1.057,R$ 3.050,13/05 às 09:51
"Lourdes_Belo Horizonte, Lourdes_Q4_B5 ou mais",1303953771.0,Apartamento 04 quartos em Lourdes próximo ao Minas Tênis Clube,R$ 2.980.000,R$ 2.310,R$ 9.568,13/05 às 09:35
"Centro_Belo Horizonte, Centro_Q3_B2",1303787511.0,Apartamento para venda com 120 metros quadrados com 3 quartos em Centro - Belo Horizonte -,R$ 750.000,R$ 750,R$ 2.615,12/05 às 09:19
"Lourdes_Belo Horizonte, Lourdes_QNone_BNone",1303686628.0,Sala comercial a venda com 01 vaga de garagem no bairro de Lourdes na cidade de Belo Horiz,R$ 550.000,R$ 0,R$ 0,11/05 às 19:53
"Lourdes_Belo Horizonte, Lourdes_Q4_B5 ou mais",1303537683.0,"Área privativa à venda, 4 quartos, 4 suítes, 4 vagas, Lourdes - Belo Horizonte/MG",R$ 3.690.000,R$ 3.030,R$ 2.270,11/05 às 10:30
"Lourdes_Belo Horizonte, Lourdes_Q4_B3",1303421892.0,Apartamento alto luxo com 04 quartos e 05 vagas a venda no bairro de Lourdes na cidade de,R$ 5.200.000,R$ 5.000,R$ 2.100,10/05 às 20:06
"Centro_Belo Horizonte, Centro_Q1_B1",1303333488.0,Oportunidade Apartamento de 01 quarto Centro,R$ 2.950,R$ 570,R$ 211,10/05 às 14:19
"Lourdes_Belo Horizonte, Lourdes_Q3_B2",1303269543.0,"Apartamento 3 Quartos à venda, 3 quartos, 1 suíte, 2 vagas, Lourdes - Belo Horizonte/MG",R$ 1.350.000,R$ 1.114,R$ 561,10/05 às 10:28
"Centro_Belo Horizonte, Centro_QNone_BNone",1303262587.0,"Sala comercial com 34,96 m² no Centro",R$ 1.923,R$ 589,R$ 52,10/05 às 10:05
"Centro_Belo Horizonte, Centro_QNone_BNone",1303262418.0,"Sala comercial com 53,32 m² no Centro",R$ 2.008,R$ 793,R$ 70,10/05 às 10:04
"Lourdes_Belo Horizonte, Lourdes_Q3_B3",1303189516.0,Apartamento à venda 3 quartos 1 suíte 2 vagas - Lourdes,R$ 2.230.000,R$ 850,R$ 190,10/05 às 03:59
"Santo Agostinho_Belo Horizonte, Santo Agostinho_QNone_BNone",1303164890.0,"Sala à venda, 1 vaga, Santo Agostinho - Belo Horizonte/MG",R$ 670.000,R$ 1.309,R$ 299,10/05 às 00:17
"Lourdes_Belo Horizonte, Lourdes_Q3_B3",1303108391.0,Apartamento 03 quartos a venda no bairro de Lourdes na cidade de Belo Horizonte,R$ 2.080.000,R$ 0,R$ 0,09/05 às 19:57
"Lourdes_Belo Horizonte, Lourdes_Q3_B3",1302909251.0,Apartamento com Área Privativa à Venda no Lourdes com 3 suítes,R$ 2.235.353,R$ 1,R$ 1,09/05 às 06:36
"Lourdes_Belo Horizonte, Lourdes_Q2_B3",1302906411.0,Apartamento duplex a venda porteira fechada no Lourdes,R$ 2.400.000,R$ 1.200,R$ 611,09/05 às 06:02
"Lourdes_Belo Horizonte, Lourdes_QNone_BNone",1302895299.0,"Andar corrido à venda, 2 vagas, Lourdes - Belo Horizonte/MG",R$ 1.384.480,R$ 0,R$ 0,09/05 às 04:15
"Santo Antônio_Belo Horizonte, Santo Antônio_QNone_BNone",1302885560.0,Loja para aluguel no Santo Antônio,R$ 3.250,R$ 0,R$ 258,09/05 às 02:36
"Lourdes_Belo Horizonte, Lourdes_Q4_B5 ou mais",1302698698.0,Cobertura para venda tem 280 metros quadrados com 4 quartos em Lourdes - Belo Horizonte - ,R$ 1.400.000,R$ 850,R$ 599,08/05 às 12:51
"Lourdes_Belo Horizonte, Lourdes_Q3_B2",1302672247.0,Apartamento 3 quartos venda Lourdes,R$ 1.392.000,R$ 0,R$ 0,08/05 às 11:32
"Lourdes_Belo Horizonte, Lourdes_QNone_BNone",1302650462.0,Sala para locação no Lourdes Belo Horizonte/MG,R$ 750,R$ 297,R$ 158,08/05 às 10:18
"Lourdes_Belo Horizonte, Lourdes_QNone_BNone",1302635526.0,"Sala Comercial para Locação em Belo Horizonte, Lourdes, 1 banheiro",R$ 570,R$ 328,R$ 163,08/05 às 09:51
"Lourdes_Belo Horizonte, Lourdes_QNone_BNone",1302602298.0,Venda - SALA - LOURDES BELO HORIZONTE MG,R$ 225.360,R$ 0,R$ 112,08/05 às 06:09
"Lourdes_Belo Horizonte, Lourdes_QNone_BNone",1302597727.0,"Sala para aluguel, 1 vaga, Santo Agostinho - Belo Horizonte/MG",R$ 900,R$ 575,R$ 173,08/05 às 05:16
"Lourdes_Belo Horizonte, Lourdes_Q1_B1",1302597632.0,Primeiro Housi em BH - Imovel para investidor,R$ 480.000,R$ 0,R$ 0,08/05 às 05:15
"Lourdes_Belo Horizonte, Lourdes_QNone_BNone",1302596860.0,"Sala para aluguel, 1 vaga, Santo Agostinho - Belo Horizonte/MG",R$ 1.500,R$ 840,R$ 229,08/05 às 05:04
"Centro_Belo Horizonte, Centro_QNone_BNone",1302593464.0,Venda Loja Centro Belo Horizonte,R$ 485.000,R$ 950,R$ 270,08/05 às 04:23
"Lourdes_Belo Horizonte, Lourdes_Q4_B5 ou mais",1302589084.0,"Apartamento à venda, 4 quartos, 4 suítes, 3 vagas, Lourdes - Belo Horizonte/MG",R$ 13.616.000,R$ 0,R$ 0,08/05 às 03:24
"Lourdes_Belo Horizonte, Lourdes_Q2_B1",1302588431.0,"VENDA APARTAMENTO - 02 QUARTOS 70,00 M2 - BAIRRO: LOURDES",R$ 1.200.000,R$ 750,R$ 460,08/05 às 03:21
"Lourdes_Belo Horizonte, Lourdes_Q4_B5 ou mais",1302587484.0,"Apartamento à venda, 4 quartos, 4 suítes, 3 vagas, Lourdes - Belo Horizonte/MG",R$ 7.150.000,R$ 0,R$ 0,08/05 às 03:14
"Lourdes_Belo Horizonte, Lourdes_Q4_B5 ou mais",1302587116.0,"Apartamento à venda, 4 quartos, 4 suítes, 3 vagas, Lourdes - Belo Horizonte/MG",R$ 6.700.000,R$ 0,R$ 0,08/05 às 03:08
"Lourdes_Belo Horizonte, Lourdes_Q4_B5 ou mais",1302587060.0,"Apartamento à venda, 4 quartos, 4 suítes, 3 vagas, Lourdes - Belo Horizonte/MG",R$ 4.400.000,R$ 0,R$ 0,08/05 às 03:08
"Lourdes_Belo Horizonte, Lourdes_Q4_B5 ou mais",1302586817.0,"Apartamento à venda, 4 quartos, 4 suítes, 3 vagas, Lourdes - Belo Horizonte/MG",R$ 13.590.000,R$ 0,R$ 0,08/05 às 03:03
"Lourdes_Belo Horizonte, Lourdes_Q4_B5 ou mais",1302586735.0,"Apartamento à venda, 4 quartos, 4 suítes, 3 vagas, Lourdes - Belo Horizonte/MG",R$ 11.900.000,R$ 0,R$ 0,08/05 às 03:02
"Lourdes_Belo Horizonte, Lourdes_Q4_B5 ou mais",1302586612.0,"Apartamento à venda, 4 quartos, 4 suítes, 3 vagas, Lourdes - Belo Horizonte/MG",R$ 7.500.000,R$ 0,R$ 0,08/05 às 02:59
"Lourdes_Belo Horizonte, Lourdes_QNone_BNone",1302585948.0,Loja para aluguel no Lourdes,R$ 8.000,R$ 540,R$ 540,08/05 às 02:47
"Lourdes_Belo Horizonte, Lourdes_Q2_B1",1302580149.0,Apartamento dois quartos a venda no Lourdes,R$ 850.000,R$ 0,R$ 0,08/05 às 01:08
"Lourdes_Belo Horizonte, Lourdes_Q3_B4",1302347901.0,Apartamento para venda tem 403 metros quadrados com 3 quartos em Lourdes - Belo Horizonte ,R$ 6.500.000,R$ 6.000,R$ 1.750,07/05 às 11:27
"Lourdes_Belo Horizonte, Lourdes_Q4_B2",1302347323.0,"Apartamento 4 Quartos à venda, 4 quartos, 1 suíte, 2 vagas, Lourdes - Belo Horizonte/MG",R$ 1.490.000,R$ 2.116,R$ 750,07/05 às 11:25
"Lourdes_Belo Horizonte, Lourdes_Q2_B2",1302273850.0,"Apartamento, Arthur Bernardes Residencial, Lourdes, Belo Horizonte, 2 quartos, R$1.359.000",R$ 1.359.000,R$ 900,R$ 150,07/05 às 05:57
"Centro_Belo Horizonte, Centro_Q2_B1",1302260621.0,Venda Apartamento 2 quartos Centro Belo Horizonte,R$ 280.000,R$ 400,R$ 75,07/05 às 04:14
"Lourdes_Belo Horizonte, Lourdes_Q3_B3",1302257880.0,"Apartamento 2 e 3 suítes, 75m² a 128m², 2 vagas de garagem, à venda - Lourdes",R$ 2.453.041,R$ 0,R$ 0,07/05 às 03:40
"Lourdes_Belo Horizonte, Lourdes_Q4_B2",1302245307.0,Venda Cobertura Lourdes Belo Horizonte,R$ 3.950.000,R$ 0,R$ 845,07/05 às 00:27
"Lourdes_Belo Horizonte, Lourdes_Q3_B3",1302245073.0,Venda Cobertura Lourdes Belo Horizonte,R$ 2.040.000,R$ 1.500,R$ 700,07/05 às 00:22
"Lourdes_Belo Horizonte, Lourdes_Q1_B1",1302151955.0,Apartamento para venda com 75 metros quadrados com 1 quarto em Lourdes - Belo Horizonte - ,R$ 1.150.000,R$ 655,R$ 387,06/05 às 17:37
"Lourdes_Belo Horizonte, Lourdes_Q2_B3",1301614980.0,Cobertura com 2 quartos para alugar - Lourdes - Belo Horizonte/MG,R$ 6.500,R$ 500,R$ 281,04/05 às 09:51
"Centro_Belo Horizonte, Centro_QNone_BNone",1301588977.0,Venda Sala Centro Belo Horizonte,R$ 80.000,R$ 0,R$ 1.238,04/05 às 06:19
"Centro_Belo Horizonte, Centro_QNone_BNone",1301583896.0,"Loja para alugar em BH, no Centro",R$ 10.568,R$ 1.203,R$ 0,04/05 às 05:16
"Lourdes_Belo Horizonte, Lourdes_QNone_BNone",1301583247.0,"Andar comercial para alugar no Lourdes, localização privilegiada",R$ 8.235,R$ 3.100,R$ 1.327,04/05 às 05:11
"Lourdes_Belo Horizonte, Lourdes_QNone_BNone",1301583011.0,Andar comercial para vender no Lourdes com vaga,R$ 2.287.500,R$ 3.100,R$ 1.327,04/05 às 05:09
"Centro_Belo Horizonte, Centro_QNone_BNone",1301582029.0,"Sala comercial para alugar em BH, no Centro",R$ 7.417,R$ 0,R$ 0,04/05 às 04:58
"Lourdes_Belo Horizonte, Lourdes_QNone_BNone",1301579900.0,Lourdes - Casa comercial 4 quartos à venda na Anuar Donato,R$ 2.780.000,R$ 0,R$ 4.499,04/05 às 04:45
"Lourdes_Belo Horizonte, Lourdes_QNone_BNone",1301529756.0,Venda - SALA - LOURDES Belo Horizonte MG,R$ 250.000,R$ 1.043,R$ 0,03/05 às 19:12
"Lourdes_Belo Horizonte, Lourdes_Q3_B5 ou mais",1301373936.0,"Apartamento à venda, 3 quartos, 3 suítes, 3 vagas, Lourdes - Belo Horizonte/MG",R$ 2.437.830,R$ 0,R$ 0,03/05 às 09:41
"Centro_Belo Horizonte, Centro_QNone_BNone",1301362947.0,"Loja com 101,79 m² no Centro",R$ 8.652,R$ 1.157,R$ 102,03/05 às 09:03
"Lourdes_Belo Horizonte, Lourdes_QNone_BNone",1301362476.0,Andar corrido no coração do Lourdes,R$ 6.000,R$ 2.171,R$ 787,03/05 às 09:02
"Lourdes_Belo Horizonte, Lourdes_QNone_BNone",1301358529.0,Andar corrido no coração do Lourdes,R$ 6.000,R$ 2.171,R$ 787,03/05 às 08:42
"Centro_Belo Horizonte, Centro_QNone_BNone",1301357252.0,"Sala com 61,38 m² no Centro",R$ 2.386,R$ 899,R$ 79,03/05 às 08:37
"Centro_Belo Horizonte, Centro_QNone_BNone",1301357062.0,Loja com 143 m² no Centro,R$ 12.190,R$ 1.536,R$ 135,03/05 às 08:36
"Centro_Belo Horizonte, Centro_QNone_BNone",1301357056.0,"Loja com 124,33 m² no Centro",R$ 12.433,R$ 0,R$ 0,03/05 às 08:35
"Lourdes_Belo Horizonte, Lourdes_Q4_B5 ou mais",1301332654.0,"Excelente Cobertura à venda no Lourdes, BH - 585m², 5 quartos.",R$ 5.998.000,R$ 5.492,R$ 2.588,03/05 às 05:03
"Lourdes_Belo Horizonte, Lourdes_Q3_B3",1301325301.0,Venda Apartamento 3 quartos Lourdes Belo Horizonte,R$ 1.290.000,R$ 1.400,R$ 500,03/05 às 03:00
"Lourdes_Belo Horizonte, Lourdes_QNone_BNone",1301319167.0,"Loja para aluguel, Lourdes - Belo Horizonte/MG",R$ 30.000,R$ 0,R$ 17.982,03/05 às 01:30
"Centro_Belo Horizonte, Centro_QNone_BNone",1301100174.0,Aluguel - SALA - CENTRO Belo Horizonte MG,R$ 1.200,R$ 500,R$ 0,02/05 às 11:22
"Centro_Belo Horizonte, Centro_QNone_BNone",1301100170.0,Aluguel - SALA - CENTRO Belo Horizonte MG,R$ 1.200,R$ 500,R$ 0,02/05 às 11:22
"Cidade Jardim_Belo Horizonte, Cidade Jardim_Q4_B5 ou mais",1300946024.0,Casa em Cidade Jardim - Belo Horizonte,R$ 8.800.000,R$ 0,R$ 0,01/05 às 18:03
"Lourdes_Belo Horizonte, Lourdes_Q2_B2",1300872223.0,"Apartamento 2 quartos à venda 77m² por R$ 1.040.000,00",R$ 1.050.000,R$ 900,R$ 3.710,01/05 às 12:27
"Centro_Belo Horizonte, Centro_Q3_B2",1300773223.0,Apartamento à venda 3 quartos - Centro,R$ 530.000,R$ 962,R$ 2.397,01/05 às 02:39
"Lourdes_Belo Horizonte, Lourdes_QNone_BNone",1300742115.0,"Loja para alugar, 800 m² por R$ 28.500,00/mês - Lourdes - Belo Horizonte/MG",R$ 25.000,R$ 500,R$ 3.000,30/04 às 22:27
"Lourdes_Belo Horizonte, Lourdes_QNone_BNone",1300741710.0,"Andar Corporativo para alugar, 800 m² por R$ 28.500,00/mês - Lourdes - Belo Horizonte/MG",R$ 25.000,R$ 500,R$ 3.000,30/04 às 22:25
"Lourdes_Belo Horizonte, Lourdes_Q4_B5 ou mais",1300640269.0,"Apartamento à venda, Ed. Contorno Residence, Lourdes, Belo Horizonte",R$ 2.550.000,R$ 1.500,R$ 0,30/04 às 15:11
"Lourdes_Belo Horizonte, Lourdes_QNone_BNone",1300602267.0,Escritório para aluguel possui 54 metros quadrados com 2 quartos em Lourdes - Belo Horizon,R$ 680,R$ 560,R$ 1.584,30/04 às 12:31
"Lourdes_Belo Horizonte, Lourdes_Q3_B2",1300579052.0,"Apartamento 03 quartos à venda em Lourdes, próximo à Praça Da Assembleia",R$ 1.480.000,R$ 765,R$ 5.950,30/04 às 11:22
"Lourdes_Belo Horizonte, Lourdes_Q4_B5 ou mais",1300560974.0,"Apartamento à venda,307m², 4 quartos, 5 vagas,Lourdes, Belo Horizonte",R$ 5.800.000,R$ 5.000,R$ 23.100,30/04 às 10:16
"Centro_Belo Horizonte, Centro_QNone_BNone",1300555221.0,"LOJA COMERCIAL 143,41M² COM BANHEIRO PARA ALUGUEL NO CENTRO",R$ 14.341,R$ 0,R$ 0,30/04 às 09:53
"Lourdes_Belo Horizonte, Lourdes_Q2_B3",1300540865.0,"Condomínio Edifício Romulo Paes: Apartamento com 97,79m², 02 varandas e vista definitiva a",R$ 760.000,R$ 845,R$ 3.184,30/04 às 09:00
"Lourdes_Belo Horizonte, Lourdes_Q3_B3",1300523542.0,Venda Apartamento 3 quartos Lourdes Belo Horizonte,R$ 1.290.000,R$ 1.400,R$ 500,30/04 às 07:09
"Lourdes_Belo Horizonte, Lourdes_Q4_B4",1300503272.0,Área privativa à venda 4 quartos 2 suítes 4 vagas - Lourdes,R$ 2.749.000,R$ 2.150,R$ 13.631,30/04 às 02:54
"Lourdes_Belo Horizonte, Lourdes_Q3_B3",1300498574.0,"Apartamento à venda, 3 quartos, 1 suíte, 2 vagas, Lourdes - Belo Horizonte/MG",R$ 2.010.000,R$ 0,R$ 0,30/04 às 01:25
"Lourdes_Belo Horizonte, Lourdes_Q3_B3",1300486818.0,Venda Apartamento 3 quartos Lourdes Belo Horizonte,R$ 1.290.000,R$ 1.400,R$ 500,30/04 às 00:21
"Lourdes_Belo Horizonte, Lourdes_Q3_B2",1300480644.0,Belo Horizonte - Apartamento Padrão - Lourdes,R$ 430.000,R$ 700,R$ 138,29/04 às 23:29
"Lourdes_Belo Horizonte, Lourdes_QNone_BNone",1300453505.0,Venda ou locação Sala Lourdes Belo Horizonte,R$ 180.000,R$ 287,R$ 142,29/04 às 21:32
"Lourdes_Belo Horizonte, Lourdes_QNone_BNone",1300453461.0,Venda ou locação Sala Lourdes Belo Horizonte,R$ 480,R$ 287,R$ 142,29/04 às 21:32
"Lourdes_Belo Horizonte, Lourdes_Q4_B5 ou mais",1300361972.0,Apartamento para venda possui 360 metros quadrados com 4 quartos em Lourdes - Belo Horizon,R$ 7.600.000,R$ 6.000,R$ 2.700,29/04 às 15:58
"Lourdes_Belo Horizonte, Lourdes_QNone_BNone",1299961398.0,Sala comercial para locação Bairro Centro!!,R$ 8.926,R$ 0,R$ 0,27/04 às 16:50
"Lourdes_Belo Horizonte, Lourdes_QNone_BNone",1299899065.0,"Prédio para alugar, 800 m² por R$ 28.500,00/mês - Lourdes - Belo Horizonte/MG",R$ 25.000,R$ 500,R$ 3.000,27/04 às 11:48
"Lourdes_Belo Horizonte, Lourdes_Q3_B3",1299756278.0,Venda Residential / Penthouse Belo Horizonte MG,R$ 2.420.000,R$ 1.428,R$ 770,26/04 às 18:43
"Lourdes_Belo Horizonte, Lourdes_Q3_B3",1299684297.0,Cobertura pronta para morar. Finamente decorada!,R$ 2.800.000,R$ 1.700,R$ 12.000,26/04 às 14:21
"Lourdes_Belo Horizonte, Lourdes_Q4_B5 ou mais",1299651179.0,Venda Apartamento 4 quartos Lourdes Belo Horizonte,R$ 2.990.000,R$ 2.310,R$ 640,26/04 às 12:15
"Lourdes_Belo Horizonte, Lourdes_Q2_B1",1299649247.0,Venda Área Privativa Lourdes Belo Horizonte,R$ 1.380.000,R$ 700,R$ 150,26/04 às 12:08
"Lourdes_Belo Horizonte, Lourdes_Q4_B5 ou mais",1299649045.0,Venda Apartamento 4 quartos Lourdes Belo Horizonte,R$ 7.600.000,R$ 6.000,R$ 2.700,26/04 às 12:07
"Lourdes_Belo Horizonte, Lourdes_Q4_B5 ou mais",1299649040.0,Venda Apartamento 4 quartos Lourdes Belo Horizonte,R$ 1.790.000,R$ 1.350,R$ 545,26/04 às 12:07
"Lourdes_Belo Horizonte, Lourdes_Q4_B5 ou mais",1299648821.0,Venda Área Privativa Lourdes Belo Horizonte,R$ 3.930.000,R$ 0,R$ 0,26/04 às 12:06
"Lourdes_Belo Horizonte, Lourdes_Q4_B5 ou mais",1299648737.0,Venda Apartamento 4 quartos Lourdes Belo Horizonte,R$ 2.490.000,R$ 2.650,R$ 1.157,26/04 às 12:06
"Lourdes_Belo Horizonte, Lourdes_Q4_B3",1299648730.0,Venda Apartamento 4 quartos Lourdes Belo Horizonte,R$ 1.700.000,R$ 1.575,R$ 753,26/04 às 12:06
"Lourdes_Belo Horizonte, Lourdes_Q4_B4",1299648703.0,Venda Apartamento 4 quartos Lourdes Belo Horizonte,R$ 2.000.000,R$ 1.500,R$ 700,26/04 às 12:06
"Lourdes_Belo Horizonte, Lourdes_Q2_B3",1299648643.0,Venda Área Privativa Lourdes Belo Horizonte,R$ 1.290.000,R$ 1.045,R$ 560,26/04 às 12:05
"Lourdes_Belo Horizonte, Lourdes_Q4_B1",1299648478.0,Venda Apartamento 4 quartos Lourdes Belo Horizonte,R$ 1.600.000,R$ 2.100,R$ 431,26/04 às 12:05
"Lourdes_Belo Horizonte, Lourdes_Q2_B2",1299648381.0,Venda ou locação Área Privativa Lourdes Belo Horizonte,R$ 1.320.000,R$ 500,R$ 400,26/04 às 12:04
"Lourdes_Belo Horizonte, Lourdes_Q4_B3",1299648340.0,Venda Apartamento 4 quartos Lourdes Belo Horizonte,R$ 2.580.000,R$ 2.143,R$ 661,26/04 às 12:04
"Lourdes_Belo Horizonte, Lourdes_Q2_B3",1299648322.0,Venda Área Privativa Lourdes Belo Horizonte,R$ 1.500.000,R$ 850,R$ 2,26/04 às 12:04
"Lourdes_Belo Horizonte, Lourdes_Q4_B5 ou mais",1299614788.0,"Apartamento 04 quartos à venda em Lourdes, próximo ao Minas Tênis",R$ 2.750.000,R$ 2.410,R$ 8.895,26/04 às 10:20
"Lourdes_Belo Horizonte, Lourdes_Q4_B4",1299606878.0,"Apartamento à venda, 4 quartos, 2 suítes, 4 vagas, Lourdes - Belo Horizonte/MG",R$ 2.550.000,R$ 1.132,R$ 0,26/04 às 09:55
"Cidade Jardim_Belo Horizonte, Cidade Jardim_Q2_B2",1299554463.0,"Apartamento com 2 dormitórios à venda, 80 m² por R$ 650.000,00 - Santo Antonio - Belo Hori",R$ 650.000,R$ 800,R$ 229,26/04 às 03:32
"Lourdes_Belo Horizonte, Lourdes_QNone_BNone",1299521829.0,"Loja à venda, 540 m² por R$ 9.480.000,00 - Lourdes - Belo Horizonte/MG",R$ 9.480.000,R$ 0,R$ 0,25/04 às 22:58
"Lourdes_Belo Horizonte, Lourdes_QNone_BNone",1299422280.0,Aluguel - LOJA - LOURDES BELO HORIZONTE MG,R$ 29.000,R$ 0,R$ 1.998,25/04 às 16:14
"Lourdes_Belo Horizonte, Lourdes_Q2_B2",1299307963.0,Apartamento Loft venda Lourdes,R$ 3.500.000,R$ 0,R$ 0,25/04 às 09:28
"Lourdes_Belo Horizonte, Lourdes_Q2_B2",1299307183.0,Apartamento Loft venda Lourdes,R$ 3.100.000,R$ 0,R$ 0,25/04 às 09:24
"Lourdes_Belo Horizonte, Lourdes_Q3_B1",1299300738.0,"Edifício Jade: apartamento com 63,54m², 1 quarto com terraço, em construção no Lourdes.",R$ 1.184.351,R$ 0,R$ 0,25/04 às 08:53
"Lourdes_Belo Horizonte, Lourdes_Q3_B1",1299300356.0,"Edifício Jade: apartamento com 63,54m², 1 quarto com terraço, em construção no Lourdes.",R$ 1.066.173,R$ 0,R$ 0,25/04 às 08:50
"Centro_Belo Horizonte, Centro_QNone_BNone",1299283385.0,"Excelente sala com 44,19m² para locação.",R$ 2.430,R$ 814,R$ 71,25/04 às 07:30
"Centro_Belo Horizonte, Centro_QNone_BNone",1299283370.0,"Excelente sala com 44,49m² para locação.",R$ 3.114,R$ 0,R$ 0,25/04 às 07:30
"Centro_Belo Horizonte, Centro_QNone_BNone",1299283242.0,"Excelente sala com 44,25m² para locação.",R$ 2.434,R$ 816,R$ 72,25/04 às 07:29
"Centro_Belo Horizonte, Centro_QNone_BNone",1299283182.0,"Excelente sala com 44,55m² para locação.",R$ 2.896,R$ 0,R$ 0,25/04 às 07:29
"Lourdes_Belo Horizonte, Lourdes_QNone_BNone",1299273865.0,Sala para Locação no Lourdes.,R$ 20.154,R$ 1,R$ 1,25/04 às 05:30
"Lourdes_Belo Horizonte, Lourdes_QNone_BNone",1299272319.0,Andar para Locação no Lourdes.,R$ 53.501,R$ 0,R$ 0,25/04 às 04:45
"Lourdes_Belo Horizonte, Lourdes_Q4_B4",1299270157.0,Apartamento de 04 quartos à venda no Lourdes ao lado do Minas 1,R$ 2.830.000,R$ 2.600,R$ 970,25/04 às 04:10
"Lourdes_Belo Horizonte, Lourdes_Q4_B4",1299257969.0,"Apartamento para aluguel, 4 quartos, 2 suítes, 4 vagas, Lourdes - Belo Horizonte/MG",R$ 25.000,R$ 3.800,R$ 21.000,25/04 às 01:59
"Lourdes_Belo Horizonte, Lourdes_QNone_BNone",1299252646.0,"Sala para aluguel, Lourdes - Belo Horizonte/MG",R$ 1.130,R$ 663,R$ 0,25/04 às 00:54
"Lourdes_Belo Horizonte, Lourdes_Q1_B1",1299209769.0,"Edifício Jade: apartamento com 63,54m², 1 quarto com terraço, em construção no Lourdes.",R$ 849.928,R$ 0,R$ 0,24/04 às 20:44
"Lourdes_Belo Horizonte, Lourdes_Q4_B5 ou mais",1299209499.0,"Edifício Santiago de Compostela: apartamento alto luxo à venda com 307m², 4 quartos e 5 va",R$ 5.200.000,R$ 5.000,R$ 2.100,24/04 às 20:42
"Lourdes_Belo Horizonte, Lourdes_Q4_B5 ou mais",1299191241.0,Apartamento com 4 quartos no bairro Lourdes em Belo Horizonte/MG,R$ 3.900.000,R$ 4.000,R$ 1.500,24/04 às 19:19
"Lourdes_Belo Horizonte, Lourdes_Q2_B3",1299189204.0,Apartamento de 02 quartos com 01 vaga à venda no bairro de Lourdes em Belo Horizonte,R$ 760.000,R$ 845,R$ 248,24/04 às 19:05
"Lourdes_Belo Horizonte, Lourdes_Q3_B2",1299169665.0,Apartamento para venda tem 76 metros quadrados com 3 quartos em Lourdes - Belo Horizonte -,R$ 1.078.584,R$ 1,R$ 1,24/04 às 17:51
"Lourdes_Belo Horizonte, Lourdes_Q2_B2",1299149341.0,Apartamento no bairro de Lourdes com 2 quartos e 2 vagas,R$ 1.115.000,R$ 786,R$ 468,24/04 às 16:38
"Lourdes_Belo Horizonte, Lourdes_Q3_B4",1299029555.0,Apartamento 03 Quartos - Lourdes,R$ 2.200.000,R$ 1.666,R$ 5.753,24/04 às 10:30
"Lourdes_Belo Horizonte, Lourdes_Q3_B4",1299021749.0,Excelente apartamento 03 quartos - Lourdes,R$ 6.200,R$ 1.666,R$ 5.753,24/04 às 10:05
"Lourdes_Belo Horizonte, Lourdes_Q0_B4",1298959803.0,Prédio Comercial com 855 m² para venda em Lourdes,R$ 7.500.000,R$ 0,R$ 2.108,24/04 às 04:28
"Lourdes_Belo Horizonte, Lourdes_Q4_B5 ou mais",1298957607.0,Apartamento de 04 quartos tradicional no bairro de Lourdes,R$ 4.200.000,R$ 3.500,R$ 16.000,24/04 às 03:56
"Centro_Belo Horizonte, Centro_Q4_B2",1298943216.0,Apartamento á venda Centro de BH Próximo Igreja São José!,R$ 800.000,R$ 1.000,R$ 3.169,24/04 às 01:44
"Lourdes_Belo Horizonte, Lourdes_Q4_B2",1298939747.0,Lourdes - Apartamento 4 quartos à venda na Anuar Donato,R$ 1.900.000,R$ 1.600,R$ 4.463,24/04 às 01:31
"Lourdes_Belo Horizonte, Lourdes_QNone_BNone",1298939573.0,Lourdes - Loja à venda na Anuar Donato,R$ 9.480.000,R$ 0,R$ 0,24/04 às 01:30
"Lourdes_Belo Horizonte, Lourdes_QNone_BNone",1298938759.0,Lourdes - Casa comercial 6 quartos à venda na Anuar Donato,R$ 12.000.000,R$ 0,R$ 3.648,24/04 às 01:25
"Lourdes_Belo Horizonte, Lourdes_QNone_BNone",1298938431.0,Lourdes - Prédio comercial à venda na Anuar Donato,R$ 16.000.000,R$ 0,R$ 2.505,24/04 às 01:23
"Lourdes_Belo Horizonte, Lourdes_Q3_B1",1298923380.0,Cobertura duplex com 03 suítes no bairro Lourdes,R$ 4.967.060,R$ 1,R$ 1,23/04 às 23:49
"Lourdes_Belo Horizonte, Lourdes_Q3_B3",1298912279.0,Aluguel - APARTAMENTO - LOURDES Belo Horizonte MG,R$ 7.500,R$ 2.248,R$ 578,23/04 às 23:00
"Lourdes_Belo Horizonte, Lourdes_Q3_B2",1298854545.0,Apartamento para venda tem 76 metros quadrados com 3 quartos em Lourdes - Belo Horizonte -,R$ 1.064.836,R$ 1,R$ 1,23/04 às 19:24
"Lourdes_Belo Horizonte, Lourdes_Q3_B2",1298849200.0,Apartamento para venda tem 76 metros quadrados com 3 quartos em Lourdes - Belo Horizonte -,R$ 1.068.878,R$ 1,R$ 1,23/04 às 19:10
"Lourdes_Belo Horizonte, Lourdes_Q3_B2",1298849009.0,Apartamento para venda possui 84 metros quadrados com 3 quartos em Lourdes - Belo Horizont,R$ 1.229.148,R$ 1,R$ 1,23/04 às 19:09
"Lourdes_Belo Horizonte, Lourdes_Q3_B2",1298848969.0,Apartamento para venda possui 76 metros quadrados com 3 quartos em Lourdes - Belo Horizont,R$ 1.123.178,R$ 1,R$ 1,23/04 às 19:09
"Lourdes_Belo Horizonte, Lourdes_Q3_B2",1298837481.0,Apartamento para venda com 84 metros quadrados com 3 quartos em Lourdes - Belo Horizonte -,R$ 1.215.414,R$ 1,R$ 1,23/04 às 18:35
"Lourdes_Belo Horizonte, Lourdes_Q3_B2",1298834584.0,Apartamento para venda tem 76 metros quadrados com 3 quartos em Lourdes - Belo Horizonte -,R$ 1.090.464,R$ 1,R$ 1,23/04 às 18:25
"Lourdes_Belo Horizonte, Lourdes_Q3_B2",1298834347.0,Apartamento para venda tem 76 metros quadrados com 3 quartos em Lourdes - Belo Horizonte -,R$ 1.066.173,R$ 1,R$ 1,23/04 às 18:24
"Lourdes_Belo Horizonte, Lourdes_Q3_B2",1298828316.0,Apartamento para venda tem 76 metros quadrados com 3 quartos em Lourdes - Belo Horizonte -,R$ 1.060.792,R$ 1,R$ 1,23/04 às 17:58
"Lourdes_Belo Horizonte, Lourdes_Q3_B2",1298824946.0,Apartamento para venda com 84 metros quadrados com 3 quartos em Lourdes - Belo Horizonte -,R$ 1.224.570,R$ 1,R$ 1,23/04 às 17:47
"Lourdes_Belo Horizonte, Lourdes_Q3_B2",1298812551.0,Apartamento para venda tem 76 metros quadrados com 3 quartos em Lourdes - Belo Horizonte -,R$ 943.589,R$ 1,R$ 1,23/04 às 17:08
"Lourdes_Belo Horizonte, Lourdes_Q3_B2",1298808245.0,Apartamento para venda tem 76 metros quadrados com 3 quartos em Lourdes - Belo Horizonte -,R$ 1.056.749,R$ 1,R$ 1,23/04 às 16:54
"Lourdes_Belo Horizonte, Lourdes_Q3_B2",1298803455.0,Apartamento para venda com 84 metros quadrados com 3 quartos em Lourdes - Belo Horizonte -,R$ 1.210.836,R$ 1,R$ 1,23/04 às 16:38
"Lourdes_Belo Horizonte, Lourdes_Q3_B2",1298771569.0,Apartamento para venda tem 76 metros quadrados com 3 quartos em Lourdes - Belo Horizonte -,R$ 1.046.742,R$ 1,R$ 1,23/04 às 15:23
"Lourdes_Belo Horizonte, Lourdes_Q3_B3",1298770751.0,Apartamento para venda com 84 metros quadrados com 3 quartos em Lourdes - Belo Horizonte -,R$ 1.198.121,R$ 1,R$ 1,23/04 às 15:21
"Lourdes_Belo Horizonte, Lourdes_Q2_B2",1298646793.0,"Apartamento com 2 dormitórios à venda, 54 m² por R$ 930.000,00 - Lourdes - Belo Horizonte/",R$ 930.000,R$ 500,R$ 180,23/04 às 04:38
"Lourdes_Belo Horizonte, Lourdes_Q4_B3",1298641452.0,Aluguel - APARTAMENTO - LOURDES Belo Horizonte MG,R$ 10.600,R$ 2.200,R$ 800,23/04 às 01:35
"Lourdes_Belo Horizonte, Lourdes_Q3_B2",1298639774.0,"VENDA APARTAMENTO - 3 QUARTOS 90,00 M2 - BAIRRO: LOURDES",R$ 1.200.000,R$ 1.130,R$ 4.500,23/04 às 01:11
"Lourdes_Belo Horizonte, Lourdes_Q4_B3",1298639395.0,Venda - APARTAMENTO - LOURDES Belo Horizonte MG,R$ 2.500.000,R$ 2.200,R$ 800,23/04 às 01:05
"Lourdes_Belo Horizonte, Lourdes_QNone_BNone",1298485519.0,Sala/Conjunto para venda possui 120 metros quadrados em Lourdes - Belo Horizonte - MG,R$ 1.000.000,R$ 1.296,R$ 319,22/04 às 13:57
"Centro_Belo Horizonte, Centro_QNone_BNone",1298445870.0,Sala comercial no Centro,R$ 900,R$ 200,R$ 127,22/04 às 11:34
"Centro_Belo Horizonte, Centro_QNone_BNone",1298445835.0,Sala comercial no Centro,R$ 80.000,R$ 200,R$ 127,22/04 às 11:34
"Lourdes_Belo Horizonte, Lourdes_Q2_B2",1298050392.0,Apartamento com 2 quartos à venda em Belo Horizonte,R$ 759.270,R$ 0,R$ 0,20/04 às 13:29
"Centro_Belo Horizonte, Centro_QNone_BNone",1297990051.0,Excelente sala para locação no Centro,R$ 5.958,R$ 1.932,R$ 170,20/04 às 09:01
"Centro_Belo Horizonte, Centro_QNone_BNone",1297990039.0,Excelente sala para locação no Centro,R$ 5.909,R$ 1.699,R$ 149,20/04 às 09:01
"Lourdes_Belo Horizonte, Lourdes_Q4_B4",1297962135.0,Venda Apartamento 4 quartos Lourdes Belo Horizonte,R$ 2.830.000,R$ 2.310,R$ 961,20/04 às 04:25
"Lourdes_Belo Horizonte, Lourdes_Q3_B2",1297951368.0,Lourdes - Apartamento 3 quartos para aluguel na Anuar Donato,R$ 9.000,R$ 1.843,R$ 7.272,20/04 às 02:47
"Lourdes_Belo Horizonte, Lourdes_Q2_B1",1297930410.0,"Apartamento com 2 dormitórios para alugar, 55 m² por R$ 5.000,00/mês - Lourdes - Belo Hori",R$ 3.900,R$ 500,R$ 600,19/04 às 22:36
"Lourdes_Belo Horizonte, Lourdes_Q5 ou mais_B4",1297711726.0,"Cobertura para Venda em Belo Horizonte, Lourdes, 5 dormitórios, 1 suíte, 4 banheiros, 3 va",R$ 2.299.000,R$ 2.500,R$ 890,19/04 às 10:02
"Lourdes_Belo Horizonte, Lourdes_Q3_B3",1297688761.0,"Cobertura à venda, 3 quartos, 2 suítes, 2 vagas, Lourdes - Belo Horizonte/MG",R$ 1.750.000,R$ 650,R$ 380,19/04 às 08:02
"Lourdes_Belo Horizonte, Lourdes_Q1_B2",1297677960.0,Apartamento Loft 1 quarto no bairro Lourdes em Belo Horizonte,R$ 1.090.000,R$ 957,R$ 4.260,19/04 às 06:33
"Lourdes_Belo Horizonte, Lourdes_Q1_B1",1297653331.0,Sala para venda tem 34 metros quadrados com 1 quarto em Lourdes - Belo Horizonte - MG,R$ 390.000,R$ 0,R$ 0,19/04 às 01:17
"Lourdes_Belo Horizonte, Lourdes_Q3_B3",1297648594.0,"Apartamento à venda, 3 quartos, 1 suíte, 2 vagas, Lourdes - Belo Horizonte/MG",R$ 1.260.000,R$ 1.290,R$ 0,19/04 às 00:26
"Centro_Belo Horizonte, Centro_Q3_B1",1297648304.0,"Apartamento à venda, 3 quartos, 1 suíte, 1 vaga, Centro - Belo Horizonte/MG",R$ 800.000,R$ 1.100,R$ 3.169,19/04 às 00:21
"Cidade Jardim_Belo Horizonte, Cidade Jardim_Q4_B5 ou mais",1297584708.0,"Apartamento com 4 dormitórios à venda, 205 m² por R$ 2.733.675 - Santo Agostinho - Belo Ho",R$ 2.733.675,R$ 2.200,R$ 0,18/04 às 21:02
"Lourdes_Belo Horizonte, Lourdes_QNone_BNone",1297539785.0,Sala em 2 níveis com terraço em Lourdes para locação - Belo Horizonte,R$ 21.222,R$ 1,R$ 5,18/04 às 20:20
"Lourdes_Belo Horizonte, Lourdes_QNone_BNone",1297538188.0,Andar com 162 m² 1 vaga no Lourdes,R$ 5.900,R$ 2.479,R$ 0,18/04 às 20:17
"Lourdes_Belo Horizonte, Lourdes_QNone_BNone",1297532024.0,Andar corrido no coração do Lourdes,R$ 6.000,R$ 2.171,R$ 787,18/04 às 20:08
"Lourdes_Belo Horizonte, Lourdes_QNone_BNone",1297531966.0,"Casa comercial para aluguel, 4 vagas, Lourdes - Belo Horizonte/MG",R$ 20.000,R$ 0,R$ 0,18/04 às 20:08
"Lourdes_Belo Horizonte, Lourdes_Q4_B3",1297359370.0,"Apartamento à venda, 4 quartos, 2 suítes, 4 vagas, Lourdes - Belo Horizonte/MG",R$ 2.200.000,R$ 2.178,R$ 998,18/04 às 09:41
"Lourdes_Belo Horizonte, Lourdes_Q3_B1",1297298587.0,"Apartamento á venda - Lourdes - 3 quartos, 1 vaga - Belo Horizonte/MG. - AP1977",R$ 430.000,R$ 1.100,R$ 138,18/04 às 03:59
"Lourdes_Belo Horizonte, Lourdes_Q1_B2",1297216529.0,Apartamento 02 quartos próximo ao Minas no bairro de Lourdes na cidade de belo Horizonte,R$ 998.000,R$ 0,R$ 0,17/04 às 18:48
"Lourdes_Belo Horizonte, Lourdes_Q2_B3",1297216428.0,Cobertura 02 suites e 02 vagas a venda no bairro de Lourdes na cidade de Belo Horizonte,R$ 1.100.000,R$ 400,R$ 250,17/04 às 18:48
"Lourdes_Belo Horizonte, Lourdes_Q3_B3",1297216341.0,Cobertura 03 quartos e 02 vagas a venda no bairro Lourdes na cidade de Belo Horizonte,R$ 1.750.000,R$ 650,R$ 0,17/04 às 18:47
"Lourdes_Belo Horizonte, Lourdes_Q3_B2",1297143536.0,Lindo Apartamento 85 m² 3 Quartos 1 Suíte 2 Vagas no Lourdes,R$ 1.185.000,R$ 1.130,R$ 375,17/04 às 15:48
"Lourdes_Belo Horizonte, Lourdes_Q2_B3",1297078920.0,Apartamento 02 quartos em Lourdes próximo à Praça da Liberdade,R$ 1.700.000,R$ 1.336,R$ 6.145,17/04 às 14:09
"Lourdes_Belo Horizonte, Lourdes_Q4_B3",1296972227.0,Apartamento para venda possui 330 metros quadrados com 4 quartos em Lourdes - Belo Horizon,R$ 2.100.000,R$ 2.300,R$ 999,17/04 às 07:35
"Lourdes_Belo Horizonte, Lourdes_Q4_B5 ou mais",1296854058.0,"Vende Apartamento com 4 quartos, 3 vagas de garagem, 156 m2 no melhor do bairro de Lourdes",R$ 2.000.000,R$ 1.907,R$ 788,16/04 às 19:45
"Lourdes_Belo Horizonte, Lourdes_Q3_B2",1296840537.0,Apartamento 3 quartos em frente ao Minas Tênis 1,R$ 795.000,R$ 767,R$ 254,16/04 às 18:50
"Lourdes_Belo Horizonte, Lourdes_Q2_B2",1296668496.0,APARTAMENTO 2 QUARTOS; LOURDES,R$ 1.185.397,R$ 0,R$ 0,16/04 às 04:48
"Lourdes_Belo Horizonte, Lourdes_QNone_BNone",1296581097.0,"Prédio à venda e para locação em Belo Horizonte, Lourdes, com 885 m²",R$ 7.500.000,R$ 0,R$ 2.110,15/04 às 18:09
"Lourdes_Belo Horizonte, Lourdes_Q5 ou mais_B5 ou mais",1296454308.0,"Apartamento 05 quartos à venda em Lourdes, próximo à  praça Marília de Dirceu",R$ 3.550.000,R$ 3.315,R$ 15.809,15/04 às 11:09
"Lourdes_Belo Horizonte, Lourdes_Q3_B2",1295990378.0,Condomínio Edifício Loreto: Excelente apartamento com 106m² de 03 quartos localizado no Ba,R$ 650.000,R$ 331,R$ 1.000,13/04 às 08:27
"Santo Agostinho_Belo Horizonte, Santo Agostinho_QNone_BNone",1295948126.0,"Sala à venda, 1 vaga, Santo Agostinho - Belo Horizonte/MG",R$ 240.000,R$ 800,R$ 0,13/04 às 03:25
"Santo Agostinho_Belo Horizonte, Santo Agostinho_QNone_BNone",1295948013.0,"Sala à venda, 1 vaga, Santo Agostinho - Belo Horizonte/MG",R$ 240.000,R$ 800,R$ 0,13/04 às 03:21
"Lourdes_Belo Horizonte, Lourdes_Q2_B3",1295929530.0,APARTAMENTO 2 SUITES A VENDA LOURDES,R$ 1.180.000,R$ 1.200,R$ 0,13/04 às 00:56
"Lourdes_Belo Horizonte, Lourdes_Q3_B2",1295824033.0,APARTAMENTO - 3 QTOS - 2 VGS - LOURDES,R$ 1.400.000,R$ 1.100,R$ 385,12/04 às 16:03
"Lourdes_Belo Horizonte, Lourdes_Q4_B5 ou mais",1295757078.0,GRAN LIDER FELIPE DOS SANTOS - SANTO AGOSTINHO,R$ 3.650.000,R$ 2.100,R$ 0,12/04 às 12:13
"Lourdes_Belo Horizonte, Lourdes_Q4_B4",1295756391.0,EXCELENTE APTO DE 4 QUARTOS NO LOURDES PROX. DIAMOND,R$ 2.690.000,R$ 2.090,R$ 0,12/04 às 12:11
"Lourdes_Belo Horizonte, Lourdes_Q4_B5 ou mais",1295747026.0,APARTAMENTO ALTO LUXO COM 4 QUARTOS 4 SUITES NO LOURDES,R$ 5.500.000,R$ 2.700,R$ 1.650,12/04 às 11:58
"Lourdes_Belo Horizonte, Lourdes_Q4_B5 ou mais",1295746994.0,EXCELENTE APTO DE LUXO 4 QUARTOS AO LADO DO DIAMOND,R$ 3.200.000,R$ 2.200,R$ 0,12/04 às 11:58
"Lourdes_Belo Horizonte, Lourdes_Q4_B3",1295745415.0,OTIMO 4 QUARTOS NA RUA SANTA CATARINA NO LOURDES,R$ 1.690.000,R$ 1.400,R$ 430,12/04 às 11:57
"Lourdes_Belo Horizonte, Lourdes_Q4_B3",1295745403.0,4 QUARTOS NO SANTO AGOSTINHO - PADRAO LIDER,R$ 1.410.000,R$ 800,R$ 270,12/04 às 11:57
"Lourdes_Belo Horizonte, Lourdes_Q3_B4",1295745301.0,"APTO 3 QUARTOS, 3 SUITES, ALTO LUXO PROXIMO AO DIAMOND NOS SANTO AGOSTINHO",R$ 2.200.000,R$ 1.750,R$ 0,12/04 às 11:57
"Lourdes_Belo Horizonte, Lourdes_Q3_B3",1295745207.0,APARTAMENTO A VENDO COM 110 METROS NO SANTO AGOSTINHO COM LAZER PROX. DIAMOND,R$ 1.500.000,R$ 1.490,R$ 440,12/04 às 11:57
"Lourdes_Belo Horizonte, Lourdes_Q3_B3",1295745147.0,APARTAMENTO DE 3 QUARTOS COM 104 METROS PROXIMO DIAMOND E COLEGIO STO. AGOSTINHO,R$ 1.690.000,R$ 1.400,R$ 560,12/04 às 11:57
"Lourdes_Belo Horizonte, Lourdes_Q4_B3",1295745056.0,APTO 4 QUARTOS NO SANTO AGOSTINHO PROXIMO A CEMIG E ASSEMBLEIA,R$ 1.700.000,R$ 1.300,R$ 450,12/04 às 11:57
"Lourdes_Belo Horizonte, Lourdes_Q4_B5 ou mais",1295744582.0,4 QUARTOS - ALTISSIMO LUXO JUNTO AO DIAMOND,R$ 4.500.000,R$ 2.500,R$ 1.150,12/04 às 11:57
"Lourdes_Belo Horizonte, Lourdes_Q4_B4",1295744380.0,EXCELENTE APTO 4 QUARTOS PROXIMO AO DIAMOND NO LOURDES,R$ 1.790.000,R$ 1.400,R$ 450,12/04 às 11:55
"Lourdes_Belo Horizonte, Lourdes_Q3_B3",1295744125.0,MARAVILHOSO APARTAMENTO 3 QUARTOS NO LOURDES - RUA SANTA CATARINA PROXIMO AO DIAMOND,R$ 1.630.000,R$ 1.350,R$ 400,12/04 às 11:55
"Lourdes_Belo Horizonte, Lourdes_Q3_B3",1295744056.0,EXCELENTE COBERTURA NO LOURDES - LOCAL NOBRE,R$ 2.600.000,R$ 1.700,R$ 700,12/04 às 11:55
"Lourdes_Belo Horizonte, Lourdes_Q3_B3",1295744033.0,VENDA 3 QUARTOS NO LOURDES LUXO,R$ 1.490.000,R$ 890,R$ 360,12/04 às 11:55
"Santo Agostinho_Belo Horizonte, Santo Agostinho_Q4_B5 ou mais",1295743733.0,GRAN LIDER FELIPE DOS SANTOS - SANTO AGOSTINHO,R$ 2.890.000,R$ 1.900,R$ 0,12/04 às 11:54
"Lourdes_Belo Horizonte, Lourdes_Q3_B3",1295743663.0,APARTAMENTO DE ALTO LUXO NO LOURDES COM 3 QUARTOS E LAZER COMPLETO,R$ 1.490.000,R$ 1.000,R$ 0,12/04 às 11:54
"Lourdes_Belo Horizonte, Lourdes_Q3_B3",1295743642.0,3 QUARTOS DE LUXO NO LOURDES - RUA SAO PAULO,R$ 1.850.000,R$ 990,R$ 4.700,12/04 às 11:54
"Lourdes_Belo Horizonte, Lourdes_Q3_B3",1295732950.0,"Apartamento para aluguel, 3 quartos, 1 suíte, 2 vagas, Lourdes - Belo Horizonte/MG",R$ 7.500,R$ 1.843,R$ 7.272,12/04 às 11:16
"Lourdes_Belo Horizonte, Lourdes_Q4_B3",1295732497.0,"Apartamento à venda, 4 quartos, 2 suítes, 3 vagas, Lourdes - Belo Horizonte/MG",R$ 2.900.000,R$ 2.450,R$ 100,12/04 às 11:14
"Santo Antônio_Belo Horizonte, Santo Antônio_QNone_BNone",1295671264.0,"Sala à venda, 41 m² por R$ 215.000,00 - Santo Antônio - Belo Horizonte/MG",R$ 230.000,R$ 340,R$ 191,12/04 às 06:08
"Lourdes_Belo Horizonte, Lourdes_Q4_B5 ou mais",1295652466.0,APARTAMENTO 4 SUÍTES 4 VAGAS BAIRRO LOURDES,R$ 3.200.000,R$ 2.500,R$ 16.740,12/04 às 04:45
"Lourdes_Belo Horizonte, Lourdes_QNone_BNone",1295647208.0,Aluguel - LOJA - CENTRO Belo Horizonte MG,R$ 3.350,R$ 0,R$ 764,12/04 às 03:44
"Lourdes_Belo Horizonte, Lourdes_Q4_B3",1295632884.0,"Apartamento 4 quartos a venda no Lourdes R$1715,000,00",R$ 1.700.000,R$ 1.575,R$ 753,12/04 às 01:37
"Lourdes_Belo Horizonte, Lourdes_Q3_B3",1295588355.0,Apartamento para venda com 109 metros quadrados com 3 quartos em Lourdes - Belo Horizonte ,R$ 2.250.000,R$ 0,R$ 10,11/04 às 21:32
"Lourdes_Belo Horizonte, Lourdes_QNone_BNone",1295371213.0,"Sala à venda, 1 vaga, Lourdes - Belo Horizonte/MG",R$ 270.000,R$ 750,R$ 180,11/04 às 06:25
"Lourdes_Belo Horizonte, Lourdes_Q2_B2",1295344079.0,Venda Apartamento 2 quartos Lourdes Belo Horizonte,R$ 1.273.824,R$ 0,R$ 0,11/04 às 04:01
"Lourdes_Belo Horizonte, Lourdes_Q2_B2",1295316136.0,APARTAMENTO COM AREA PRIVATIVA A VENDA NO BAIRRO DE LOURDES,R$ 2.200.000,R$ 1.600,R$ 0,10/04 às 23:55
"Lourdes_Belo Horizonte, Lourdes_Q3_B3",1295315553.0,APARTAMENTO 3 QUARTOS À VENDA NO BAIRRO DE LOURDES,R$ 1.806.737,R$ 0,R$ 0,10/04 às 23:49
"Lourdes_Belo Horizonte, Lourdes_Q4_B4",1295240616.0,"Apartamento com 4 dormitórios à venda, 190 m² por R$ 1.715.000,00 - Lourdes - Belo Horizon",R$ 1.715.000,R$ 1.617,R$ 690,10/04 às 17:43
"Lourdes_Belo Horizonte, Lourdes_QNone_BNone",1295178455.0,Sala em Centro - Belo Horizonte,R$ 150.000,R$ 212,R$ 108,10/04 às 14:32
"Lourdes_Belo Horizonte, Lourdes_QNone_BNone",1295178306.0,"Sala em Lourdes - Belo Horizonte, MG",R$ 19.121,R$ 0,R$ 0,10/04 às 14:31
"Lourdes_Belo Horizonte, Lourdes_QNone_BNone",1295178254.0,Sala em Centro - Belo Horizonte,R$ 800,R$ 212,R$ 108,10/04 às 14:31
"Lourdes_Belo Horizonte, Lourdes_Q1_B1",1295177299.0,"Flat em Lourdes - Belo Horizonte, MG",R$ 2.200,R$ 1.500,R$ 15,10/04 às 14:29
"Lourdes_Belo Horizonte, Lourdes_QNone_BNone",1295175698.0,"Casa Comercial em Lourdes - Belo Horizonte, MG",R$ 5.000,R$ 9,R$ 65,10/04 às 14:25
"Lourdes_Belo Horizonte, Lourdes_QNone_BNone",1295175150.0,Loja em Lourdes - Belo Horizonte,R$ 690.000,R$ 0,R$ 244,10/04 às 14:24
"Lourdes_Belo Horizonte, Lourdes_Q2_B2",1295117720.0,"Apartamento à venda, 2 quartos, 1 suíte, 2 vagas, Lourdes - Belo Horizonte/MG",R$ 1.270.000,R$ 0,R$ 0,10/04 às 11:04
"Cidade Jardim_Belo Horizonte, Cidade Jardim_QNone_BNone",1295054978.0,"Sala para aluguel, Cidade Jardim - Belo Horizonte/MG",R$ 6.000,R$ 1.680,R$ 12.650,10/04 às 07:08
"Lourdes_Belo Horizonte, Lourdes_QNone_BNone",1295019794.0,Sala para Locação no Lourdes com 70m²,R$ 900,R$ 550,R$ 173,10/04 às 03:29
"Lourdes_Belo Horizonte, Lourdes_QNone_BNone",1294997283.0,Locação Casa comercial Lourdes Belo Horizonte,R$ 13.000,R$ 0,R$ 2.496,09/04 às 23:55
"Lourdes_Belo Horizonte, Lourdes_QNone_BNone",1294997274.0,Venda ou locação Sala Lourdes Belo Horizonte,R$ 800,R$ 406,R$ 164,09/04 às 23:55
"Lourdes_Belo Horizonte, Lourdes_QNone_BNone",1294997090.0,Venda ou locação Sala Lourdes Belo Horizonte,R$ 140.000,R$ 406,R$ 164,09/04 às 23:53
"Lourdes_Belo Horizonte, Lourdes_Q4_B3",1294990499.0,Venda Apartamento 4 quartos Lourdes Belo Horizonte,R$ 1.590.000,R$ 1.590,R$ 770,09/04 às 22:58
"Lourdes_Belo Horizonte, Lourdes_Q1_B3",1294936573.0,AREA PRIVATIVA - LOURDES,R$ 1.289.738,R$ 0,R$ 0,09/04 às 18:03
"Centro_Belo Horizonte, Centro_Q1_B1",1294932684.0,Oportunidade Apto de 01 Quarto no Gênova,R$ 3.790,R$ 570,R$ 239,09/04 às 17:54
"Lourdes_Belo Horizonte, Lourdes_Q2_B1",1294829358.0,"Cobertura à venda, 2 quartos, 1 suíte, 1 vaga, Lourdes - Belo Horizonte/MG",R$ 1.100.000,R$ 0,R$ 0,09/04 às 10:58
"Centro_Belo Horizonte, Centro_Q2_B2",1294790777.0,"Edifício Faustino Assumpção: Excelente apartamento recém-reformado com 112,99m² próximo Sh",R$ 420.000,R$ 720,R$ 1.466,09/04 às 08:34
"Lourdes_Belo Horizonte, Lourdes_Q2_B2",1294743331.0,"Apartamento com área privativa à venda, 2 quartos, 1 suíte, 2 vagas, Lourdes - Belo Horizo",R$ 1.290.000,R$ 0,R$ 0,09/04 às 03:41
"Lourdes_Belo Horizonte, Lourdes_Q3_B3",1294742066.0,"Cobertura à venda, 3 quartos, 2 suítes, 2 vagas, Lourdes - Belo Horizonte/MG",R$ 1.600.000,R$ 0,R$ 0,09/04 às 03:38
"Lourdes_Belo Horizonte, Lourdes_QNone_BNone",1294632313.0,EXCELENTE PONTO COMERCIAL NO CENTRO DA REGIÃO GASTRONÔMICA DO BAIRRO LOURDES.,R$ 35.000,R$ 0,R$ 2.281,08/04 às 19:00
"Lourdes_Belo Horizonte, Lourdes_Q2_B3",1294433150.0,"Apartamento à venda 2 quartos, 2 suítes Lourdes",R$ 1.390.000,R$ 1.200,R$ 0,08/04 às 02:04
"Lourdes_Belo Horizonte, Lourdes_Q1_B2",1294236041.0,"Andar alto, claro e arejado, px Igreja de Lourdes, 01 vaga",R$ 370.000,R$ 840,R$ 150,07/04 às 02:04
"Lourdes_Belo Horizonte, Lourdes_Q4_B4",1294032672.0,Venda - APARTAMENTO - LOURDES Belo Horizonte MG,R$ 3.350.000,R$ 0,R$ 0,06/04 às 07:26
"Lourdes_Belo Horizonte, Lourdes_Q3_B2",1294017482.0,"Apartamento com 3 dormitórios à venda, 85 m² por R$ 1.480.000,00 - Lourdes - Belo Horizont",R$ 1.480.000,R$ 0,R$ 0,06/04 às 05:20
"Lourdes_Belo Horizonte, Lourdes_QNone_BNone",1294012579.0,"Conjunto/Sala no Centro de Belo Horizonte: Locação por R$ 8.926,80",R$ 8.926,R$ 0,R$ 0,06/04 às 04:25
"Lourdes_Belo Horizonte, Lourdes_QNone_BNone",1294009292.0,"Conjunto/Sala no Centro de BH: Venda por R$ e Locação por R$ 19.824,15",R$ 19.824,R$ 0,R$ 0,06/04 às 03:52
"Lourdes_Belo Horizonte, Lourdes_Q4_B4",1293999839.0,Apartamento com 4 quartos à venda - Lourdes,R$ 3.300.000,R$ 3.217,R$ 17.411,06/04 às 02:26
"Lourdes_Belo Horizonte, Lourdes_QNone_BNone",1293992115.0,"Conjunto/Sala no Centro de BH: Locação por R$19.824,15.",R$ 19.824,R$ 0,R$ 0,06/04 às 01:35
"Lourdes_Belo Horizonte, Lourdes_QNone_BNone",1293985670.0,Conjunto/Sala no Centro de Belo Horizonte: Locação por R$ 19.694,R$ 19.694,R$ 0,R$ 0,06/04 às 00:56
"Lourdes_Belo Horizonte, Lourdes_QNone_BNone",1293972885.0,Sala comercial a venda ao lado do Pátio no bairro Savassi na cidade de Belo Horizonte,R$ 185.000,R$ 266,R$ 130,05/04 às 23:44
"Lourdes_Belo Horizonte, Lourdes_Q3_B3",1293956005.0,"Apartamento 03 quartos à venda em Lourdes, próximo à Praça da Liberdade",R$ 1.210.000,R$ 1.296,R$ 4.712,05/04 às 22:32
"Lourdes_Belo Horizonte, Lourdes_Q2_B1",1293916216.0,"VENDA APARTAMENTO 2 QUARTOS 67,00 M2 - BAIRRO: LOURDES",R$ 1.115.000,R$ 864,R$ 468,05/04 às 19:46
"Lourdes_Belo Horizonte, Lourdes_Q2_B2",1293913257.0,"VENDA APARTAMENTO - 2 QUARTOS 90,00 M2 - BAIRRO: LOURDES",R$ 1.350.000,R$ 600,R$ 362,05/04 às 19:35
"Lourdes_Belo Horizonte, Lourdes_Q1_B2",1293901453.0,"Apartamento à venda, 1 quarto, 1 suíte, 1 vaga, Lourdes - Belo Horizonte/MG",R$ 839.715,R$ 700,R$ 100,05/04 às 18:56
"Centro_Belo Horizonte, Centro_Q3_B2",1293839143.0,Apartamento Bairro Centro de Belo Horizonte/MG,R$ 460.000,R$ 500,R$ 200,05/04 às 16:01
"Santo Antônio_Belo Horizonte, Santo Antônio_QNone_BNone",1293729932.0,Aluguel - SALA - Savassi BELO HORIZONTE MG,R$ 6.800,R$ 1.300,R$ 791,05/04 às 08:10
"Lourdes_Belo Horizonte, Lourdes_Q3_B3",1293723985.0,Cobertura à venda no Lourdes com 3 Quartos e 3 banheiros 176 m²,R$ 1.980.000,R$ 1.100,R$ 570,05/04 às 07:22
"Centro_Belo Horizonte, Centro_QNone_BNone",1293518897.0,"Andar Corrido à venda, Centro - Belo Horizonte/MG",R$ 480.000,R$ 273,R$ 1.102,04/04 às 11:57
"Lourdes_Belo Horizonte, Lourdes_QNone_BNone",1293501531.0,"Comercial - Loja à venda, Lourdes - Belo Horizonte/MG",R$ 530.000,R$ 950,R$ 3.152,04/04 às 11:39
"Lourdes_Belo Horizonte, Lourdes_Q4_B5 ou mais",1293460343.0,"Apartamento com 4 dormitórios para alugar, 235 m² Lourdes - Belo Horizonte/MG",R$ 12.000,R$ 2.700,R$ 0,04/04 às 09:51
"Lourdes_Belo Horizonte, Lourdes_Q1_B5 ou mais",1293442556.0,"Apartamento disponível para venda, 3 suítes com armários, sendo 1 quarto normal, 4 vagas a",R$ 3.200.000,R$ 2.930,R$ 948,04/04 às 08:29
"Lourdes_Belo Horizonte, Lourdes_Q0_B4",1293436944.0,Prédio Comercial com 855 m² para aluguel em Lourdes,R$ 35.000,R$ 0,R$ 2.108,04/04 às 07:56
"Lourdes_Belo Horizonte, Lourdes_Q2_B2",1293395900.0,Excelente apartamento na região de Lourdes,R$ 1.116.000,R$ 910,R$ 321,03/04 às 23:03
"Lourdes_Belo Horizonte, Lourdes_Q2_B1",1293395792.0,Ótimo apartamento 2 quartos lançamento,R$ 954.000,R$ 910,R$ 312,03/04 às 23:02
"Lourdes_Belo Horizonte, Lourdes_Q2_B2",1293395469.0,Ótimo apartamento lançamento 2 quartos,R$ 1.166.000,R$ 910,R$ 321,03/04 às 23:00
"Lourdes_Belo Horizonte, Lourdes_Q2_B1",1293395415.0,Ótimo Apartamento 2 Quartos Lourdes 54m²,R$ 984.000,R$ 910,R$ 315,03/04 às 22:59
"Lourdes_Belo Horizonte, Lourdes_QNone_BNone",1293319348.0,"Prédio à venda e para locação em Belo Horizonte, Lourdes, com 885 m²",R$ 35.000,R$ 0,R$ 2.110,03/04 às 16:10
"Lourdes_Belo Horizonte, Lourdes_Q4_B5 ou mais",1293245223.0,4 SUITES PROX MINAS I,R$ 6.000.000,R$ 6.000,R$ 28.000,03/04 às 12:25
"Lourdes_Belo Horizonte, Lourdes_Q1_B2",1293223915.0,APARTAMENTO DE 1 QUARTO A VENDA NO BAIRRO LOURDES,R$ 1.000.000,R$ 0,R$ 0,03/04 às 11:09
"Lourdes_Belo Horizonte, Lourdes_Q2_B2",1293223808.0,APARTAMENTO 2 QUARTOS PARA VENDA NO BAIRRO LOURDES,R$ 1.086.725,R$ 0,R$ 0,03/04 às 11:09
"Lourdes_Belo Horizonte, Lourdes_Q2_B2",1293223770.0,APARTAMENTO DE 2 QUARTOS A VENDA NO BAIRRO SANTO AGOSTINHO,R$ 1.399.000,R$ 1.000,R$ 10,03/04 às 11:09
"Lourdes_Belo Horizonte, Lourdes_QNone_BNone",1293223644.0,SALA COMERCIAL PARA VENDA NO BAIRRO LOURDES,R$ 1.130.000,R$ 1.500,R$ 875,03/04 às 11:09
"Lourdes_Belo Horizonte, Lourdes_Q4_B4",1293127114.0,"Apartamento à venda, 4 quartos, 2 suítes, 3 vagas, Lourdes - Belo Horizonte/MG",R$ 1.750.000,R$ 950,R$ 898,03/04 às 02:16
"Lourdes_Belo Horizonte, Lourdes_Q3_B3",1293118757.0,Edifício Lourdes Homestyle: Apartamento com 03 quartos e 02 vagas á venda no Lourdes.,R$ 1.250.000,R$ 1.100,R$ 4.801,03/04 às 01:27
"Lourdes_Belo Horizonte, Lourdes_Q3_B3",1292922729.0,"Apartamento 03 quartos em Lourdes, próximo ao melhor do comércio",R$ 1.215.300,R$ 780,R$ 0,02/04 às 12:08
"Lourdes_Belo Horizonte, Lourdes_QNone_BNone",1292857387.0,"Conjunto/Sala no Centro de BH - Locação por R$24.513,60",R$ 24.513,R$ 0,R$ 0,02/04 às 09:09
"Lourdes_Belo Horizonte, Lourdes_QNone_BNone",1292825520.0,"Prédio, 2700 m² - Lourdes - Belo Horizonte/MG",R$ 100.000,R$ 0,R$ 0,02/04 às 05:20
"Lourdes_Belo Horizonte, Lourdes_QNone_BNone",1292825452.0,"Prédio, 2700 m² - Lourdes - Belo Horizonte/MG",R$ 24.000.000,R$ 0,R$ 0,02/04 às 05:20
"Lourdes_Belo Horizonte, Lourdes_Q4_B3",1292821253.0,"Apartamento à venda em Belo Horizonte, Lourdes, com 4 quartos, com 160 m²",R$ 1.800.000,R$ 1.606,R$ 456,02/04 às 04:29
"Santo Antônio_Belo Horizonte, Santo Antônio_QNone_BNone",1292816564.0,Venda Sala Santo Antônio Belo Horizonte,R$ 215.000,R$ 490,R$ 195,02/04 às 04:15
"Lourdes_Belo Horizonte, Lourdes_QNone_BNone",1292806074.0,Aluguel Commercial / Office Belo Horizonte MG,R$ 1.700,R$ 1.150,R$ 419,02/04 às 03:43
"Lourdes_Belo Horizonte, Lourdes_Q2_B2",1292796755.0,Anuar Donato Apartamento 2 quartos à venda Lourdes,R$ 1.038.158,R$ 0,R$ 0,02/04 às 02:30
"Lourdes_Belo Horizonte, Lourdes_Q2_B2",1292791694.0,"Apartamento à venda, 2 quartos, 1 suíte, 2 vagas, Lourdes - Belo Horizonte/MG",R$ 1.134.176,R$ 0,R$ 0,02/04 às 01:40
"Lourdes_Belo Horizonte, Lourdes_QNone_BNone",1292780006.0,"Sala para aluguel, Santo Agostinho - Belo Horizonte/MG",R$ 1.200,R$ 377,R$ 2.146,02/04 às 00:09
"Lourdes_Belo Horizonte, Lourdes_QNone_BNone",1292779121.0,"Sala para aluguel, 1 vaga, Santo Agostinho - Belo Horizonte/MG",R$ 900,R$ 541,R$ 0,02/04 às 00:02
"Lourdes_Belo Horizonte, Lourdes_QNone_BNone",1292779106.0,"Sala para aluguel, Lourdes - Belo Horizonte/MG",R$ 1.260,R$ 377,R$ 0,02/04 às 00:02
"Lourdes_Belo Horizonte, Lourdes_QNone_BNone",1292779002.0,"Sala para aluguel, 1 vaga, Lourdes - Belo Horizonte/MG",R$ 1.000,R$ 227,R$ 0,02/04 às 00:02
"Centro_Belo Horizonte, Centro_QNone_BNone",1292778988.0,"Loja para aluguel, Centro - Belo Horizonte/MG",R$ 700,R$ 380,R$ 2.147,02/04 às 00:02
"Lourdes_Belo Horizonte, Lourdes_QNone_BNone",1292778833.0,"Sala para aluguel, Lourdes - Belo Horizonte/MG",R$ 1.100,R$ 724,R$ 4.336,02/04 às 00:01
"Lourdes_Belo Horizonte, Lourdes_QNone_BNone",1292778680.0,"Sala para aluguel, Lourdes - Belo Horizonte/MG",R$ 550,R$ 250,R$ 1.488,01/04 às 23:59
"Lourdes_Belo Horizonte, Lourdes_QNone_BNone",1292778546.0,"Sala para aluguel, Lourdes - Belo Horizonte/MG",R$ 1.260,R$ 377,R$ 186,01/04 às 23:58
"Lourdes_Belo Horizonte, Lourdes_Q4_B5 ou mais",1292720600.0,Venda - APARTAMENTO - LOURDES BELO HORIZONTE MG,R$ 2.650.000,R$ 2.363,R$ 699,01/04 às 19:21
"Lourdes_Belo Horizonte, Lourdes_Q3_B2",1292581636.0,APARTAMENTO 03 QUARTOS 01 SUÍTE LOURDES VENDA,R$ 1.150.000,R$ 1.296,R$ 455,01/04 às 11:32
"Lourdes_Belo Horizonte, Lourdes_QNone_BNone",1292513977.0,Sala com à venda - Lourdes,R$ 480.000,R$ 286,R$ 197,01/04 às 07:16
"Lourdes_Belo Horizonte, Lourdes_Q4_B4",1292513902.0,Apartamento com 4 quartos à venda - Lourdes,R$ 4.100.000,R$ 2.300,R$ 1.467,01/04 às 07:16
"Lourdes_Belo Horizonte, Lourdes_Q3_B2",1292491668.0,Área privativa com 128m² | 86m² de área interna. mais 42m² de terraço,R$ 1.390.000,R$ 0,R$ 0,01/04 às 04:04
"Lourdes_Belo Horizonte, Lourdes_Q4_B1",1292486906.0,Venda / Apartamento / Lourdes,R$ 1.490.000,R$ 2.100,R$ 5.994,01/04 às 03:21
"Lourdes_Belo Horizonte, Lourdes_QNone_BNone",1292481860.0,"Lote à venda, Lourdes - Belo Horizonte/MG",R$ 4.000.000,R$ 0,R$ 3.033,01/04 às 03:01
"Lourdes_Belo Horizonte, Lourdes_QNone_BNone",1292474882.0,Ótimo andar corrido para locação no Lourdes,R$ 5.500,R$ 2.479,R$ 924,01/04 às 01:09
"Lourdes_Belo Horizonte, Lourdes_Q2_B2",1291997549.0,Cobertura - Lourdes - Belo Horizonte,R$ 1.308.690,R$ 0,R$ 0,29/03 às 08:34
"Lourdes_Belo Horizonte, Lourdes_Q2_B2",1291991839.0,Apartamento - Lourdes - Belo Horizonte,R$ 895.320,R$ 0,R$ 0,29/03 às 07:18
"Lourdes_Belo Horizonte, Lourdes_Q2_B2",1291991832.0,Apartamento - Lourdes - Belo Horizonte,R$ 1.283.833,R$ 0,R$ 0,29/03 às 07:18
"Lourdes_Belo Horizonte, Lourdes_Q2_B2",1291991818.0,"Apartamentos com 02 quartos, a partir de 60m²",R$ 922.325,R$ 0,R$ 0,29/03 às 07:18
"Lourdes_Belo Horizonte, Lourdes_Q2_B2",1291991537.0,Cobertura - Lourdes - Belo Horizonte,R$ 1.401.404,R$ 0,R$ 0,29/03 às 07:17
"Lourdes_Belo Horizonte, Lourdes_Q2_B2",1291991492.0,Apartamento - Lourdes - Belo Horizonte,R$ 919.320,R$ 0,R$ 0,29/03 às 07:17
"Lourdes_Belo Horizonte, Lourdes_Q2_B2",1291991402.0,"Apartamentos com 02 quartos, a partir de 60m²",R$ 1.047.404,R$ 0,R$ 0,29/03 às 07:16
"Lourdes_Belo Horizonte, Lourdes_Q2_B2",1291991352.0,Apartamento - Lourdes - Belo Horizonte,R$ 967.507,R$ 0,R$ 0,29/03 às 07:16
"Lourdes_Belo Horizonte, Lourdes_Q2_B2",1291991347.0,Apartamento - Lourdes - Belo Horizonte,R$ 1.071.415,R$ 0,R$ 0,29/03 às 07:16
"Lourdes_Belo Horizonte, Lourdes_Q2_B2",1291991329.0,Apartamento - Lourdes - Belo Horizonte,R$ 907.320,R$ 0,R$ 0,29/03 às 07:16
"Lourdes_Belo Horizonte, Lourdes_Q2_B2",1291991309.0,Apartamento - Lourdes - Belo Horizonte,R$ 979.507,R$ 0,R$ 0,29/03 às 07:16
"Lourdes_Belo Horizonte, Lourdes_Q2_B2",1291991212.0,"Apartamentos com 02 quartos, a partir de 60m²",R$ 1.030.355,R$ 0,R$ 0,29/03 às 07:16
"Lourdes_Belo Horizonte, Lourdes_Q2_B2",1291991178.0,"Apartamentos com 02 quartos, a partir de 60m²",R$ 964.165,R$ 0,R$ 0,29/03 às 07:15
"Lourdes_Belo Horizonte, Lourdes_Q2_B3",1291988013.0,"Apartamento à venda, 69 m² por R$ 1.295.126,00 - Lourdes - Belo Horizonte/MG",R$ 1.295.126,R$ 0,R$ 0,29/03 às 06:49
"Lourdes_Belo Horizonte, Lourdes_Q1_B2",1291976146.0,Entrega em 2024 - TOP HOUSE - 1 Suíte - Lourdes,R$ 1.460.000,R$ 0,R$ 0,29/03 às 05:43
"Lourdes_Belo Horizonte, Lourdes_Q3_B3",1291976016.0,Entrega em 2024 - Apartamento 113 m² - 03 quartos - 02 vagas - Lourdes,R$ 2.090.000,R$ 0,R$ 0,29/03 às 05:42
"Centro_Belo Horizonte, Centro_QNone_BNone",1291975613.0,"Loja à venda, 400 m² por R$ 6.400.000,00 - Centro - Belo Horizonte/MG",R$ 6.400.000,R$ 0,R$ 3.900,29/03 às 05:29
"Lourdes_Belo Horizonte, Lourdes_Q4_B1",1291931280.0,Venda Apartamento 4 quartos Lourdes Belo Horizonte,R$ 1.600.000,R$ 2.100,R$ 431,28/03 às 23:51
"Lourdes_Belo Horizonte, Lourdes_Q4_B1",1291924707.0,Venda Apartamento 4 quartos Lourdes Belo Horizonte,R$ 1.600.000,R$ 2.100,R$ 431,28/03 às 23:06
"Lourdes_Belo Horizonte, Lourdes_QNone_BNone",1291891945.0,02 Salas comerciais interligadas no Lourdes.,R$ 500.000,R$ 1.203,R$ 401,28/03 às 19:45
"Lourdes_Belo Horizonte, Lourdes_Q3_B3",1291861728.0,"Apartamento 03 quartos à venda em Lourdes, próximo a Praça Marília de Dirceu",R$ 2.522.000,R$ 0,R$ 0,28/03 às 17:17
"Lourdes_Belo Horizonte, Lourdes_Q3_B3",1291858257.0,"Área privativa 03 quartos à venda em Lourdes, próximo a Praça Marília de Dirceu",R$ 2.770.000,R$ 0,R$ 0,28/03 às 17:03
"Lourdes_Belo Horizonte, Lourdes_Q3_B3",1291853562.0,"Área privativa 03 quartos à venda em Lourdes, próximo a Praça Marília de Dirceu",R$ 3.205.800,R$ 0,R$ 0,28/03 às 16:54
"Lourdes_Belo Horizonte, Lourdes_Q3_B3",1291715581.0,Entrega em 2024 - Apto 03 Quartos - 113 m² - Lourdes,R$ 1.990.000,R$ 0,R$ 0,28/03 às 05:43
"Lourdes_Belo Horizonte, Lourdes_Q3_B3",1291715481.0,Entrega em 2024 - Apartamento 113 m² - 03 Quartos - 02 vagas- Lourdes,R$ 2.030.000,R$ 0,R$ 0,28/03 às 05:41
"Lourdes_Belo Horizonte, Lourdes_Q4_B4",1291684852.0,"Apartamento com 4 quartos à venda, Lourdes - Belo Horizonte/MG",R$ 2.900.000,R$ 3.000,R$ 1.120,28/03 às 01:40
"Lourdes_Belo Horizonte, Lourdes_Q2_B3",1291555789.0,APARTAMENTO - 2 QTOS - 2 VGS - LOURDES,R$ 1.246.763,R$ 940,R$ 380,27/03 às 14:56
"Lourdes_Belo Horizonte, Lourdes_Q2_B3",1291555680.0,APARTAMENTO - 2 QTOS - 2 VGS - LOURDES,R$ 1.254.184,R$ 990,R$ 398,27/03 às 14:56
"Lourdes_Belo Horizonte, Lourdes_Q2_B2",1291555676.0,AREA PRIVATIVA - 2 QTOS - 3 VGS - LOURDES,R$ 1.895.663,R$ 1.330,R$ 531,27/03 às 14:56
"Lourdes_Belo Horizonte, Lourdes_Q2_B2",1291555597.0,APARTAMENTO - 2 QTOS - 2 VGS - LOURDES,R$ 1.185.447,R$ 940,R$ 380,27/03 às 14:56
"Lourdes_Belo Horizonte, Lourdes_Q3_B3",1291462057.0,"Apartamento à venda, 3 quartos, 1 suíte, 2 vagas, Funcionários - Belo Horizonte/MG",R$ 1.790.000,R$ 1.500,R$ 0,27/03 às 09:12
"Lourdes_Belo Horizonte, Lourdes_Q4_B3",1291445442.0,Apartamento com 4 quartos (2 suítes) no bairro Santo Agostinho,R$ 1.750.000,R$ 1.000,R$ 898,27/03 às 07:02
"Lourdes_Belo Horizonte, Lourdes_Q2_B2",1291402249.0,"Apartamento à venda, 2 quartos, 1 suíte, 2 vagas, Lourdes - Belo Horizonte/MG",R$ 1.041.832,R$ 0,R$ 0,27/03 às 01:40
"Lourdes_Belo Horizonte, Lourdes_QNone_BNone",1291399406.0,"Sala para aluguel, Lourdes - Belo Horizonte/MG",R$ 600,R$ 320,R$ 128,27/03 às 01:01
"Lourdes_Belo Horizonte, Lourdes_Q2_B3",1291250875.0,COBERTURA - 2 QTOS - LOURDES,R$ 1.615.000,R$ 0,R$ 0,26/03 às 14:51
"Lourdes_Belo Horizonte, Lourdes_Q2_B2",1291250851.0,APARTAMENTO - 2 QTOS - 2 VGS - LOURDES,R$ 1.120.000,R$ 0,R$ 0,26/03 às 14:51
"Lourdes_Belo Horizonte, Lourdes_Q2_B3",1291250832.0,APARTAMENTO - 2 QTOS - 2 VGS - LOURDES,R$ 1.117.617,R$ 960,R$ 388,26/03 às 14:51
"Lourdes_Belo Horizonte, Lourdes_Q2_B2",1291250824.0,AREA PRIVATIVA - 2 QTOS - LOURDES,R$ 1.587.000,R$ 0,R$ 0,26/03 às 14:51
"Lourdes_Belo Horizonte, Lourdes_QNone_BNone",1291179041.0,SALA 41 M² LOURDES (BH) LOCAÇÃO,R$ 1.000,R$ 360,R$ 1.700,26/03 às 10:48
"Lourdes_Belo Horizonte, Lourdes_Q3_B2",1291176578.0,"Apartamento à venda, 3 quartos, 2 suítes, 2 vagas, Lourdes - Belo Horizonte/MG",R$ 2.100.000,R$ 0,R$ 0,26/03 às 10:44
"Lourdes_Belo Horizonte, Lourdes_Q1_B1",1291176566.0,"Apartamento à venda, 1 quarto, 1 suíte, 1 vaga, Lourdes - Belo Horizonte/MG",R$ 1.550.000,R$ 0,R$ 0,26/03 às 10:44
"Lourdes_Belo Horizonte, Lourdes_QNone_BNone",1291176206.0,Sala com linda vista no Lourdes,R$ 590.000,R$ 951,R$ 186,26/03 às 10:43
"Lourdes_Belo Horizonte, Lourdes_QNone_BNone",1291175835.0,Sala para venda à Edifício Vivaldi no Lourdes,R$ 1.390.000,R$ 0,R$ 1.189,26/03 às 10:41
"Lourdes_Belo Horizonte, Lourdes_Q4_B5 ou mais",1291154620.0,APARTAMENTO NO LOURDES - VENDA,R$ 5.900.000,R$ 4.500,R$ 22.000,26/03 às 09:36
"Lourdes_Belo Horizonte, Lourdes_Q3_B2",1291128663.0,Magnifico apartamento 03 quartos com 85m² na melhor localização do Lourdes,R$ 1.043.444,R$ 0,R$ 0,26/03 às 07:14
"Lourdes_Belo Horizonte, Lourdes_Q4_B3",1291122725.0,RESIDENCIAL MONTE VERNE. Apartamento 701 com 4 dormitórios e 3 vagas.,R$ 2.998.000,R$ 0,R$ 0,26/03 às 06:45
"Lourdes_Belo Horizonte, Lourdes_Q5 ou mais_B4",1291099225.0,"Casa à venda em Belo Horizonte, Lourdes, com 5 quartos, com 317 m²",R$ 2.400.000,R$ 0,R$ 0,26/03 às 04:40
"Lourdes_Belo Horizonte, Lourdes_Q3_B2",1291046092.0,"Apartamento à venda, 3 quartos, 2 suítes, 2 vagas, Lourdes - Belo Horizonte/MG",R$ 2.100.000,R$ 0,R$ 0,26/03 às 00:07
"Lourdes_Belo Horizonte, Lourdes_QNone_BNone",1290964142.0,Sala Comercial,R$ 53.501,R$ 0,R$ 0,25/03 às 18:00
"Lourdes_Belo Horizonte, Lourdes_QNone_BNone",1290964108.0,Sala Comercial,R$ 19.219,R$ 0,R$ 0,25/03 às 18:00
"Lourdes_Belo Horizonte, Lourdes_QNone_BNone",1290964110.0,Sala Comercial,R$ 21.221,R$ 0,R$ 0,25/03 às 18:00
"Lourdes_Belo Horizonte, Lourdes_QNone_BNone",1290964027.0,Sala Comercial,R$ 21.518,R$ 0,R$ 0,25/03 às 18:00
"Lourdes_Belo Horizonte, Lourdes_QNone_BNone",1290964019.0,Sala Comercial,R$ 20.154,R$ 0,R$ 0,25/03 às 18:00
"Lourdes_Belo Horizonte, Lourdes_QNone_BNone",1290964020.0,Sala Comercial,R$ 50.120,R$ 0,R$ 0,25/03 às 18:00
"Lourdes_Belo Horizonte, Lourdes_QNone_BNone",1290963986.0,Sala Comercial,R$ 19.809,R$ 0,R$ 0,25/03 às 17:59
"Santo Antônio_Belo Horizonte, Santo Antônio_QNone_BNone",1290865873.0,Aluguel - LOJA - SAVASSI BELO HORIZONTE MG,R$ 40.000,R$ 0,R$ 2.555,25/03 às 12:35
"Santo Antônio_Belo Horizonte, Santo Antônio_QNone_BNone",1290865746.0,Venda - ANDAR - SANTO ANTONIO BELO HORIZONTE MG,R$ 4.300.000,R$ 0,R$ 345,25/03 às 12:35
"Lourdes_Belo Horizonte, Lourdes_Q4_B4",1290856873.0,Apartamento 04 quartos em Lourdes próximo ao Minas Tênis Clube I,R$ 2.550.000,R$ 1.760,R$ 10.982,25/03 às 12:02
"Lourdes_Belo Horizonte, Lourdes_Q4_B2",1290467351.0,Apartamento 4 quartos á venda no bairro de Lourdes!,R$ 1.590.000,R$ 1.700,R$ 4.972,23/03 às 14:13
"Lourdes_Belo Horizonte, Lourdes_Q1_B1",1290353443.0,Lançamento!!! Apartamento a venda no Lourdes!!!,R$ 1.051.349,R$ 0,R$ 0,23/03 às 02:52
"Lourdes_Belo Horizonte, Lourdes_Q4_B5 ou mais",1290353334.0,Cobertura Tríplex À Venda no Lourdes.,R$ 7.295.000,R$ 2.515,R$ 12.938,23/03 às 02:52
"Lourdes_Belo Horizonte, Lourdes_Q2_B2",1290353324.0,Apartamento no Lourdes 2 quartos.,R$ 959.917,R$ 0,R$ 0,23/03 às 02:52
"Lourdes_Belo Horizonte, Lourdes_Q3_B1",1290353317.0,Lançamento!!! Apartamento a venda no Lourdes!!!,R$ 2.209.680,R$ 0,R$ 0,23/03 às 02:52
"Lourdes_Belo Horizonte, Lourdes_QNone_BNone",1290353212.0,Loja e sobreloja à venda no Lourdes.,R$ 4.900.000,R$ 725,R$ 1.100,23/03 às 02:51
"Lourdes_Belo Horizonte, Lourdes_Q2_B1",1290353162.0,Apartamento de 2 quartos à venda no bairro Lourdes!,R$ 1.100.000,R$ 1.547,R$ 1.470,23/03 às 02:51
"Lourdes_Belo Horizonte, Lourdes_Q4_B1",1290353140.0,Cobertura 04 quartos à venda no Santo Agostinho.,R$ 2.500.000,R$ 2.000,R$ 845,23/03 às 02:50
"Lourdes_Belo Horizonte, Lourdes_Q2_B1",1290353014.0,Lançamento!!! Apartamento a venda no Lourdes!!!,R$ 1.953.002,R$ 0,R$ 0,23/03 às 02:49
"Santo Antônio_Belo Horizonte, Santo Antônio_QNone_BNone",1290352758.0,Sala à venda na Savassi!,R$ 250.000,R$ 100,R$ 1.390,23/03 às 02:47
"Lourdes_Belo Horizonte, Lourdes_Q2_B2",1290352498.0,Apartamento no Lourdes 2 quartos.,R$ 927.227,R$ 0,R$ 0,23/03 às 02:45
"Lourdes_Belo Horizonte, Lourdes_Q2_B2",1290352308.0,Lançamento!!! Apartamento a venda no Lourdes!!!,R$ 1.943.706,R$ 0,R$ 0,23/03 às 02:44
"Lourdes_Belo Horizonte, Lourdes_Q2_B2",1290352233.0,Linda área privativa no charmoso bairro de Lourdes.,R$ 1.390.000,R$ 460,R$ 5.350,23/03 às 02:43
"Cidade Jardim_Belo Horizonte, Cidade Jardim_QNone_BNone",1290352172.0,Apartamentos à venda no Lourdes.,R$ 3.830.000,R$ 0,R$ 0,23/03 às 02:43
"Lourdes_Belo Horizonte, Lourdes_QNone_BNone",1290352129.0,Excelente Loja de Esquina no Centro / Lourdes em Aluguel 212m2,R$ 22.000,R$ 0,R$ 1.137,23/03 às 02:43
"Lourdes_Belo Horizonte, Lourdes_Q3_B3",1290352113.0,"Apartamento Novo Área Privativa no Lourdes, 3 quartos 144m2",R$ 2.200.000,R$ 1.600,R$ 0,23/03 às 02:43
"Lourdes_Belo Horizonte, Lourdes_Q3_B1",1290352074.0,Lançamento!!! Apartamento a venda no Lourdes!!!,R$ 2.035.467,R$ 0,R$ 0,23/03 às 02:42
"Lourdes_Belo Horizonte, Lourdes_Q4_B3",1290352050.0,APARTAMENTO Á VENDA NO LOURDES!,R$ 2.500.000,R$ 2.716,R$ 12.006,23/03 às 02:42
"Lourdes_Belo Horizonte, Lourdes_QNone_BNone",1290352009.0,Excelente sala à venda no Centro de Belo Horizonte.,R$ 650.000,R$ 1.022,R$ 2.500,23/03 às 02:42
"Lourdes_Belo Horizonte, Lourdes_Q4_B4",1290330372.0,"Apartamento 4 quartos, 4 vagas - Lourdes",R$ 2.250.000,R$ 1.132,R$ 1,23/03 às 00:05
"Lourdes_Belo Horizonte, Lourdes_Q4_B5 ou mais",1290290973.0,APTO. Á VENDA 04 QTOS. 02 SUÍTES B. LOURDES/STO. AGOSTINHO-BH-MG,R$ 2.450.000,R$ 1.200,R$ 7.800,22/03 às 20:51
"Lourdes_Belo Horizonte, Lourdes_Q4_B4",1290238403.0,Apartamento a venda - 4 quartos - Lourdes - Belo Horizonte - MG,R$ 1.800.000,R$ 2.450,R$ 721,22/03 às 16:57
"Lourdes_Belo Horizonte, Lourdes_Q2_B3",1290100283.0,Apartamento para venda com 83 metros quadrados com 2 quartos em Lourdes - Belo Horizonte -,R$ 1.200.000,R$ 1.058,R$ 4.325,22/03 às 08:50
"Lourdes_Belo Horizonte, Lourdes_Q2_B2",1290072978.0,"Apartamento à venda,67m², 2 quartos, 2 vagas,Lourdes, Belo Horizonte",R$ 1.215.000,R$ 865,R$ 468,22/03 às 04:44
"Lourdes_Belo Horizonte, Lourdes_QNone_BNone",1290065288.0,Andar comercial para alugar no bairro Lourdes em BH,R$ 53.501,R$ 0,R$ 0,22/03 às 03:15
"Lourdes_Belo Horizonte, Lourdes_QNone_BNone",1290064883.0,Andar comercial para alugar no bairro Lourdes - BH,R$ 15.000,R$ 958,R$ 1.037,22/03 às 03:11
"Lourdes_Belo Horizonte, Lourdes_QNone_BNone",1290057992.0,Aluguel Commercial / Loja Belo Horizonte MG,R$ 2.500,R$ 0,R$ 335,22/03 às 02:10
"Lourdes_Belo Horizonte, Lourdes_QNone_BNone",1289762832.0,"Sala Comercial e 3 banheiros para Alugar, 175,00m²",R$ 8.926,R$ 0,R$ 0,21/03 às 06:00
"Lourdes_Belo Horizonte, Lourdes_QNone_BNone",1289762647.0,"Sala Comercial e 3 banheiros para Alugar, 211 m²",R$ 10.546,R$ 0,R$ 0,21/03 às 06:00
"Cidade Jardim_Belo Horizonte, Cidade Jardim_Q4_B5 ou mais",1289466059.0,APARTAMENTO DE 4 QUARTOS À VENDA NO BAIRRO LOURDES,R$ 2.900.000,R$ 2.800,R$ 500,20/03 às 09:31
"Lourdes_Belo Horizonte, Lourdes_Q2_B2",1289372619.0,"Apartamento com 2 Quartos e 2 banheiros à Venda, 82 m² por R$ 1.390.000",R$ 1.390.000,R$ 460,R$ 490,20/03 às 00:48
"Lourdes_Belo Horizonte, Lourdes_Q3_B2",1289369507.0,"Edifício Monte Blanco: apartamento andar alto, 3 quartos à venda no Lourdes.",R$ 980.000,R$ 959,R$ 357,20/03 às 00:21
"Lourdes_Belo Horizonte, Lourdes_Q2_B2",1289104904.0,"Excelente apartamento novo com 92,72m2, 2 quartos, 1 suite, 2 vagas, próximo MInas Tênis C",R$ 1.817.000,R$ 0,R$ 0,19/03 às 10:59
"Lourdes_Belo Horizonte, Lourdes_Q2_B2",1289104724.0,"Excelente apartamento novo com 92,72m2, 2 quartos, 1 suite, 2 vagas - Lourdes - Bhte/Mg",R$ 1.905.187,R$ 0,R$ 0,19/03 às 10:58
"Lourdes_Belo Horizonte, Lourdes_Q2_B2",1289104160.0,"Excelente apartamento novo de 2 quartos, com 62,60m², lazer completo, 2 vagas bairro Lourd",R$ 1.364.444,R$ 0,R$ 0,19/03 às 10:58
"Lourdes_Belo Horizonte, Lourdes_Q2_B2",1289103036.0,"Excelente apartamento com 62,60m2, 2 quartos, 1 suite, 2 vagas - Lourdes - Bhte/Mg",R$ 1.379.043,R$ 0,R$ 0,19/03 às 10:56
"Lourdes_Belo Horizonte, Lourdes_Q2_B2",1289103029.0,"Excelente apartamento no bairro de Lourdes, novo, de 2 quartos, com 61,69m², 2 vagas, laze",R$ 1.129.332,R$ 0,R$ 0,19/03 às 10:56
"Lourdes_Belo Horizonte, Lourdes_Q2_B3",1289100849.0,"Cobertura, Lourdes, Belo Horizonte, 2 quartos, R$1.490.000,00, à venda na TWA Investimento",R$ 1.490.000,R$ 600,R$ 215,19/03 às 10:50
"Lourdes_Belo Horizonte, Lourdes_Q4_B5 ou mais",1289052774.0,"Prédio em localização nobre, próximo do MINAS I",R$ 3.990.000,R$ 3.990,R$ 15.432,19/03 às 07:00
"Lourdes_Belo Horizonte, Lourdes_Q3_B3",1289028732.0,"Apartamento à venda, 3 quartos, 1 suíte, 2 vagas, Lourdes - Belo Horizonte/MG",R$ 1.150.000,R$ 1.450,R$ 5.279,19/03 às 05:57
"Lourdes_Belo Horizonte, Lourdes_Q5 ou mais_B5 ou mais",1288998182.0,Venda - COBERTURA - LOURDES Belo Horizonte MG,R$ 1.790.000,R$ 1.230,R$ 440,19/03 às 03:43
"Lourdes_Belo Horizonte, Lourdes_Q4_B4",1288955355.0,APARTAMENTO 4 QUARTOS PARA VENDA NO BAIRRO LOURDES,R$ 4.200.000,R$ 2.850,R$ 1.834,18/03 às 21:52
"Lourdes_Belo Horizonte, Lourdes_Q0_B1",1288955345.0,PREDIO COMERCIAL A VENDA NO BAIRRO SAVASSI,R$ 4.200.000,R$ 10,R$ 16,18/03 às 21:52
"Lourdes_Belo Horizonte, Lourdes_Q2_B2",1288953818.0,Apartamento com 2 quartos em Lourdes,R$ 1.895.663,R$ 0,R$ 0,18/03 às 21:46
"Lourdes_Belo Horizonte, Lourdes_Q4_B4",1288953413.0,Apartamento Área Privativa 410 m² no Lourdes,R$ 3.930.000,R$ 2.800,R$ 0,18/03 às 21:44
"Lourdes_Belo Horizonte, Lourdes_Q3_B3",1288953056.0,APARTAMENTO 3 QUARTOS PARA VENDA NO BAIRRO LOURDES,R$ 1.800.000,R$ 800,R$ 300,18/03 às 21:42
"Lourdes_Belo Horizonte, Lourdes_Q2_B1",1288952997.0,Apartamento de 1 quarto à venda no Bairro Lourdes,R$ 990.990,R$ 1.424,R$ 452,18/03 às 21:42
"Lourdes_Belo Horizonte, Lourdes_QNone_BNone",1288952869.0,Lojão de 543m² linear em Lourdes,R$ 6.000.000,R$ 600,R$ 2.667,18/03 às 21:41
"Santo Antônio_Belo Horizonte, Santo Antônio_Q0_BNone",1288952420.0,PRÉDIO COMERCIAL A VENDA NO BAIRRO SANTO ANTÔNIO,R$ 4.200.000,R$ 0,R$ 0,18/03 às 21:39
"Lourdes_Belo Horizonte, Lourdes_Q4_B4",1288952293.0,APARTAMENTO 4 QUARTOS À VENDA NO BAIRRO DE LOURDES,R$ 4.500.000,R$ 2.850,R$ 1.834,18/03 às 21:39
"Lourdes_Belo Horizonte, Lourdes_Q3_B2",1288952181.0,Lindo apartamento lazer na cobertura em Lourdes,R$ 1.037.109,R$ 0,R$ 0,18/03 às 21:38
"Lourdes_Belo Horizonte, Lourdes_Q2_B2",1288952030.0,Apartamento 2 quartos à venda no Lourdes,R$ 1.050.000,R$ 0,R$ 0,18/03 às 21:38
"Lourdes_Belo Horizonte, Lourdes_Q2_B2",1288951009.0,Lindo apartamento lazer na cobertura em Lourdes,R$ 1.014.486,R$ 0,R$ 0,18/03 às 21:37
"Lourdes_Belo Horizonte, Lourdes_Q3_B4",1288950709.0,Linda Cobertura no Coração de Lourdes,R$ 5.330.118,R$ 0,R$ 0,18/03 às 21:36
"Lourdes_Belo Horizonte, Lourdes_Q3_B2",1288950185.0,Apartamento com 3 Quartos à venda no Lourdes,R$ 1.692.563,R$ 1.500,R$ 495,18/03 às 21:34
"Lourdes_Belo Horizonte, Lourdes_Q1_B1",1288949895.0,Apartamento de 1 quarto à venda no Bairro Lourdes,R$ 1.050.000,R$ 650,R$ 304,18/03 às 21:33
"Lourdes_Belo Horizonte, Lourdes_Q3_B2",1288949636.0,Lindo apartamento lazer na cobertura em Lourdes,R$ 1.037.064,R$ 0,R$ 0,18/03 às 21:32
"Lourdes_Belo Horizonte, Lourdes_Q1_B1",1288949348.0,Excelente Cobertura Top House 01 Suite em Lourdes,R$ 1.420.000,R$ 0,R$ 0,18/03 às 21:31
"Lourdes_Belo Horizonte, Lourdes_Q2_B2",1288949307.0,APARTAMENTO DE 2 QUARTOS PARA VENDA NO BAIRRO LOURDES,R$ 1.115.000,R$ 870,R$ 486,18/03 às 21:31
"Lourdes_Belo Horizonte, Lourdes_Q1_B1",1288949256.0,FLAT MOBILIADO A VENDA NO BAIRRO LOURDES,R$ 390.000,R$ 1.551,R$ 212,18/03 às 21:31
"Lourdes_Belo Horizonte, Lourdes_Q4_B3",1288949221.0,APARTAMENTO 4 QUARTOS 154m² LOURDES,R$ 1.750.000,R$ 1.700,R$ 600,18/03 às 21:31
"Lourdes_Belo Horizonte, Lourdes_Q5 ou mais_B4",1288948941.0,CASA 5 QUARTOS NO BAIRRO LOURDES,R$ 2.500.000,R$ 0,R$ 1.200,18/03 às 21:30
"Lourdes_Belo Horizonte, Lourdes_Q2_B2",1288948926.0,Apartamento com 2 quartos novo à venda - Lourdes,R$ 949.191,R$ 0,R$ 0,18/03 às 21:30
"Centro_Belo Horizonte, Centro_Q2_B2",1288869062.0,lindo apartamento no centro de BH com lazer completo,R$ 730.000,R$ 841,R$ 381,18/03 às 16:10
"Lourdes_Belo Horizonte, Lourdes_Q2_B2",1288514088.0,Apartamento para aluguel com 63 metros quadrados com 2 quartos em Lourdes - Belo Horizonte,R$ 4.800,R$ 900,R$ 410,17/03 às 02:24
"Lourdes_Belo Horizonte, Lourdes_Q1_B1",1288309498.0,Flat Novo - todo montado em LOURDES!,R$ 3.500,R$ 1.200,R$ 300,16/03 às 04:52
"Lourdes_Belo Horizonte, Lourdes_Q1_B1",1288309497.0,Flat Novo - todo montado em LOURDES!,R$ 3.500,R$ 1.200,R$ 300,16/03 às 04:52
"Lourdes_Belo Horizonte, Lourdes_Q1_B1",1288309480.0,Flat Novo - todo montado em LOURDES!,R$ 4.000,R$ 1.200,R$ 300,16/03 às 04:52
"Lourdes_Belo Horizonte, Lourdes_Q3_B3",1288282925.0,Área privativa com 280 m² no bairro Lourdes,R$ 2.600.000,R$ 1.536,R$ 8.925,16/03 às 00:02
"Lourdes_Belo Horizonte, Lourdes_Q4_B3",1288273106.0,Apartamento com excelente localização no bairro Lourdes,R$ 1.492.000,R$ 2.355,R$ 8.469,15/03 às 23:03
"Lourdes_Belo Horizonte, Lourdes_QNone_BNone",1288212672.0,Sala  Savassi,R$ 130.000,R$ 382,R$ 0,15/03 às 18:37
"Centro_Belo Horizonte, Centro_QNone_BNone",1288191923.0,SALA COM APROX. 37M² PARA LOCAÇÃO NO CENTRO,R$ 600,R$ 480,R$ 1.323,15/03 às 17:32
"Centro_Belo Horizonte, Centro_QNone_BNone",1288176308.0,LOJA COM APROX. 102M² PARA LOCAÇÃO NO CENTRO,R$ 1.800,R$ 840,R$ 243,15/03 às 16:44
"Lourdes_Belo Horizonte, Lourdes_Q3_B2",1288094162.0,"Apartamento à venda, 3 quartos, 1 suíte, 2 vagas, Lourdes - Belo Horizonte/MG",R$ 1.169.809,R$ 0,R$ 0,15/03 às 12:17
"Lourdes_Belo Horizonte, Lourdes_QNone_BNone",1288091496.0,SALA COM APROX. 30M² PARA LOCAÇÃO NO CENTRO,R$ 500,R$ 349,R$ 1.526,15/03 às 12:11
"Lourdes_Belo Horizonte, Lourdes_Q5 ou mais_B4",1288037973.0,"Casa com 198 m°, 05 quartos e 02 vagas para locação no Lourdes.",R$ 8.500,R$ 0,R$ 12.000,15/03 às 08:42
"Lourdes_Belo Horizonte, Lourdes_Q1_B1",1287979655.0,"Apartamento à venda, 1 quarto, 1 suíte, 1 vaga, Lourdes - Belo Horizonte/MG",R$ 893.037,R$ 0,R$ 0,15/03 às 00:26
"Lourdes_Belo Horizonte, Lourdes_Q2_B2",1287979506.0,"Apartamento à venda, 2 quartos, 2 suítes, 2 vagas, Lourdes - Belo Horizonte/MG",R$ 976.520,R$ 0,R$ 0,15/03 às 00:25
"Centro_Belo Horizonte, Centro_QNone_BNone",1287972263.0,"Sala, 31m², Centro. Aluguel.",R$ 675,R$ 479,R$ 158,14/03 às 23:23
"Lourdes_Belo Horizonte, Lourdes_Q3_B3",1287960488.0,Venda Casa Lourdes Belo Horizonte,R$ 1.400.000,R$ 0,R$ 582,14/03 às 22:15
"Lourdes_Belo Horizonte, Lourdes_QNone_BNone",1287951977.0,Venda Prédio Lourdes Belo Horizonte,R$ 28.000.000,R$ 0,R$ 10.430,14/03 às 21:33
"Lourdes_Belo Horizonte, Lourdes_Q3_B4",1287889303.0,"Apartamento 02 quartos à venda no Santo Agostinho, próximo ao Diamond Mall",R$ 2.250.000,R$ 0,R$ 0,14/03 às 17:05
"Lourdes_Belo Horizonte, Lourdes_QNone_BNone",1287865586.0,OPORTUNIDADE DE SALA COMERCIAL NO BAIRRO LOURDES EM BELO HORIZONTE!! 110M²,R$ 450.000,R$ 0,R$ 0,14/03 às 15:32
"Lourdes_Belo Horizonte, Lourdes_Q3_B4",1287786259.0,Cobertura a Venda - Bairro de Lourdes - Belo Horizonte - MG,R$ 1.790.000,R$ 1.470,R$ 659,14/03 às 12:08
"Lourdes_Belo Horizonte, Lourdes_Q2_B2",1287759965.0,"Apartamento à venda, 2 quartos, 1 suíte, 2 vagas, Lourdes - Belo Horizonte/MG",R$ 1.270.000,R$ 0,R$ 0,14/03 às 10:48
"Lourdes_Belo Horizonte, Lourdes_Q2_B2",1287756176.0,"Apartamento com área privativa à venda, 2 quartos, 1 suíte, 2 vagas, Lourdes - Belo Horizo",R$ 1.660.000,R$ 0,R$ 0,14/03 às 10:36
"Lourdes_Belo Horizonte, Lourdes_Q2_B3",1287755778.0,"Cobertura à venda, 2 quartos, 1 suíte, 3 vagas, Lourdes - Belo Horizonte/MG",R$ 1.615.000,R$ 1,R$ 1,14/03 às 10:35
"Lourdes_Belo Horizonte, Lourdes_Q4_B5 ou mais",1287703342.0,Apartamento com 4 suítes - 6 vagas - 363m²,R$ 7.300.000,R$ 6.300,R$ 31.056,14/03 às 05:55
"Lourdes_Belo Horizonte, Lourdes_Q4_B5 ou mais",1287680480.0,"Apartamento Residencial à venda, Lourdes, Belo Horizonte - AP0090.",R$ 8.000.000,R$ 2.000,R$ 550,14/03 às 00:48
"Lourdes_Belo Horizonte, Lourdes_Q4_B5 ou mais",1287629254.0,Apartamento 04 quartos a venda no bairro de Lourdes na cidade de Belo Horizonte,R$ 2.800.000,R$ 0,R$ 0,13/03 às 20:59
"Lourdes_Belo Horizonte, Lourdes_QNone_BNone",1287568109.0,Sala / Conjunto à venda em Belo Horizonte,R$ 1.200.000,R$ 1.400,R$ 1.200,13/03 às 16:34
"Lourdes_Belo Horizonte, Lourdes_Q2_B2",1287457724.0,"Apartamento à venda, 2 quartos, 1 suíte, 2 vagas, Lourdes - Belo Horizonte/MG",R$ 1.086.917,R$ 1,R$ 1,13/03 às 10:33
"Lourdes_Belo Horizonte, Lourdes_Q3_B4",1287391059.0,"Apartamento com 3 dormitórios à venda, 116 m² por R$ 1.980.000,00 - Lourdes - Belo Horizon",R$ 1.980.000,R$ 950,R$ 0,13/03 às 04:45
"Lourdes_Belo Horizonte, Lourdes_Q4_B3",1287351592.0,Venda - APARTAMENTO - LOURDES BELO HORIZONTE MG,R$ 980.000,R$ 0,R$ 405,13/03 às 00:17
"Lourdes_Belo Horizonte, Lourdes_QNone_BNone",1287350944.0,"Sala à venda, Lourdes - Belo Horizonte/MG",R$ 140.000,R$ 280,R$ 160,13/03 às 00:12
"Lourdes_Belo Horizonte, Lourdes_Q5 ou mais_B3",1287350859.0,"Cobertura à venda, 5 quartos, 1 suíte, 3 vagas, Lourdes - Belo Horizonte/MG",R$ 2.490.000,R$ 1.917,R$ 847,13/03 às 00:11
"Lourdes_Belo Horizonte, Lourdes_Q4_B4",1287350798.0,"Apartamento à venda, 4 quartos, 2 suítes, 3 vagas, Lourdes - Belo Horizonte/MG",R$ 3.000.000,R$ 2.955,R$ 1.064,13/03 às 00:11
"Lourdes_Belo Horizonte, Lourdes_QNone_BNone",1287350696.0,"Sala à venda, Lourdes - Belo Horizonte/MG",R$ 185.000,R$ 390,R$ 0,13/03 às 00:10
"Lourdes_Belo Horizonte, Lourdes_Q3_B2",1287350498.0,"Apartamento à venda, 3 quartos, 2 suítes, 2 vagas, Lourdes - Belo Horizonte/MG",R$ 2.100.000,R$ 0,R$ 0,13/03 às 00:08
"Lourdes_Belo Horizonte, Lourdes_Q1_B1",1287350297.0,"Apartamento à venda, 1 quarto, 1 suíte, 1 vaga, Lourdes - Belo Horizonte/MG",R$ 1.550.000,R$ 0,R$ 0,13/03 às 00:05
"Centro_Belo Horizonte, Centro_Q2_B1",1287328149.0,Venda Apartamento 2 quartos Centro Belo Horizonte,R$ 580.000,R$ 620,R$ 136,12/03 às 22:04
"Lourdes_Belo Horizonte, Lourdes_Q4_B4",1287254388.0,Apartamento para venda tem 390 metros quadrados com 4 quartos em Lourdes - Belo Horizonte ,R$ 3.900.000,R$ 4.400,R$ 1.050,12/03 às 17:37
"Lourdes_Belo Horizonte, Lourdes_Q2_B2",1287253963.0,Apartamento com área privativa e 02 quartos a venda no bairro de Lourdes na cidade de Belo,R$ 1.415.055,R$ 600,R$ 300,12/03 às 17:35
"Lourdes_Belo Horizonte, Lourdes_Q2_B2",1287253941.0,Apartamento novo com 02 quartos a venda no bairro de Lourdes na cidade de Belo Horizonte,R$ 1.075.156,R$ 600,R$ 300,12/03 às 17:35
"Lourdes_Belo Horizonte, Lourdes_QNone_BNone",1287176424.0,"CASA COMERCIAL para aluguel, Lourdes - BELO HORIZONTE/MG",R$ 5.500,R$ 0,R$ 0,12/03 às 14:21
"Lourdes_Belo Horizonte, Lourdes_QNone_BNone",1287134977.0,Sala com à venda - Lourdes,R$ 369.000,R$ 435,R$ 2.772,12/03 às 11:42
"Lourdes_Belo Horizonte, Lourdes_Q4_B3",1287073768.0,ESPETACULAR!!!!  Apartamento  165 m² 4 Quartos 1 Suíte 3 Vagas no Lourdes,R$ 1.750.000,R$ 1.800,R$ 620,12/03 às 08:12
"Lourdes_Belo Horizonte, Lourdes_Q3_B3",1286706867.0,ÓTIMO APARTAMENTO CENTRO / LOURDES,R$ 690.000,R$ 754,R$ 250,11/03 às 04:23
"Lourdes_Belo Horizonte, Lourdes_Q4_B3",1286259245.0,"Apartamento com 4 dormitórios, 215 m² - venda por R$ 1.750.000,00 ou aluguel por R$ 9.030,",R$ 6.600,R$ 1.800,R$ 630,09/03 às 01:20
"Lourdes_Belo Horizonte, Lourdes_Q4_B3",1286259203.0,"Apartamento com 4 dormitórios, 215 m² - venda por R$ 1.750.000,00 ou aluguel por R$ 9.030,",R$ 1.750.000,R$ 1.800,R$ 630,09/03 às 01:20
"Lourdes_Belo Horizonte, Lourdes_QNone_BNone",1286151296.0,Santo Agostinho - Loja em frente o colégio Loyola - Prédio comercial,R$ 550.000,R$ 770,R$ 268,08/03 às 15:55
"Lourdes_Belo Horizonte, Lourdes_Q3_B3",1286028812.0,Excelente apartamento em Lourdes,R$ 1.490.000,R$ 450,R$ 270,08/03 às 09:50
"Lourdes_Belo Horizonte, Lourdes_Q2_B2",1285967045.0,"Apartamento à venda, 2 quartos, 1 suíte, 2 vagas, Lourdes - Belo Horizonte/MG",R$ 1.490.000,R$ 0,R$ 0,08/03 às 04:43
"Lourdes_Belo Horizonte, Lourdes_Q3_B2",1285966994.0,Cobertura Espetacular em Lourdes,R$ 1.750.000,R$ 0,R$ 0,08/03 às 04:41
"Lourdes_Belo Horizonte, Lourdes_Q2_B4",1285956858.0,Maravilhosa Cobertura triplex,R$ 2.200.000,R$ 1.342,R$ 0,08/03 às 02:33
"Lourdes_Belo Horizonte, Lourdes_Q3_B2",1285938749.0,"Apartamento à venda, 3 quartos, 1 vaga, Lourdes - Belo Horizonte/MG",R$ 1.490.000,R$ 450,R$ 0,07/03 às 23:47
"Lourdes_Belo Horizonte, Lourdes_Q4_B5 ou mais",1285786435.0,"Apartamento com 4 dormitórios à venda, 252 m² por R$ 4.150.000,00 - Lourdes - Belo Horizon",R$ 4.150.000,R$ 3.150,R$ 1.700,07/03 às 14:10
"Lourdes_Belo Horizonte, Lourdes_Q3_B3",1285591076.0,"APARTAMENTO RESIDENCIAL em BELO HORIZONTE - MG, LOURDES",R$ 680.000,R$ 754,R$ 250,06/03 às 21:57
"Lourdes_Belo Horizonte, Lourdes_Q2_B2",1285487940.0,"Apartamento para Venda em Belo Horizonte, Lourdes, 2 dormitórios, 2 suítes, 2 banheiros, 2",R$ 954.000,R$ 1,R$ 1,06/03 às 15:49
"Lourdes_Belo Horizonte, Lourdes_QNone_BNone",1285481844.0,Ponto comercial/Loja/Box para aluguel com 60 metros quadrados em Lourdes - Belo Horizonte ,R$ 2.800,R$ 0,R$ 220,06/03 às 15:32
"Lourdes_Belo Horizonte, Lourdes_Q4_B5 ou mais",1285419460.0,Lourdes - Apartamento 4 quartos para aluguel na Anuar Donato,R$ 14.000,R$ 2.405,R$ 16.083,06/03 às 12:19
"Lourdes_Belo Horizonte, Lourdes_Q4_B5 ou mais",1285419272.0,Anuar Donato -.Apartamento de 4 quartos a venda no bairro de Lourdes.,R$ 4.000.000,R$ 3.526,R$ 16.083,06/03 às 12:18
"Lourdes_Belo Horizonte, Lourdes_QNone_BNone",1285362306.0,Prédio Comercial de Luxo no Lourdes,R$ 130.000,R$ 0,R$ 0,06/03 às 10:02
"Lourdes_Belo Horizonte, Lourdes_QNone_BNone",1285344576.0,Ponto comercial/Loja/Box para venda com 52 metros quadrados em Lourdes - Belo Horizonte - ,R$ 490.000,R$ 450,R$ 132,06/03 às 09:05
"Lourdes_Belo Horizonte, Lourdes_QNone_BNone",1285339439.0,LOJA DE 775m2 NO BAIRRO CENTRO,R$ 23.000,R$ 7.980,R$ 3.507,06/03 às 08:47
"Lourdes_Belo Horizonte, Lourdes_Q3_B3",1285334050.0,"Apartamento à venda em Lourdes, Belo Horizonte",R$ 2.230.000,R$ 750,R$ 0,06/03 às 08:25
"Lourdes_Belo Horizonte, Lourdes_Q4_B5 ou mais",1285300539.0,"Pré Lançamento apartamento alto padrão, com lazer Premium, 143m² - Lourdes - Belo Horizont",R$ 2.510.527,R$ 0,R$ 0,06/03 às 00:39
"Lourdes_Belo Horizonte, Lourdes_Q2_B2",1285195534.0,Lindo duplex novo no melhor ponto do Lourdes,R$ 1.475.000,R$ 500,R$ 0,05/03 às 15:53
"Lourdes_Belo Horizonte, Lourdes_Q5 ou mais_B5 ou mais",1285189211.0,Cobertura 05 Quartos no Lourdes,R$ 4.950.000,R$ 2.000,R$ 900,05/03 às 15:35
"Lourdes_Belo Horizonte, Lourdes_Q2_B3",1285188897.0,Excelente apartamento 2 suítes com 160 metros no coração do Lourdes,R$ 1.380.000,R$ 350,R$ 329,05/03 às 15:34
"Lourdes_Belo Horizonte, Lourdes_Q3_B3",1285188836.0,Cobertura no Lourdes,R$ 1.995.000,R$ 912,R$ 583,05/03 às 15:34
"Lourdes_Belo Horizonte, Lourdes_Q4_B5 ou mais",1285188823.0,04 Quartos no Lourdes,R$ 3.930.000,R$ 2.000,R$ 900,05/03 às 15:34
"Lourdes_Belo Horizonte, Lourdes_Q2_B2",1285188636.0,"Magnifico apartamento alto luxo, 02 quartos com 68m², na melhor localização do Lourdes",R$ 1.100.000,R$ 700,R$ 468,05/03 às 15:34
"Cidade Jardim_Belo Horizonte, Cidade Jardim_Q1_B1",1285187753.0,APARTAMENTO ALTO LUXO 37m2 - HOTEL MERCURE,R$ 418.000,R$ 1.500,R$ 150,05/03 às 15:32
"Santo Agostinho_Belo Horizonte, Santo Agostinho_QNone_BNone",1285002048.0,Conjunto de Salas Comerciais e 01 vaga para vender no Santo Agostinho,R$ 670.000,R$ 0,R$ 0,05/03 às 02:41
"Lourdes_Belo Horizonte, Lourdes_Q2_B2",1284988050.0,"2 Quartos no Lourdes, com Lazer.",R$ 1.250.000,R$ 600,R$ 400,05/03 às 00:25
"Lourdes_Belo Horizonte, Lourdes_Q2_B3",1284791905.0,"Apartamento 02 quartos à venda no Santo Agostinho, próximo ao Diamond Mall",R$ 1.496.913,R$ 1.400,R$ 0,04/03 às 11:59
"Lourdes_Belo Horizonte, Lourdes_Q2_B2",1284606797.0,Apartamento novo 02 quartos e 02 vagas a venda no bairro de Lourdes na cidade de Belo Hori,R$ 1.115.000,R$ 786,R$ 468,03/03 às 16:05
"Lourdes_Belo Horizonte, Lourdes_Q3_B4",1284210331.0,"Apartamento 3 quartos, sendo 1 suíte - Lourdes - Belo Horizonte/MG",R$ 2.300.000,R$ 0,R$ 0,02/03 às 00:16
"Lourdes_Belo Horizonte, Lourdes_Q3_B2",1284114798.0,"Lançamento de Alto Luxo em Lourdes - 3 Quartos, Rua Santa Catarina, 907",R$ 2.329.300,R$ 850,R$ 5.200,01/03 às 17:02
"Lourdes_Belo Horizonte, Lourdes_Q3_B2",1283913091.0,Venda Apartamento 3 quartos Lourdes Belo Horizonte,R$ 2.230.000,R$ 600,R$ 700,01/03 às 04:40
"Lourdes_Belo Horizonte, Lourdes_Q1_B1",1283905574.0,Apartamento para comprar Lourdes Belo Horizonte,R$ 569.000,R$ 636,R$ 246,01/03 às 03:31
"Lourdes_Belo Horizonte, Lourdes_Q3_B4",1283802980.0,Venda Apartamento 3 quartos Lourdes Belo Horizonte,R$ 3.500.000,R$ 3.000,R$ 1.306,29/02 às 19:38
"Centro_Belo Horizonte, Centro_QNone_BNone",1283785741.0,Andar corrido com 556m²,R$ 1.900.000,R$ 0,R$ 9.000,29/02 às 18:35
"Lourdes_Belo Horizonte, Lourdes_Q3_B2",1283761063.0,Venda - APARTAMENTO - SANTO AGOSTINHO Belo Horizonte MG,R$ 1.500.000,R$ 765,R$ 5.880,29/02 às 16:58
"Lourdes_Belo Horizonte, Lourdes_Q3_B4",1283627206.0,Venda Apartamento 3 quartos Lourdes Belo Horizonte,R$ 3.500.000,R$ 3.000,R$ 1.306,29/02 às 10:58
"Lourdes_Belo Horizonte, Lourdes_QNone_BNone",1283572683.0,Venda Lote-Área-Terreno Lourdes Belo Horizonte,R$ 3.999.999,R$ 0,R$ 3.253,29/02 às 09:50
"Lourdes_Belo Horizonte, Lourdes_Q3_B3",1283532983.0,Oportunidade no Lourdes!,R$ 1.250.000,R$ 1.100,R$ 0,29/02 às 07:28
"Centro_Belo Horizonte, Centro_Q3_B3",1283429111.0,Edifício Santa Monica: Apartamento com 150m° e 03 quartos á venda no Centro.,R$ 760.000,R$ 950,R$ 283,28/02 às 23:32
"Lourdes_Belo Horizonte, Lourdes_QNone_BNone",1283415358.0,Venda Loja Lourdes Belo Horizonte,R$ 3.000.000,R$ 730,R$ 0,28/02 às 19:51
"Lourdes_Belo Horizonte, Lourdes_Q3_B3",1283403676.0,Apartamento á venda no bairro de Lourdes,R$ 1.270.822,R$ 780,R$ 0,28/02 às 19:06
"Lourdes_Belo Horizonte, Lourdes_Q1_B1",1283201001.0,Apartamento para alugar em Belo Horizonte/MG,R$ 3.800,R$ 907,R$ 340,28/02 às 07:10
"Lourdes_Belo Horizonte, Lourdes_Q3_B2",1283182660.0,"Cobertura à venda em Belo Horizonte, Lourdes, com 3 quartos, com 218 m², Edificio Santorin",R$ 1.995.000,R$ 1.044,R$ 7.424,28/02 às 05:14
"Lourdes_Belo Horizonte, Lourdes_Q3_B4",1283099481.0,Apartamento 03 quartos em Lourdes próximo à Praça da Liberdade,R$ 2.230.000,R$ 750,R$ 0,27/02 às 20:07
"Lourdes_Belo Horizonte, Lourdes_QNone_BNone",1282857873.0,Aluguel - ANDAR - LOURDES BELO HORIZONTE MG,R$ 19.824,R$ 0,R$ 0,27/02 às 00:01
"Lourdes_Belo Horizonte, Lourdes_Q4_B4",1282807869.0,Apartamento para aluguel com 320 metros quadrados com 4 quartos em Lourdes - Belo Horizont,R$ 10.000,R$ 1.980,R$ 9.217,26/02 às 18:45
"Santo Agostinho_Belo Horizonte, Santo Agostinho_QNone_BNone",1282658629.0,Excelente andar de 513m² para locação no Santo Agostinho,R$ 41.040,R$ 8.485,R$ 2.021,26/02 às 09:39
"Lourdes_Belo Horizonte, Lourdes_QNone_BNone",1282413681.0,"Sala para aluguel, Lourdes - Belo Horizonte/MG",R$ 700,R$ 740,R$ 2.159,25/02 às 05:59
"Lourdes_Belo Horizonte, Lourdes_Q5 ou mais_B4",1282347974.0,"Cobertura 5 quartos, 397 m²",R$ 2.300.000,R$ 2.500,R$ 1.300,24/02 às 19:15
"Lourdes_Belo Horizonte, Lourdes_Q4_B3",1281969569.0,"Area privativa de 3 quartos sendo 1 suíte e um office, em Lourdes próximo ao Minas I",R$ 767.000,R$ 600,R$ 2.487,23/02 às 10:27
"Lourdes_Belo Horizonte, Lourdes_QNone_BNone",1281846936.0,"Sala à venda em Belo Horizonte, Lourdes, com 109.74 m², Leda Gontijo",R$ 1.307.140,R$ 109,R$ 100,22/02 às 20:03
"Centro_Belo Horizonte, Centro_Q2_B1",1281777828.0,Apartamento com 2 quartos à venda - Centro,R$ 350.000,R$ 553,R$ 0,22/02 às 15:47
"Lourdes_Belo Horizonte, Lourdes_Q2_B2",1281750300.0,Apartamento com 2 quartos à venda - Lourdes,R$ 1.252.471,R$ 700,R$ 0,22/02 às 14:17
"Lourdes_Belo Horizonte, Lourdes_Q4_B2",1284026038.0,APTO 4 QTOS PROX MINAS TENIS,R$ 1.350.000,R$ 1.000,R$ 600,01/03 às 11:55
"Lourdes_Belo Horizonte, Lourdes_Q2_B2",1281659030.0,"Apartamento para Venda em Belo Horizonte, Lourdes, 2 dormitórios, 1 suíte, 2 banheiros, 2",R$ 1.125.000,R$ 864,R$ 468,22/02 às 08:30
"Lourdes_Belo Horizonte, Lourdes_Q4_B4",1281649184.0,"Apartamento para Venda em Belo Horizonte, Lourdes, 4 dormitórios, 2 suítes, 4 banheiros, 4",R$ 2.450.000,R$ 1,R$ 1,22/02 às 08:14
"Lourdes_Belo Horizonte, Lourdes_Q2_B2",1281649089.0,"Apartamento para Venda em Belo Horizonte, Lourdes, 2 dormitórios, 1 suíte, 2 banheiros, 2 ",R$ 1.115.000,R$ 864,R$ 486,22/02 às 08:14
"Lourdes_Belo Horizonte, Lourdes_Q1_B1",1281592519.0,Flat para venda tem 28 metros quadrados com 1 quarto em Savassi - Belo Horizonte - MG,R$ 450.000,R$ 0,R$ 0,22/02 às 02:29
"Lourdes_Belo Horizonte, Lourdes_QNone_BNone",1281498501.0,Sala com à venda - Lourdes,R$ 160.000,R$ 370,R$ 1.570,21/02 às 19:26
"Lourdes_Belo Horizonte, Lourdes_Q4_B2",1281451283.0,"Apartamento 4 Quartos à venda, 4 quartos, 2 suítes, 3 vagas, Santo Agostinho - Belo Horizo",R$ 2.943.948,R$ 1.100,R$ 0,21/02 às 16:30
"Lourdes_Belo Horizonte, Lourdes_Q4_B3",1281423523.0,"Apartamento à venda, 4 quartos, 2 suítes, 4 vagas, Lourdes - Belo Horizonte/MG",R$ 2.450.000,R$ 1.132,R$ 0,21/02 às 14:47
"Lourdes_Belo Horizonte, Lourdes_Q1_B1",1281068497.0,Flat para venda com 50 metros quadrados com 1 quarto em Lourdes - Belo Horizonte - MG,R$ 350.000,R$ 0,R$ 0,20/02 às 11:18
"Lourdes_Belo Horizonte, Lourdes_Q2_B2",1281058784.0,Apartamento 2 quartos 1 vaga Lourdes,R$ 1.050.000,R$ 854,R$ 295,20/02 às 10:53
"Centro_Belo Horizonte, Centro_QNone_BNone",1281057100.0,"Sala para aluguel, Centro - Belo Horizonte/MG",R$ 400,R$ 274,R$ 112,20/02 às 10:48
"Lourdes_Belo Horizonte, Lourdes_Q4_B3",1281033395.0,"Apartamento 04 quartos à venda no Lourdes, próximo ao Minas Tênis Clube I",R$ 2.750.000,R$ 2.250,R$ 6.835,20/02 às 09:39
"Lourdes_Belo Horizonte, Lourdes_Q3_B3",1280672996.0,Apartamento 03 quartos em Lourdes próximo ao Minas Tênis Clube I,R$ 1.200.000,R$ 1.948,R$ 0,19/02 às 08:52
"Lourdes_Belo Horizonte, Lourdes_Q3_B3",1280238697.0,Cobertura 3 quartos  Lourdes,R$ 1.980.000,R$ 1.200,R$ 0,17/02 às 12:16
"Lourdes_Belo Horizonte, Lourdes_QNone_BNone",1280137734.0,"Loja para alugar, 680 m² por R$ 40.000/mês - Lourdes - Belo Horizonte/MG",R$ 33.000,R$ 0,R$ 1.873,17/02 às 05:00
"Lourdes_Belo Horizonte, Lourdes_Q3_B2",1279993788.0,Apartamento para venda tem 89 metros quadrados com 3 quartos em Lourdes - Belo Horizonte -,R$ 1.380.000,R$ 968,R$ 697,16/02 às 17:31
"Lourdes_Belo Horizonte, Lourdes_Q2_B2",1279795749.0,"Apartamento Garden à venda, 128 m² por R$ 1.660.000,00 - Lourdes - Belo Horizonte/MG",R$ 1.660.000,R$ 0,R$ 0,16/02 às 05:35
"Lourdes_Belo Horizonte, Lourdes_QNone_BNone",1279792569.0,"Casa Comercial para aluguel, 4 quartos, 1 suíte, 2 vagas, Lourdes - Belo Horizonte/MG",R$ 15.000,R$ 0,R$ 0,16/02 às 05:15
"Lourdes_Belo Horizonte, Lourdes_QNone_BNone",1279664657.0,Sala á Venda na Lourdes,R$ 605.000,R$ 1.421,R$ 230,15/02 às 18:07
"Lourdes_Belo Horizonte, Lourdes_QNone_BNone",1279664523.0,Sala á Venda no Lourdes,R$ 600.000,R$ 1.421,R$ 230,15/02 às 18:06
"Lourdes_Belo Horizonte, Lourdes_Q3_B3",1279664412.0,Apartamento à Venda no Lourdes com 3 Quartos,R$ 2.250.000,R$ 1,R$ 1,15/02 às 18:06
"Lourdes_Belo Horizonte, Lourdes_Q4_B3",1279663994.0,Apartamento à venda no Lourdes | 163 m² - 4 quartos,R$ 950.000,R$ 500,R$ 374,15/02 às 18:05
"Lourdes_Belo Horizonte, Lourdes_QNone_BNone",1279663185.0,Loja Comercial para Locação no Lourdes,R$ 50.000,R$ 0,R$ 1.874,15/02 às 18:02
"Lourdes_Belo Horizonte, Lourdes_QNone_BNone",1279661766.0,Sala á Venda na Lourdes,R$ 610.000,R$ 1.421,R$ 230,15/02 às 18:00
"Lourdes_Belo Horizonte, Lourdes_QNone_BNone",1279661663.0,Sala para Locação no Lourdes,R$ 23.350,R$ 4.000,R$ 2.000,15/02 às 18:00
"Lourdes_Belo Horizonte, Lourdes_QNone_BNone",1279661148.0,Sala á Venda no Lourdes,R$ 600.000,R$ 1.421,R$ 230,15/02 às 17:59
"Lourdes_Belo Horizonte, Lourdes_Q3_B3",1279613718.0,Apartamento Alto Padrão para Venda em Lourdes Belo Horizonte-MG,R$ 1.850.790,R$ 0,R$ 0,15/02 às 14:44
"Lourdes_Belo Horizonte, Lourdes_Q3_B2",1279461674.0,Lourdes - Apartamento 3 quartos à venda na Anuar Donato,R$ 2.000.000,R$ 961,R$ 0,15/02 às 02:43
"Lourdes_Belo Horizonte, Lourdes_Q2_B2",1278598886.0,Apartamento NOVO próximo ao Diamond Mall à venda,R$ 1.050.000,R$ 700,R$ 465,11/02 às 12:12
"Lourdes_Belo Horizonte, Lourdes_Q2_B2",1278598868.0,2 Quartos com suíte no coração de Lourdes,R$ 1.115.000,R$ 870,R$ 468,11/02 às 12:12
"Lourdes_Belo Horizonte, Lourdes_Q2_B2",1278598840.0,2 Quartos com suíte no coração de Lourdes,R$ 1.125.000,R$ 870,R$ 470,11/02 às 12:12
"Lourdes_Belo Horizonte, Lourdes_Q2_B2",1278598759.0,Apartamento NOVO no Lourdes à venda!,R$ 1.120.000,R$ 700,R$ 462,11/02 às 12:11
"Lourdes_Belo Horizonte, Lourdes_Q4_B4",1278374079.0,Venda Dúplex Lourdes Belo Horizonte,R$ 1.580.000,R$ 2.400,R$ 743,10/02 às 07:53
"Lourdes_Belo Horizonte, Lourdes_QNone_BNone",1278367703.0,Venda Sala Lourdes Belo Horizonte,R$ 150.000,R$ 405,R$ 405,10/02 às 06:16
"Lourdes_Belo Horizonte, Lourdes_QNone_BNone",1278366890.0,Venda Conjunto de salas Lourdes Belo Horizonte,R$ 829.000,R$ 2.150,R$ 459,10/02 às 06:05
"Centro_Belo Horizonte, Centro_QNone_BNone",1278366884.0,Venda Andar-pilotis Centro Belo Horizonte,R$ 650.000,R$ 2.048,R$ 542,10/02 às 06:05
"Lourdes_Belo Horizonte, Lourdes_QNone_BNone",1278366771.0,Venda Sala Lourdes Belo Horizonte,R$ 250.000,R$ 252,R$ 121,10/02 às 06:05
"Lourdes_Belo Horizonte, Lourdes_QNone_BNone",1278366732.0,Venda Sala Santo Agostinho Belo Horizonte,R$ 360.000,R$ 590,R$ 131,10/02 às 06:05
"Lourdes_Belo Horizonte, Lourdes_QNone_BNone",1278366298.0,Venda Loja Lourdes Belo Horizonte,R$ 260.000,R$ 336,R$ 133,10/02 às 06:02
"Lourdes_Belo Horizonte, Lourdes_QNone_BNone",1278364950.0,"Sala para aluguel, Lourdes - Belo Horizonte/MG",R$ 450,R$ 190,R$ 180,10/02 às 05:44
"Lourdes_Belo Horizonte, Lourdes_Q1_B2",1278356556.0,"Cobertura à venda, 1 quarto, 2 vagas, Lourdes - Belo Horizonte/MG",R$ 1.308.690,R$ 1,R$ 1,10/02 às 03:40
"Lourdes_Belo Horizonte, Lourdes_QNone_BNone",1278330348.0,"Sala para aluguel, Lourdes - Belo Horizonte/MG",R$ 1.400,R$ 190,R$ 301,09/02 às 23:18
"Lourdes_Belo Horizonte, Lourdes_QNone_BNone",1278329407.0,"Garagem para aluguel, 1 vaga, Centro - Belo Horizonte/MG",R$ 250,R$ 106,R$ 44,09/02 às 23:16
"Lourdes_Belo Horizonte, Lourdes_QNone_BNone",1278329207.0,"Sala para aluguel, Lourdes - Belo Horizonte/MG",R$ 600,R$ 190,R$ 180,09/02 às 23:15
"Lourdes_Belo Horizonte, Lourdes_QNone_BNone",1278329126.0,"Sala para aluguel, Lourdes - Belo Horizonte/MG",R$ 450,R$ 190,R$ 180,09/02 às 23:15
"Lourdes_Belo Horizonte, Lourdes_QNone_BNone",1278329058.0,"Sala para aluguel, Centro - Belo Horizonte/MG",R$ 350,R$ 0,R$ 151,09/02 às 23:15
"Lourdes_Belo Horizonte, Lourdes_QNone_BNone",1278328980.0,"Sala para aluguel, Lourdes - Belo Horizonte/MG",R$ 550,R$ 190,R$ 180,09/02 às 23:14
"Lourdes_Belo Horizonte, Lourdes_QNone_BNone",1278328749.0,"Area para aluguel, Centro - Belo Horizonte/MG",R$ 400,R$ 0,R$ 0,09/02 às 23:14
"Lourdes_Belo Horizonte, Lourdes_QNone_BNone",1278328736.0,"Sala para aluguel, Lourdes - Belo Horizonte/MG",R$ 600,R$ 190,R$ 241,09/02 às 23:14
"Lourdes_Belo Horizonte, Lourdes_QNone_BNone",1278244051.0,Ponto comercial/Loja/Box para aluguel com 86 metros quadrados em Lourdes - Belo Horizonte ,R$ 2.800,R$ 1.580,R$ 598,09/02 às 17:05
"Lourdes_Belo Horizonte, Lourdes_Q2_B2",1278242956.0,"Apartamento à venda em Belo Horizonte, Lourdes, com 2 suítes, com 81.76 m², Edifício Alvar",R$ 1.450.000,R$ 1.089,R$ 4.786,09/02 às 16:59
"Lourdes_Belo Horizonte, Lourdes_Q5 ou mais_B4",1278227737.0,"Cobertura, 5 quartos, suíte, 3 vagas, Lourdes",R$ 2.300.000,R$ 2.137,R$ 850,09/02 às 16:01
"Lourdes_Belo Horizonte, Lourdes_Q4_B3",1278223470.0,"Apartamento à venda, 4 quartos, 2 suítes, 3 vagas, Lourdes - Belo Horizonte/MG",R$ 3.000.000,R$ 2.944,R$ 0,09/02 às 15:49
"Lourdes_Belo Horizonte, Lourdes_QNone_BNone",1278222685.0,"Sala à venda, 1 vaga, Lourdes - Belo Horizonte/MG",R$ 270.000,R$ 518,R$ 0,09/02 às 15:46
"Lourdes_Belo Horizonte, Lourdes_Q2_B2",1278222635.0,"Apto Cobertura à venda, 2 quartos, 1 suíte, 1 vaga, Lourdes - Belo Horizonte/MG",R$ 570.000,R$ 1.000,R$ 0,09/02 às 15:46
"Centro_Belo Horizonte, Centro_Q3_B2",1278221511.0,"Apartamento à venda, 3 quartos, 1 suíte, Centro - Belo Horizonte/MG",R$ 650.000,R$ 750,R$ 218,09/02 às 15:41
"Lourdes_Belo Horizonte, Lourdes_Q2_B3",1278218613.0,"Apartamento à venda, 2 quartos, 2 suítes, 2 vagas, Lourdes - Belo Horizonte/MG",R$ 1.150.000,R$ 773,R$ 0,09/02 às 15:34
"Lourdes_Belo Horizonte, Lourdes_Q3_B3",1278108110.0,Venda Cobertura Lourdes Belo Horizonte,R$ 1.600.000,R$ 0,R$ 0,09/02 às 09:03
"Lourdes_Belo Horizonte, Lourdes_QNone_BNone",1278072796.0,"Sala à venda, 2 vagas, Lourdes - Belo Horizonte/MG",R$ 1.970.000,R$ 1.000,R$ 300,09/02 às 02:40
"Lourdes_Belo Horizonte, Lourdes_QNone_BNone",1278072660.0,"Sala para aluguel, 2 vagas, Lourdes - Belo Horizonte/MG",R$ 5.500,R$ 1.000,R$ 300,09/02 às 02:38
"Lourdes_Belo Horizonte, Lourdes_Q3_B3",1278064638.0,Venda Apartamento 3 quartos Lourdes Belo Horizonte,R$ 1.150.000,R$ 2.016,R$ 472,09/02 às 01:19
"Lourdes_Belo Horizonte, Lourdes_Q3_B4",1278064214.0,Venda Apartamento 3 quartos Lourdes Belo Horizonte,R$ 1.600.000,R$ 1.288,R$ 535,09/02 às 01:16
"Lourdes_Belo Horizonte, Lourdes_Q4_B4",1278064196.0,Venda Apartamento 4 quartos Lourdes Belo Horizonte,R$ 1.300.000,R$ 2.330,R$ 74,09/02 às 01:16
"Lourdes_Belo Horizonte, Lourdes_Q3_B4",1278064178.0,Venda Apartamento 3 quartos Lourdes Belo Horizonte,R$ 2.180.000,R$ 1.400,R$ 900,09/02 às 01:16
"Lourdes_Belo Horizonte, Lourdes_Q4_B5 ou mais",1278064078.0,Venda Apartamento 4 quartos Lourdes Belo Horizonte,R$ 2.490.000,R$ 2.650,R$ 1.157,09/02 às 01:14
"Lourdes_Belo Horizonte, Lourdes_Q2_B2",1278064040.0,Venda Apartamento 2 quartos Lourdes Belo Horizonte,R$ 1.077.419,R$ 4.980,R$ 400,09/02 às 01:14
"Lourdes_Belo Horizonte, Lourdes_Q3_B3",1278063962.0,Venda Apartamento 3 quartos Lourdes Belo Horizonte,R$ 1.150.000,R$ 970,R$ 330,09/02 às 01:14
"Lourdes_Belo Horizonte, Lourdes_Q4_B5 ou mais",1278063947.0,Venda Apartamento 4 quartos Lourdes Belo Horizonte,R$ 1.790.000,R$ 1.350,R$ 545,09/02 às 01:14
"Lourdes_Belo Horizonte, Lourdes_Q2_B3",1278063892.0,Venda Cobertura Lourdes Belo Horizonte,R$ 1.700.000,R$ 1.500,R$ 394,09/02 às 01:14
"Lourdes_Belo Horizonte, Lourdes_Q2_B2",1278063841.0,Venda Apartamento 2 quartos Lourdes Belo Horizonte,R$ 1.086.725,R$ 795,R$ 400,09/02 às 01:14
"Lourdes_Belo Horizonte, Lourdes_Q3_B3",1278063794.0,Venda Apartamento 3 quartos Lourdes Belo Horizonte,R$ 869.000,R$ 869,R$ 290,09/02 às 01:14
"Lourdes_Belo Horizonte, Lourdes_Q2_B2",1278063780.0,Venda Apartamento 2 quartos Lourdes Belo Horizonte,R$ 1.297.431,R$ 0,R$ 0,09/02 às 01:14
"Lourdes_Belo Horizonte, Lourdes_Q4_B2",1278063722.0,Venda Apartamento 4 quartos Lourdes Belo Horizonte,R$ 1.900.000,R$ 1.500,R$ 416,09/02 às 01:13
"Lourdes_Belo Horizonte, Lourdes_Q2_B2",1278063673.0,Venda Apartamento 2 quartos Lourdes Belo Horizonte,R$ 1.116.000,R$ 800,R$ 310,09/02 às 01:13
"Lourdes_Belo Horizonte, Lourdes_Q4_B3",1278063672.0,Venda Cobertura Lourdes Belo Horizonte,R$ 1.300.000,R$ 2.100,R$ 300,09/02 às 01:13
"Lourdes_Belo Horizonte, Lourdes_Q2_B2",1278063605.0,Venda Área Privativa Lourdes Belo Horizonte,R$ 1.350.000,R$ 0,R$ 1,09/02 às 01:13
"Lourdes_Belo Horizonte, Lourdes_Q2_B3",1278063525.0,Venda Apartamento 2 quartos Lourdes Belo Horizonte,R$ 1.380.000,R$ 387,R$ 287,09/02 às 01:13
"Lourdes_Belo Horizonte, Lourdes_Q4_B4",1278063516.0,Venda Cobertura Lourdes Belo Horizonte,R$ 3.900.000,R$ 1.800,R$ 622,09/02 às 01:13
"Lourdes_Belo Horizonte, Lourdes_Q2_B3",1278063477.0,Venda Apartamento 2 quartos Lourdes Belo Horizonte,R$ 1.350.000,R$ 0,R$ 0,09/02 às 01:13
"Lourdes_Belo Horizonte, Lourdes_Q4_B4",1278063418.0,Venda Cobertura Lourdes Belo Horizonte,R$ 4.390.000,R$ 1.600,R$ 783,09/02 às 01:13
"Lourdes_Belo Horizonte, Lourdes_Q4_B3",1278063423.0,Venda Apartamento 4 quartos Lourdes Belo Horizonte,R$ 1.590.000,R$ 1.500,R$ 479,09/02 às 01:13
"Lourdes_Belo Horizonte, Lourdes_Q4_B4",1278063386.0,Venda Apartamento 4 quartos Lourdes Belo Horizonte,R$ 1.750.000,R$ 1.500,R$ 900,09/02 às 01:13
"Lourdes_Belo Horizonte, Lourdes_Q3_B4",1278063404.0,Venda Cobertura Lourdes Belo Horizonte,R$ 1.889.000,R$ 1.470,R$ 700,09/02 às 01:13
"Lourdes_Belo Horizonte, Lourdes_Q3_B5 ou mais",1278063308.0,Venda Cobertura Lourdes Belo Horizonte,R$ 7.300.000,R$ 3.000,R$ 2.544,09/02 às 01:12
"Lourdes_Belo Horizonte, Lourdes_Q4_B5 ou mais",1278063293.0,Venda Apartamento 4 quartos Lourdes Belo Horizonte,R$ 2.990.000,R$ 3.500,R$ 980,09/02 às 01:12
"Lourdes_Belo Horizonte, Lourdes_Q2_B3",1278063303.0,Venda Cobertura Lourdes Belo Horizonte,R$ 1.100.000,R$ 350,R$ 260,09/02 às 01:12
"Lourdes_Belo Horizonte, Lourdes_Q2_B2",1278063177.0,Venda Apartamento 2 quartos Lourdes Belo Horizonte,R$ 1.062.454,R$ 462,R$ 400,09/02 às 01:12
"Lourdes_Belo Horizonte, Lourdes_Q2_B3",1278063153.0,Venda Área Privativa Lourdes Belo Horizonte,R$ 1.290.000,R$ 1.045,R$ 560,09/02 às 01:12
"Lourdes_Belo Horizonte, Lourdes_Q3_B2",1278063132.0,Venda Apartamento 3 quartos Lourdes Belo Horizonte,R$ 800.000,R$ 437,R$ 236,09/02 às 01:11
"Lourdes_Belo Horizonte, Lourdes_Q3_B2",1278062977.0,Venda Apartamento 3 quartos Lourdes Belo Horizonte,R$ 2.230.000,R$ 600,R$ 700,09/02 às 01:11
"Lourdes_Belo Horizonte, Lourdes_Q4_B5 ou mais",1278062947.0,Venda Apartamento 4 quartos Lourdes Belo Horizonte,R$ 2.900.000,R$ 2.986,R$ 1.118,09/02 às 01:11
"Lourdes_Belo Horizonte, Lourdes_Q4_B2",1278062936.0,Venda Apartamento 4 quartos Lourdes Belo Horizonte,R$ 2.200.000,R$ 1.600,R$ 445,09/02 às 01:11
"Lourdes_Belo Horizonte, Lourdes_Q4_B2",1278062843.0,Venda Apartamento 4 quartos Lourdes Belo Horizonte,R$ 1.600.000,R$ 1.300,R$ 445,09/02 às 01:10
"Lourdes_Belo Horizonte, Lourdes_Q2_B2",1278062815.0,Venda Apartamento 2 quartos Lourdes Belo Horizonte,R$ 1.050.653,R$ 980,R$ 400,09/02 às 01:10
"Lourdes_Belo Horizonte, Lourdes_QNone_BNone",1278062772.0,Venda Lote-Área-Terreno Lourdes Belo Horizonte,R$ 6.000.000,R$ 0,R$ 0,09/02 às 01:10
"Lourdes_Belo Horizonte, Lourdes_Q4_B1",1278062737.0,Venda Apartamento 4 quartos Lourdes Belo Horizonte,R$ 760.000,R$ 750,R$ 230,09/02 às 01:10
"Lourdes_Belo Horizonte, Lourdes_Q3_B3",1278062676.0,Venda Apartamento 3 quartos Lourdes Belo Horizonte,R$ 1.750.000,R$ 800,R$ 425,09/02 às 01:10
"Lourdes_Belo Horizonte, Lourdes_Q2_B3",1278062678.0,Venda Apartamento 2 quartos Lourdes Belo Horizonte,R$ 1.150.000,R$ 850,R$ 421,09/02 às 01:10
"Lourdes_Belo Horizonte, Lourdes_Q5 ou mais_B4",1278062669.0,Venda Casa Lourdes Belo Horizonte,R$ 2.100.000,R$ 0,R$ 353,09/02 às 01:10
"Lourdes_Belo Horizonte, Lourdes_Q3_B2",1278062632.0,Venda Apartamento 3 quartos Lourdes Belo Horizonte,R$ 655.000,R$ 600,R$ 233,09/02 às 01:10
"Lourdes_Belo Horizonte, Lourdes_Q2_B2",1278062505.0,Venda Apartamento 2 quartos Lourdes Belo Horizonte,R$ 1.220.000,R$ 0,R$ 1,09/02 às 01:10
"Lourdes_Belo Horizonte, Lourdes_Q2_B2",1278062486.0,Venda Apartamento 2 quartos Lourdes Belo Horizonte,R$ 1.050.000,R$ 800,R$ 310,09/02 às 01:10
"Lourdes_Belo Horizonte, Lourdes_Q4_B4",1278062347.0,Venda Cobertura Lourdes Belo Horizonte,R$ 6.300.000,R$ 5.453,R$ 2.935,09/02 às 01:09
"Lourdes_Belo Horizonte, Lourdes_Q4_B2",1278062325.0,Venda Apartamento 4 quartos Lourdes Belo Horizonte,R$ 1.170.000,R$ 900,R$ 279,09/02 às 01:09
"Lourdes_Belo Horizonte, Lourdes_Q2_B2",1278062284.0,Venda Apartamento 2 quartos Lourdes Belo Horizonte,R$ 1.100.000,R$ 850,R$ 2,09/02 às 01:09
"Lourdes_Belo Horizonte, Lourdes_Q2_B2",1278062214.0,Venda Apartamento 2 quartos Lourdes Belo Horizonte,R$ 954.000,R$ 800,R$ 310,09/02 às 01:09
"Lourdes_Belo Horizonte, Lourdes_Q4_B4",1278062203.0,Venda Casa Lourdes Belo Horizonte,R$ 3.000.000,R$ 450,R$ 0,09/02 às 01:09
"Lourdes_Belo Horizonte, Lourdes_Q1_B1",1278062170.0,Venda Cobertura Lourdes Belo Horizonte,R$ 1.000.000,R$ 450,R$ 0,09/02 às 01:09
"Lourdes_Belo Horizonte, Lourdes_Q3_B3",1278062137.0,Venda Apartamento 3 quartos Lourdes Belo Horizonte,R$ 1.260.000,R$ 1.350,R$ 488,09/02 às 01:09
"Lourdes_Belo Horizonte, Lourdes_Q2_B3",1278062141.0,Venda Área Privativa Lourdes Belo Horizonte,R$ 1.500.000,R$ 850,R$ 2,09/02 às 01:09
"Lourdes_Belo Horizonte, Lourdes_Q3_B4",1278062142.0,Venda Área Privativa Lourdes Belo Horizonte,R$ 2.350.000,R$ 3.000,R$ 857,09/02 às 01:09
"Lourdes_Belo Horizonte, Lourdes_Q4_B3",1278062095.0,Venda Apartamento 4 quartos Lourdes Belo Horizonte,R$ 3.425.000,R$ 2.500,R$ 1.240,09/02 às 01:08
"Lourdes_Belo Horizonte, Lourdes_Q4_B2",1278062090.0,Venda Apartamento 4 quartos Lourdes Belo Horizonte,R$ 1.400.000,R$ 2.600,R$ 692,09/02 às 01:08
"Lourdes_Belo Horizonte, Lourdes_Q4_B5 ou mais",1278062049.0,Venda Cobertura Lourdes Belo Horizonte,R$ 3.200.000,R$ 2.787,R$ 0,09/02 às 01:08
"Lourdes_Belo Horizonte, Lourdes_Q4_B2",1278061950.0,Venda Apartamento 4 quartos Lourdes Belo Horizonte,R$ 950.000,R$ 432,R$ 373,09/02 às 01:08
"Lourdes_Belo Horizonte, Lourdes_Q2_B2",1278061919.0,Venda Apartamento 2 quartos Lourdes Belo Horizonte,R$ 1.157.532,R$ 0,R$ 0,09/02 às 01:08
"Lourdes_Belo Horizonte, Lourdes_Q3_B3",1278061796.0,Venda Apartamento 3 quartos Lourdes Belo Horizonte,R$ 660.000,R$ 400,R$ 247,09/02 às 01:07
"Lourdes_Belo Horizonte, Lourdes_Q2_B3",1278061745.0,Venda Apartamento 2 quartos Lourdes Belo Horizonte,R$ 1.490.000,R$ 800,R$ 425,09/02 às 01:07
"Lourdes_Belo Horizonte, Lourdes_Q2_B1",1278061685.0,Venda Área Privativa Lourdes Belo Horizonte,R$ 1.380.000,R$ 700,R$ 150,09/02 às 01:07
"Lourdes_Belo Horizonte, Lourdes_Q3_B3",1278061638.0,Venda Apartamento 3 quartos Lourdes Belo Horizonte,R$ 1.482.000,R$ 0,R$ 300,09/02 às 01:07
"Lourdes_Belo Horizonte, Lourdes_Q4_B3",1278061484.0,Venda Apartamento 4 quartos Lourdes Belo Horizonte,R$ 1.590.000,R$ 1.590,R$ 770,09/02 às 01:06
"Lourdes_Belo Horizonte, Lourdes_Q2_B2",1278061461.0,Venda Apartamento 2 quartos Lourdes Belo Horizonte,R$ 1.190.000,R$ 0,R$ 1,09/02 às 01:06
"Lourdes_Belo Horizonte, Lourdes_Q4_B5 ou mais",1278061455.0,Venda Apartamento 4 quartos Lourdes Belo Horizonte,R$ 4.350.000,R$ 2.300,R$ 1.467,09/02 às 01:06
"Lourdes_Belo Horizonte, Lourdes_Q4_B5 ou mais",1278061375.0,Venda Apartamento 4 quartos Lourdes Belo Horizonte,R$ 4.200.000,R$ 2.800,R$ 1.833,09/02 às 01:06
"Lourdes_Belo Horizonte, Lourdes_Q4_B2",1278061344.0,Venda Apartamento 4 quartos Lourdes Belo Horizonte,R$ 620.000,R$ 844,R$ 140,09/02 às 01:06
"Lourdes_Belo Horizonte, Lourdes_Q4_B4",1278061341.0,Venda Apartamento 4 quartos Lourdes Belo Horizonte,R$ 3.700.000,R$ 3.700,R$ 1.691,09/02 às 01:06
"Lourdes_Belo Horizonte, Lourdes_Q2_B2",1278061307.0,Venda Apartamento 2 quartos Lourdes Belo Horizonte,R$ 1.166.000,R$ 800,R$ 310,09/02 às 01:06
"Lourdes_Belo Horizonte, Lourdes_Q3_B3",1278061275.0,Venda Apartamento 3 quartos Lourdes Belo Horizonte,R$ 1.925.017,R$ 0,R$ 0,09/02 às 01:06
"Lourdes_Belo Horizonte, Lourdes_Q4_B3",1278061259.0,Venda Apartamento 4 quartos Lourdes Belo Horizonte,R$ 1.590.000,R$ 1.683,R$ 529,09/02 às 01:06
"Lourdes_Belo Horizonte, Lourdes_Q2_B3",1278061229.0,Venda Apartamento 2 quartos Lourdes Belo Horizonte,R$ 1.080.000,R$ 1.369,R$ 0,09/02 às 01:06
"Lourdes_Belo Horizonte, Lourdes_Q4_B4",1278061199.0,Venda Apartamento 4 quartos Lourdes Belo Horizonte,R$ 1.800.000,R$ 2.027,R$ 678,09/02 às 01:06
"Lourdes_Belo Horizonte, Lourdes_Q4_B2",1278061076.0,Venda Apartamento 4 quartos Lourdes Belo Horizonte,R$ 1.200.000,R$ 0,R$ 0,09/02 às 01:05
"Lourdes_Belo Horizonte, Lourdes_Q2_B3",1278061056.0,Venda Apartamento 2 quartos Lourdes Belo Horizonte,R$ 1.080.000,R$ 900,R$ 330,09/02 às 01:05
"Lourdes_Belo Horizonte, Lourdes_Q4_B1",1278060954.0,Venda Cobertura Lourdes Belo Horizonte,R$ 2.700.000,R$ 2.280,R$ 1.232,09/02 às 01:04
"Lourdes_Belo Horizonte, Lourdes_Q4_B3",1278060914.0,Venda Apartamento 4 quartos Lourdes Belo Horizonte,R$ 1.800.000,R$ 1.700,R$ 590,09/02 às 01:04
"Lourdes_Belo Horizonte, Lourdes_Q3_B3",1278060872.0,Venda Cobertura Lourdes Belo Horizonte,R$ 1.996.000,R$ 1.400,R$ 482,09/02 às 01:04
"Lourdes_Belo Horizonte, Lourdes_QNone_BNone",1277875683.0,Loja de 34m² com lavabo à venda por R$ 280.000,R$ 280.000,R$ 236,R$ 136,08/02 às 12:10
"Lourdes_Belo Horizonte, Lourdes_Q4_B5 ou mais",1277847743.0,Espaçosa cobertura no melhor ponto de Lourdes,R$ 3.800.000,R$ 3.300,R$ 14.300,08/02 às 11:15
"Lourdes_Belo Horizonte, Lourdes_Q4_B3",1277811002.0,"Apartamento à venda, 4 quartos, 1 suíte, 3 vagas, Lourdes - Belo Horizonte/MG",R$ 3.400.000,R$ 3.400,R$ 1.500,08/02 às 09:48
"Lourdes_Belo Horizonte, Lourdes_Q4_B4",1277468732.0,Apartamento à Venda no Lourdes,R$ 3.700.000,R$ 4.500,R$ 20.512,07/02 às 08:51
"Lourdes_Belo Horizonte, Lourdes_Q4_B5 ou mais",1277468548.0,"Apartamento à venda, 155 m²- Lourdes - 4 quartos, 3 vagas - Belo Horizonte/MG - AP1950",R$ 2.100.000,R$ 1.400,R$ 788,07/02 às 08:50
"Lourdes_Belo Horizonte, Lourdes_Q4_B4",1277429691.0,Excelente apartamento mobiliado para locação no bairro Lourdes,R$ 19.500,R$ 2.922,R$ 1.056,07/02 às 02:33
"Lourdes_Belo Horizonte, Lourdes_Q4_B5 ou mais",1277428843.0,Excelente apartamento em Lourdes,R$ 2.580.000,R$ 0,R$ 0,07/02 às 02:18
"Lourdes_Belo Horizonte, Lourdes_Q4_B5 ou mais",1277428746.0,Excelente apartamento em Lourdes,R$ 2.490.000,R$ 0,R$ 0,07/02 às 02:18
"Lourdes_Belo Horizonte, Lourdes_Q4_B5 ou mais",1277428579.0,Excelente apartamento em Lourdes,R$ 2.550.000,R$ 0,R$ 0,07/02 às 02:15
"Lourdes_Belo Horizonte, Lourdes_Q2_B2",1277428278.0,"VENDA APARTAMENTO - 2 QUARTOS 74,81 M2 - BAIRRO: LOURDES",R$ 1.446.151,R$ 0,R$ 0,07/02 às 02:13
"Lourdes_Belo Horizonte, Lourdes_Q2_B2",1277420843.0,Venda Apartamento 2 quartos Lourdes Belo Horizonte,R$ 1.144.569,R$ 0,R$ 0,07/02 às 01:14
"Lourdes_Belo Horizonte, Lourdes_Q3_B2",1277420733.0,Venda Apartamento 3 quartos Lourdes Belo Horizonte,R$ 1.500.000,R$ 1.100,R$ 732,07/02 às 01:12
"Lourdes_Belo Horizonte, Lourdes_Q2_B2",1277420662.0,Venda Apartamento 2 quartos Lourdes Belo Horizonte,R$ 1.895.663,R$ 0,R$ 0,07/02 às 01:11
"Lourdes_Belo Horizonte, Lourdes_Q3_B3",1277420573.0,Venda Cobertura Lourdes Belo Horizonte,R$ 2.040.000,R$ 1.500,R$ 700,07/02 às 01:08
"Lourdes_Belo Horizonte, Lourdes_Q4_B2",1277420533.0,Venda Cobertura Lourdes Belo Horizonte,R$ 3.950.000,R$ 0,R$ 845,07/02 às 01:07
"Lourdes_Belo Horizonte, Lourdes_QNone_BNone",1277414082.0,Venda Loja Lourdes Belo Horizonte,R$ 1.250.000,R$ 0,R$ 764,07/02 às 00:00
"Lourdes_Belo Horizonte, Lourdes_Q3_B3",1277297599.0,"Lançamento - Apartamento à venda em Belo Horizonte, Lourdes, com 3 quartos, com 136.68 m²",R$ 2.350.000,R$ 7,R$ 5,06/02 às 16:38
"Lourdes_Belo Horizonte, Lourdes_Q3_B4",1277096875.0,"Cobertura à venda, 3 quartos, 1 suíte, 3 vagas, Lourdes - Belo Horizonte/MG",R$ 1.900.000,R$ 1.337,R$ 658,06/02 às 02:17
"Santo Antônio_Belo Horizonte, Santo Antônio_QNone_BNone",1277027427.0,"Casa comercial para alugar, 202 m² - Santo Antônio",R$ 6.490,R$ 0,R$ 488,05/02 às 20:27
"Lourdes_Belo Horizonte, Lourdes_QNone_BNone",1277027236.0,"Sala para alugar, 50 m² - Lourdes - Belo Horizonte/MG",R$ 2.650,R$ 515,R$ 271,05/02 às 20:26
"Lourdes_Belo Horizonte, Lourdes_Q2_B3",1277026966.0,"Apartamento com 2 dormitórios à venda, 67 m² por R$ 1.350.000,00 - Lourdes - Belo Horizont",R$ 1.350.000,R$ 600,R$ 350,05/02 às 20:26
"Lourdes_Belo Horizonte, Lourdes_QNone_BNone",1277026953.0,"Andar Corporativo para alugar, 1104 m² - Lourdes",R$ 35.258,R$ 959,R$ 544,05/02 às 20:26
"Lourdes_Belo Horizonte, Lourdes_Q5 ou mais_B5 ou mais",1276963412.0,"Casa à venda em Belo Horizonte, Lourdes, com 9 quartos, com 500 m²",R$ 4.500.000,R$ 0,R$ 11.604,05/02 às 16:31
"Lourdes_Belo Horizonte, Lourdes_Q4_B5 ou mais",1276948914.0,Apartamento para venda tem 240 metros quadrados com 4 quartos em Lourdes - Belo Horizonte ,R$ 2.490.000,R$ 2.650,R$ 1.157,05/02 às 15:46
"Cidade Jardim_Belo Horizonte, Cidade Jardim_Q4_B3",1276485258.0,"Apartamento à Venda - Edifício Celeste, Belo Horizonte-MG",R$ 816.000,R$ 990,R$ 260,03/02 às 15:17
"Lourdes_Belo Horizonte, Lourdes_QNone_BNone",1276327719.0,Sala para locação no Santo Agostinho Belo Horizonte/MG,R$ 1.200,R$ 656,R$ 207,03/02 às 02:21
"Lourdes_Belo Horizonte, Lourdes_Q4_B5 ou mais",1276252864.0,"Apartamento com 4 dormitórios à venda, 390 m² por R$ 2.900.000,00 - Lourdes - Belo Horizon",R$ 2.900.000,R$ 4.000,R$ 14.506,02/02 às 19:51
"Lourdes_Belo Horizonte, Lourdes_Q4_B5 ou mais",1276183215.0,Apartamento Luxo - Lourdes,R$ 5.500.000,R$ 0,R$ 0,02/02 às 15:57
"Lourdes_Belo Horizonte, Lourdes_Q4_B4",1275998425.0,APARTAMENTO COM 4 QUARTOS PARA LOCAÇÃO NO LOURDES,R$ 6.600,R$ 1.801,R$ 630,02/02 às 02:33
"Lourdes_Belo Horizonte, Lourdes_Q4_B5 ou mais",1275974239.0,"Apartamento com 4 dormitórios à venda, 287 m² por R$ 3.500.000,00 - Lourdes - Belo Horizon",R$ 3.500.000,R$ 3.600,R$ 1.819,02/02 às 00:05
"Lourdes_Belo Horizonte, Lourdes_Q2_B1",1275930743.0,Apartamento na planta de 2 suítes com varanda no Bairro Lourdes. codigo: 54175,R$ 1.390.000,R$ 0,R$ 0,01/02 às 21:00
"Lourdes_Belo Horizonte, Lourdes_Q2_B2",1275703161.0,"Apartamento com 2 Suítes à venda, 72 m² por R$ 1.476.000 - Lourdes - Belo Horizonte/MG",R$ 1.476.000,R$ 650,R$ 350,01/02 às 08:47
"Lourdes_Belo Horizonte, Lourdes_Q1_B2",1275384622.0,"Lindo apartamento de 1 quarto, finamente decorado, no bairro de Lourdes! em BH.",R$ 1.150.000,R$ 655,R$ 3.636,31/01 às 11:08
"Lourdes_Belo Horizonte, Lourdes_Q1_B2",1275320154.0,"Cobertura à venda, 1 quarto, 1 suíte, 2 vagas, Lourdes - Belo Horizonte/MG",R$ 998.000,R$ 460,R$ 2.160,31/01 às 06:48
"Lourdes_Belo Horizonte, Lourdes_Q4_B5 ou mais",1275309522.0,Cobertura com 4 quartos à venda - Lourdes,R$ 3.200.000,R$ 2.700,R$ 12.678,31/01 às 05:03
"Lourdes_Belo Horizonte, Lourdes_QNone_BNone",1275302407.0,"Sala para aluguel, Lourdes - Belo Horizonte/MG",R$ 700,R$ 292,R$ 160,31/01 às 03:49
"Lourdes_Belo Horizonte, Lourdes_Q3_B2",1274971949.0,"Apartamento à venda, 3 quartos, 1 suíte, 1 vaga, Lourdes - Belo Horizonte/MG",R$ 980.000,R$ 900,R$ 3.426,30/01 às 05:43
"Lourdes_Belo Horizonte, Lourdes_Q1_B1",1274953473.0,"Apartamento com 1 dormitório à venda, 66 m² por R$ 449.000,00 - Lourdes - Belo Horizonte/M",R$ 449.000,R$ 817,R$ 142,30/01 às 02:12
"Lourdes_Belo Horizonte, Lourdes_Q3_B3",1274945394.0,"Cobertura 3 quartos com suíte, 176m², à venda no Lourdes.",R$ 1.980.000,R$ 1.200,R$ 7.585,30/01 às 01:03
"Lourdes_Belo Horizonte, Lourdes_QNone_BNone",1274935483.0,otimo loja para aluguel com 250 m² de frente 4 para rua mais 250 sob loja.,R$ 15.000,R$ 0,R$ 0,29/01 às 23:51
"Lourdes_Belo Horizonte, Lourdes_Q5 ou mais_B4",1274302986.0,"Cobertura com 5 quartos e 4 banheiros à venda, 320m2 por R$ 2.590.000",R$ 2.490.000,R$ 2.300,R$ 900,27/01 às 14:08
"Lourdes_Belo Horizonte, Lourdes_Q5 ou mais_B4",1274277849.0,Excelente para venda Casa tombada pelo patrimônio,R$ 11.000.000,R$ 0,R$ 0,27/01 às 13:11
"Lourdes_Belo Horizonte, Lourdes_Q4_B4",1274232882.0,Apartamento 4 quartos com 2 suites para venda no Lourdes,R$ 1.750.000,R$ 1.000,R$ 950,27/01 às 11:06
"Lourdes_Belo Horizonte, Lourdes_Q3_B3",1274182936.0,"Apartamento à venda Lourdes 3 quartos por R$1.370.000,00",R$ 1.370.000,R$ 980,R$ 6.416,27/01 às 06:53
"Lourdes_Belo Horizonte, Lourdes_Q4_B5 ou mais",1274143538.0,"Cobertura à venda, 4 quartos, 3 suítes, 4 vagas, Lourdes - Belo Horizonte/MG",R$ 3.000.000,R$ 2.703,R$ 1.153,27/01 às 01:53
"Lourdes_Belo Horizonte, Lourdes_QNone_BNone",1274096399.0,Aluguel - ANDAR CORRIDO - LOURDES Belo Horizonte MG,R$ 18.000,R$ 2.900,R$ 982,26/01 às 23:02
"Lourdes_Belo Horizonte, Lourdes_Q4_B5 ou mais",1273977006.0,"Apartamento à venda em Lourdes, Belo Horizonte - MG",R$ 5.500.000,R$ 2.300,R$ 2.102,26/01 às 15:07
"Lourdes_Belo Horizonte, Lourdes_Q4_B4",1273929801.0,"Apartamento à venda, 4 quartos, 2 suítes, 3 vagas, Lourdes - Belo Horizonte/MG",R$ 2.490.000,R$ 2.400,R$ 0,26/01 às 12:51
"Lourdes_Belo Horizonte, Lourdes_Q2_B3",1273835607.0,"Apartamento 2 quartos com suíte, 61m², 2 vagas de garagem, à venda - Lourdes",R$ 1.220.000,R$ 300,R$ 0,26/01 às 07:44
"Lourdes_Belo Horizonte, Lourdes_Q3_B3",1273829772.0,"Apartamento à venda em Lourdes, Belo Horizonte",R$ 2.250.000,R$ 0,R$ 0,26/01 às 07:03
"Lourdes_Belo Horizonte, Lourdes_Q4_B3",1273819218.0,Apartamento com 4 quartos à venda - Lourdes,R$ 1.800.000,R$ 2.500,R$ 831,26/01 às 05:29
"Lourdes_Belo Horizonte, Lourdes_Q2_B3",1273806968.0,"Apartamento Área privativa 2 quartos com suíte, 95m², à venda no Lourdes.",R$ 1.350.000,R$ 300,R$ 0,26/01 às 02:41
"Lourdes_Belo Horizonte, Lourdes_QNone_BNone",1273724226.0,Sala para locação no Lourdes,R$ 1.000,R$ 250,R$ 120,25/01 às 19:14
"Lourdes_Belo Horizonte, Lourdes_Q3_B4",1273657373.0,"Apartamento com 3 dormitórios à venda, 103 m² por R$ 2.700.000,00 - Lourdes - Belo Horizon",R$ 2.700.000,R$ 1,R$ 0,25/01 às 15:06
"Lourdes_Belo Horizonte, Lourdes_Q1_B1",1273524549.0,"Flats em excelente localização em Lourdes , fazendo parte do pool do Ibis Hotel",R$ 250.000,R$ 0,R$ 0,25/01 às 02:48
"Lourdes_Belo Horizonte, Lourdes_Q3_B3",1273493715.0,"Apartamento à venda, 77 m² por R$ 1.452.000,00 - Lourdes - Belo Horizonte/MG",R$ 1.452.000,R$ 0,R$ 0,24/01 às 23:16
"Lourdes_Belo Horizonte, Lourdes_Q4_B5 ou mais",1273493713.0,"Apartamento com 4 dormitórios à venda, 315 m² por R$ 8.989.142,95 - Lourdes - Belo Horizon",R$ 8.989.143,R$ 0,R$ 0,24/01 às 23:16
"Lourdes_Belo Horizonte, Lourdes_Q3_B3",1273493668.0,"Apartamento à venda, 76 m² por R$ 1.380.000,00 - Lourdes - Belo Horizonte/MG",R$ 1.380.000,R$ 0,R$ 0,24/01 às 23:16
"Lourdes_Belo Horizonte, Lourdes_Q3_B3",1273493539.0,"Área privativa com 3 dormitórios à venda, 95 m² - Lourdes - Be/MG",R$ 1.482.000,R$ 0,R$ 0,24/01 às 23:15
"Lourdes_Belo Horizonte, Lourdes_Q4_B5 ou mais",1273252050.0,"Apartamento à venda, 4 quartos, 2 suítes, 3 vagas, Lourdes - Belo Horizonte/MG",R$ 2.600.000,R$ 2.600,R$ 990,24/01 às 10:16
"Lourdes_Belo Horizonte, Lourdes_Q4_B4",1273240273.0,"Apartamento com 4 Quartos à Venda, 235 m² por R$ 1.850.000",R$ 1.850.000,R$ 2.000,R$ 550,24/01 às 09:40
"Lourdes_Belo Horizonte, Lourdes_QNone_BNone",1273180157.0,Loja para alugar no Lourdes em excelente localização,R$ 27.900,R$ 0,R$ 1.561,24/01 às 03:44
"Lourdes_Belo Horizonte, Lourdes_QNone_BNone",1273179883.0,Loja para alugar no Lourdes com vaga. Excelente ponto comercial,R$ 40.000,R$ 2.900,R$ 2.100,24/01 às 03:40
"Lourdes_Belo Horizonte, Lourdes_QNone_BNone",1273179707.0,"Andar comercial para alugar em Lourdes, ótima oportunidade!",R$ 45.000,R$ 7.458,R$ 4.602,24/01 às 03:38
"Centro_Belo Horizonte, Centro_QNone_BNone",1273172308.0,"Loja com 775m², Bairro Lourdes.",R$ 21.000,R$ 6.454,R$ 34.418,24/01 às 02:20
"Santo Agostinho_Belo Horizonte, Santo Agostinho_QNone_BNone",1273171806.0,Santo Agostinho - Andar corrido à venda na Anuar Donato,R$ 1.200.000,R$ 0,R$ 1.048,24/01 às 02:14
"Lourdes_Belo Horizonte, Lourdes_Q5 ou mais_B4",1273084243.0,"Cobertura com 5 dormitórios à venda, 320 m² - Lourdes - Belo Horizonte/MG",R$ 2.300.000,R$ 2.130,R$ 927,23/01 às 20:41
"Lourdes_Belo Horizonte, Lourdes_Q2_B2",1273084038.0,"Apartamento com 2 quartos, mobiliado, 77 m² - venda ou aluguel - Lourdes - Belo Horizonte/",R$ 1.020.000,R$ 800,R$ 322,23/01 às 20:40
"Lourdes_Belo Horizonte, Lourdes_Q4_B3",1272985367.0,"Apartamento à venda 160m², 4 quartos R$950 mil Lourdes!",R$ 950.000,R$ 853,R$ 3.572,23/01 às 16:05
"Lourdes_Belo Horizonte, Lourdes_Q2_B3",1272976812.0,"Cobertura Top House 2 quartos com 2 suítes, 122m², 2 vagas de garagem, à venda - Lourdes",R$ 1.690.000,R$ 300,R$ 0,23/01 às 15:42
"Lourdes_Belo Horizonte, Lourdes_Q2_B3",1272298572.0,BELO HORIZONTE - Apartamento Padrão - Lourdes,R$ 1.490.000,R$ 1,R$ 1,21/01 às 05:37
"Lourdes_Belo Horizonte, Lourdes_Q2_B1",1272139978.0,"Apartamento com 2 dormitórios à venda, 54 m² por R$ 890.000,00 - Lourdes - Belo Horizonte/",R$ 890.000,R$ 350,R$ 180,20/01 às 13:40
"Lourdes_Belo Horizonte, Lourdes_QNone_BNone",1272020886.0,Aluguel - SALA - LOURDES BELO HORIZONTE MG,R$ 22.308,R$ 0,R$ 0,20/01 às 04:48
"Lourdes_Belo Horizonte, Lourdes_Q4_B3",1271989346.0,"Apartamento com 4 dormitórios à venda, 154 m² por R$ 1.750.000,00 - Lourdes - Belo Horizon",R$ 1.750.000,R$ 1.100,R$ 772,20/01 às 01:04
"Lourdes_Belo Horizonte, Lourdes_Q2_B2",1271988134.0,"Apartamento Garden com 2 dormitórios à venda, 54 m² por R$ 830.000,00 - Lourdes - Belo Hor",R$ 830.000,R$ 0,R$ 0,20/01 às 00:50
"Lourdes_Belo Horizonte, Lourdes_Q3_B3",1271981745.0,"Apartamento com 3 dormitórios à venda, 78 m² por R$ 1.100.000,00 - Lourdes - Belo Horizont",R$ 1.100.000,R$ 0,R$ 0,20/01 às 00:09
"Lourdes_Belo Horizonte, Lourdes_Q2_B3",1271973445.0,"Apartamento com 2 dormitórios à venda, 163 m² por R$ 1.380.000,00 - Lourdes - Belo Horizon",R$ 1.380.000,R$ 387,R$ 3.709,19/01 às 23:14
"Lourdes_Belo Horizonte, Lourdes_Q4_B4",1271973208.0,"Apartamento com 4 dormitórios à venda, 156 m² por R$ 1.500.000,00 - Lourdes - Belo Horizon",R$ 1.500.000,R$ 2.350,R$ 6.500,19/01 às 23:12
"Lourdes_Belo Horizonte, Lourdes_Q4_B5 ou mais",1271972865.0,"Cobertura com 4 dormitórios à venda, 301 m² por R$ 3.200.000,00 - Lourdes - Belo Horizonte",R$ 3.200.000,R$ 2.780,R$ 12.106,19/01 às 23:10
"Lourdes_Belo Horizonte, Lourdes_Q3_B3",1271708932.0,Cobertura 3 quartos 2 vagas Lourdes,R$ 1.700.000,R$ 1.230,R$ 0,19/01 às 04:46
"Lourdes_Belo Horizonte, Lourdes_QNone_BNone",1271708491.0,"Sala à venda, 1 vaga, Lourdes - Belo Horizonte/MG",R$ 280.000,R$ 550,R$ 0,19/01 às 04:35
"Lourdes_Belo Horizonte, Lourdes_Q4_B4",1271693973.0,Lindo apartamento no coração de Lourdes,R$ 1.450.000,R$ 2.700,R$ 692,19/01 às 02:18
"Lourdes_Belo Horizonte, Lourdes_Q3_B2",1271646292.0,"Cobertura à venda em Belo Horizonte, Lourdes, com 3 quartos, com 70 m²",R$ 1.900.000,R$ 1.656,R$ 666,18/01 às 21:44
"Lourdes_Belo Horizonte, Lourdes_QNone_BNone",1271432310.0,Aluga-se loja na rua dos Timbiras,R$ 400,R$ 357,R$ 0,18/01 às 11:01
"Lourdes_Belo Horizonte, Lourdes_Q2_B2",1271362617.0,"Cobertura à venda, 2 quartos, 2 suítes, 2 vagas, Lourdes - Belo Horizonte/MG",R$ 1.100.000,R$ 1,R$ 1,18/01 às 05:35
"Centro_Belo Horizonte, Centro_QNone_BNone",1271336930.0,Loja à venda no Centro,R$ 5.500.000,R$ 6.000,R$ 32.866,18/01 às 03:16
"Lourdes_Belo Horizonte, Lourdes_QNone_BNone",1271330348.0,Aluguel - LOJA - LOURDES Belo Horizonte MG,R$ 4.300,R$ 0,R$ 0,18/01 às 01:35
"Lourdes_Belo Horizonte, Lourdes_Q2_B2",1270799167.0,Apartamento de 2 quartos com 2 vagas à venda no Lourdes em Belo Horizonte,R$ 970.000,R$ 0,R$ 0,16/01 às 14:22
"Lourdes_Belo Horizonte, Lourdes_Q2_B2",1270635780.0,"LANCAMENTO COBERTURA - 2 QUARTOS 128,25 M2 - BAIRRO: LOURDES",R$ 1.938.042,R$ 0,R$ 0,16/01 às 08:05
"Lourdes_Belo Horizonte, Lourdes_Q4_B3",1270476006.0,Apartamento à venda no bairro de Lourdes,R$ 2.425.000,R$ 1.150,R$ 737,15/01 às 16:43
"Lourdes_Belo Horizonte, Lourdes_Q4_B5 ou mais",1270338500.0,Cobertura 04 quartos à venda em Lourdes MOBILIADA,R$ 5.900.000,R$ 3.849,R$ 19.270,15/01 às 10:46
"Lourdes_Belo Horizonte, Lourdes_Q4_B1",1269807317.0,Venda de Apartamentos / Padrão na cidade de Belo Horizonte,R$ 1.100.000,R$ 416,R$ 0,13/01 às 05:52
"Lourdes_Belo Horizonte, Lourdes_Q2_B1",1269804202.0,Venda Área Privativa Lourdes Belo Horizonte,R$ 1.380.000,R$ 700,R$ 150,13/01 às 04:55
"Santo Agostinho_Belo Horizonte, Santo Agostinho_QNone_BNone",1269513911.0,Santo Agostinho - Loja à venda na Anuar Donato,R$ 1.298.000,R$ 0,R$ 8.753,12/01 às 07:48
"Santo Agostinho_Belo Horizonte, Santo Agostinho_QNone_BNone",1269513850.0,Santo Agostinho - Loja à venda na Anuar Donato,R$ 2.440.000,R$ 0,R$ 15.753,12/01 às 07:48
"Santo Agostinho_Belo Horizonte, Santo Agostinho_QNone_BNone",1269513854.0,Santo Agostinho - Loja à venda na Anuar Donato,R$ 1.380.000,R$ 0,R$ 9.309,12/01 às 07:48
"Lourdes_Belo Horizonte, Lourdes_Q4_B3",1269489608.0,"Apartamento 4 Quartos à venda, 4 quartos, 1 suíte, 3 vagas, Lourdes - Belo Horizonte/MG",R$ 1.900.000,R$ 1.600,R$ 548,12/01 às 04:38
"Centro_Belo Horizonte, Centro_Q1_B1",1269488528.0,"Apartamento para aluguel, 1 quarto, 1 suíte, 1 vaga, Centro - Belo Horizonte/MG",R$ 3.000,R$ 570,R$ 227,12/01 às 04:11
"Centro_Belo Horizonte, Centro_Q1_B1",1269488522.0,"Apartamento para aluguel, 1 quarto, 1 suíte, 1 vaga, Centro - Belo Horizonte/MG",R$ 3.000,R$ 570,R$ 227,12/01 às 04:11
"Lourdes_Belo Horizonte, Lourdes_Q2_B2",1269166893.0,Apartamento para aluguel 2 quartos 1 suíte 2 vagas - Lourdes,R$ 6.000,R$ 700,R$ 5.118,11/01 às 07:14
"Lourdes_Belo Horizonte, Lourdes_Q3_B3",1269121653.0,"Cobertura à venda, 3 quartos, 1 suíte, 3 vagas, Lourdes - Belo Horizonte/MG",R$ 1.980.000,R$ 1.337,R$ 669,11/01 às 00:37
"Lourdes_Belo Horizonte, Lourdes_QNone_BNone",1269119699.0,Aluguel - ANDAR - LOURDES BELO HORIZONTE MG,R$ 4.800,R$ 0,R$ 1.025,11/01 às 00:26
"Lourdes_Belo Horizonte, Lourdes_Q2_B2",1268891326.0,Cobertura para venda tem 97 metros quadrados com 1 quarto em Lourdes - Belo Horizonte - MG,R$ 1.690.000,R$ 1,R$ 1,10/01 às 10:54
"Lourdes_Belo Horizonte, Lourdes_Q2_B2",1268808730.0,APARTAMENTO 2 TOS - LOURDES,R$ 850.000,R$ 0,R$ 0,10/01 às 03:08
"Lourdes_Belo Horizonte, Lourdes_Q3_B2",1268622296.0,COBERTURA 3 TOS - LOURDES,R$ 1.600.000,R$ 0,R$ 0,09/01 às 14:22
"Lourdes_Belo Horizonte, Lourdes_Q2_B2",1268622286.0,AREA PRIVATIVA 2 TOS - LOURDES,R$ 1.250.000,R$ 0,R$ 0,09/01 às 14:22
"Lourdes_Belo Horizonte, Lourdes_Q2_B2",1268444715.0,"Apartamento com 2 dormitórios à venda, 85 m² por R$ 970.000,00 - Lourdes - Belo Horizonte/",R$ 970.000,R$ 1.600,R$ 489,09/01 às 03:46
"Lourdes_Belo Horizonte, Lourdes_Q3_B2",1268434954.0,Venda - APARTAMENTO - LOURDES Belo Horizonte MG,R$ 1.300.000,R$ 1.100,R$ 562,09/01 às 01:35
"Lourdes_Belo Horizonte, Lourdes_Q4_B5 ou mais",1268332813.0,"Área privativa 04 quartos à venda em Lourdes, próximo Próximo ao Minas Tênis Clube",R$ 3.690.000,R$ 3.030,R$ 23.841,08/01 às 19:25
"Cidade Jardim_Belo Horizonte, Cidade Jardim_QNone_BNone",1268272316.0,Sala/Conjunto para aluguel tem 44 metros quadrados em Cidade Jardim - Belo Horizonte - MG,R$ 1.650,R$ 680,R$ 3.414,08/01 às 16:24
"Centro_Belo Horizonte, Centro_QNone_BNone",1267794927.0,Sala comercial - Centro BH,R$ 690,R$ 290,R$ 136,06/01 às 13:59
"Lourdes_Belo Horizonte, Lourdes_QNone_BNone",1267679244.0,"Andar Corporativo para alugar, 349 m² por R$ 24.650,03/mês - Lourdes - Belo Horizonte/MG",R$ 19.238,R$ 3.595,R$ 1.817,06/01 às 04:09
"Lourdes_Belo Horizonte, Lourdes_Q2_B2",1267673891.0,"APARTAMENTO DE 02 QUARTOS, 01 SUITE E 02 VAGAS DE GARAGEM NO LOURDES, PRÉDIO COM SALAO DE ",R$ 1.166.000,R$ 770,R$ 334,06/01 às 02:25
"Lourdes_Belo Horizonte, Lourdes_QNone_BNone",1267670185.0,ANDAR DE 127m2 NO BAIRRO DE LOURDES,R$ 4.800,R$ 0,R$ 798,06/01 às 01:55
"Lourdes_Belo Horizonte, Lourdes_QNone_BNone",1267418142.0,"Andar, sala e vaga de garagem para alugar no Bairro: Lourdes",R$ 19.824,R$ 2.617,R$ 1.157,05/01 às 10:39
"Lourdes_Belo Horizonte, Lourdes_Q3_B2",1267376803.0,Apartamento 3 quartos venda Lourdes,R$ 1.382.000,R$ 0,R$ 0,05/01 às 08:07
"Lourdes_Belo Horizonte, Lourdes_Q3_B3",1267283565.0,Área privativa 03 quartos em Lourdes próximo ao Minas Tênis Clube I,R$ 2.450.000,R$ 2.691,R$ 9.390,04/01 às 23:36
"Lourdes_Belo Horizonte, Lourdes_QNone_BNone",1267123088.0,Venda Commercial / Office Belo Horizonte MG,R$ 550.000,R$ 1.150,R$ 399,04/01 às 11:59
"Lourdes_Belo Horizonte, Lourdes_Q4_B3",1267056067.0,Venda de Apartamentos / Padrão na cidade de Belo Horizonte,R$ 2.450.000,R$ 0,R$ 0,04/01 às 05:40
"Lourdes_Belo Horizonte, Lourdes_Q3_B3",1267033008.0,"Apartamento à venda, 3 quartos, 2 suítes, 2 vagas, Lourdes - Belo Horizonte/MG",R$ 1.160.000,R$ 0,R$ 0,04/01 às 01:12
"Lourdes_Belo Horizonte, Lourdes_Q2_B3",1267024382.0,"Alto Luxo em Lourdes - 2 Quartos, 1 Suite, 1 banho Serviço - Lourdes",R$ 1.654.520,R$ 850,R$ 3.500,04/01 às 00:07
"Lourdes_Belo Horizonte, Lourdes_Q2_B2",1267024220.0,"Alto Luxo em Lourdes - 3 Quartos, 1 Suite e 2 Semissuites - Lourdes",R$ 1.938.540,R$ 850,R$ 4.500,04/01 às 00:06
"Lourdes_Belo Horizonte, Lourdes_Q3_B4",1266804028.0,Apartamento 03 quartos em Lourdes  próximo ao Minas Tênis Clube,R$ 1.766.737,R$ 1.355,R$ 4.891,03/01 às 10:55
"Lourdes_Belo Horizonte, Lourdes_Q2_B2",1266716893.0,"Apartamento com 2 dormitórios à venda, 70 m² por R$ 1.050.000,00 - Lourdes - Belo Horizont",R$ 1.050.000,R$ 854,R$ 3.540,03/01 às 00:06
"Lourdes_Belo Horizonte, Lourdes_QNone_BNone",1266698953.0,Locação Loja Lourdes Belo Horizonte,R$ 45.000,R$ 0,R$ 4.363,02/01 às 22:23
"Lourdes_Belo Horizonte, Lourdes_QNone_BNone",1265776604.0,Lourdes BH.,R$ 1.100,R$ 567,R$ 0,29/12 às 06:32
"Lourdes_Belo Horizonte, Lourdes_QNone_BNone",1265742945.0,Aluguel - ANDAR - LOURDES Belo Horizonte MG,R$ 16.000,R$ 0,R$ 0,28/12 às 23:01
"Lourdes_Belo Horizonte, Lourdes_QNone_BNone",1265661344.0,Aluguel - ANDAR - LOURDES Belo Horizonte MG,R$ 9.000,R$ 0,R$ 0,28/12 às 17:06
"Lourdes_Belo Horizonte, Lourdes_QNone_BNone",1265661332.0,Aluguel - ANDAR - LOURDES Belo Horizonte MG,R$ 4.800,R$ 0,R$ 450,28/12 às 17:06
"Lourdes_Belo Horizonte, Lourdes_Q2_B1",1265443034.0,Venda - APARTAMENTO - LOURDES BELO HORIZONTE MG,R$ 1.270.000,R$ 0,R$ 0,27/12 às 21:52
"Lourdes_Belo Horizonte, Lourdes_QNone_BNone",1265282789.0,Excelente sala comercial com 03 vagas no Lourdes.,R$ 1.490.000,R$ 1.500,R$ 0,27/12 às 12:21
"Centro_Belo Horizonte, Centro_QNone_BNone",1265282738.0,Andar corrido à venda - Centro,R$ 2.700.000,R$ 5.011,R$ 2.389,27/12 às 12:21
"Lourdes_Belo Horizonte, Lourdes_Q2_B1",1265282425.0,Apartamento à venda 2 quartos 2 suítes 2 vagas - Lourdes,R$ 1.410.490,R$ 0,R$ 0,27/12 às 12:21
"Lourdes_Belo Horizonte, Lourdes_Q4_B3",1265282272.0,Casa à venda 4 quartos 9 vagas - Lourdes,R$ 3.000.000,R$ 450,R$ 0,27/12 às 12:20
"Cidade Jardim_Belo Horizonte, Cidade Jardim_Q4_B5 ou mais",1265282214.0,Área privativa à venda 4 quartos 4 suítes 4 vagas - Lourdes,R$ 4.100.000,R$ 0,R$ 0,27/12 às 12:20
"Lourdes_Belo Horizonte, Lourdes_Q3_B2",1265282170.0,Apartamento à venda 3 quartos 1 suíte 2 vagas - Lourdes,R$ 2.100.000,R$ 1.200,R$ 0,27/12 às 12:20
"Lourdes_Belo Horizonte, Lourdes_QNone_BNone",1265281842.0,Sala Comercial à venda 1 vaga - Lourdes,R$ 300.000,R$ 516,R$ 0,27/12 às 12:20
"Lourdes_Belo Horizonte, Lourdes_Q5 ou mais_B3",1265281481.0,Casa a venda no melhor ponto de Lourdes - 5 quartos 360m,R$ 1.850.000,R$ 0,R$ 0,27/12 às 12:19
"Centro_Belo Horizonte, Centro_QNone_BNone",1265281003.0,Andar corrido à venda - Centro,R$ 730.000,R$ 2.700,R$ 6.776,27/12 às 12:18
"Lourdes_Belo Horizonte, Lourdes_QNone_BNone",1265279003.0,Loja à venda 14 vagas - Lourdes,R$ 9.480.000,R$ 0,R$ 0,27/12 às 12:17
"Lourdes_Belo Horizonte, Lourdes_Q3_B3",1265278829.0,Apartamento à venda 3 quartos 1 suíte 2 vagas - Lourdes,R$ 1.270.822,R$ 0,R$ 0,27/12 às 12:17
"Centro_Belo Horizonte, Centro_QNone_BNone",1265156556.0,Aluga Loja comercial/ com loja e sobreloja com 800 m2 no coração do centro de belo horizon,R$ 20.000,R$ 7.930,R$ 2.988,26/12 às 23:43
"Lourdes_Belo Horizonte, Lourdes_Q1_B1",1264690893.0,Aluguel Residential / Apartment Belo Horizonte MG,R$ 3.100,R$ 980,R$ 395,24/12 às 06:03
"Lourdes_Belo Horizonte, Lourdes_QNone_BNone",1264486980.0,"Andar com 183 m², 4 vagas para alugar no Bairro de Lourdes",R$ 8.235,R$ 3.100,R$ 14.600,22/12 às 23:50
"Lourdes_Belo Horizonte, Lourdes_QNone_BNone",1264287390.0,"Excelente oportunidade: Sala Comercial à venda ou locação em Belo Horizonte-MG, bairro Lou",R$ 1.500,R$ 424,R$ 142,22/12 às 07:59
"Lourdes_Belo Horizonte, Lourdes_QNone_BNone",1264018944.0,Ponto Comercial no Centro,R$ 5.000,R$ 0,R$ 0,21/12 às 11:08
"Lourdes_Belo Horizonte, Lourdes_QNone_BNone",1263952886.0,Oportunidade imóvel alugado.,R$ 1.200.000,R$ 100,R$ 6.858,21/12 às 06:40
"Lourdes_Belo Horizonte, Lourdes_QNone_BNone",1263922790.0,Loja para locação - Lourdes - Belo Horizonte / MG,R$ 4.700,R$ 330,R$ 199,21/12 às 00:25
"Lourdes_Belo Horizonte, Lourdes_Q4_B4",1263452267.0,Apartamento à venda Edifício San Sebastian em Lourdes,R$ 4.100.000,R$ 2.450,R$ 16.521,19/12 às 10:26
"Lourdes_Belo Horizonte, Lourdes_Q4_B4",1263377958.0,"Apartamento à venda em Belo Horizonte, Lourdes, com 4 quartos, com 137 m²",R$ 2.100.000,R$ 1.253,R$ 961,19/12 às 02:19
"Lourdes_Belo Horizonte, Lourdes_Q4_B4",1263363427.0,"Cobertura , Lourdes, Belo Horizonte - CO0041.",R$ 2.300.000,R$ 3.000,R$ 800,19/12 às 00:36
"Lourdes_Belo Horizonte, Lourdes_Q4_B4",1263362857.0,"Cobertura , Lourdes, Belo Horizonte - CO0041.",R$ 2.300.000,R$ 3.000,R$ 800,19/12 às 00:32
"Lourdes_Belo Horizonte, Lourdes_Q4_B5 ou mais",1262688556.0,"Apartamento Residencial , Lourdes, Belo Horizonte - AP0542.",R$ 8.000.000,R$ 4.500,R$ 2.000,16/12 às 10:38
"Lourdes_Belo Horizonte, Lourdes_Q3_B3",1262687734.0,"Apartamento com 3 dormitórios à venda, 180 m² por R$ 1.300.000,00 - Lourdes - Belo Horizon",R$ 1.300.000,R$ 1.100,R$ 562,16/12 às 10:38
"Lourdes_Belo Horizonte, Lourdes_Q2_B4",1262686952.0,"Apartamento com 2 dormitórios à venda, 167 m² por R$ 1.250.000,00 - Lourdes - Belo Horizon",R$ 1.250.000,R$ 360,R$ 330,16/12 às 10:35
"Lourdes_Belo Horizonte, Lourdes_Q3_B4",1262686859.0,"Apartamento com 3 dormitórios à venda, 116 m² por R$ 2.230.000 - Lourdes - Belo Horizonte/",R$ 2.230.000,R$ 1.300,R$ 300,16/12 às 10:34
"Lourdes_Belo Horizonte, Lourdes_Q4_B3",1262609485.0,"Apartamento à venda em Belo Horizonte, Lourdes, com 4 quartos, com 154 m²",R$ 1.800.000,R$ 903,R$ 772,16/12 às 00:31
"Lourdes_Belo Horizonte, Lourdes_Q4_B2",1262609480.0,"Apartamento à venda em Belo Horizonte, Lourdes, com 4 quartos, com 160 m²",R$ 2.120.000,R$ 1.609,R$ 439,16/12 às 00:31
"Lourdes_Belo Horizonte, Lourdes_QNone_BNone",1262608392.0,Aluguel - CASA COMERCIAL - LOURDES BELO HORIZONTE MG,R$ 25.000,R$ 0,R$ 0,16/12 às 00:17
"Lourdes_Belo Horizonte, Lourdes_Q4_B5 ou mais",1262603462.0,"Cobertura à venda, Rua Santa Catarina, Lourdes",R$ 7.290.000,R$ 3.620,R$ 12.938,15/12 às 23:27
"Lourdes_Belo Horizonte, Lourdes_Q4_B1",1262585775.0,"Apartamento com 4 dormitórios à venda, 390 m² por R$ 6.000.000,00 - Lourdes - Belo Horizon",R$ 6.000.000,R$ 4.500,R$ 2.222,15/12 às 21:35
"Lourdes_Belo Horizonte, Lourdes_Q5 ou mais_B4",1262414180.0,Cobertura à Venda no Lourdes,R$ 2.200.000,R$ 1.800,R$ 9.554,15/12 às 10:24
"Centro_Belo Horizonte, Centro_QNone_BNone",1262262908.0,"Box/Garagem à venda por R$ 28.000,00 - Centro - Belo Horizonte/MG",R$ 28.000,R$ 0,R$ 10,14/12 às 21:34
"Lourdes_Belo Horizonte, Lourdes_Q2_B2",1262261484.0,Apartamento 2 quartos Garden à venda em Lourdes,R$ 1.415.056,R$ 1,R$ 1,14/12 às 21:23
"Lourdes_Belo Horizonte, Lourdes_Q4_B5 ou mais",1262099938.0,"Apartamento, Lourdes, Belo Horizonte, 4 quartos, R$4.500.000,00, à venda na TWA Investimen",R$ 4.500.000,R$ 3.586,R$ 21.825,14/12 às 12:41
"Lourdes_Belo Horizonte, Lourdes_QNone_BNone",1261908018.0,"2 lojas para alugar, 100 m² cada - Lourdes - Belo Horizonte/MG",R$ 3.800,R$ 0,R$ 145,13/12 às 21:35
"Lourdes_Belo Horizonte, Lourdes_Q4_B3",1261907726.0,APARTAMENTO LOURDES 270M2 Excelente localização - Belo Horizonte/MG,R$ 1.900.000,R$ 2.102,R$ 512,13/12 às 21:34
"Lourdes_Belo Horizonte, Lourdes_Q2_B2",1261907656.0,"Apartamento com 2 dormitórios à venda, 63 m² por R$ 1.250.000,00 - Lourdes - Belo Horizont",R$ 1.250.000,R$ 600,R$ 0,13/12 às 21:34
"Lourdes_Belo Horizonte, Lourdes_Q2_B3",1261907659.0,"Cobertura à venda, 105 m² - Lourdes / BH",R$ 1.420.000,R$ 0,R$ 0,13/12 às 21:34
"Lourdes_Belo Horizonte, Lourdes_Q3_B2",1261907547.0,"Apartamento novo 3 quartos à venda, 82 m² - Lourdes",R$ 1.270.822,R$ 780,R$ 0,13/12 às 21:34
"Lourdes_Belo Horizonte, Lourdes_Q4_B5 ou mais",1261907557.0,"Apartamento com 4 dormitórios à venda, 290 m² por R$ 3.700.000,00 - Lourdes - Belo Horizon",R$ 3.700.000,R$ 3.800,R$ 1.800,13/12 às 21:34
"Lourdes_Belo Horizonte, Lourdes_Q4_B5 ou mais",1261907573.0,"Apartamento com 4 dormitórios à venda, 400 m² - Lourdes - Belo Horizonte/MG",R$ 5.200.000,R$ 5.250,R$ 23.000,13/12 às 21:34
"Lourdes_Belo Horizonte, Lourdes_Q2_B3",1261907512.0,"Cobertura em Lourdes com 2 quartos , 144 m² - venda ou aluguel - Belo Horizonte/MG",R$ 1.400.000,R$ 1.013,R$ 454,13/12 às 21:34
"Lourdes_Belo Horizonte, Lourdes_Q4_B5 ou mais",1261907515.0,"Apartamento com 4 dormitórios à venda, 190 m² por R$ 3.200.000,00 - Lourdes - Belo Horizon",R$ 3.200.000,R$ 2.050,R$ 1.106,13/12 às 21:34
"Lourdes_Belo Horizonte, Lourdes_Q4_B4",1261907494.0,"Apartamento com 4 quartos, 214 m² - venda ou aluguel - Lourdes",R$ 6.000,R$ 1.750,R$ 620,13/12 às 21:34
"Lourdes_Belo Horizonte, Lourdes_Q4_B4",1261907334.0,"Apartamento com 4 quartos, 214 m² - venda ou aluguel - Lourdes",R$ 1.750.000,R$ 1.750,R$ 620,13/12 às 21:34
"Lourdes_Belo Horizonte, Lourdes_Q4_B2",1261907093.0,"Apartamento com 4 dormitórios à venda, 304 m² por R$ 3.600.000,00 - Lourdes - Belo Horizon",R$ 3.600.000,R$ 4.100,R$ 1.380,13/12 às 21:33
"Lourdes_Belo Horizonte, Lourdes_Q4_B5 ou mais",1261906992.0,"Apartamento com 4 dormitórios à venda, 394 m² por R$ 5.560.000,00 - Lourdes - Belo Horizon",R$ 5.560.000,R$ 3.500,R$ 2.000,13/12 às 21:33
"Lourdes_Belo Horizonte, Lourdes_Q3_B3",1261906934.0,"Apartamento com 3 dormitórios à venda, 124 m² por R$ 1.530.000,00 - Lourdes - Belo Horizon",R$ 1.530.000,R$ 980,R$ 280,13/12 às 21:33
"Lourdes_Belo Horizonte, Lourdes_Q2_B2",1261906946.0,"Apartamento com 2 dormitórios à venda, 82 m², decorado e mobiliado - Lourdes",R$ 1.750.000,R$ 780,R$ 421,13/12 às 21:33
"Lourdes_Belo Horizonte, Lourdes_Q3_B5 ou mais",1261906910.0,"Apartamento com 3 dormitórios à venda, 252 m² por R$ 4.200.000,00 - Lourdes - Belo Horizon",R$ 4.200.000,R$ 4.700,R$ 1.650,13/12 às 21:33
"Centro_Belo Horizonte, Centro_QNone_BNone",1261906928.0,"Loja, 40 m² - venda por R$ 650.000,00 ou aluguel por R$ 4.120,00/mês - Centro - Belo Horiz",R$ 650.000,R$ 282,R$ 338,13/12 às 21:33
"Centro_Belo Horizonte, Centro_QNone_BNone",1261906820.0,"Loja, 40 m² - venda por R$ 650.000,00 ou aluguel por R$ 4.120,00/mês - Centro - Belo Horiz",R$ 3.500,R$ 282,R$ 338,13/12 às 21:33
"Lourdes_Belo Horizonte, Lourdes_Q4_B3",1261730964.0,VENDA - APARTAMENTO 4 QUARTOS 180 M2 BAIRRO: LOURDES,R$ 1.750.000,R$ 1.800,R$ 600,13/12 às 11:39
"Lourdes_Belo Horizonte, Lourdes_QNone_BNone",1261532686.0,Aluguel Commercial / Office Belo Horizonte MG,R$ 700,R$ 550,R$ 172,12/12 às 21:02
"Lourdes_Belo Horizonte, Lourdes_Q4_B4",1261265645.0,Apartamento com área privativa no Lourdes,R$ 2.749.000,R$ 2.150,R$ 14.196,12/12 às 03:48
"Lourdes_Belo Horizonte, Lourdes_QNone_BNone",1261203379.0,Andares e salas em locação no bairro de Lourdes,R$ 24.343,R$ 1,R$ 1,11/12 às 21:18
"Lourdes_Belo Horizonte, Lourdes_Q3_B2",1260519569.0,Venda Apartamento 3 quartos Lourdes Belo Horizonte,R$ 1.119.013,R$ 1,R$ 1,09/12 às 11:01
"Lourdes_Belo Horizonte, Lourdes_Q3_B3",1260425436.0,Venda Apartamento 3 quartos Lourdes Belo Horizonte,R$ 869.000,R$ 869,R$ 290,09/12 às 03:57
"Lourdes_Belo Horizonte, Lourdes_Q3_B2",1260424662.0,Venda Apartamento 3 quartos Lourdes Belo Horizonte,R$ 1.086.420,R$ 1,R$ 1,09/12 às 03:54
"Lourdes_Belo Horizonte, Lourdes_Q3_B3",1260424636.0,Venda Apartamento 3 quartos Lourdes Belo Horizonte,R$ 1.260.000,R$ 1.350,R$ 488,09/12 às 03:54
"Lourdes_Belo Horizonte, Lourdes_Q4_B3",1260407222.0,Venda Apartamento 4 quartos Lourdes Belo Horizonte,R$ 1.590.000,R$ 1.500,R$ 479,09/12 às 02:51
"Lourdes_Belo Horizonte, Lourdes_Q4_B2",1260407207.0,Venda Apartamento 4 quartos Lourdes Belo Horizonte,R$ 1.900.000,R$ 1.500,R$ 416,09/12 às 02:51
"Lourdes_Belo Horizonte, Lourdes_Q3_B2",1260407193.0,Venda Apartamento 3 quartos Lourdes Belo Horizonte,R$ 800.000,R$ 437,R$ 236,09/12 às 02:51
"Lourdes_Belo Horizonte, Lourdes_Q3_B2",1260407184.0,Venda Apartamento 3 quartos Lourdes Belo Horizonte,R$ 1.198.121,R$ 1,R$ 1,09/12 às 02:51
"Lourdes_Belo Horizonte, Lourdes_Q4_B5 ou mais",1260407165.0,Venda Apartamento 4 quartos Lourdes Belo Horizonte,R$ 2.990.000,R$ 3.500,R$ 980,09/12 às 02:51
"Lourdes_Belo Horizonte, Lourdes_Q3_B4",1260407147.0,Venda Apartamento 3 quartos Lourdes Belo Horizonte,R$ 2.180.000,R$ 1.400,R$ 900,09/12 às 02:51
"Lourdes_Belo Horizonte, Lourdes_Q3_B2",1260407136.0,Venda Apartamento 3 quartos Lourdes Belo Horizonte,R$ 1.068.878,R$ 1,R$ 1,09/12 às 02:51
"Lourdes_Belo Horizonte, Lourdes_Q3_B2",1260407113.0,Venda Apartamento 3 quartos Lourdes Belo Horizonte,R$ 1.056.749,R$ 1,R$ 1,09/12 às 02:51
"Lourdes_Belo Horizonte, Lourdes_Q4_B3",1260405617.0,Venda Apartamento 4 quartos Lourdes Belo Horizonte,R$ 3.425.000,R$ 2.500,R$ 1.240,09/12 às 02:15
"Lourdes_Belo Horizonte, Lourdes_Q3_B2",1260405620.0,Venda Apartamento 3 quartos Lourdes Belo Horizonte,R$ 1.224.570,R$ 1,R$ 1,09/12 às 02:15
"Lourdes_Belo Horizonte, Lourdes_Q4_B2",1260405622.0,Venda Apartamento 4 quartos Lourdes Belo Horizonte,R$ 950.000,R$ 432,R$ 373,09/12 às 02:15
"Lourdes_Belo Horizonte, Lourdes_Q3_B2",1260405625.0,Venda Apartamento 3 quartos Lourdes Belo Horizonte,R$ 1.055.070,R$ 1,R$ 1,09/12 às 02:15
"Lourdes_Belo Horizonte, Lourdes_Q4_B4",1260405609.0,Venda Apartamento 4 quartos Lourdes Belo Horizonte,R$ 3.700.000,R$ 3.700,R$ 1.691,09/12 às 02:15
"Lourdes_Belo Horizonte, Lourdes_Q3_B2",1260405577.0,Venda Apartamento 3 quartos Lourdes Belo Horizonte,R$ 1.192.018,R$ 1,R$ 1,09/12 às 02:15
"Lourdes_Belo Horizonte, Lourdes_Q3_B2",1260405521.0,Venda Apartamento 3 quartos Lourdes Belo Horizonte,R$ 1.060.792,R$ 1,R$ 1,09/12 às 02:13
"Lourdes_Belo Horizonte, Lourdes_Q3_B3",1260405514.0,Venda Apartamento 3 quartos Lourdes Belo Horizonte,R$ 2.913.000,R$ 1,R$ 1,09/12 às 02:13
"Lourdes_Belo Horizonte, Lourdes_Q4_B2",1260405513.0,Venda Apartamento 4 quartos Lourdes Belo Horizonte,R$ 1.200.000,R$ 0,R$ 0,09/12 às 02:13
"Lourdes_Belo Horizonte, Lourdes_Q3_B2",1260405502.0,Venda Apartamento 3 quartos Lourdes Belo Horizonte,R$ 1.220.281,R$ 1,R$ 1,09/12 às 02:13
"Lourdes_Belo Horizonte, Lourdes_Q3_B4",1260405482.0,Venda Apartamento 3 quartos Lourdes Belo Horizonte,R$ 1.600.000,R$ 1.288,R$ 535,09/12 às 02:13
"Lourdes_Belo Horizonte, Lourdes_Q3_B3",1260405483.0,Venda Apartamento 3 quartos Lourdes Belo Horizonte,R$ 660.000,R$ 400,R$ 247,09/12 às 02:13
"Lourdes_Belo Horizonte, Lourdes_Q4_B2",1260405467.0,Venda Apartamento 4 quartos Lourdes Belo Horizonte,R$ 2.200.000,R$ 1.600,R$ 445,09/12 às 02:13
"Lourdes_Belo Horizonte, Lourdes_Q3_B3",1260405435.0,Venda Apartamento 3 quartos Lourdes Belo Horizonte,R$ 1.150.000,R$ 970,R$ 330,09/12 às 02:13
"Lourdes_Belo Horizonte, Lourdes_Q3_B2",1260405440.0,Venda Apartamento 3 quartos Lourdes Belo Horizonte,R$ 1.206.258,R$ 1,R$ 1,09/12 às 02:13
"Lourdes_Belo Horizonte, Lourdes_Q4_B1",1260405428.0,Venda Apartamento 4 quartos Lourdes Belo Horizonte,R$ 760.000,R$ 750,R$ 230,09/12 às 02:13
"Lourdes_Belo Horizonte, Lourdes_Q4_B4",1260405321.0,Venda Apartamento 4 quartos Lourdes Belo Horizonte,R$ 1.800.000,R$ 2.027,R$ 678,09/12 às 02:05
"Lourdes_Belo Horizonte, Lourdes_Q3_B2",1260405295.0,Venda Apartamento 3 quartos Lourdes Belo Horizonte,R$ 1.123.178,R$ 1,R$ 1,09/12 às 02:05
"Lourdes_Belo Horizonte, Lourdes_Q3_B2",1260405231.0,Venda Apartamento 3 quartos Lourdes Belo Horizonte,R$ 2.076.278,R$ 0,R$ 1,09/12 às 02:05
"Lourdes_Belo Horizonte, Lourdes_Q4_B5 ou mais",1260405066.0,Venda Apartamento 4 quartos Lourdes Belo Horizonte,R$ 4.200.000,R$ 2.800,R$ 1.833,09/12 às 02:03
"Lourdes_Belo Horizonte, Lourdes_Q3_B2",1260405064.0,Venda Apartamento 3 quartos Lourdes Belo Horizonte,R$ 1.210.836,R$ 1,R$ 1,09/12 às 02:03
"Lourdes_Belo Horizonte, Lourdes_Q3_B2",1260405021.0,Venda Apartamento 3 quartos Lourdes Belo Horizonte,R$ 898.000,R$ 600,R$ 263,09/12 às 02:03
"Lourdes_Belo Horizonte, Lourdes_Q3_B2",1260405027.0,Venda Apartamento 3 quartos Lourdes Belo Horizonte,R$ 1.219.992,R$ 1,R$ 1,09/12 às 02:03
"Lourdes_Belo Horizonte, Lourdes_Q3_B2",1260405006.0,Venda Apartamento 3 quartos Lourdes Belo Horizonte,R$ 655.000,R$ 600,R$ 233,09/12 às 02:03
"Lourdes_Belo Horizonte, Lourdes_Q4_B2",1260404976.0,Venda Apartamento 4 quartos Lourdes Belo Horizonte,R$ 1.170.000,R$ 900,R$ 279,09/12 às 02:02
"Lourdes_Belo Horizonte, Lourdes_Q3_B2",1260404979.0,Venda Apartamento 3 quartos Lourdes Belo Horizonte,R$ 2.230.000,R$ 600,R$ 700,09/12 às 02:02
"Lourdes_Belo Horizonte, Lourdes_Q4_B4",1260404981.0,Venda Apartamento 4 quartos Lourdes Belo Horizonte,R$ 1.750.000,R$ 1.500,R$ 900,09/12 às 02:02
"Lourdes_Belo Horizonte, Lourdes_Q3_B3",1260404984.0,Venda Apartamento 3 quartos Lourdes Belo Horizonte,R$ 3.545.000,R$ 1,R$ 1,09/12 às 02:02
"Lourdes_Belo Horizonte, Lourdes_Q3_B2",1260404960.0,Venda Apartamento 3 quartos Lourdes Belo Horizonte,R$ 1.215.414,R$ 1,R$ 1,09/12 às 02:02
"Lourdes_Belo Horizonte, Lourdes_Q3_B3",1260404968.0,Venda Apartamento 3 quartos Lourdes Belo Horizonte,R$ 1.490.000,R$ 400,R$ 240,09/12 às 02:02
"Lourdes_Belo Horizonte, Lourdes_Q4_B2",1260404944.0,Venda Apartamento 4 quartos Lourdes Belo Horizonte,R$ 1.400.000,R$ 2.600,R$ 692,09/12 às 02:02
"Lourdes_Belo Horizonte, Lourdes_Q3_B2",1260404949.0,Venda Apartamento 3 quartos Lourdes Belo Horizonte,R$ 1.178.724,R$ 1,R$ 1,09/12 às 02:02
"Lourdes_Belo Horizonte, Lourdes_Q3_B2",1260404951.0,Venda Apartamento 3 quartos Lourdes Belo Horizonte,R$ 1.090.464,R$ 1,R$ 1,09/12 às 02:02
"Lourdes_Belo Horizonte, Lourdes_Q3_B2",1260404954.0,Venda Apartamento 3 quartos Lourdes Belo Horizonte,R$ 2.275.970,R$ 0,R$ 1,09/12 às 02:02
"Lourdes_Belo Horizonte, Lourdes_Q4_B4",1260404929.0,Venda Apartamento 4 quartos Lourdes Belo Horizonte,R$ 1.300.000,R$ 2.330,R$ 74,09/12 às 02:02
"Lourdes_Belo Horizonte, Lourdes_Q4_B3",1260404934.0,Venda Apartamento 4 quartos Lourdes Belo Horizonte,R$ 1.590.000,R$ 1.683,R$ 529,09/12 às 02:02
"Lourdes_Belo Horizonte, Lourdes_Q3_B3",1260404901.0,Venda Apartamento 3 quartos Lourdes Belo Horizonte,R$ 1.925.017,R$ 0,R$ 0,09/12 às 02:02
"Lourdes_Belo Horizonte, Lourdes_Q3_B2",1260404905.0,Venda Apartamento 3 quartos Lourdes Belo Horizonte,R$ 1.229.148,R$ 1,R$ 1,09/12 às 02:02
"Lourdes_Belo Horizonte, Lourdes_Q3_B2",1260404910.0,Venda Apartamento 3 quartos Lourdes Belo Horizonte,R$ 1.064.836,R$ 1,R$ 1,09/12 às 02:02
"Lourdes_Belo Horizonte, Lourdes_Q4_B5 ou mais",1260404887.0,Venda Apartamento 4 quartos Lourdes Belo Horizonte,R$ 2.900.000,R$ 2.986,R$ 1.118,09/12 às 02:02
"Lourdes_Belo Horizonte, Lourdes_Q3_B2",1260404888.0,Venda Apartamento 3 quartos Lourdes Belo Horizonte,R$ 1.290.000,R$ 1.448,R$ 573,09/12 às 02:02
"Lourdes_Belo Horizonte, Lourdes_Q3_B2",1260404861.0,Venda Apartamento 3 quartos Lourdes Belo Horizonte,R$ 950.000,R$ 450,R$ 214,09/12 às 02:02
"Centro_Belo Horizonte, Centro_Q3_B2",1260377399.0,Edifício Senhora do Carmo: Apartamento com 143m° e 03 quartos á venda no Centro.,R$ 500.000,R$ 640,R$ 142,08/12 às 21:43
"Lourdes_Belo Horizonte, Lourdes_QNone_BNone",1260113525.0,LOJA COM 150m2 NO BAIRRO DE LOURDES,R$ 4.800,R$ 0,R$ 211,08/12 às 01:15
"Lourdes_Belo Horizonte, Lourdes_QNone_BNone",1260104507.0,"Andar corrido com mezanino (301,49 m²) - Savassi",R$ 18.000,R$ 2.600,R$ 680,07/12 às 23:49
"Lourdes_Belo Horizonte, Lourdes_QNone_BNone",1259795539.0,Andar corrido para aluguel 1 vaga - Lourdes,R$ 6.500,R$ 2.180,R$ 6.477,07/12 às 00:31
"Lourdes_Belo Horizonte, Lourdes_Q3_B2",1259521382.0,"Edifício Lumiere: apartamento 3 quartos, 1 suíte, lazer completo no Lourdes.",R$ 1.270.822,R$ 716,R$ 3.480,06/12 às 12:53
"Centro_Belo Horizonte, Centro_QNone_BNone",1259429848.0,Centro - Loja para aluguel na Anuar Donato,R$ 27.500,R$ 0,R$ 680,06/12 às 03:51
"Lourdes_Belo Horizonte, Lourdes_Q2_B2",1259414245.0,"Apartamento para locação, Lourdes, BELO HORIZONTE - MG",R$ 6.000,R$ 770,R$ 330,06/12 às 02:11
"Lourdes_Belo Horizonte, Lourdes_QNone_BNone",1259403577.0,"Salas em andar corrido - 178,98m² - Savassi",R$ 10.000,R$ 2.600,R$ 580,06/12 às 01:15
"Lourdes_Belo Horizonte, Lourdes_QNone_BNone",1258967011.0,PRÉDIO À VENDA - 428 m² - SAVASSI - BELO HORIZONTE (MG),R$ 4.900.000,R$ 0,R$ 600,05/12 às 04:13
"Lourdes_Belo Horizonte, Lourdes_Q2_B2",1258962354.0,"Cobertura à venda, 2 quartos, 1 suíte, 1 vaga, Lourdes - Belo Horizonte/MG",R$ 570.000,R$ 1.000,R$ 1.516,05/12 às 03:39
"Lourdes_Belo Horizonte, Lourdes_Q4_B3",1258960975.0,Apartamento 4 quartos 2 vagas Lourdes,R$ 1.800.000,R$ 1.700,R$ 600,05/12 às 03:27
"Lourdes_Belo Horizonte, Lourdes_Q4_B3",1258142788.0,Venda Residential / Apartment Belo Horizonte MG,R$ 2.600.000,R$ 2.300,R$ 870,01/12 às 20:52
"Lourdes_Belo Horizonte, Lourdes_Q2_B3",1258099589.0,Cobertura 03 quartos em Lourdes próximo a Basílica de Lourdes,R$ 2.050.000,R$ 1.332,R$ 6.882,01/12 às 17:47
"Lourdes_Belo Horizonte, Lourdes_QNone_BNone",1258090051.0,Aluguel - SALA - LOURDES Belo Horizonte MG,R$ 1.000,R$ 525,R$ 171,01/12 às 17:07
"Lourdes_Belo Horizonte, Lourdes_Q3_B2",1257979593.0,"Apartamento à venda, 3 quartos, 1 suíte, 1 vaga, Lourdes - Belo Horizonte/MG",R$ 720.000,R$ 430,R$ 0,01/12 às 11:32
"Lourdes_Belo Horizonte, Lourdes_Q4_B3",1257945533.0,"Apartamento 4 Quartos à venda, 4 quartos, 1 suíte, 1 vaga, Lourdes - Belo Horizonte/MG",R$ 950.000,R$ 450,R$ 357,01/12 às 09:57
"Lourdes_Belo Horizonte, Lourdes_Q4_B3",1257936883.0,Apartamento 4 quartos à venda no Lourdes,R$ 1.750.000,R$ 1.000,R$ 898,01/12 às 09:18
"Lourdes_Belo Horizonte, Lourdes_Q3_B3",1257924892.0,"Apartamento, Martius Milton, Lourdes, Belo Horizonte, 3 quartos, R$2.250.000,00, à venda n",R$ 2.250.000,R$ 1.500,R$ 230,01/12 às 08:23
"Lourdes_Belo Horizonte, Lourdes_QNone_BNone",1257444258.0,Conjunto de salas para locação - Lourdes - BH/MG,R$ 3.750,R$ 1.325,R$ 455,29/11 às 18:00
"Lourdes_Belo Horizonte, Lourdes_Q2_B2",1257233485.0,Apartamento 2 quartos 2 vagas Lourdes,R$ 1.390.000,R$ 474,R$ 535,29/11 às 08:34
"Lourdes_Belo Horizonte, Lourdes_QNone_BNone",1257226492.0,LOJA DE 100m2 NO BAIRRO DE LOURDES,R$ 4.000,R$ 0,R$ 362,29/11 às 07:58
"Lourdes_Belo Horizonte, Lourdes_Q3_B3",1257213294.0,Vende-Se: Apartamento 3 Quartos com 2 Suítes - Lourdes,R$ 1.750.000,R$ 0,R$ 0,29/11 às 06:25
"Lourdes_Belo Horizonte, Lourdes_Q1_B1",1257152893.0,Aluguel Residential / Apartment Belo Horizonte MG,R$ 2.800,R$ 763,R$ 356,28/11 às 21:48
"Lourdes_Belo Horizonte, Lourdes_Q4_B4",1256945796.0,Venda - APARTAMENTO - Lourdes Belo Horizonte MG,R$ 2.400.000,R$ 2.300,R$ 450,28/11 às 11:55
"Lourdes_Belo Horizonte, Lourdes_Q4_B1",1256943070.0,Venda - APARTAMENTO - Lourdes Belo Horizonte MG,R$ 3.000.000,R$ 2.955,R$ 1.064,28/11 às 11:54
"Lourdes_Belo Horizonte, Lourdes_Q4_B5 ou mais",1256853552.0,Venda Apartamento 4 quartos Lourdes Belo Horizonte,R$ 2.990.000,R$ 2.310,R$ 640,28/11 às 03:55
"Lourdes_Belo Horizonte, Lourdes_QNone_BNone",1256762875.0,Loja com 320 m² - Lourdes,R$ 28.000,R$ 0,R$ 1.750,27/11 às 20:20
"Santo Agostinho_Belo Horizonte, Santo Agostinho_QNone_BNone",1256020404.0,Santo Agostinho - Andar corrido para aluguel na Anuar Donato,R$ 5.000,R$ 4.085,R$ 9.982,25/11 às 08:09
"Lourdes_Belo Horizonte, Lourdes_Q4_B5 ou mais",1256019549.0,"Apartamento 4 Quartos à venda, 4 quartos, 4 suítes, 4 vagas, Lourdes - Belo Horizonte/MG",R$ 4.200.000,R$ 3.556,R$ 1.833,25/11 às 07:59
"Lourdes_Belo Horizonte, Lourdes_Q2_B3",1256019482.0,"Cobertura 3 Quartos à Venda, 116 m² - Lourdes - BH",R$ 2.014.000,R$ 1.980,R$ 10.580,25/11 às 07:58
"Lourdes_Belo Horizonte, Lourdes_Q4_B5 ou mais",1255996390.0,Venda Apartamento 4 quartos Lourdes Belo Horizonte,R$ 4.350.000,R$ 2.300,R$ 1.467,25/11 às 04:12
"Lourdes_Belo Horizonte, Lourdes_Q2_B2",1255996285.0,Venda Área Privativa Lourdes Belo Horizonte,R$ 1.350.000,R$ 0,R$ 1,25/11 às 04:12
"Lourdes_Belo Horizonte, Lourdes_Q3_B3",1255996228.0,Venda Apartamento 3 quartos Lourdes Belo Horizonte,R$ 1.400.000,R$ 780,R$ 401,25/11 às 04:12
"Lourdes_Belo Horizonte, Lourdes_Q3_B3",1255996073.0,Venda Apartamento 3 quartos Lourdes Belo Horizonte,R$ 1.750.000,R$ 800,R$ 425,25/11 às 04:12
"Lourdes_Belo Horizonte, Lourdes_Q1_B1",1255995757.0,Venda Apartamento 1 quarto Lourdes Belo Horizonte,R$ 450.000,R$ 590,R$ 130,25/11 às 04:11
"Lourdes_Belo Horizonte, Lourdes_Q4_B4",1255995643.0,Venda Cobertura Lourdes Belo Horizonte,R$ 6.300.000,R$ 5.453,R$ 2.935,25/11 às 04:10
"Lourdes_Belo Horizonte, Lourdes_Q2_B3",1255995602.0,Venda Apartamento 2 quartos Lourdes Belo Horizonte,R$ 1.150.000,R$ 850,R$ 421,25/11 às 04:10
"Lourdes_Belo Horizonte, Lourdes_Q3_B5 ou mais",1255995501.0,Venda Cobertura Lourdes Belo Horizonte,R$ 7.300.000,R$ 3.000,R$ 2.544,25/11 às 04:10
"Lourdes_Belo Horizonte, Lourdes_Q1_B1",1255995362.0,Venda Apartamento 1 quarto Lourdes Belo Horizonte,R$ 420.000,R$ 454,R$ 229,25/11 às 04:09
"Lourdes_Belo Horizonte, Lourdes_Q5 ou mais_B2",1255995153.0,Venda Apartamento 5 quartos Lourdes Belo Horizonte,R$ 1.750.000,R$ 1.880,R$ 569,25/11 às 04:07
"Lourdes_Belo Horizonte, Lourdes_Q4_B3",1255995146.0,Venda Apartamento 4 quartos Lourdes Belo Horizonte,R$ 1.800.000,R$ 1.700,R$ 590,25/11 às 04:07
"Lourdes_Belo Horizonte, Lourdes_Q4_B4",1255994742.0,Venda Apartamento 4 quartos Lourdes Belo Horizonte,R$ 1.750.000,R$ 1.500,R$ 900,25/11 às 04:01
"Lourdes_Belo Horizonte, Lourdes_Q2_B2",1255919886.0,Venda Residential / Apartment Belo Horizonte MG,R$ 1.300.000,R$ 765,R$ 0,24/11 às 20:25
"Lourdes_Belo Horizonte, Lourdes_Q2_B2",1255869012.0,Excelente Apartamento Alto Padrão 71 m²  2 Quartos 1 Suíte 2 Vagas no Lourdes,R$ 1.145.000,R$ 900,R$ 330,24/11 às 17:31
"Lourdes_Belo Horizonte, Lourdes_Q1_B2",1255837052.0,Apartamento para venda possui 63 metros quadrados com 1 quarto em Lourdes - Belo Horizonte,R$ 906.796,R$ 1,R$ 1,24/11 às 16:08
"Lourdes_Belo Horizonte, Lourdes_Q3_B2",1255836466.0,Apartamento para venda possui 86 metros quadrados com 3 quartos em Lourdes - Belo Horizont,R$ 1.178.724,R$ 1,R$ 1,24/11 às 16:07
"Lourdes_Belo Horizonte, Lourdes_Q2_B2",1255834881.0,Apartamento para venda tem 73 metros quadrados com 2 quartos em Lourdes - Belo Horizonte -,R$ 948.076,R$ 1,R$ 1,24/11 às 16:04
"Lourdes_Belo Horizonte, Lourdes_Q3_B2",1255687466.0,Apartamento com 3 quartos à venda - Lourdes,R$ 906.796,R$ 0,R$ 0,24/11 às 07:27
"Lourdes_Belo Horizonte, Lourdes_Q3_B2",1255687443.0,Apartamento com 3 quartos à venda - Lourdes,R$ 1.191.623,R$ 0,R$ 0,24/11 às 07:27
"Lourdes_Belo Horizonte, Lourdes_Q3_B2",1255687304.0,Apartamento com 3 quartos à venda - Lourdes,R$ 1.046.742,R$ 0,R$ 0,24/11 às 07:26
"Lourdes_Belo Horizonte, Lourdes_Q3_B2",1255687279.0,Apartamento com 3 quartos à venda - Lourdes,R$ 991.565,R$ 0,R$ 0,24/11 às 07:26
"Lourdes_Belo Horizonte, Lourdes_Q2_B3",1255686654.0,"Apartamento à venda, 2 quartos, 1 suíte, 2 vagas, Lourdes - Belo Horizonte/MG",R$ 1.000.000,R$ 1.673,R$ 490,24/11 às 07:22
"Lourdes_Belo Horizonte, Lourdes_Q2_B2",1255609406.0,Venda Residential / Apartment Belo Horizonte MG,R$ 971.000,R$ 0,R$ 0,23/11 às 20:33
"Lourdes_Belo Horizonte, Lourdes_Q2_B2",1255609352.0,"Apartamento 2 e 3 quartos no Lourdes, Belo Horizonte.",R$ 1.417.000,R$ 0,R$ 0,23/11 às 20:32
"Lourdes_Belo Horizonte, Lourdes_Q4_B4",1255401817.0,Apto 4 quartos bairro Lourdes,R$ 1.650.000,R$ 1.600,R$ 601,23/11 às 11:16
"Lourdes_Belo Horizonte, Lourdes_Q2_B3",1254984303.0,Venda - COBERTURA - LOURDES Belo Horizonte MG,R$ 1.200.000,R$ 1.130,R$ 575,22/11 às 06:29
"Lourdes_Belo Horizonte, Lourdes_Q1_B1",1254979156.0,"Apartamento à venda, 1 quarto, 2 vagas, Lourdes - Belo Horizonte/MG",R$ 998.000,R$ 400,R$ 1,22/11 às 05:48
"Lourdes_Belo Horizonte, Lourdes_Q3_B3",1254973125.0,Venda Cobertura Lourdes Belo Horizonte,R$ 1.600.000,R$ 0,R$ 0,22/11 às 04:59
"Lourdes_Belo Horizonte, Lourdes_QNone_BNone",1254951346.0,"Sala para aluguel, Lourdes - Belo Horizonte/MG",R$ 3.400,R$ 0,R$ 0,22/11 às 03:53
"Lourdes_Belo Horizonte, Lourdes_Q1_B1",1254939745.0,"Apartamentos com plantas flexíveis, 1 ou 2 quartos, Lourdes",R$ 807.985,R$ 0,R$ 0,22/11 às 03:06
"Lourdes_Belo Horizonte, Lourdes_Q4_B5 ou mais",1254855088.0,Apartamento com 4 quartos à venda - Lourdes,R$ 4.500.000,R$ 3.550,R$ 20.164,21/11 às 21:01
"Lourdes_Belo Horizonte, Lourdes_Q1_B1",1254657127.0,"Apartamentos com plantas flexíveis, 1 ou 2 quartos, Lourdes",R$ 780.169,R$ 0,R$ 0,21/11 às 11:54
"Lourdes_Belo Horizonte, Lourdes_Q2_B2",1253906289.0,Apartamento à Venda no Lourdes,R$ 1.116.000,R$ 1.200,R$ 4.096,18/11 às 05:00
"Lourdes_Belo Horizonte, Lourdes_Q2_B2",1253906085.0,Apartamento à Venda no Lourdes,R$ 954.000,R$ 1.200,R$ 3.986,18/11 às 04:56
"Lourdes_Belo Horizonte, Lourdes_Q1_B2",1253875610.0,"Apartamento à venda, 69 m² por R$ 660.520,00 - Lourdes - Belo Horizonte/MG",R$ 660.520,R$ 1.500,R$ 300,17/11 às 22:50
"Lourdes_Belo Horizonte, Lourdes_Q4_B3",1253611166.0,"Apartamento à venda, 4 quartos, 1 suíte, 2 vagas, Lourdes - Belo Horizonte/MG",R$ 1.550.000,R$ 2.600,R$ 7.622,17/11 às 06:24
"Centro_Belo Horizonte, Centro_QNone_BNone",1253592085.0,"Loja para aluguel, Centro - Belo Horizonte/MG",R$ 20.000,R$ 0,R$ 0,17/11 às 03:27
"Lourdes_Belo Horizonte, Lourdes_QNone_BNone",1253569098.0,LOJÃO COM 3 PAVIMENTOS (485 m²),R$ 28.000,R$ 0,R$ 0,17/11 às 00:13
"Lourdes_Belo Horizonte, Lourdes_Q1_B1",1253554443.0,"Apartamento à venda, 32 m² por R$ 450.000,00 - Lourdes - Belo Horizonte/MG",R$ 450.000,R$ 400,R$ 200,16/11 às 22:41
"Lourdes_Belo Horizonte, Lourdes_Q1_B1",1253015752.0,Apartamento com 1 quarto à venda em Belo Horizonte,R$ 477.000,R$ 590,R$ 138,15/11 às 06:57
"Lourdes_Belo Horizonte, Lourdes_Q2_B3",1253002363.0,"Cobertura à venda, 2 quartos, 2 suítes, 2 vagas, Lourdes - Belo Horizonte/MG",R$ 2.100.000,R$ 1.281,R$ 2.200,15/11 às 05:59
"Lourdes_Belo Horizonte, Lourdes_QNone_BNone",1252688904.0,"Casa Comercial à venda, 15 quartos, 13 suítes, Lourdes - Belo Horizonte/MG",R$ 1.700.000,R$ 0,R$ 10.963,14/11 às 05:36
"Lourdes_Belo Horizonte, Lourdes_QNone_BNone",1252683668.0,Loja com 800 m² para alugar na Savassi,R$ 28.000,R$ 400,R$ 2.737,14/11 às 04:52
"Lourdes_Belo Horizonte, Lourdes_QNone_BNone",1252682959.0,Loja com 660 m² para alugar no Bairro de Lourdes,R$ 33.000,R$ 0,R$ 1.880,14/11 às 04:40
"Lourdes_Belo Horizonte, Lourdes_Q1_B1",1252169275.0,Aluguel Residential / Apartment Belo Horizonte MG,R$ 3.400,R$ 980,R$ 395,12/11 às 05:09
"Lourdes_Belo Horizonte, Lourdes_Q4_B3",1251960173.0,"Área privativa à venda, 4 quartos, 1 suíte, 3 vagas, Lourdes - Belo Horizonte/MG",R$ 2.290.000,R$ 1.536,R$ 558,11/11 às 08:15
"Lourdes_Belo Horizonte, Lourdes_Q4_B5 ou mais",1251920604.0,Venda Apartamento 4 quartos Lourdes Belo Horizonte,R$ 2.990.000,R$ 2.310,R$ 640,11/11 às 03:02
"Lourdes_Belo Horizonte, Lourdes_Q3_B3",1251918683.0,Venda Apartamento 3 quartos Lourdes Belo Horizonte,R$ 980.000,R$ 800,R$ 0,11/11 às 02:34
"Lourdes_Belo Horizonte, Lourdes_Q4_B2",1251916818.0,Cobertura à venda 4 quartos 1 suíte 3 vagas - Lourdes,R$ 2.420.000,R$ 2.900,R$ 12.797,11/11 às 02:15
"Lourdes_Belo Horizonte, Lourdes_Q3_B3",1251609289.0,"Apartamento à venda, 3 quartos, 1 suíte, 2 vagas, Lourdes - Belo Horizonte/MG",R$ 2.180.000,R$ 620,R$ 0,10/11 às 05:22
"Lourdes_Belo Horizonte, Lourdes_Q2_B3",1251565500.0,Venda - APARTAMENTO - LOURDES Belo Horizonte MG,R$ 930.000,R$ 1.000,R$ 100,09/11 às 23:54
"Lourdes_Belo Horizonte, Lourdes_Q1_B1",1251418484.0,"Apartamento à venda, 1 quarto, 1 suíte, 1 vaga, Lourdes - Belo Horizonte/MG",R$ 1.550.000,R$ 0,R$ 0,09/11 às 16:32
"Lourdes_Belo Horizonte, Lourdes_Q4_B2",1251416026.0,APARTAMENTO DE 4 QUARTOS À VENDA NO LOURDES,R$ 1.900.000,R$ 2.100,R$ 6.953,09/11 às 16:24
"Lourdes_Belo Horizonte, Lourdes_Q2_B2",1251238979.0,"Apartamento à venda, 2 quartos, 1 suíte, 2 vagas, Lourdes - Belo Horizonte/MG",R$ 990.000,R$ 1.100,R$ 450,09/11 às 05:29
"Lourdes_Belo Horizonte, Lourdes_Q3_B5 ou mais",1251209937.0,"Cobertura de alto luxo, 3 suítes , Lourdes",R$ 5.330.118,R$ 0,R$ 0,08/11 às 23:59
"Lourdes_Belo Horizonte, Lourdes_QNone_BNone",1250928562.0,Aluguel Commercial / Loja Belo Horizonte MG,R$ 5.000,R$ 242,R$ 280,08/11 às 07:50
"Lourdes_Belo Horizonte, Lourdes_QNone_BNone",1250927631.0,Venda Commercial / Office Belo Horizonte MG,R$ 280.000,R$ 634,R$ 160,08/11 às 07:48
"Lourdes_Belo Horizonte, Lourdes_QNone_BNone",1250925450.0,Venda Commercial / Loja Belo Horizonte MG,R$ 2.400.000,R$ 0,R$ 0,08/11 às 07:42
"Lourdes_Belo Horizonte, Lourdes_Q4_B3",1250923606.0,Venda Residential / Apartment Belo Horizonte MG,R$ 2.000.000,R$ 1.600,R$ 700,08/11 às 07:38
"Lourdes_Belo Horizonte, Lourdes_QNone_BNone",1250922589.0,Aluguel Commercial / Office Belo Horizonte MG,R$ 750,R$ 634,R$ 160,08/11 às 07:35
"Lourdes_Belo Horizonte, Lourdes_QNone_BNone",1250921601.0,Aluguel Commercial / Edificio Comercial Belo Horizonte MG,R$ 160.000,R$ 0,R$ 10.000,08/11 às 07:33
"Lourdes_Belo Horizonte, Lourdes_QNone_BNone",1250921303.0,Venda Commercial / Loja Belo Horizonte MG,R$ 1.800.000,R$ 0,R$ 1.600,08/11 às 07:32
"Lourdes_Belo Horizonte, Lourdes_QNone_BNone",1250919666.0,Venda Commercial / Loja Belo Horizonte MG,R$ 4.000.000,R$ 0,R$ 0,08/11 às 07:25
"Lourdes_Belo Horizonte, Lourdes_QNone_BNone",1250919049.0,Aluguel Commercial / Loja Belo Horizonte MG,R$ 16.000,R$ 0,R$ 0,08/11 às 07:23
"Lourdes_Belo Horizonte, Lourdes_Q1_B1",1250918473.0,"Apartamento com 1 dormitório à venda, 57 m² por R$ 1.304.748,26 - Lourdes - Belo Horizonte",R$ 1.304.748,R$ 0,R$ 0,08/11 às 07:19
"Lourdes_Belo Horizonte, Lourdes_Q4_B4",1250902603.0,APARTAMENTO COM 4 QUARTOS A VENDA NO LOURDES,R$ 1.750.000,R$ 1.801,R$ 630,08/11 às 05:31
"Lourdes_Belo Horizonte, Lourdes_QNone_BNone",1250900613.0,"Loja para aluguel, 3 vagas, Lourdes - Belo Horizonte/MG",R$ 33.000,R$ 0,R$ 1.900,08/11 às 04:49
"Lourdes_Belo Horizonte, Lourdes_Q3_B4",1250868170.0,"Apartamento de alto luxo, 3 suítes , Lourdes",R$ 2.533.230,R$ 0,R$ 0,08/11 às 00:08
"Lourdes_Belo Horizonte, Lourdes_Q4_B5 ou mais",1250560298.0,Lourdes - Apartamento 4 quartos à venda na Anuar Donato,R$ 2.190.000,R$ 1.100,R$ 700,07/11 às 06:24
"Lourdes_Belo Horizonte, Lourdes_Q5 ou mais_B5 ou mais",1250547091.0,"Cobertura com 5 dormitórios à venda, 372 m² por R$ 1.920.000,00 - Lourdes - Belo Horizonte",R$ 1.920.000,R$ 1.270,R$ 730,07/11 às 04:54
"Lourdes_Belo Horizonte, Lourdes_Q2_B1",1250544461.0,"Apartamento Garden à venda, 141 m² por R$ 1.057.491,80 - Lourdes - Belo Horizonte/MG",R$ 1.057.492,R$ 0,R$ 0,07/11 às 04:25
"Lourdes_Belo Horizonte, Lourdes_Q4_B1",1249786454.0,Apartamento 4 quartos no melhor ponto do Bairro lourdes codigo: 24018,R$ 3.200.000,R$ 3.645,R$ 1.256,04/11 às 04:25
"Lourdes_Belo Horizonte, Lourdes_Q3_B3",1249785859.0,Cobertura 3 quartos bairro Lourdes codigo: 25516,R$ 2.099.000,R$ 1.100,R$ 425,04/11 às 04:12
"Lourdes_Belo Horizonte, Lourdes_Q5 ou mais_B4",1249785502.0,Cobertura 5 quartos no bairro Lourdes codigo: 25062,R$ 2.300.000,R$ 2.500,R$ 10.700,04/11 às 04:09
"Centro_Belo Horizonte, Centro_QNone_BNone",1249743826.0,"Sala para aluguel, Centro - Belo Horizonte/MG",R$ 1.300,R$ 815,R$ 76,03/11 às 22:57
"Centro_Belo Horizonte, Centro_QNone_BNone",1249743803.0,"Sala para aluguel, Centro - Belo Horizonte/MG",R$ 2.600,R$ 1.630,R$ 152,03/11 às 22:57
"Lourdes_Belo Horizonte, Lourdes_Q4_B4",1249413110.0,"Apartamento à venda, 4 quartos, 4 suítes, 6 vagas, Lourdes - Belo Horizonte/MG",R$ 8.000.000,R$ 5.500,R$ 26.950,02/11 às 20:16
"Lourdes_Belo Horizonte, Lourdes_QNone_BNone",1249308932.0,"Andar à venda, 1 vaga, Lourdes - Belo Horizonte",R$ 540.750,R$ 1.603,R$ 405,02/11 às 15:48
"Lourdes_Belo Horizonte, Lourdes_QNone_BNone",1249285348.0,"Andar à venda, 1 vaga, Lourdes - Belo Horizonte",R$ 509.250,R$ 1.603,R$ 405,02/11 às 14:25
"Lourdes_Belo Horizonte, Lourdes_Q2_B2",1249109414.0,Apartamento 02 quartos em Lourdes próximo ao Diamond Mall,R$ 1.129.331,R$ 0,R$ 0,01/11 às 16:53
"Lourdes_Belo Horizonte, Lourdes_Q4_B3",1248954618.0,APARTAMENTO COM 4 QUARTOS E 3 VAGAS A VENDA NO LOURDES,R$ 1.800.000,R$ 1.600,R$ 6.023,01/11 às 09:12
"Lourdes_Belo Horizonte, Lourdes_Q2_B3",1248895975.0,"Apartamento 2 quartos, 2 suítes, lavabo ao lado do Minas 1 - Lourdes",R$ 1.190.000,R$ 300,R$ 0,01/11 às 01:58
"Lourdes_Belo Horizonte, Lourdes_QNone_BNone",1248880433.0,"Conjunto salas, (271 m²) - Centro",R$ 1.200.000,R$ 0,R$ 918,31/10 às 23:51
"Lourdes_Belo Horizonte, Lourdes_Q4_B4",1248820714.0,Apartamento 4 quartos alto luxo à venda em Lourdes,R$ 3.000.000,R$ 2.944,R$ 1.064,31/10 às 21:20
"Lourdes_Belo Horizonte, Lourdes_Q2_B3",1248817565.0,Apartamento 02  quartos em Lourdes próximo ao Minas Tênis Clube,R$ 1.100.000,R$ 1.134,R$ 0,31/10 às 21:11
"Lourdes_Belo Horizonte, Lourdes_Q3_B2",1248641532.0,"Apartamento 3 quartos com suíte, 105m², 2 vagas de garagem, à venda no Lourdes.",R$ 1.370.000,R$ 1.300,R$ 5.106,31/10 às 13:01
"Lourdes_Belo Horizonte, Lourdes_Q2_B2",1248595336.0,Apartamento 2 quartos de Área Privativa à venda em Lourdes - Belo Horizonte/MG,R$ 1.071.415,R$ 0,R$ 0,31/10 às 11:08
"Lourdes_Belo Horizonte, Lourdes_QNone_BNone",1247732933.0,"Sala para aluguel, 1 vaga, Lourdes - Belo Horizonte/MG",R$ 1.200,R$ 710,R$ 2.956,28/10 às 01:29
"Lourdes_Belo Horizonte, Lourdes_QNone_BNone",1247439402.0,"Casa Comercial à venda, 4 quartos, Lourdes - Belo Horizonte/MG",R$ 1.300.000,R$ 0,R$ 5.783,27/10 às 06:17
"Lourdes_Belo Horizonte, Lourdes_Q4_B3",1247439140.0,"Apartamento à venda, 4 quartos, 1 suíte, 2 vagas, Lourdes - Belo Horizonte/MG",R$ 1.690.000,R$ 1.411,R$ 5.751,27/10 às 06:15
"Lourdes_Belo Horizonte, Lourdes_Q4_B4",1247438406.0,"Cobertura à venda, 4 quartos, 2 suítes, 3 vagas, Lourdes - Belo Horizonte/MG",R$ 6.800.000,R$ 3.400,R$ 0,27/10 às 06:11
"Lourdes_Belo Horizonte, Lourdes_Q4_B2",1247438022.0,"Apartamento à venda, 4 quartos, 1 suíte, 2 vagas, Lourdes - Belo Horizonte/MG",R$ 1.750.000,R$ 1.730,R$ 6.930,27/10 às 06:09
"Lourdes_Belo Horizonte, Lourdes_Q2_B2",1247436839.0,"Apartamento à venda, 2 quartos, 1 suíte, 2 vagas, Lourdes - Belo Horizonte/MG",R$ 1.125.000,R$ 700,R$ 3.630,27/10 às 06:01
"Lourdes_Belo Horizonte, Lourdes_Q0_BNone",1247436640.0,"Prédio à venda, Lourdes - Belo Horizonte/MG",R$ 24.000.000,R$ 0,R$ 8.998,27/10 às 06:01
"Lourdes_Belo Horizonte, Lourdes_QNone_BNone",1247436222.0,"Galpão à venda, 50 vagas, Lourdes - Belo Horizonte/MG",R$ 4.290.000,R$ 0,R$ 2.395,27/10 às 06:00
"Lourdes_Belo Horizonte, Lourdes_QNone_BNone",1247436086.0,"Sala à venda, 2 vagas, Funcionários - Belo Horizonte/MG",R$ 1.307.140,R$ 640,R$ 1.793,27/10 às 06:00
"Lourdes_Belo Horizonte, Lourdes_Q5 ou mais_B5 ou mais",1247436056.0,"Casa à venda, 5 quartos, 2 suítes, Lourdes - Belo Horizonte/MG",R$ 1.100.000,R$ 0,R$ 3.769,27/10 às 06:00
"Lourdes_Belo Horizonte, Lourdes_QNone_BNone",1247435952.0,"Loja à venda, Lourdes - Belo Horizonte/MG",R$ 1.390.000,R$ 1.000,R$ 4.400,27/10 às 06:00
"Lourdes_Belo Horizonte, Lourdes_QNone_BNone",1247435543.0,"Loja de frente no bairro Funcionários, 04 vagas livres",R$ 6.500.000,R$ 100,R$ 10,27/10 às 05:59
"Lourdes_Belo Horizonte, Lourdes_Q4_B4",1247434860.0,"Apartamento à venda, 4 quartos, 2 suítes, 3 vagas, Lourdes - Belo Horizonte/MG",R$ 1.750.000,R$ 1.050,R$ 9.882,27/10 às 05:58
"Lourdes_Belo Horizonte, Lourdes_Q5 ou mais_B3",1247434723.0,"Cobertura à venda, 5 quartos, 1 suíte, 6 vagas, Lourdes - Belo Horizonte/MG",R$ 2.500.000,R$ 2.200,R$ 7.500,27/10 às 05:58
"Lourdes_Belo Horizonte, Lourdes_Q4_B4",1247434439.0,"Cobertura à venda, 4 quartos, 3 suítes, 4 vagas, Lourdes - Belo Horizonte/MG",R$ 3.200.000,R$ 3.073,R$ 11.306,27/10 às 05:58
"Lourdes_Belo Horizonte, Lourdes_Q3_B2",1247434233.0,"Cobertura à venda, 3 quartos, 1 suíte, 3 vagas, Lourdes - Belo Horizonte/MG",R$ 3.819.792,R$ 1.000,R$ 2.750,27/10 às 05:58
"Centro_Belo Horizonte, Centro_QNone_BNone",1247434080.0,"Andar Corrido à venda, Centro - Belo Horizonte/MG",R$ 1.200.000,R$ 5.113,R$ 2.389,27/10 às 05:58
"Lourdes_Belo Horizonte, Lourdes_QNone_BNone",1247434103.0,"Sala à venda, 1 vaga, Lourdes - Belo Horizonte/MG",R$ 590.000,R$ 1.299,R$ 4.565,27/10 às 05:58
"Cidade Jardim_Belo Horizonte, Cidade Jardim_QNone_BNone",1247433929.0,"Casa Comercial à venda, 3 quartos, Lourdes - Belo Horizonte/MG",R$ 2.000.000,R$ 0,R$ 1.208,27/10 às 05:57
"Lourdes_Belo Horizonte, Lourdes_Q2_B2",1247433862.0,"Apartamento à venda, 2 quartos, 1 suíte, 2 vagas, Lourdes - Belo Horizonte/MG",R$ 1.075.000,R$ 700,R$ 3.630,27/10 às 05:57
"Lourdes_Belo Horizonte, Lourdes_QNone_BNone",1247433749.0,"Loja à venda, 1 vaga, Lourdes - Belo Horizonte/MG",R$ 750.000,R$ 0,R$ 1.485,27/10 às 05:57
"Lourdes_Belo Horizonte, Lourdes_Q4_B4",1247433385.0,4 suítes no coração do Lourdes,R$ 4.200.000,R$ 2.500,R$ 1.300,27/10 às 05:57
"Lourdes_Belo Horizonte, Lourdes_Q3_B2",1247433389.0,"Apartamento à venda, 3 quartos, 1 suíte, 2 vagas, Lourdes - Belo Horizonte/MG",R$ 1.400.000,R$ 1.000,R$ 2.750,27/10 às 05:57
"Lourdes_Belo Horizonte, Lourdes_Q4_B2",1247433339.0,"Apartamento à venda, 4 quartos, 1 suíte, 2 vagas, Lourdes - Belo Horizonte/MG",R$ 1.800.000,R$ 2.000,R$ 0,27/10 às 05:57
"Lourdes_Belo Horizonte, Lourdes_Q3_B2",1247433195.0,"Apartamento à venda, 3 quartos, 1 suíte, 2 vagas, Lourdes - Belo Horizonte/MG",R$ 1.383.375,R$ 840,R$ 100,27/10 às 05:57
"Lourdes_Belo Horizonte, Lourdes_Q4_B5 ou mais",1247433132.0,"Apartamento à venda, 4 quartos, 4 suítes, 3 vagas, Lourdes - Belo Horizonte/MG",R$ 3.000.000,R$ 3.500,R$ 11.420,27/10 às 05:57
"Lourdes_Belo Horizonte, Lourdes_Q3_B3",1247433049.0,"Apartamento à venda, 3 quartos, 1 vaga, Lourdes - Belo Horizonte/MG",R$ 1.390.000,R$ 450,R$ 2.640,27/10 às 05:56
"Lourdes_Belo Horizonte, Lourdes_Q4_B4",1247432941.0,"Apartamento à venda, 4 quartos, 4 suítes, 4 vagas, Lourdes - Belo Horizonte/MG",R$ 4.500.000,R$ 3.500,R$ 1.600,27/10 às 05:56
"Lourdes_Belo Horizonte, Lourdes_Q2_B2",1247432950.0,"Apartamento à venda, 2 quartos, 1 suíte, 1 vaga, Lourdes - Belo Horizonte/MG",R$ 950.000,R$ 540,R$ 2.670,27/10 às 05:56
"Lourdes_Belo Horizonte, Lourdes_Q4_B5 ou mais",1247432923.0,"Apartamento à venda, 4 quartos, 4 suítes, 3 vagas, Lourdes - Belo Horizonte/MG",R$ 2.850.000,R$ 2.900,R$ 9.941,27/10 às 05:56
"Lourdes_Belo Horizonte, Lourdes_QNone_BNone",1247432766.0,Loja no Coração do Lourdes,R$ 2.490.000,R$ 0,R$ 1.050,27/10 às 05:56
"Lourdes_Belo Horizonte, Lourdes_Q4_B3",1247432687.0,"Apartamento à venda, 4 quartos, 1 suíte, 1 vaga, Lourdes - Belo Horizonte/MG",R$ 950.000,R$ 450,R$ 3.709,27/10 às 05:56
"Lourdes_Belo Horizonte, Lourdes_Q4_B3",1247432625.0,"Apartamento à venda, 4 quartos, 1 suíte, 1 vaga, Lourdes - Belo Horizonte/MG",R$ 799.000,R$ 765,R$ 3.238,27/10 às 05:56
"Centro_Belo Horizonte, Centro_QNone_BNone",1247432591.0,"Andar Corrido à venda, Centro - Belo Horizonte/MG",R$ 1.500.000,R$ 5.113,R$ 2.389,27/10 às 05:56
"Lourdes_Belo Horizonte, Lourdes_Q4_B4",1247432498.0,"Área Privativa à venda, 4 quartos, 2 suítes, 4 vagas, Lourdes - Belo Horizonte/MG",R$ 2.749.000,R$ 2.150,R$ 13.017,27/10 às 05:56
"Lourdes_Belo Horizonte, Lourdes_Q3_B2",1247432449.0,"Apartamento à venda, 3 quartos, 1 suíte, Lourdes - Belo Horizonte/MG",R$ 900.000,R$ 476,R$ 0,27/10 às 05:56
"Lourdes_Belo Horizonte, Lourdes_QNone_BNone",1247432249.0,"Casa Comercial à venda, 6 quartos, 1 suíte, 16 vagas, Lourdes - Belo Horizonte/MG",R$ 10.000.000,R$ 0,R$ 0,27/10 às 05:55
"Lourdes_Belo Horizonte, Lourdes_Q3_B3",1247432251.0,"Apartamento à venda, 3 quartos, 1 suíte, 2 vagas, Lourdes - Belo Horizonte/MG",R$ 1.450.000,R$ 1.200,R$ 0,27/10 às 05:55
"Lourdes_Belo Horizonte, Lourdes_Q2_B2",1247432217.0,"Apartamento à venda, 2 quartos, 2 suítes, 2 vagas, Lourdes - Belo Horizonte/MG",R$ 1.400.000,R$ 1.300,R$ 1.661,27/10 às 05:55
"Lourdes_Belo Horizonte, Lourdes_Q4_B4",1247432086.0,"Apartamento à venda, 4 quartos, 4 suítes, 3 vagas, Lourdes - Belo Horizonte/MG",R$ 2.700.000,R$ 1.900,R$ 0,27/10 às 05:55
"Lourdes_Belo Horizonte, Lourdes_Q2_B3",1247432039.0,"Apartamento à venda, 2 quartos, 2 suítes, 2 vagas, Lourdes - Belo Horizonte/MG",R$ 1.400.000,R$ 1.000,R$ 4.400,27/10 às 05:55
"Centro_Belo Horizonte, Centro_Q3_B3",1247431941.0,"Apartamento à venda, 3 quartos, 1 suíte, Centro - Belo Horizonte/MG",R$ 800.000,R$ 500,R$ 1.711,27/10 às 05:55
"Lourdes_Belo Horizonte, Lourdes_Q4_B2",1247431868.0,"Cobertura à venda, 4 quartos, 1 suíte, 3 vagas, Lourdes - Belo Horizonte/MG",R$ 2.720.000,R$ 2.200,R$ 0,27/10 às 05:55
"Lourdes_Belo Horizonte, Lourdes_Q4_B3",1247431841.0,"Apartamento à venda, 4 quartos, 1 suíte, 2 vagas, Lourdes - Belo Horizonte/MG",R$ 1.490.000,R$ 1.650,R$ 566,27/10 às 05:55
"Lourdes_Belo Horizonte, Lourdes_Q2_B4",1247431491.0,"Apartamento à venda, 2 quartos, 2 suítes, 1 vaga, Lourdes - Belo Horizonte/MG",R$ 1.380.000,R$ 385,R$ 3.050,27/10 às 05:55
"Lourdes_Belo Horizonte, Lourdes_QNone_BNone",1247402019.0,"Sala para aluguel, Lourdes - Belo Horizonte/MG",R$ 1.200,R$ 405,R$ 1.720,27/10 às 01:17
"Lourdes_Belo Horizonte, Lourdes_Q2_B3",1247380576.0,"Apartamento para venda com 2 Quartos e 3 banheiros no Lourdes, 77 m²",R$ 1.050.000,R$ 982,R$ 295,26/10 às 23:41
"Lourdes_Belo Horizonte, Lourdes_Q4_B3",1247374611.0,Venda Cobertura Lourdes Belo Horizonte,R$ 1.300.000,R$ 2.100,R$ 300,26/10 às 23:09
"Lourdes_Belo Horizonte, Lourdes_QNone_BNone",1247232611.0,Ponto comercial/Loja/Box para aluguel possui 1000 metros quadrados em Lourdes - Belo Horiz,R$ 28.000,R$ 200,R$ 2.747,26/10 às 15:48
"Lourdes_Belo Horizonte, Lourdes_Q4_B5 ou mais",1247027080.0,"Apto de 4 quartos, 3 suítes, 4 vagas a um quarteirão do Minas Tênis 1",R$ 4.200.000,R$ 2.900,R$ 1.200,26/10 às 02:16
"Lourdes_Belo Horizonte, Lourdes_Q4_B4",1246579605.0,Lourdes venda cobertura 04 quartos 03 suites 04 vg,R$ 3.000.000,R$ 3.013,R$ 1.152,24/10 às 19:00
"Centro_Belo Horizonte, Centro_Q2_B1",1246308819.0,Venda Apartamento 2 quartos Centro Belo Horizonte,R$ 790.000,R$ 1.000,R$ 379,24/10 às 01:56
"Lourdes_Belo Horizonte, Lourdes_Q2_B2",1246298503.0,"Apartamento Garden com 2 dormitórios à venda, 119 m² por R$ 1.443.497,61 - Lourdes - Belo",R$ 1.443.498,R$ 0,R$ 0,24/10 às 00:55
"Lourdes_Belo Horizonte, Lourdes_QNone_BNone",1246260989.0,"Andar Corporativo para alugar, 887 m² por R$ 44.300/mês - Lourdes - Belo Horizonte/MG",R$ 44.300,R$ 4.500,R$ 2.823,23/10 às 22:47
"Lourdes_Belo Horizonte, Lourdes_Q2_B1",1245520366.0,"Apartamento à venda, 2 quartos, 1 vaga, Lourdes - Belo Horizonte/MG",R$ 732.709,R$ 0,R$ 0,21/10 às 03:51
"Lourdes_Belo Horizonte, Lourdes_Q2_B2",1245520176.0,"Apartamento à venda, 2 quartos, 1 suíte, 1 vaga, Lourdes - Belo Horizonte/MG",R$ 856.796,R$ 0,R$ 0,21/10 às 03:49
"Lourdes_Belo Horizonte, Lourdes_Q3_B3",1245516941.0,"Cobertura à venda, 3 quartos, 1 suíte, 3 vagas, Lourdes - Belo Horizonte/MG",R$ 2.099.000,R$ 1.390,R$ 690,21/10 às 03:00
"Lourdes_Belo Horizonte, Lourdes_Q5 ou mais_B3",1245229786.0,Belo Horizonte - Casa Comercial - Lourdes,R$ 4.400.000,R$ 0,R$ 0,20/10 às 06:17
"Lourdes_Belo Horizonte, Lourdes_Q3_B4",1244887347.0,"Apartamento à venda, 3 quartos, 1 suíte, 2 vagas, Lourdes - Belo Horizonte/MG",R$ 1.990.000,R$ 700,R$ 550,19/10 às 05:19
"Lourdes_Belo Horizonte, Lourdes_Q3_B4",1244862795.0,Venda Cobertura Lourdes Belo Horizonte,R$ 1.889.000,R$ 1.470,R$ 700,19/10 às 00:21
"Lourdes_Belo Horizonte, Lourdes_QNone_BNone",1244724899.0,Aluguel - SALA - LOURDES BELO HORIZONTE MG,R$ 750,R$ 455,R$ 158,18/10 às 16:24
"Lourdes_Belo Horizonte, Lourdes_Q3_B2",1244678287.0,Oportunidade Lourdes,R$ 950.000,R$ 1.750,R$ 0,18/10 às 13:35
"Centro_Belo Horizonte, Centro_Q3_B4",1244585632.0,Edifício Nicolina Teixeira: Excelente oportunidade apartamento de 220m² aproximadamente 30,R$ 636.000,R$ 1.006,R$ 2.607,18/10 às 04:55
"Lourdes_Belo Horizonte, Lourdes_QNone_BNone",1244231085.0,Locação Loja Lourdes Belo Horizonte,R$ 1.500,R$ 0,R$ 164,17/10 às 07:07
"Lourdes_Belo Horizonte, Lourdes_QNone_BNone",1244224952.0,Loja alugar Lourdes / Savassi,R$ 28.000,R$ 380,R$ 2.738,17/10 às 06:39
"Lourdes_Belo Horizonte, Lourdes_QNone_BNone",1244143606.0,Predio inteiro,R$ 9.500,R$ 0,R$ 830,17/10 às 00:55
"Centro_Belo Horizonte, Centro_QNone_BNone",1242857773.0,"Sala para aluguel, Centro - Belo Horizonte/MG",R$ 350,R$ 280,R$ 1.256,12/10 às 07:28
"Santo Agostinho_Belo Horizonte, Santo Agostinho_QNone_BNone",1242848241.0,"Andar corrido à venda, 3 vagas, Santo Agostinho - Belo Horizonte/MG",R$ 1.200.000,R$ 5.111,R$ 951,12/10 às 04:57
"Santo Agostinho_Belo Horizonte, Santo Agostinho_QNone_BNone",1242847960.0,"Loja à venda, Santo Agostinho - Belo Horizonte/MG",R$ 1.298.000,R$ 0,R$ 760,12/10 às 04:53
"Lourdes_Belo Horizonte, Lourdes_Q2_B3",1242840302.0,"Apartamento 2 quartos, 2 suítes, lavabo ao lado do Minas 1 - Lourdes",R$ 1.140.000,R$ 300,R$ 0,12/10 às 01:54
"Lourdes_Belo Horizonte, Lourdes_QNone_BNone",1242612650.0,Sala à venda no Lourdes,R$ 500.000,R$ 1.100,R$ 305,11/10 às 10:18
"Lourdes_Belo Horizonte, Lourdes_QNone_BNone",1242554164.0,Savassi - Loja para aluguel na Anuar Donato,R$ 28.000,R$ 380,R$ 2.737,11/10 às 05:56
"Lourdes_Belo Horizonte, Lourdes_Q4_B3",1242287146.0,Venda - APARTAMENTO - LOURDES BELO HORIZONTE MG,R$ 1.750.000,R$ 0,R$ 520,10/10 às 13:31
"Lourdes_Belo Horizonte, Lourdes_QNone_BNone",1242255704.0,LOJA - LOURDES,R$ 7.000,R$ 0,R$ 361,10/10 às 12:21
"Lourdes_Belo Horizonte, Lourdes_QNone_BNone",1241486440.0,Venda Commercial / Office Belo Horizonte MG,R$ 140.000,R$ 525,R$ 143,07/10 às 22:48
"Lourdes_Belo Horizonte, Lourdes_Q2_B3",1241168498.0,"Apartamento à venda, 2 quartos, 2 suítes, 1 vaga, Lourdes - Belo Horizonte/MG",R$ 1.388.000,R$ 0,R$ 0,06/10 às 22:07
"Lourdes_Belo Horizonte, Lourdes_Q2_B2",1240686257.0,"Apartamento com área privativa à venda, 2 quartos, 1 suíte, 2 vagas, Lourdes - Belo Horizo",R$ 1.364.444,R$ 400,R$ 0,05/10 às 14:43
"Lourdes_Belo Horizonte, Lourdes_Q1_B2",1240686244.0,"Apartamento à venda, 1 quarto, 1 suíte, 2 vagas, Lourdes - Belo Horizonte/MG",R$ 1.129.332,R$ 400,R$ 0,05/10 às 14:43
"Lourdes_Belo Horizonte, Lourdes_Q2_B2",1240685980.0,"Apartamento à venda, 2 quartos, 1 suíte, 2 vagas, Lourdes - Belo Horizonte/MG",R$ 1.044.973,R$ 400,R$ 0,05/10 às 14:41
"Lourdes_Belo Horizonte, Lourdes_Q2_B3",1240546764.0,Apartamento de 02 quartos no Lourdes,R$ 1.000.000,R$ 1.300,R$ 489,05/10 às 08:22
"Lourdes_Belo Horizonte, Lourdes_QNone_BNone",1240314055.0,Loja com 580 m² no Lourdes,R$ 38.000,R$ 0,R$ 1.880,04/10 às 12:07
"Lourdes_Belo Horizonte, Lourdes_QNone_BNone",1240057282.0,ANDAR DE 162m2 NO BAIRRO DE LOURDES,R$ 1.490.000,R$ 1.250,R$ 1.210,03/10 às 16:02
"Lourdes_Belo Horizonte, Lourdes_QNone_BNone",1240003597.0,IMPERDIVEL,R$ 3.200,R$ 1.591,R$ 704,03/10 às 13:38
"Lourdes_Belo Horizonte, Lourdes_Q3_B3",1239962474.0,Venda Apartamento 3 quartos Lourdes Belo Horizonte,R$ 1.260.000,R$ 1.350,R$ 488,03/10 às 11:34
"Lourdes_Belo Horizonte, Lourdes_Q4_B4",1239931319.0,Venda Cobertura Lourdes Belo Horizonte,R$ 4.390.000,R$ 1.600,R$ 783,03/10 às 10:14
"Centro_Belo Horizonte, Centro_QNone_BNone",1239891219.0,"Loja para aluguel, Centro - Belo Horizonte/MG",R$ 5.500,R$ 0,R$ 2.334,03/10 às 07:47
"Lourdes_Belo Horizonte, Lourdes_Q3_B3",1239851595.0,Venda Apartamento 3 quartos Lourdes Belo Horizonte,R$ 1.400.000,R$ 780,R$ 401,03/10 às 00:53
"Centro_Belo Horizonte, Centro_Q2_B1",1239849575.0,Venda Apartamento 2 quartos Centro Belo Horizonte,R$ 790.000,R$ 1.000,R$ 379,03/10 às 00:28
"Lourdes_Belo Horizonte, Lourdes_Q4_B1",1239835913.0,Venda Apartamento 4 quartos Lourdes Belo Horizonte,R$ 760.000,R$ 750,R$ 230,02/10 às 23:38
"Lourdes_Belo Horizonte, Lourdes_QNone_BNone",1239019387.0,Sala à venda no Lourdes,R$ 1.490.000,R$ 1.200,R$ 1.200,30/09 às 09:57
"Lourdes_Belo Horizonte, Lourdes_QNone_BNone",1239007581.0,SALA À VENDA NA SAVASSI,R$ 110.000,R$ 280,R$ 1.662,30/09 às 09:16
"Lourdes_Belo Horizonte, Lourdes_QNone_BNone",1239006889.0,"Sala à venda, 3 vagas, Lourdes - Belo Horizonte/MG",R$ 1.380.000,R$ 1.500,R$ 700,30/09 às 09:13
"Lourdes_Belo Horizonte, Lourdes_Q4_B5 ou mais",1238987998.0,"Cobertura à venda, 4 quartos, 4 suítes, 5 vagas, Lourdes - Belo Horizonte/MG",R$ 4.950.000,R$ 0,R$ 0,30/09 às 07:42
"Lourdes_Belo Horizonte, Lourdes_Q2_B2",1238957186.0,Venda - COBERTURA - Lourdes Belo Horizonte MG,R$ 1.800.000,R$ 2.200,R$ 650,30/09 às 01:29
"Centro_Belo Horizonte, Centro_Q3_B2",1238923584.0,Apartamento com 3 quartos à venda em Belo Horizonte,R$ 860.000,R$ 725,R$ 100,29/09 às 21:59
"Lourdes_Belo Horizonte, Lourdes_Q2_B2",1238655999.0,Apartamento Lourdes,R$ 1.100.000,R$ 800,R$ 295,29/09 às 07:39
"Lourdes_Belo Horizonte, Lourdes_Q4_B3",1238620865.0,"Apartamento à venda, 4 quartos, 1 suíte, 2 vagas, Lourdes - Belo Horizonte/MG",R$ 1.490.000,R$ 2.000,R$ 642,29/09 às 02:49
"Lourdes_Belo Horizonte, Lourdes_QNone_BNone",1238611668.0,"Sala Comercial e 1 banheiro à Venda, 20 m² por R$ 220.000",R$ 150.000,R$ 280,R$ 150,29/09 às 01:21
"Lourdes_Belo Horizonte, Lourdes_Q3_B2",1238582330.0,APARTAMENTO 2 QUARTOS A VENDA LOURDES,R$ 1.905.958,R$ 1.500,R$ 4.891,28/09 às 22:22
"Centro_Belo Horizonte, Centro_Q4_B3",1238575104.0,Apartamento com 4 quartos à venda em Belo Horizonte,R$ 900.000,R$ 3.062,R$ 1.000,28/09 às 22:00
"Lourdes_Belo Horizonte, Lourdes_Q4_B5 ou mais",1238561344.0,APTO. 04 QTOS. 02 SUITES E 02 SEMI-SUITES B. LOURDES/ STO. AGOSTINHO BH. MG,R$ 3.650.000,R$ 2.600,R$ 15.000,28/09 às 21:15
"Lourdes_Belo Horizonte, Lourdes_Q3_B2",1238554278.0,APARTAMENTO - LOURDES,R$ 1.290.000,R$ 1.180,R$ 605,28/09 às 20:46
"Lourdes_Belo Horizonte, Lourdes_Q4_B5 ou mais",1238553496.0,APTO. 04 QUARTOS 02 SUÍTES B. LOURDES/SANTO AGOSTINHO BH.,R$ 2.650.000,R$ 3.500,R$ 12.000,28/09 às 20:42
"Lourdes_Belo Horizonte, Lourdes_Q3_B3",1238550041.0,Venda - APARTAMENTO - Lourdes Belo Horizonte MG,R$ 840.000,R$ 1.250,R$ 2.434,28/09 às 20:32
"Lourdes_Belo Horizonte, Lourdes_Q4_B5 ou mais",1238402166.0,"Apartamento à venda, 4 quartos, 2 suítes, 3 vagas, Lourdes - Belo Horizonte/MG",R$ 3.000.000,R$ 3.000,R$ 0,28/09 às 13:26
"Lourdes_Belo Horizonte, Lourdes_Q4_B5 ou mais",1238296039.0,"Apartamento 4 Quartos à venda, 4 quartos, 2 suítes, 3 vagas, Lourdes - Belo Horizonte/MG",R$ 1.750.000,R$ 1.090,R$ 898,28/09 às 08:25
"Lourdes_Belo Horizonte, Lourdes_Q4_B5 ou mais",1238288027.0,"Apartamento à venda, 4 quartos, 2 suítes, 3 vagas, Lourdes - Belo Horizonte/MG",R$ 3.000.000,R$ 3.000,R$ 0,28/09 às 07:48
"Lourdes_Belo Horizonte, Lourdes_Q4_B5 ou mais",1238251704.0,"Apartamento à venda, 4 quartos, 2 suítes, 3 vagas, Lourdes - Belo Horizonte/MG",R$ 3.000.000,R$ 3.000,R$ 0,28/09 às 00:53
"Lourdes_Belo Horizonte, Lourdes_QNone_BNone",1238026125.0,Ótima loja e sobreloja,R$ 6.000,R$ 0,R$ 641,27/09 às 12:04
"Lourdes_Belo Horizonte, Lourdes_Q3_B3",1237921098.0,"Apartamento a venda com 3 quartos, sendo 1 suíte, lazer completo na melhor localização do",R$ 1.490.000,R$ 750,R$ 3.498,27/09 às 02:23
"Lourdes_Belo Horizonte, Lourdes_Q2_B3",1237887893.0,Apartamento para aluguel no Bairro Lourdes - Belo Horizonte - MG,R$ 4.500,R$ 800,R$ 3.500,26/09 às 22:15
"Lourdes_Belo Horizonte, Lourdes_QNone_BNone",1237554889.0,SALA - LOURDES .,R$ 420.000,R$ 500,R$ 220,25/09 às 23:31
"Santo Agostinho_Belo Horizonte, Santo Agostinho_QNone_BNone",1237467153.0,"Loja para aluguel, 1 vaga, Santo Agostinho - Belo Horizonte/MG",R$ 5.950,R$ 0,R$ 808,25/09 às 19:12
"Lourdes_Belo Horizonte, Lourdes_Q4_B3",1237463999.0,Apartamento Lourdes.,R$ 1.900.000,R$ 0,R$ 0,25/09 às 19:09
"Lourdes_Belo Horizonte, Lourdes_Q3_B3",1237258001.0,COBERTURA - LOURDES.,R$ 1.950.000,R$ 1.182,R$ 604,25/09 às 07:16
"Lourdes_Belo Horizonte, Lourdes_Q1_B1",1236824873.0,Venda Cobertura Lourdes Belo Horizonte,R$ 1.000.000,R$ 450,R$ 0,23/09 às 09:41
"Lourdes_Belo Horizonte, Lourdes_Q1_B1",1236821985.0,Venda Cobertura Lourdes Belo Horizonte,R$ 1.000.000,R$ 450,R$ 0,23/09 às 09:35
"Lourdes_Belo Horizonte, Lourdes_QNone_BNone",1236631339.0,Venda - SALA - LOURDES BELO HORIZONTE MG,R$ 900.000,R$ 420,R$ 0,22/09 às 17:05
"Lourdes_Belo Horizonte, Lourdes_Q3_B2",1236574482.0,APARTAMENTO DE 104m2 NO BAIRRO DE LOURDES,R$ 1.200.000,R$ 983,R$ 483,22/09 às 14:20
"Lourdes_Belo Horizonte, Lourdes_Q2_B3",1236447438.0,Venda Cobertura Lourdes Belo Horizonte,R$ 1.100.000,R$ 350,R$ 260,22/09 às 08:24
"Lourdes_Belo Horizonte, Lourdes_Q2_B2",1236434559.0,"Apartamento à venda, 2 quartos, 1 suíte, 2 vagas, Lourdes - Belo Horizonte/MG",R$ 1.208.000,R$ 0,R$ 0,22/09 às 07:17
"Cidade Jardim_Belo Horizonte, Cidade Jardim_Q4_B3",1236424622.0,"Apartamento 4 dormitórios à venda, 131 m² por R$ 2.450.000 - Lourdes - Belo Horizonte/MG",R$ 2.450.000,R$ 0,R$ 0,22/09 às 05:46
"Santo Antônio_Belo Horizonte, Santo Antônio_Q3_B2",1236375252.0,Venda - APARTAMENTO - SANTO ANTONIO Belo Horizonte MG,R$ 450.000,R$ 630,R$ 144,21/09 às 23:19
"Lourdes_Belo Horizonte, Lourdes_QNone_BNone",1236328829.0,Lourdes - Andar corrido à venda na Anuar Donato,R$ 1.453.000,R$ 3.129,R$ 567,21/09 às 19:58
"Lourdes_Belo Horizonte, Lourdes_Q2_B2",1236305662.0,Apartamento à venda no bairro de Lourdes,R$ 930.000,R$ 0,R$ 0,21/09 às 18:33
"Lourdes_Belo Horizonte, Lourdes_Q4_B2",1236152343.0,"APARTAMENTO, 4 QUARTOS, LAZER COMPLETO À VENDA NO SANTO AGOSTINHO.",R$ 2.900.000,R$ 2.051,R$ 1.296,21/09 às 11:29
"Lourdes_Belo Horizonte, Lourdes_Q1_B2",1235985495.0,"Apartamento com 1 dormitório à venda, 39 m² por R$ 806.620,00 - Lourdes - Belo Horizonte/M",R$ 806.620,R$ 0,R$ 0,20/09 às 21:23
"Lourdes_Belo Horizonte, Lourdes_QNone_BNone",1235859045.0,"Andar corrido para aluguel, 3 vagas, Lourdes - Belo Horizonte/MG",R$ 11.900,R$ 2.058,R$ 480,20/09 às 14:52
"Lourdes_Belo Horizonte, Lourdes_Q2_B2",1235692546.0,APARTAMENTO 2 QUARTOS A VENDA LOURDES,R$ 980.000,R$ 375,R$ 2.974,20/09 às 08:03
"Lourdes_Belo Horizonte, Lourdes_QNone_BNone",1235689439.0,Lojão com 320 m2 em frente a Basílica de Lourdes,R$ 27.900,R$ 0,R$ 0,20/09 às 07:51
"Lourdes_Belo Horizonte, Lourdes_QNone_BNone",1235687466.0,"LOJA COM 3 PAVIMENTOS, 460 m² - LOURDES",R$ 29.000,R$ 0,R$ 21.900,20/09 às 07:38
"Lourdes_Belo Horizonte, Lourdes_QNone_BNone",1235637252.0,EXCELENTE LOJA COM 354M² - LOURDES,R$ 35.000,R$ 0,R$ 1.530,20/09 às 00:34
"Centro_Belo Horizonte, Centro_QNone_BNone",1235560940.0,LOJA COM 86 M² - CENTRO,R$ 8.000,R$ 0,R$ 218,19/09 às 19:14
"Lourdes_Belo Horizonte, Lourdes_Q2_B4",1235508982.0,"Cobertura à venda, 2 quartos, 1 suíte, 2 vagas, Lourdes - Belo Horizonte/MG",R$ 1.390.000,R$ 2.422,R$ 480,19/09 às 16:25
"Centro_Belo Horizonte, Centro_QNone_BNone",1235302655.0,"Loja para aluguel, Centro - Belo Horizonte",R$ 3.000,R$ 1.218,R$ 339,19/09 às 05:24
"Lourdes_Belo Horizonte, Lourdes_QNone_BNone",1235103807.0,Loja comercial para aluguel Lourdes - Belo Horizonte - MG,R$ 1.000,R$ 130,R$ 109,18/09 às 15:50
"Lourdes_Belo Horizonte, Lourdes_QNone_BNone",1234039364.0,Sala comercial à venda. 90 m² com 2 banheiros e 1 vaga de garagem por R$ 670.000,R$ 670.000,R$ 1.309,R$ 305,15/09 às 09:55
"Lourdes_Belo Horizonte, Lourdes_Q2_B2",1233982131.0,"Apto 2 quartos, suíte 2 vagas, elevador",R$ 1.252.471,R$ 700,R$ 1,15/09 às 06:23
"Lourdes_Belo Horizonte, Lourdes_Q1_B1",1233951965.0,Venda - APARTAMENTO - Lourdes Belo Horizonte MG,R$ 640.000,R$ 640,R$ 236,15/09 às 02:28
"Lourdes_Belo Horizonte, Lourdes_Q5 ou mais_B5 ou mais",1233942000.0,Venda - CASA - Lourdes Belo Horizonte MG,R$ 1.600.000,R$ 0,R$ 1.423,15/09 às 01:04
"Lourdes_Belo Horizonte, Lourdes_Q2_B2",1233935649.0,Venda - APARTAMENTO - Lourdes Belo Horizonte MG,R$ 716.256,R$ 0,R$ 0,15/09 às 00:24
"Lourdes_Belo Horizonte, Lourdes_QNone_BNone",1233922734.0,Aluguel - LOJA - Lourdes Belo Horizonte MG,R$ 30.000,R$ 250,R$ 2.500,14/09 às 23:17
"Lourdes_Belo Horizonte, Lourdes_Q2_B2",1233918970.0,Venda - COBERTURA - Lourdes Belo Horizonte MG,R$ 950.000,R$ 580,R$ 292,14/09 às 23:00
"Lourdes_Belo Horizonte, Lourdes_Q4_B4",1233890304.0,Espaçoso Apartamento de 4 Quartos com 143m² - Bairro de Lourdes,R$ 2.790.000,R$ 1.200,R$ 300,14/09 às 21:16
"Lourdes_Belo Horizonte, Lourdes_Q2_B2",1233884209.0,Venda de Apartamentos / Padrão na cidade de Belo Horizonte,R$ 1.081.131,R$ 0,R$ 0,14/09 às 20:56
"Centro_Belo Horizonte, Centro_QNone_BNone",1233694972.0,Sala com à venda - Centro,R$ 130.000,R$ 463,R$ 1.264,14/09 às 12:11
"Lourdes_Belo Horizonte, Lourdes_Q4_B3",1233581766.0,"Apartamento à venda, 4 quartos, 2 suítes, 5 vagas, Lourdes - Belo Horizonte/MG",R$ 2.200.000,R$ 1.800,R$ 953,14/09 às 05:36
"Lourdes_Belo Horizonte, Lourdes_QNone_BNone",1233096335.0,Aluguel - CONJ SALAS - SANTO AGOSTINHO Belo Horizonte MG,R$ 3.150,R$ 1.100,R$ 314,12/09 às 21:24
"Lourdes_Belo Horizonte, Lourdes_Q2_B2",1232677933.0,Aluguel - APARTAMENTO - LOURDES BELO HORIZONTE MG,R$ 6.200,R$ 1.389,R$ 480,11/09 às 21:13
"Lourdes_Belo Horizonte, Lourdes_Q2_B2",1231786215.0,Venda Apartamento 2 quartos Lourdes Belo Horizonte,R$ 1.050.000,R$ 800,R$ 310,09/09 às 00:55
"Lourdes_Belo Horizonte, Lourdes_Q2_B2",1231786218.0,Venda Apartamento 2 quartos Lourdes Belo Horizonte,R$ 954.000,R$ 800,R$ 310,09/09 às 00:55
"Lourdes_Belo Horizonte, Lourdes_Q2_B2",1231786209.0,Venda Apartamento 2 quartos Lourdes Belo Horizonte,R$ 1.166.000,R$ 800,R$ 310,09/09 às 00:55
"Lourdes_Belo Horizonte, Lourdes_Q2_B2",1231786208.0,Venda Apartamento 2 quartos Lourdes Belo Horizonte,R$ 1.116.000,R$ 800,R$ 310,09/09 às 00:55
"Lourdes_Belo Horizonte, Lourdes_Q2_B3",1231580992.0,Apartamento com 02 Suítes e Lavabo,R$ 1.150.000,R$ 0,R$ 0,08/09 às 12:59
"Lourdes_Belo Horizonte, Lourdes_Q2_B2",1231455174.0,"Apartamento 2 quartos, 1 suíte para venda no Bairro Lourdes, A duas quadras do Mercado Cen",R$ 907.320,R$ 0,R$ 0,08/09 às 03:46
"Lourdes_Belo Horizonte, Lourdes_Q2_B2",1231455175.0,"Área privativa 2 quartos, 2 vagas para a venda no Bairro de Lourdes, Belo Horizonte -MG",R$ 1.390.000,R$ 450,R$ 3.840,08/09 às 03:46
"Lourdes_Belo Horizonte, Lourdes_Q4_B4",1231435828.0,"Apartamento à venda, 4 quartos, 1 suíte, 4 vagas, Lourdes - Belo Horizonte/MG",R$ 1.500.000,R$ 2.000,R$ 106,07/09 às 23:42
"Lourdes_Belo Horizonte, Lourdes_QNone_BNone",1231435762.0,Sala para aluguel no Lourdes,R$ 1.200,R$ 350,R$ 150,07/09 às 23:42
"Lourdes_Belo Horizonte, Lourdes_QNone_BNone",1231082869.0,Aluguel - SALA - SANTO AGOSTINHO Belo Horizonte MG,R$ 1.155,R$ 474,R$ 157,06/09 às 21:08
"Lourdes_Belo Horizonte, Lourdes_QNone_BNone",1231010579.0,Ponto comercial/Loja/Box para venda tem 86 metros quadrados em Lourdes - Belo Horizonte - ,R$ 950.000,R$ 594,R$ 1,06/09 às 17:20
"Lourdes_Belo Horizonte, Lourdes_Q2_B3",1230933136.0,Apartamento 02 quartos em Lourdes próximo ao Minas Tênis Clube I,R$ 1.150.000,R$ 772,R$ 3.022,06/09 às 14:36
"Lourdes_Belo Horizonte, Lourdes_Q2_B2",1230678686.0,Venda - AREA PRIVATIVA - LOURDES BELO HORIZONTE MG,R$ 1.250.000,R$ 550,R$ 420,05/09 às 22:08
"Lourdes_Belo Horizonte, Lourdes_QNone_BNone",1230321616.0,Loja com 660 m² pronta para usar no Lourdes (BH),R$ 50.000,R$ 0,R$ 1.870,05/09 às 04:12
"Lourdes_Belo Horizonte, Lourdes_Q2_B2",1229414480.0,APARTAMENTO Á VENDA - BAIRRO DE LOURDES,R$ 1.115.000,R$ 700,R$ 468,02/09 às 09:44
"Lourdes_Belo Horizonte, Lourdes_Q3_B3",1229338648.0,"Apartamento com 3 dormitórios à venda, 144 m² por R$ 2.090.000,00 - Lourdes - Belo Horizon",R$ 2.090.000,R$ 0,R$ 0,02/09 às 01:24
"Lourdes_Belo Horizonte, Lourdes_Q4_B5 ou mais",1229216604.0,"Cobertura à venda em Belo Horizonte, Lourdes, com 4 suítes, com 290 m², Château Fort de Lo",R$ 3.800.000,R$ 1.002,R$ 280,01/09 às 17:49
"Lourdes_Belo Horizonte, Lourdes_QNone_BNone",1229142116.0,"02 Salas para venda, com a vaga de garagem no bairro Lourdes - Belo Horizonte - MG",R$ 250.000,R$ 824,R$ 308,01/09 às 14:42
"Lourdes_Belo Horizonte, Lourdes_QNone_BNone",1229136910.0,"Sala Comercial para Venda em Belo Horizonte, Lourdes, 3 banheiros, 2 vagas",R$ 1.500.000,R$ 820,R$ 4.500,01/09 às 14:33
"Lourdes_Belo Horizonte, Lourdes_QNone_BNone",1228958146.0,"Sala à venda, Lourdes - Belo Horizonte/MG",R$ 109.000,R$ 288,R$ 1.250,01/09 às 08:10
"Lourdes_Belo Horizonte, Lourdes_QNone_BNone",1228864509.0,Sala para alugar no Bairro de Lourdes,R$ 1.220,R$ 0,R$ 297,01/09 às 00:19
"Lourdes_Belo Horizonte, Lourdes_Q4_B3",1228600830.0,"Apartamento à venda, 4 quartos, 1 suíte, 2 vagas, Lourdes - Belo Horizonte/MG",R$ 1.700.000,R$ 1.600,R$ 700,31/08 às 11:51
"Lourdes_Belo Horizonte, Lourdes_QNone_BNone",1228458919.0,"Prédio Comercial para aluguel, 44 vagas, Lourdes - Belo Horizonte/MG",R$ 102.000,R$ 0,R$ 0,31/08 às 01:03
"Lourdes_Belo Horizonte, Lourdes_Q2_B2",1228012792.0,"Apartamento à venda, 2 quartos, 1 suíte, 2 vagas, Lourdes - Belo Horizonte/MG",R$ 998.000,R$ 1,R$ 1,30/08 às 04:30
"Lourdes_Belo Horizonte, Lourdes_Q2_B2",1228012366.0,"Apartamento à venda, 2 quartos, 1 suíte, Lourdes - Belo Horizonte/MG",R$ 850.000,R$ 0,R$ 0,30/08 às 04:27
"Lourdes_Belo Horizonte, Lourdes_Q3_B2",1228011659.0,"Apartamento à venda, 3 quartos, 1 suíte, 2 vagas, Lourdes - Belo Horizonte/MG",R$ 1.149.572,R$ 1,R$ 1,30/08 às 04:22
"Lourdes_Belo Horizonte, Lourdes_Q2_B2",1228011341.0,"Apartamento à venda, 2 quartos, 1 suíte, 2 vagas, Lourdes - Belo Horizonte/MG",R$ 1.081.000,R$ 1,R$ 1,30/08 às 04:21
"Lourdes_Belo Horizonte, Lourdes_Q4_B2",1228000229.0,APARTAMENTO À VENDA - 158 m² - LOURDES - BELO HORIZONTE (MG),R$ 775.000,R$ 1.420,R$ 219,30/08 às 02:15
"Lourdes_Belo Horizonte, Lourdes_QNone_BNone",1227828781.0,Casa Comercial para Locação Lourdes,R$ 24.000,R$ 0,R$ 840,29/08 às 15:56
"Lourdes_Belo Horizonte, Lourdes_QNone_BNone",1227826894.0,Loja para locação no Bairro Lourdes Belo Horizonte MG,R$ 5.550,R$ 255,R$ 3.850,29/08 às 15:50
"Lourdes_Belo Horizonte, Lourdes_QNone_BNone",1227826859.0,Loja com 320 m² para alugar no Bairro de Lourdes,R$ 28.000,R$ 0,R$ 16.215,29/08 às 15:50
"Lourdes_Belo Horizonte, Lourdes_QNone_BNone",1227825549.0,Loja com 100 m² para alugar no Bairro de Lourdes,R$ 4.500,R$ 0,R$ 2.328,29/08 às 15:43
"Lourdes_Belo Horizonte, Lourdes_QNone_BNone",1227824978.0,Sala para locação no Bairro de Lourdes,R$ 1.000,R$ 230,R$ 1.980,29/08 às 15:41
"Lourdes_Belo Horizonte, Lourdes_QNone_BNone",1227819584.0,Sala com 65 m² para alugar no Bairro de Lourdes,R$ 1.520,R$ 700,R$ 90,29/08 às 15:35
"Lourdes_Belo Horizonte, Lourdes_Q3_B3",1227616073.0,"Apartamento com 3 dormitórios à venda, 164 m² por R$ 1.250.000,00 - Lourdes - Belo Horizon",R$ 1.250.000,R$ 380,R$ 305,29/08 às 06:09
"Lourdes_Belo Horizonte, Lourdes_QNone_BNone",1227599249.0,"Sala para aluguel, Lourdes - Belo Horizonte/MG",R$ 1.000,R$ 615,R$ 2.158,29/08 às 03:49
"Lourdes_Belo Horizonte, Lourdes_QNone_BNone",1227578953.0,Andar Comercial com 127 m² no Lourdes para alugar,R$ 4.500,R$ 0,R$ 0,28/08 às 23:29
"Lourdes_Belo Horizonte, Lourdes_Q4_B5 ou mais",1227574782.0,"Apartamento à venda, 4 quartos, 2 suítes, 3 vagas, Lourdes - Belo Horizonte/MG",R$ 2.980.000,R$ 2.716,R$ 14.127,28/08 às 23:05
"Lourdes_Belo Horizonte, Lourdes_Q2_B2",1226701624.0,"Á venda no Lourdes, excelente 2 quartos, sendo 1 suite com 2 vagas de garagem",R$ 850.000,R$ 890,R$ 3.634,26/08 às 05:59
"Lourdes_Belo Horizonte, Lourdes_Q4_B5 ou mais",1226699245.0,"Apartamento à venda, Ed. Liras de Gonzaga, Rua Tomaz Gonzaga, Lourdes, Belo Horizonte",R$ 5.500.000,R$ 3.240,R$ 20.600,26/08 às 05:32
"Lourdes_Belo Horizonte, Lourdes_Q3_B3",1226302239.0,"Apartamento com 3 dormitórios à venda, 82 m² por R$ 1.215.303 - Lourdes - Belo Horizonte/M",R$ 1.215.303,R$ 0,R$ 1.000,25/08 às 02:39
"Lourdes_Belo Horizonte, Lourdes_Q1_B1",1226251032.0,Aluguel - APARTAMENTO - LOURDES BELO HORIZONTE MG,R$ 3.100,R$ 913,R$ 380,24/08 às 21:24
"Lourdes_Belo Horizonte, Lourdes_Q2_B2",1226157174.0,"Apartamento à venda, 2 quartos, 1 suíte, 2 vagas, Lourdes - Belo Horizonte/MG",R$ 1.270.000,R$ 0,R$ 0,24/08 às 16:59
"Lourdes_Belo Horizonte, Lourdes_Q3_B5 ou mais",1226052591.0,Venda Cobertura Lourdes Belo Horizonte,R$ 7.300.000,R$ 3.000,R$ 2.544,24/08 às 12:53
"Lourdes_Belo Horizonte, Lourdes_Q2_B2",1226002191.0,Lindo Apartamento Alto Padrão 71 m² 2 Quartos 1 Suíte 2 Vagas no Lourdes,R$ 1.090.000,R$ 850,R$ 300,24/08 às 11:14
"Lourdes_Belo Horizonte, Lourdes_QNone_BNone",1225878030.0,"Sala para aluguel, Lourdes - Belo Horizonte/MG",R$ 550,R$ 333,R$ 1.488,24/08 às 03:34
"Lourdes_Belo Horizonte, Lourdes_Q4_B3",1225585677.0,Aluguel - APARTAMENTO - LOURDES Belo Horizonte MG,R$ 6.000,R$ 1.650,R$ 566,23/08 às 11:24
"Lourdes_Belo Horizonte, Lourdes_Q5 ou mais_B2",1225428715.0,Cobertura com 5 quartos à venda em Belo Horizonte,R$ 2.490.000,R$ 2.135,R$ 800,23/08 às 01:04
"Lourdes_Belo Horizonte, Lourdes_Q4_B2",1225382289.0,Apartamento com 4 quartos à venda em Belo Horizonte,R$ 1.300.000,R$ 850,R$ 3.200,22/08 às 21:55
"Lourdes_Belo Horizonte, Lourdes_Q5 ou mais_B4",1225219199.0,"Casa com 198 m°, 05 quartos e 02 vagas á venda no Lourdes.",R$ 2.800.000,R$ 0,R$ 12.000,22/08 às 15:23
"Lourdes_Belo Horizonte, Lourdes_QNone_BNone",1225157286.0,Locação Sala Lourdes Belo Horizonte,R$ 1.900,R$ 718,R$ 281,22/08 às 13:21
"Lourdes_Belo Horizonte, Lourdes_Q4_B4",1224826233.0,Apartamento 04 quartos em Lourdes próximo ao Minas Tênis Clube I,R$ 3.500.000,R$ 3.053,R$ 17.488,21/08 às 17:49
"Centro_Belo Horizonte, Centro_QNone_BNone",1224281281.0,Venda Andar-pilotis Centro Belo Horizonte,R$ 730.000,R$ 2.000,R$ 616,20/08 às 03:55
"Centro_Belo Horizonte, Centro_Q4_B2",1223984533.0,"Apartamento à venda, 4 quartos, 1 suíte, Centro - Belo Horizonte/MG",R$ 600.000,R$ 850,R$ 218,19/08 às 05:35
"Lourdes_Belo Horizonte, Lourdes_Q2_B2",1223979282.0,APARTAMENTO DE 2 QUARTOS À VENDA NO LOURDES,R$ 1.164.502,R$ 900,R$ 4.888,19/08 às 05:01
"Lourdes_Belo Horizonte, Lourdes_Q2_B2",1223979280.0,APARTAMENTO DE 2 QUARTOS À VENDA NO LOURDES,R$ 1.097.787,R$ 950,R$ 4.831,19/08 às 05:01
"Lourdes_Belo Horizonte, Lourdes_Q4_B4",1223563405.0,"Apartamento à venda, 4 quartos, sendo 2 suítes, 5 vagas livres, Lourdes - Belo Horizonte/M",R$ 3.500.000,R$ 3.700,R$ 17.500,18/08 às 03:31
"Lourdes_Belo Horizonte, Lourdes_QNone_BNone",1223559891.0,"Excelente oportunidade: Sala Comercial à venda ou locação em Belo Horizonte-MG, bairro Lou",R$ 275.000,R$ 424,R$ 142,18/08 às 02:51
"Lourdes_Belo Horizonte, Lourdes_QNone_BNone",1223124400.0,Locação Loja Lourdes Belo Horizonte,R$ 33.000,R$ 0,R$ 1.873,17/08 às 02:46
"Lourdes_Belo Horizonte, Lourdes_Q2_B2",1221727477.0,Apartamento à venda 2 quartos 1 suíte 2 vagas - Lourdes,R$ 1.185.397,R$ 792,R$ 4.317,13/08 às 04:45
"Lourdes_Belo Horizonte, Lourdes_Q2_B2",1221703455.0,"Apartamento à venda, 2 quartos, 1 suíte, 1 vaga, Lourdes - Belo Horizonte/MG",R$ 1.390.000,R$ 474,R$ 486,12/08 às 22:30
"Lourdes_Belo Horizonte, Lourdes_Q4_B4",1221416141.0,Venda Apartamento 4 quartos Lourdes Belo Horizonte,R$ 3.700.000,R$ 3.700,R$ 1.691,12/08 às 02:36
"Lourdes_Belo Horizonte, Lourdes_Q2_B3",1221392898.0,"Apartamento, 2 suítes master com Closet. - Lourdes - Belo Horizonte/MG",R$ 1.384.609,R$ 0,R$ 0,11/08 às 23:52
"Lourdes_Belo Horizonte, Lourdes_Q2_B3",1221392738.0,"Área privativa de 316 m², em frente a Basilica de Lourdes2 suíte master com Closet.. - Lou",R$ 3.202.041,R$ 0,R$ 0,11/08 às 23:51
"Lourdes_Belo Horizonte, Lourdes_Q2_B3",1221392718.0,Apartamento 2 quartos no Lourdes,R$ 1.700.000,R$ 0,R$ 0,11/08 às 23:51
"Lourdes_Belo Horizonte, Lourdes_Q2_B2",1221392612.0,"2 Quartos, 1 suíte, 2 vagas. Alto padrão no Lourdes.",R$ 934.558,R$ 0,R$ 0,11/08 às 23:51
"Lourdes_Belo Horizonte, Lourdes_Q2_B2",1221392590.0,"Apartamento 2 quartos, sendo 1 suíte - Lourdes - Belo Horizonte/MG",R$ 1.252.471,R$ 0,R$ 0,11/08 às 23:51
"Lourdes_Belo Horizonte, Lourdes_Q2_B2",1221392512.0,Apartamento 2 quartos com uma suíte - Lourdes - Belo Horizonte/MG,R$ 1.071.415,R$ 0,R$ 0,11/08 às 23:51
"Lourdes_Belo Horizonte, Lourdes_Q1_B2",1221392452.0,Cobertura - Lourdes - Belo Horizonte/MG,R$ 1.308.690,R$ 0,R$ 0,11/08 às 23:50
"Lourdes_Belo Horizonte, Lourdes_Q1_B2",1221392390.0,Apartamento 1 quartos sendo suíte - Lourdes - Belo Horizonte/MG,R$ 990.000,R$ 0,R$ 0,11/08 às 23:50
"Lourdes_Belo Horizonte, Lourdes_Q2_B2",1221392374.0,Apartamento 02 quartos em Lourdes,R$ 1.270.000,R$ 0,R$ 0,11/08 às 23:50
"Lourdes_Belo Horizonte, Lourdes_Q3_B3",1221191749.0,Amplo Apartamento 3qts em frente ao Minas!,R$ 6.000,R$ 1.100,R$ 295,11/08 às 13:32
"Lourdes_Belo Horizonte, Lourdes_Q4_B4",1221035673.0,"Apartamento à venda, 4 quartos, 2 suítes, 4 vagas, Lourdes - Belo Horizonte/MG",R$ 2.550.000,R$ 0,R$ 0,11/08 às 04:25
"Lourdes_Belo Horizonte, Lourdes_QNone_BNone",1221034410.0,Sala com à venda - Lourdes,R$ 110.000,R$ 382,R$ 168,11/08 às 03:47
"Lourdes_Belo Horizonte, Lourdes_QNone_BNone",1221033225.0,"Loja à venda, 2 vagas, Lourdes - Belo Horizonte/MG",R$ 720.000,R$ 1.729,R$ 524,11/08 às 03:35
"Lourdes_Belo Horizonte, Lourdes_Q2_B1",1221031592.0,"Apartamento de luxo para venda, 2 quartos, 2 suíte, 2 vagas, Lourdes - Belo Horizonte/MG",R$ 1.112.800,R$ 1.200,R$ 520,11/08 às 03:26
"Lourdes_Belo Horizonte, Lourdes_QNone_BNone",1221022727.0,Locação Loja Lourdes Belo Horizonte,R$ 5.500,R$ 0,R$ 734,11/08 às 02:13
"Lourdes_Belo Horizonte, Lourdes_Q1_B1",1220338834.0,Cobertura 1 quarto duplex à venda em Lourdes,R$ 1.550.000,R$ 1,R$ 1,09/08 às 13:53
"Lourdes_Belo Horizonte, Lourdes_Q2_B2",1220149697.0,"Apartamento com 2 dormitórios à venda, 61 m² por R$ 1.362.211 - Lourdes - Belo Horizonte/M",R$ 1.362.211,R$ 1.200,R$ 500,09/08 às 03:06
"Lourdes_Belo Horizonte, Lourdes_Q1_B1",1219824069.0,"Cobertura à venda, 1 quarto, 1 suíte, 2 vagas, Lourdes - Belo Horizonte/MG",R$ 998.000,R$ 0,R$ 0,08/08 às 11:01
"Centro_Belo Horizonte, Centro_Q3_B1",1219708036.0,Venda Apartamento 3 quartos Centro Belo Horizonte,R$ 450.000,R$ 750,R$ 164,08/08 às 03:12
"Lourdes_Belo Horizonte, Lourdes_QNone_BNone",1219517911.0,Salas lourdes,R$ 400.000,R$ 1.100,R$ 300,07/08 às 15:42
"Lourdes_Belo Horizonte, Lourdes_Q3_B2",1219045367.0,"À venda no Lourdes excelente 3 quartos com suite, 2 vagas e lazer",R$ 1.925.018,R$ 0,R$ 5.900,06/08 às 04:17
"Lourdes_Belo Horizonte, Lourdes_Q3_B2",1219045362.0,"À venda no Lourdes excelente 3 quartos com suite, 2 vagas e lazer",R$ 1.824.804,R$ 0,R$ 5.900,06/08 às 04:17
"Lourdes_Belo Horizonte, Lourdes_Q3_B2",1219045356.0,"À venda no Lourdes excelente 3 quartos com suite, 2 vagas e lazer",R$ 1.875.307,R$ 0,R$ 5.900,06/08 às 04:16
"Lourdes_Belo Horizonte, Lourdes_QNone_BNone",1218780163.0,Anuar Donato Sala(s) à venda - bairro Lourdes,R$ 801.456,R$ 0,R$ 0,05/08 às 07:50
"Lourdes_Belo Horizonte, Lourdes_Q2_B2",1218750032.0,"Apartamento à venda, 67 m² por R$ 1.115.000,00 - Lourdes - Belo Horizonte/MG",R$ 1.115.000,R$ 8,R$ 468,05/08 às 05:06
"Centro_Belo Horizonte, Centro_QNone_BNone",1218727105.0,"Loja para aluguel, Centro - Belo Horizonte/MG",R$ 10.000,R$ 0,R$ 0,05/08 às 00:38
"Santo Antônio_Belo Horizonte, Santo Antônio_Q5 ou mais_B5 ou mais",1218314856.0,"Casa para aluguel, 5 quartos, 1 suíte, 3 vagas, Santo Antônio - Belo Horizonte/MG",R$ 11.300,R$ 0,R$ 30.770,04/08 às 00:30
"Lourdes_Belo Horizonte, Lourdes_QNone_BNone",1218303660.0,Loja para locação.,R$ 3.200,R$ 220,R$ 200,03/08 às 23:01
"Lourdes_Belo Horizonte, Lourdes_QNone_BNone",1218077671.0,Sala comercial à venda no bairro Lourdes,R$ 180.000,R$ 568,R$ 149,03/08 às 13:01
"Lourdes_Belo Horizonte, Lourdes_Q0_BNone",1217961465.0,"Prédio à venda, Lourdes - Belo Horizonte/MG",R$ 6.800.000,R$ 5.320,R$ 2.484,03/08 às 08:51
"Lourdes_Belo Horizonte, Lourdes_Q4_B3",1217430013.0,APARTAMENTO A VENDA NO LOURDES COM 155 M²,R$ 1.750.000,R$ 1.000,R$ 9.882,02/08 às 00:17
"Lourdes_Belo Horizonte, Lourdes_QNone_BNone",1217284519.0,Loja e sobreloja  Aluguel ou venda 165m2 em Lourdes - Belo Horizonte - MG,R$ 1.200.000,R$ 530,R$ 5.500,01/08 às 17:28
"Lourdes_Belo Horizonte, Lourdes_Q2_B3",1217120341.0,"Cobertura, Lourdes, Belo Horizonte, 2 quartos, R$1.519.999,99, à venda na TWA Investimento",R$ 1.520.000,R$ 600,R$ 215,01/08 às 12:08
"Lourdes_Belo Horizonte, Lourdes_Q2_B2",1217013896.0,Área privativa à venda no bairro de Lourdes.,R$ 1.390.000,R$ 474,R$ 5.350,01/08 às 07:02
"Lourdes_Belo Horizonte, Lourdes_QNone_BNone",1216980665.0,Conjunto de salas à venda no bairro Lourdes,R$ 3.735.225,R$ 3.979,R$ 1.584,01/08 às 01:48
"Lourdes_Belo Horizonte, Lourdes_Q1_B2",1216542331.0,"Cobertura , 1 suite, 2 vagas próxima ao Minas I no bairro de Lourdes",R$ 998.000,R$ 652,R$ 2.160,30/07 às 23:11
"Lourdes_Belo Horizonte, Lourdes_Q2_B3",1216540128.0,"Cobertura 2 quartos, 2 vagas em ótima localização no bairro de Lourdes",R$ 1.100.000,R$ 477,R$ 402,30/07 às 22:50
"Lourdes_Belo Horizonte, Lourdes_Q1_B2",1216354760.0,Cobertura nova com 78 m² no bairro de Lourdes,R$ 998.000,R$ 652,R$ 2.160,30/07 às 08:50
"Lourdes_Belo Horizonte, Lourdes_Q4_B4",1216054363.0,Venda - APARTAMENTO - LOURDES Belo Horizonte MG,R$ 1.550.000,R$ 2.509,R$ 7.370,29/07 às 05:11
"Lourdes_Belo Horizonte, Lourdes_Q3_B3",1216041862.0,Apartamento para venda com 63 metros quadrados com 3 quartos em Lourdes - Belo Horizonte -,R$ 1.150.000,R$ 850,R$ 421,29/07 às 03:00
"Lourdes_Belo Horizonte, Lourdes_Q4_B4",1215511106.0,Apartamento para venda com 575 metros quadrados com 4 quartos em Lourdes - Belo Horizonte ,R$ 5.500.000,R$ 5.453,R$ 2.935,27/07 às 18:14
"Lourdes_Belo Horizonte, Lourdes_Q4_B3",1215454595.0,Apartamento à Venda 4 quartos Bairro Lourdes,R$ 2.580.000,R$ 1.790,R$ 6.944,27/07 às 15:49
"Lourdes_Belo Horizonte, Lourdes_QNone_BNone",1215382866.0,"Sala à venda, 1 vaga, Lourdes - Belo Horizonte/MG",R$ 270.000,R$ 557,R$ 142,27/07 às 13:01
"Lourdes_Belo Horizonte, Lourdes_Q4_B3",1215336119.0,"Cobertura com 4 quartos à venda, 340m² por R$ 2.600.000",R$ 2.450.000,R$ 2.500,R$ 1.300,27/07 às 11:20
"Lourdes_Belo Horizonte, Lourdes_Q4_B4",1215256719.0,"Área privativa com 4 quartos à venda, 250m² por R$ 2.749.000",R$ 2.749.000,R$ 2.400,R$ 1.184,27/07 às 08:15
"Lourdes_Belo Horizonte, Lourdes_Q2_B4",1215247532.0,COBERTURA TOP,R$ 2.200.000,R$ 1.342,R$ 250,27/07 às 07:37
"Lourdes_Belo Horizonte, Lourdes_Q2_B2",1215207861.0,"Apartamento à venda, 2 quartos, 1 suíte, 2 vagas, Lourdes - Belo Horizonte/MG",R$ 930.000,R$ 1,R$ 1,27/07 às 01:40
"Lourdes_Belo Horizonte, Lourdes_QNone_BNone",1215095685.0,Edifício Cowan  Lourdes  Belo Horizonte - MG,R$ 14.000,R$ 5.647,R$ 1.387,26/07 às 18:57
"Lourdes_Belo Horizonte, Lourdes_Q2_B3",1214705253.0,"Cobertura 02 quartos a venda no Lourdes, próximo ao Minas Tênis Clube",R$ 1.100.000,R$ 476,R$ 4.494,25/07 às 19:43
"Lourdes_Belo Horizonte, Lourdes_Q4_B4",1214544528.0,ESPETACULAR Apartamento 133 m² Alto Luxo 4 Quartos 2 Suítes 2 Semi-suítes 3 Vagas no Lourd,R$ 2.292.000,R$ 1.700,R$ 612,25/07 às 13:49
"Lourdes_Belo Horizonte, Lourdes_Q4_B5 ou mais",1214498851.0,4 suítes a venda no Lourdes,R$ 2.500.000,R$ 3.000,R$ 818,25/07 às 12:27
"Lourdes_Belo Horizonte, Lourdes_Q2_B2",1214030048.0,Apartamento Alto Padrão 63 m² 2 Quartos  1 Suíte e 2 Vaga em Lourdes,R$ 1.270.000,R$ 10,R$ 10,24/07 às 12:24
"Lourdes_Belo Horizonte, Lourdes_Q5 ou mais_B3",1213882038.0,Venda Apartamento 5 quartos Lourdes Belo Horizonte,R$ 3.900.000,R$ 1.731,R$ 872,24/07 às 01:42
"Lourdes_Belo Horizonte, Lourdes_Q4_B4",1213701333.0,Apartamento 1 por andar 4 quartos 180 m2.,R$ 1.350.000,R$ 1.500,R$ 5.500,23/07 às 11:20
"Lourdes_Belo Horizonte, Lourdes_Q1_B1",1213342906.0,"Apart Hotel à venda, 1 quarto, 1 suíte, Lourdes - Belo Horizonte/MG",R$ 250.000,R$ 0,R$ 0,22/07 às 06:49
"Lourdes_Belo Horizonte, Lourdes_Q1_B1",1213331962.0,"Apart Hotel à venda, 1 quarto, 1 suíte, Lourdes - Belo Horizonte/MG",R$ 250.000,R$ 0,R$ 0,22/07 às 05:54
"Lourdes_Belo Horizonte, Lourdes_Q1_B1",1213311140.0,"Apart Hotel à venda, 1 quarto, 1 suíte, Lourdes - Belo Horizonte/MG",R$ 250.000,R$ 0,R$ 0,22/07 às 01:42
"Lourdes_Belo Horizonte, Lourdes_Q3_B3",1213288666.0,Venda Apartamento 3 quartos Lourdes Belo Horizonte,R$ 869.000,R$ 869,R$ 290,22/07 às 00:03
"Lourdes_Belo Horizonte, Lourdes_Q4_B3",1213206835.0,"Cobertura a venda no Lourdes, próximo a praça da Liberdade",R$ 2.450.000,R$ 2.500,R$ 13.552,21/07 às 19:08
"Lourdes_Belo Horizonte, Lourdes_Q2_B2",1213003209.0,Cobertura tophouse nova com 2 suítes à venda no Lourdes,R$ 1.450.000,R$ 500,R$ 600,21/07 às 09:06
"Lourdes_Belo Horizonte, Lourdes_Q2_B2",1212939429.0,Apartamento à venda no bairro de Lourdes,R$ 1.180.000,R$ 0,R$ 0,21/07 às 02:09
"Lourdes_Belo Horizonte, Lourdes_Q5 ou mais_B4",1212924921.0,"Cobertura à venda, 6 quartos, 3 suítes, 4 vagas, Lourdes - Belo Horizonte/MG",R$ 3.980.000,R$ 3.070,R$ 989,20/07 às 23:38
"Lourdes_Belo Horizonte, Lourdes_Q2_B2",1212839442.0,Venda Apartamento 2 quartos Lourdes Belo Horizonte,R$ 1.190.000,R$ 1,R$ 1,20/07 às 18:52
"Lourdes_Belo Horizonte, Lourdes_Q2_B2",1212831945.0,Venda Apartamento 2 quartos Lourdes Belo Horizonte,R$ 1.020.000,R$ 1,R$ 1,20/07 às 18:34
"Lourdes_Belo Horizonte, Lourdes_Q2_B2",1212824859.0,Venda Apartamento 2 quartos Lourdes Belo Horizonte,R$ 1.040.000,R$ 1,R$ 1,20/07 às 18:09
"Lourdes_Belo Horizonte, Lourdes_Q2_B2",1212810987.0,Venda Apartamento 2 quartos Lourdes Belo Horizonte,R$ 899.000,R$ 950,R$ 4.136,20/07 às 17:35
"Lourdes_Belo Horizonte, Lourdes_Q3_B4",1212798617.0,Venda Área Privativa Lourdes Belo Horizonte,R$ 2.350.000,R$ 3.000,R$ 6.463,20/07 às 17:01
"Lourdes_Belo Horizonte, Lourdes_Q2_B2",1212778849.0,Venda Apartamento 2 quartos Lourdes Belo Horizonte,R$ 1.060.000,R$ 1,R$ 1,20/07 às 16:22
"Lourdes_Belo Horizonte, Lourdes_Q2_B2",1212778804.0,Venda Apartamento 2 quartos Lourdes Belo Horizonte,R$ 1.080.000,R$ 1,R$ 1,20/07 às 16:21
"Lourdes_Belo Horizonte, Lourdes_Q2_B2",1212763084.0,Venda Área Privativa Lourdes Belo Horizonte,R$ 1.250.000,R$ 1,R$ 1,20/07 às 15:44
"Lourdes_Belo Horizonte, Lourdes_Q2_B2",1212763062.0,Venda Apartamento 2 quartos Lourdes Belo Horizonte,R$ 1.220.000,R$ 1,R$ 1,20/07 às 15:44
"Lourdes_Belo Horizonte, Lourdes_Q2_B2",1212762789.0,Venda Apartamento 2 quartos Lourdes Belo Horizonte,R$ 1.050.000,R$ 1,R$ 1,20/07 às 15:42
"Lourdes_Belo Horizonte, Lourdes_Q2_B2",1212762743.0,Venda Apartamento 2 quartos Lourdes Belo Horizonte,R$ 1.080.000,R$ 1,R$ 1,20/07 às 15:42
"Lourdes_Belo Horizonte, Lourdes_Q4_B3",1212762456.0,Venda Apartamento 4 quartos Lourdes Belo Horizonte,R$ 1.800.000,R$ 1.700,R$ 6.490,20/07 às 15:42
"Lourdes_Belo Horizonte, Lourdes_QNone_BNone",1212762443.0,Venda ou locação Sala Lourdes Belo Horizonte,R$ 100.000,R$ 402,R$ 1.980,20/07 às 15:42
"Lourdes_Belo Horizonte, Lourdes_QNone_BNone",1212611045.0,Venda ou locação Loja Lourdes Belo Horizonte,R$ 8.000,R$ 540,R$ 589,20/07 às 10:36
"Lourdes_Belo Horizonte, Lourdes_QNone_BNone",1212610958.0,Venda ou locação Loja Lourdes Belo Horizonte,R$ 2.250.000,R$ 540,R$ 589,20/07 às 10:36
"Lourdes_Belo Horizonte, Lourdes_Q2_B3",1212577119.0,Lourdes - Apartamento 2 quartos à venda na Anuar Donato,R$ 1.185.397,R$ 0,R$ 0,20/07 às 09:32
"Lourdes_Belo Horizonte, Lourdes_Q2_B2",1211993709.0,"Apartamento à venda, 2 quartos, 1 suíte, 2 vagas, Lourdes - Belo Horizonte/MG",R$ 1.115.000,R$ 700,R$ 468,19/07 às 07:08
"Centro_Belo Horizonte, Centro_Q2_B2",1211966236.0,Apartamento à venda 2 quartos 1 suíte 2 vagas - Centro,R$ 750.000,R$ 824,R$ 3.991,19/07 às 03:26
"Lourdes_Belo Horizonte, Lourdes_Q1_B1",1211959372.0,Apartamento à venda no bairro de Lourdes,R$ 250.000,R$ 0,R$ 0,19/07 às 01:44
"Lourdes_Belo Horizonte, Lourdes_Q4_B5 ou mais",1210495386.0,"Apartamento à venda, Ed. Folio, Rua São Paulo, Lourdes, Belo Horizonte",R$ 5.950.000,R$ 3.000,R$ 0,15/07 às 06:22
"Lourdes_Belo Horizonte, Lourdes_Q5 ou mais_B4",1210442072.0,Venda - CASA - LOURDES Belo Horizonte MG,R$ 5.000.000,R$ 0,R$ 300,14/07 às 22:50
"Lourdes_Belo Horizonte, Lourdes_Q3_B2",1210088335.0,"Apartamento 3 Quartos à venda, 3 quartos, 1 suíte, 2 vagas, Lourdes - Belo Horizonte/MG",R$ 1.290.000,R$ 1.217,R$ 520,14/07 às 07:09
"Lourdes_Belo Horizonte, Lourdes_Q4_B3",1210030195.0,"Apartamento à venda, 4 quartos, 1 suíte, 1 vaga, Lourdes - Belo Horizonte/MG",R$ 1.250.000,R$ 350,R$ 320,13/07 às 23:27
"Lourdes_Belo Horizonte, Lourdes_Q4_B5 ou mais",1209256924.0,"Cobertura, Dom Gregorio Magno, Lourdes, Belo Horizonte, 4 quartos, R$7.290.000,00, à venda",R$ 7.290.000,R$ 3.620,R$ 1.176,12/07 às 10:03
"Lourdes_Belo Horizonte, Lourdes_Q5 ou mais_B5 ou mais",1209223715.0,Venda Apartamento 5 quartos Lourdes Belo Horizonte,R$ 2.200.000,R$ 1.800,R$ 860,12/07 às 08:39
"Lourdes_Belo Horizonte, Lourdes_Q2_B2",1209158004.0,Apartamento com 2 quartos à venda - Lourdes,R$ 1.115.000,R$ 786,R$ 468,12/07 às 01:18
"Lourdes_Belo Horizonte, Lourdes_Q2_B2",1208665145.0,Venda Cobertura Lourdes Belo Horizonte,R$ 520.000,R$ 1.052,R$ 137,10/07 às 21:59
"Lourdes_Belo Horizonte, Lourdes_Q3_B3",1208661895.0,Venda Apartamento 3 quartos Lourdes Belo Horizonte,R$ 980.000,R$ 800,R$ 0,10/07 às 21:52
"Lourdes_Belo Horizonte, Lourdes_Q3_B3",1208561092.0,Apartamento 03 quartos a venda no Lourdes,R$ 2.200.000,R$ 1,R$ 1,10/07 às 17:22
"Lourdes_Belo Horizonte, Lourdes_Q4_B3",1208026316.0,"Apartamento a venda 175m2 no Centro, prA³ximo ao Minas TAanis Clube",R$ 1.080.000,R$ 590,R$ 4,09/07 às 02:41
"Lourdes_Belo Horizonte, Lourdes_Q1_B1",1207708199.0,"Cobertura à venda, 1 quarto, 1 suíte, 2 vagas, Lourdes - Belo Horizonte/MG",R$ 998.000,R$ 0,R$ 0,08/07 às 00:15
"Lourdes_Belo Horizonte, Lourdes_Q1_B1",1207708146.0,"Apartamento à venda, 1 quarto, 1 vaga, Lourdes - Belo Horizonte/MG",R$ 460.000,R$ 350,R$ 1,08/07 às 00:15
"Lourdes_Belo Horizonte, Lourdes_Q2_B2",1207672847.0,Venda Apartamento 2 quartos Lourdes Belo Horizonte,R$ 1.100.000,R$ 850,R$ 2,07/07 às 21:38
"Lourdes_Belo Horizonte, Lourdes_QNone_BNone",1207294979.0,Loja à venda no bairro de Lourdes,R$ 410.000,R$ 244,R$ 87,07/07 às 03:18
"Lourdes_Belo Horizonte, Lourdes_QNone_BNone",1207290978.0,Aluguel Commercial / Office Belo Horizonte MG,R$ 5.500,R$ 1.754,R$ 778,07/07 às 02:15
"Lourdes_Belo Horizonte, Lourdes_Q3_B3",1207269216.0,Venda Apartamento 3 quartos Lourdes Belo Horizonte,R$ 660.000,R$ 400,R$ 247,06/07 às 23:38
"Lourdes_Belo Horizonte, Lourdes_Q2_B3",1206932510.0,Apartamento para venda tem 69 metros quadrados com 2 quartos em Lourdes - Belo Horizonte -,R$ 980.000,R$ 0,R$ 0,06/07 às 09:49
"Lourdes_Belo Horizonte, Lourdes_Q2_B2",1206932480.0,Apartamento para venda possui 74 metros quadrados com 2 quartos em Lourdes - Belo Horizont,R$ 1.050.000,R$ 0,R$ 0,06/07 às 09:49
"Lourdes_Belo Horizonte, Lourdes_Q2_B2",1206828350.0,"Apartamento à venda, 2 quartos, 1 suíte, 2 vagas, Lourdes - Belo Horizonte/MG",R$ 1.115.000,R$ 865,R$ 0,05/07 às 23:51
"Lourdes_Belo Horizonte, Lourdes_Q2_B2",1206767717.0,APARTAMENTO DE 02 QUARTOS NO LOURDES.,R$ 990.000,R$ 1.400,R$ 413,05/07 às 20:26
"Lourdes_Belo Horizonte, Lourdes_Q1_B1",1205971022.0,Duplex para venda com 87 metros quadrados com 1 quarto em Lourdes - Belo Horizonte - MG,R$ 1.232.000,R$ 0,R$ 0,04/07 às 10:17
"Lourdes_Belo Horizonte, Lourdes_Q4_B2",1205938307.0,"Apartamento de 4 quartos, com aproximadamente 161 m2, 02 vagas de garagem, próximo praça d",R$ 1.590.000,R$ 2.000,R$ 0,04/07 às 08:55
"Lourdes_Belo Horizonte, Lourdes_Q2_B2",1205877303.0,APARTAMENTO COM 67M² A VENDA NO LOURDES,R$ 1.115.000,R$ 700,R$ 5.148,04/07 às 00:30
"Lourdes_Belo Horizonte, Lourdes_QNone_BNone",1205872975.0,ANDAR DE 350m2 AO LADO DA PRAÇA DA ASSEMBLEIA,R$ 5.000.000,R$ 4.130,R$ 2.572,03/07 às 23:52
"Lourdes_Belo Horizonte, Lourdes_QNone_BNone",1205468298.0,Sala para venda no bairro Lourdes,R$ 180.000,R$ 1,R$ 148,03/07 às 07:25
"Lourdes_Belo Horizonte, Lourdes_Q3_B2",1205465285.0,"Apartamento com 3 dormitórios à venda, 82 m² por R$ 1.326.880,00 - Lourdes - Belo Horizont",R$ 1.326.880,R$ 704,R$ 330,03/07 às 07:08
"Santo Antônio_Belo Horizonte, Santo Antônio_Q1_B1",1205462366.0,"Flat com 1 dormitório à venda, 27 m² por R$ 550.000,00 - Lourdes - Belo Horizonte/MG",R$ 550.000,R$ 0,R$ 204,03/07 às 06:40
"Lourdes_Belo Horizonte, Lourdes_Q4_B5 ou mais",1205462304.0,"Apartamento com 4 dormitórios à venda, 273 m² por R$ 3.000.000,00 - Lourdes - Belo Horizon",R$ 3.000.000,R$ 2.989,R$ 964,03/07 às 06:40
"Lourdes_Belo Horizonte, Lourdes_Q3_B2",1204999758.0,03 quartos com lazer completo no Bairro Lourdes,R$ 2.090.000,R$ 470,R$ 770,01/07 às 14:33
"Lourdes_Belo Horizonte, Lourdes_Q2_B2",1204956341.0,TREND RESIDENCE - EDIFICIO INTELIGENTE NO BAIRRO DE LOURDES,R$ 1.350.000,R$ 0,R$ 0,01/07 às 12:36
"Lourdes_Belo Horizonte, Lourdes_QNone_BNone",1204926593.0,"ANDAR CORRIDO DE 170,00 M² FUNCIONARIOS",R$ 8.235,R$ 3.100,R$ 1.268,01/07 às 11:20
"Lourdes_Belo Horizonte, Lourdes_Q2_B2",1204926037.0,Apartamento de 02 quartos no Lourdes,R$ 1.270.000,R$ 0,R$ 0,01/07 às 11:18
"Lourdes_Belo Horizonte, Lourdes_Q3_B3",1204920080.0,"ÁREA PRIVATIVA, 3 QTOS, SUÍTE, LAZER - LOURDES",R$ 3.296.700,R$ 0,R$ 0,01/07 às 11:07
"Lourdes_Belo Horizonte, Lourdes_QNone_BNone",1204919300.0,Loja de rua com 35M² - Lourdes,R$ 2.500,R$ 0,R$ 335,01/07 às 11:05
"Lourdes_Belo Horizonte, Lourdes_Q3_B3",1204918537.0,"APTO ALTO PADRÃO, 3 QTOS, SUITE, LAZER - LOURDES",R$ 2.510.680,R$ 0,R$ 0,01/07 às 11:04
"Santo Agostinho_Belo Horizonte, Santo Agostinho_QNone_BNone",1204859801.0,"Sala à venda, Santo Agostinho - Belo Horizonte/MG",R$ 235.000,R$ 634,R$ 149,01/07 às 08:18
"Lourdes_Belo Horizonte, Lourdes_Q2_B2",1204835167.0,"Apartamento com 2 dormitórios à venda, 100 m² por R$ 1.390.000,00 - Lourdes - Belo Horizon",R$ 1.390.000,R$ 450,R$ 450,01/07 às 06:32
"Santo Agostinho_Belo Horizonte, Santo Agostinho_QNone_BNone",1204834568.0,"Sala à venda, Santo Agostinho - Belo Horizonte/MG",R$ 250.000,R$ 762,R$ 155,01/07 às 06:30
"Lourdes_Belo Horizonte, Lourdes_Q4_B5 ou mais",1204788318.0,Venda Cobertura Lourdes Belo Horizonte,R$ 3.200.000,R$ 2.787,R$ 0,01/07 às 01:14
"Lourdes_Belo Horizonte, Lourdes_Q2_B2",1204784710.0,Apartamento de 2 quartos à venda no bairro de Lourdes,R$ 1.895.663,R$ 900,R$ 550,01/07 às 00:45
"Lourdes_Belo Horizonte, Lourdes_Q3_B2",1204617217.0,"Lourdes  Apartamento 3 quartos, 78 m²",R$ 4.999,R$ 878,R$ 446,30/06 às 15:38
"Lourdes_Belo Horizonte, Lourdes_Q5 ou mais_B4",1204391902.0,Apartamento 5 quartos à venda no Lourdes,R$ 2.900.000,R$ 4.900,R$ 0,30/06 às 05:09
"Lourdes_Belo Horizonte, Lourdes_Q3_B2",1204368036.0,Apartamento à venda no Lourdes.,R$ 1.383.375,R$ 850,R$ 350,30/06 às 00:21
"Cidade Jardim_Belo Horizonte, Cidade Jardim_QNone_BNone",1203919658.0,"Loja para alugar, 32 m² por R$ 2.630,00 - Cidade Jardim - Belo Horizonte/MG",R$ 2.450,R$ 0,R$ 180,29/06 às 01:22
"Cidade Jardim_Belo Horizonte, Cidade Jardim_QNone_BNone",1203919596.0,"Loja para alugar, 45 m² por R$ 2.720,00 - Cidade Jardim - Belo Horizonte/MG",R$ 2.500,R$ 0,R$ 220,29/06 às 01:20
"Lourdes_Belo Horizonte, Lourdes_Q2_B2",1203911780.0,Apartamento de 2 quartos à venda no bairro de Lourdes,R$ 1.246.763,R$ 900,R$ 550,29/06 às 00:15
"Lourdes_Belo Horizonte, Lourdes_QNone_BNone",1203500906.0,Lourdes - Casa comercial 6 quartos para aluguel na Anuar Donato,R$ 25.000,R$ 0,R$ 829,28/06 às 06:32
"Lourdes_Belo Horizonte, Lourdes_Q5 ou mais_B5 ou mais",1203096077.0,Cobertura Alto Padrão Nova - BH - Lourdes - 5 Quartos (4 Suítes) - 5 Vagas,R$ 4.950.000,R$ 1,R$ 1,27/06 às 11:13
"Lourdes_Belo Horizonte, Lourdes_Q3_B1",1202948930.0,Apartamento 3 quartos Lourdes,R$ 1.280.000,R$ 0,R$ 0,27/06 às 04:03
"Lourdes_Belo Horizonte, Lourdes_Q1_B3",1202923058.0,Apartamento à venda no bairro Lourdes...,R$ 1.316.295,R$ 0,R$ 0,27/06 às 01:03
"Lourdes_Belo Horizonte, Lourdes_QNone_BNone",1202908243.0,Sala comercial para alugar no bairro de Lourdes em Belo Horizonte.,R$ 1.800,R$ 316,R$ 0,26/06 às 23:28
"Lourdes_Belo Horizonte, Lourdes_Q4_B2",1201912366.0,Apartamento à venda 4 quartos 2 suítes 3 vagas - Lourdes,R$ 1.750.000,R$ 1.000,R$ 9.882,24/06 às 07:19
"Lourdes_Belo Horizonte, Lourdes_Q3_B3",1201894666.0,Venda Apartamento 3 quartos Lourdes Belo Horizonte,R$ 1.150.000,R$ 970,R$ 330,24/06 às 05:50
"Lourdes_Belo Horizonte, Lourdes_Q2_B3",1201877520.0,Venda - COBERTURA - LOURDES BELO HORIZONTE MG,R$ 1.500.000,R$ 0,R$ 495,24/06 às 01:58
"Lourdes_Belo Horizonte, Lourdes_Q1_B2",1201867954.0,Apartamento para venda tem 68 metros quadrados com 1 quarto e vaga..top,R$ 370.000,R$ 875,R$ 1.400,24/06 às 00:40
"Santo Antônio_Belo Horizonte, Santo Antônio_QNone_BNone",1201427210.0,Aluguel - CASA COMERCIAL - LOURDES Belo Horizonte MG,R$ 6.500,R$ 0,R$ 0,22/06 às 21:42
"Lourdes_Belo Horizonte, Lourdes_Q2_B2",1200792187.0,Venda - COBERTURA - LOURDES BELO HORIZONTE MG,R$ 1.400.000,R$ 1.014,R$ 455,21/06 às 14:02
"Lourdes_Belo Horizonte, Lourdes_Q2_B2",1200591578.0,Venda Residential / Apartment Belo Horizonte MG,R$ 990.000,R$ 1.133,R$ 451,21/06 às 05:56
"Lourdes_Belo Horizonte, Lourdes_Q1_B2",1200348720.0,Apartamentos Lourdes,R$ 460.000,R$ 0,R$ 0,20/06 às 14:55
"Lourdes_Belo Horizonte, Lourdes_Q2_B2",1200305197.0,Área Privativa Lourdes,R$ 1.290.000,R$ 0,R$ 0,20/06 às 13:25
"Lourdes_Belo Horizonte, Lourdes_Q2_B2",1200103546.0,"Apartamento à venda, 2 quartos, 1 suíte, 2 vagas, Lourdes - Belo Horizonte/MG",R$ 907.320,R$ 1,R$ 1,20/06 às 03:38
"Lourdes_Belo Horizonte, Lourdes_Q1_B1",1200044330.0,Venda - APARTAMENTO - LOURDES Belo Horizonte MG,R$ 535.000,R$ 460,R$ 180,19/06 às 21:03
"Lourdes_Belo Horizonte, Lourdes_Q2_B3",1199991084.0,Cobertura duplex para venda com 115 metros quadrados com 2 quartos em Lourdes - Belo Horiz,R$ 1.400.000,R$ 1.013,R$ 496,19/06 às 18:53
"Lourdes_Belo Horizonte, Lourdes_Q0_B3",1198654043.0,"Prédio para aluguel, Lourdes - Belo Horizonte/MG",R$ 29.000,R$ 0,R$ 0,16/06 às 07:27
"Lourdes_Belo Horizonte, Lourdes_QNone_BNone",1198618108.0,"Sala para aluguel, 17 vagas, Lourdes - Belo Horizonte/MG",R$ 50.121,R$ 0,R$ 0,16/06 às 03:29
"Lourdes_Belo Horizonte, Lourdes_Q2_B2",1198354232.0,Apartamento para venda possui 160 metros quadrados com 2 quartos em Lourdes - Belo Horizon,R$ 1.290.000,R$ 1,R$ 1,15/06 às 13:34
"Santo Agostinho_Belo Horizonte, Santo Agostinho_QNone_BNone",1198179652.0,Santo Agostinho - Andar corrido à venda na Anuar Donato,R$ 1.100.000,R$ 4.085,R$ 9.982,15/06 às 04:09
"Lourdes_Belo Horizonte, Lourdes_Q3_B3",1197709837.0,"Apartamento à venda, 3 quartos, 1 suíte, 3 vagas, Lourdes - Belo Horizonte/MG",R$ 1.350.000,R$ 1.169,R$ 750,14/06 às 02:34
"Lourdes_Belo Horizonte, Lourdes_Q4_B3",1197691333.0,Seja vizinho da Praça da Liberdade e venha morar no coraçao do bairro de Lourdes.,R$ 1.100.000,R$ 575,R$ 387,13/06 às 23:25
"Lourdes_Belo Horizonte, Lourdes_Q4_B4",1197248352.0,"APARTAMENTO COM 4 DORMITÓRIOS À VENDA, 154 M² POR R$ 1.500.000,00 - LOURDES - BELO HORIZON",R$ 1.500.000,R$ 2.350,R$ 806,13/06 às 01:29
"Lourdes_Belo Horizonte, Lourdes_QNone_BNone",1197185005.0,"Loja para aluguel com 313,87 m² no Lourdes, Belo horizonte!",R$ 27.900,R$ 0,R$ 0,12/06 às 21:03
"Lourdes_Belo Horizonte, Lourdes_QNone_BNone",1197101436.0,Andar/laje corporativa para aluguel com 588 metros quadrados- Ed. Cowan,R$ 13.900,R$ 5.137,R$ 22.527,12/06 às 17:12
"Lourdes_Belo Horizonte, Lourdes_QNone_BNone",1197075412.0,Ala comercial para locação - 588 m² - Ed. Cowan,R$ 14.100,R$ 5.137,R$ 26.499,12/06 às 16:12
"Lourdes_Belo Horizonte, Lourdes_QNone_BNone",1196283627.0,"Sala para alugar no Lourdes, Belo Horizonte",R$ 2.700,R$ 474,R$ 0,10/06 às 10:10
"Lourdes_Belo Horizonte, Lourdes_QNone_BNone",1196283473.0,"Sala para alugar no bairro Lourdes, Belo Horizonte.",R$ 1.800,R$ 323,R$ 0,10/06 às 10:10
"Lourdes_Belo Horizonte, Lourdes_Q4_B3",1196192099.0,Lourdes - Cobertura 4 quartos à venda na Anuar Donato,R$ 3.950.000,R$ 3.068,R$ 10.876,09/06 às 23:55
"Lourdes_Belo Horizonte, Lourdes_Q4_B3",1195497711.0,Apartamento com 4 quartos à venda - Lourdes,R$ 1.900.000,R$ 1.600,R$ 416,08/06 às 02:03
"Lourdes_Belo Horizonte, Lourdes_Q2_B3",1195103455.0,COBERTURA - LOURDES.,R$ 1.400.000,R$ 1.014,R$ 454,07/06 às 08:20
"Cidade Jardim_Belo Horizonte, Cidade Jardim_Q3_B3",1195086370.0,"Apartamento á venda - Gutierrez - 3 quartos, 2 vagas - AP1861",R$ 1.600.000,R$ 520,R$ 233,07/06 às 07:21
"Lourdes_Belo Horizonte, Lourdes_QNone_BNone",1195060690.0,Leda Gontijo - Edifício Leda Gontijo,R$ 865.000,R$ 820,R$ 450,07/06 às 04:58
"Centro_Belo Horizonte, Centro_QNone_BNone",1194606369.0,Sala Centro,R$ 1.000,R$ 315,R$ 128,06/06 às 04:38
"Centro_Belo Horizonte, Centro_QNone_BNone",1194603996.0,"Sala para aluguel, Centro - Belo Horizonte/MG",R$ 800,R$ 315,R$ 128,06/06 às 04:21
"Lourdes_Belo Horizonte, Lourdes_Q4_B5 ou mais",1194467186.0,Venda - APARTAMENTO - LOURDES Belo Horizonte MG,R$ 8.000.000,R$ 6.329,R$ 22.972,05/06 às 18:08
"Lourdes_Belo Horizonte, Lourdes_Q3_B4",1194387387.0,Apartamento para venda tem 115 metros quadrados com 3 quartos em Lourdes - Belo Horizonte ,R$ 1.740.000,R$ 600,R$ 1,05/06 às 15:22
"Lourdes_Belo Horizonte, Lourdes_Q2_B2",1194343511.0,Apartamento para venda possui 69 metros quadrados com 2 quartos em Lourdes - Belo Horizont,R$ 1.150.000,R$ 600,R$ 1,05/06 às 13:48
"Lourdes_Belo Horizonte, Lourdes_Q3_B2",1193748633.0,"Apartamento à venda, 3 quartos, 1 suíte, 3 vagas, Santo Agostinho - Belo Horizonte/MG",R$ 1.350.000,R$ 880,R$ 700,03/06 às 13:10
"Lourdes_Belo Horizonte, Lourdes_QNone_BNone",1193580663.0,"SALA para aluguel, 1 vaga, Lourdes - BELO HORIZONTE/MG",R$ 900,R$ 634,R$ 0,03/06 às 02:32
"Lourdes_Belo Horizonte, Lourdes_Q2_B3",1193441699.0,Maravilhoso Apartamento 63 m² 2 Suítes 2 Vagas na Savassi.,R$ 1.190.000,R$ 660,R$ 100,02/06 às 17:21
"Lourdes_Belo Horizonte, Lourdes_QNone_BNone",1193436358.0,Lourdes - Sala(s) à venda na Anuar Donato,R$ 300.000,R$ 806,R$ 1.547,02/06 às 17:09
"Lourdes_Belo Horizonte, Lourdes_Q2_B2",1192995819.0,Apartamento para venda tem 72 metros quadrados com 2 quartos em Lourdes - Belo Horizonte -,R$ 1.100.000,R$ 850,R$ 2,01/06 às 17:49
"Lourdes_Belo Horizonte, Lourdes_Q2_B3",1191840642.0,Venda Área Privativa Lourdes Belo Horizonte,R$ 1.290.000,R$ 1.045,R$ 560,30/05 às 08:33
"Lourdes_Belo Horizonte, Lourdes_Q2_B3",1191810404.0,Venda Apartamento 2 quartos Lourdes Belo Horizonte,R$ 1.350.000,R$ 0,R$ 0,30/05 às 06:09
"Lourdes_Belo Horizonte, Lourdes_Q2_B3",1191474576.0,Apartamento para venda tem 100 metros quadrados com 2 quartos em Lourdes - Belo Horizonte ,R$ 1.500.000,R$ 850,R$ 2,29/05 às 11:49
"Santo Agostinho_Belo Horizonte, Santo Agostinho_Q4_B4",1191119892.0,Área Privativa Vintage no melhor ponto do Santo Agostinho.,R$ 1.800.000,R$ 1.395,R$ 1.083,28/05 às 10:08
"Lourdes_Belo Horizonte, Lourdes_Q2_B2",1190413486.0,Edifício Denise de Bakker Pezzi: apartamento e cobertura com 2 quartos à venda no Lourdes,R$ 1.700.000,R$ 780,R$ 0,26/05 às 11:13
"Lourdes_Belo Horizonte, Lourdes_Q1_B1",1190124075.0,Venda - APARTAMENTO - LOURDES Belo Horizonte MG,R$ 360.000,R$ 484,R$ 149,25/05 às 17:20
"Lourdes_Belo Horizonte, Lourdes_Q3_B3",1189889528.0,Lourdes - Apartamento 3 quartos à venda na Anuar Donato,R$ 1.824.804,R$ 1.500,R$ 539,25/05 às 10:09
"Lourdes_Belo Horizonte, Lourdes_Q3_B3",1189590306.0,Apartamento área privativa 03 quartos - Lourdes,R$ 767.000,R$ 400,R$ 2.640,24/05 às 15:39
"Lourdes_Belo Horizonte, Lourdes_QNone_BNone",1189313812.0,"ANDAR para aluguel, 1 vaga, Lourdes - Belo Horizonte/MG",R$ 6.000,R$ 2.185,R$ 646,24/05 às 04:44
"Lourdes_Belo Horizonte, Lourdes_Q2_B2",1189311252.0,"Apartamento à venda, 2 quartos, 1 suíte, 2 vagas, Lourdes - Belo Horizonte/MG",R$ 1.252.471,R$ 0,R$ 0,24/05 às 04:16
"Lourdes_Belo Horizonte, Lourdes_QNone_BNone",1188911219.0,Sala / Conjunto com 1 quarto para alugar em Belo Horizonte,R$ 3.900,R$ 2.100,R$ 1.300,23/05 às 09:56
"Lourdes_Belo Horizonte, Lourdes_QNone_BNone",1188850035.0,Loja / Salão / Ponto Comercial com 1 quarto para alugar em Belo Horizonte,R$ 3.900,R$ 2.100,R$ 1.300,23/05 às 06:21
"Lourdes_Belo Horizonte, Lourdes_Q2_B2",1188420674.0,Apartamento para venda com 62 metros quadrados com 2 quartos em Lourdes - Belo Horizonte -,R$ 1.086.725,R$ 795,R$ 400,22/05 às 10:31
"Lourdes_Belo Horizonte, Lourdes_Q2_B2",1188407930.0,Apartamento para venda tem 61 metros quadrados com 2 quartos em Lourdes - Belo Horizonte -,R$ 974.799,R$ 400,R$ 400,22/05 às 10:04
"Santo Antônio_Belo Horizonte, Santo Antônio_QNone_BNone",1187696798.0,"Andar corrido à venda 360m2, Savassi - Belo Horizonte/MG",R$ 5.500.000,R$ 0,R$ 0,20/05 às 08:16
"Lourdes_Belo Horizonte, Lourdes_Q2_B3",1187692051.0,Lourdes - Apartamento 2 quartos à venda na Anuar Donato,R$ 1.086.725,R$ 0,R$ 0,20/05 às 07:54
"Lourdes_Belo Horizonte, Lourdes_QNone_BNone",1187653801.0,"Sala para aluguel, Lourdes - Belo Horizonte/MG",R$ 2.300,R$ 1.500,R$ 5.089,20/05 às 03:23
"Lourdes_Belo Horizonte, Lourdes_QNone_BNone",1187643767.0,"Sala à venda, Lourdes - Belo Horizonte/MG",R$ 135.000,R$ 533,R$ 144,20/05 às 01:31
"Lourdes_Belo Horizonte, Lourdes_Q2_B2",1187516626.0,Apartamento para venda tem 52 metros quadrados com 2 quartos em Lourdes - Belo Horizonte -,R$ 1.000.000,R$ 790,R$ 274,19/05 às 17:35
"Lourdes_Belo Horizonte, Lourdes_Q2_B2",1187498202.0,Apartamento para venda possui 62 metros quadrados com 2 quartos em Lourdes - Belo Horizont,R$ 985.109,R$ 400,R$ 4.066,19/05 às 16:45
"Lourdes_Belo Horizonte, Lourdes_Q4_B2",1186814133.0,EXCELENTE APARTAMENTO NO BAIRRO DE LOURDES,R$ 1.550.000,R$ 1.700,R$ 600,18/05 às 09:40
"Lourdes_Belo Horizonte, Lourdes_Q1_B1",1186608162.0,Venda Residential / Apartment Belo Horizonte MG,R$ 780.150,R$ 0,R$ 0,17/05 às 18:54
"Centro_Belo Horizonte, Centro_Q2_B2",1186232401.0,"Apartamento 2 Quartos à venda, 2 quartos, 1 suíte, 2 vagas, Lourdes - Belo Horizonte/MG",R$ 750.000,R$ 1.011,R$ 378,17/05 às 04:31
"Lourdes_Belo Horizonte, Lourdes_Q5 ou mais_B2",1185978924.0,COBERTURA À VENDA NO BAIRRO DE LOURDES.,R$ 2.300.000,R$ 0,R$ 0,16/05 às 14:29
"Lourdes_Belo Horizonte, Lourdes_Q3_B3",1185673904.0,"Casa em Lourdes,117m² de lote e 170m² de casa, BH",R$ 1.400.000,R$ 0,R$ 6.120,15/05 às 20:45
"Lourdes_Belo Horizonte, Lourdes_Q4_B5 ou mais",1185346270.0,"Apartamento, Edificio Contorno Residence, Lourdes, Belo Horizonte, 4 quartos, R$2.580.000,",R$ 2.580.000,R$ 0,R$ 0,15/05 às 05:54
"Lourdes_Belo Horizonte, Lourdes_Q4_B5 ou mais",1185346273.0,"Apartamento, Edificio Contorno Residence, Lourdes, Belo Horizonte, 4 quartos, R$2.490.000,",R$ 2.490.000,R$ 0,R$ 0,15/05 às 05:54
"Lourdes_Belo Horizonte, Lourdes_Q3_B2",1184904724.0,"Apartamento 03 suítes à venda no Lourdes, em frente a Praça da Assembleia",R$ 1.471.721,R$ 0,R$ 0,13/05 às 12:55
"Lourdes_Belo Horizonte, Lourdes_Q2_B2",1184901439.0,Apartamento para venda com 149 metros quadrados com 2 quartos em Lourdes - Belo Horizonte ,R$ 2.007.427,R$ 0,R$ 0,13/05 às 12:42
"Lourdes_Belo Horizonte, Lourdes_Q3_B2",1184832374.0,Apartamento para venda com 83 metros quadrados com 3 quartos em Lourdes - Belo Horizonte -,R$ 1.250.000,R$ 700,R$ 5.500,13/05 às 09:54
"Lourdes_Belo Horizonte, Lourdes_Q3_B3",1184822313.0,Apartamento para venda com 135 metros quadrados com 3 quartos em Lourdes - Belo Horizonte ,R$ 1.250.000,R$ 964,R$ 4.900,13/05 às 09:24
"Lourdes_Belo Horizonte, Lourdes_QNone_BNone",1184784635.0,"Edifício Marblearch: linda sala comercial 44,48m² no Lourdes, próximo à Assembléia.",R$ 330.000,R$ 544,R$ 2.211,13/05 às 06:47
"Lourdes_Belo Horizonte, Lourdes_QNone_BNone",1184752652.0,"Sala à venda, Lourdes - Belo Horizonte/MG",R$ 238.000,R$ 284,R$ 140,13/05 às 02:41
"Centro_Belo Horizonte, Centro_QNone_BNone",1184740142.0,Andar corrido para aluguel - Centro,R$ 10.000,R$ 5.011,R$ 2.389,13/05 às 00:35
"Centro_Belo Horizonte, Centro_QNone_BNone",1184740133.0,Andar corrido para aluguel - Centro,R$ 10.000,R$ 5.011,R$ 798,13/05 às 00:35
"Lourdes_Belo Horizonte, Lourdes_Q4_B2",1184724897.0,"Apartamento 04 quartos à venda no Lourdes, próximo à Praça Marília de Dirceu",R$ 2.580.000,R$ 1.790,R$ 6.944,12/05 às 22:36
"Lourdes_Belo Horizonte, Lourdes_Q3_B1",1184723215.0,Apartamento 03 quartos em Lourdes próximo a Igreja de Lourdes,R$ 2.040.000,R$ 0,R$ 0,12/05 às 22:28
"Lourdes_Belo Horizonte, Lourdes_Q2_B3",1184664537.0,Apartamento 02 suítes em Lourdes próximo a Igreja de Lourdes,R$ 1.190.000,R$ 0,R$ 0,12/05 às 19:22
"Lourdes_Belo Horizonte, Lourdes_Q3_B1",1184659883.0,Apartamento 03 quartos em Lourdes próximo a Igreja de Lourdes,R$ 2.050.000,R$ 0,R$ 0,12/05 às 19:13
"Lourdes_Belo Horizonte, Lourdes_Q1_B1",1184303519.0,"Apartamento à venda, 1 quarto, 1 suíte, 2 vagas, Lourdes - Belo Horizonte/MG",R$ 895.000,R$ 0,R$ 0,12/05 às 02:20
"Lourdes_Belo Horizonte, Lourdes_Q4_B2",1184134999.0,APARTAMENTO 4 QUARTOS 2 SUÍTES A VENDA NO LOURDES.,R$ 1.380.000,R$ 387,R$ 3.160,11/05 às 17:10
"Lourdes_Belo Horizonte, Lourdes_Q4_B1",1184132782.0,"APARTAMENTO 4 QUARTOS, 1 SUÍTE A VENDA NO LOURDES.",R$ 1.600.000,R$ 1.627,R$ 4.876,11/05 às 17:03
"Lourdes_Belo Horizonte, Lourdes_Q2_B2",1183850974.0,"Apartamento à venda, 2 quartos, 1 suíte, 2 vagas, Lourdes - Belo Horizonte/MG",R$ 1.300.000,R$ 450,R$ 3.840,11/05 às 05:53
"Lourdes_Belo Horizonte, Lourdes_Q2_B1",1183848618.0,"Cobertura à venda, 2 quartos, 1 suíte, 2 vagas, Lourdes - Belo Horizonte/MG",R$ 1.387.000,R$ 0,R$ 0,11/05 às 05:35
"Lourdes_Belo Horizonte, Lourdes_QNone_BNone",1183839499.0,Venda ou locação Loja Lourdes Belo Horizonte,R$ 29.000,R$ 730,R$ 0,11/05 às 03:42
"Lourdes_Belo Horizonte, Lourdes_Q2_B3",1183709271.0,"Apartamento, Condomínio do Edifício Angelina Pimenta, Lourdes, Belo Horizonte, 2 quartos,",R$ 1.249.000,R$ 700,R$ 400,10/05 às 18:53
"Lourdes_Belo Horizonte, Lourdes_QNone_BNone",1183368426.0,"Sala à venda, Lourdes - Belo Horizonte/MG",R$ 140.000,R$ 280,R$ 160,10/05 às 04:30
"Lourdes_Belo Horizonte, Lourdes_Q0_BNone",1183359956.0,"Andar Corporativo, Lourdes, Belo Horizonte, R$5.324.400,00, à venda na TWA Investimentos.",R$ 5.324.400,R$ 0,R$ 0,10/05 às 02:30
"Lourdes_Belo Horizonte, Lourdes_Q2_B3",1183359874.0,"Apartamento, Arthur Bernardes Residencial, Lourdes, Belo Horizonte, 2 quartos, R$1.250.000",R$ 1.250.000,R$ 900,R$ 159,10/05 às 02:29
"Lourdes_Belo Horizonte, Lourdes_QNone_BNone",1183355549.0,"Sala à venda, Lourdes - Belo Horizonte/MG",R$ 140.000,R$ 280,R$ 160,10/05 às 01:40
"Lourdes_Belo Horizonte, Lourdes_Q1_B1",1183192846.0,Oportunidade no Lourdes!!!,R$ 3.300,R$ 630,R$ 239,09/05 às 17:19
"Lourdes_Belo Horizonte, Lourdes_Q2_B3",1182850607.0,"Apartamento, Lourdes, Belo Horizonte, 2 quartos, R$2.100.000,00, à venda na TWA Investimen",R$ 2.100.000,R$ 1.208,R$ 900,09/05 às 01:09
"Lourdes_Belo Horizonte, Lourdes_Q3_B3",1182842746.0,"Apartamento, Lourdes, Belo Horizonte, 3 quartos, R$1.773.252,49, à venda na TWA Investimen",R$ 1.773.252,R$ 0,R$ 0,09/05 às 00:06
"Lourdes_Belo Horizonte, Lourdes_Q4_B5 ou mais",1182842646.0,"Apartamento, Lourdes, Belo Horizonte, 4 quartos, R$2.630.000,00, à venda na TWA Investimen",R$ 2.630.000,R$ 0,R$ 0,09/05 às 00:05
"Lourdes_Belo Horizonte, Lourdes_Q0_BNone",1182842480.0,"Andar Corporativo, Lourdes, Belo Horizonte, R$6.223.230,00, à venda na TWA Investimentos.",R$ 6.223.230,R$ 0,R$ 0,09/05 às 00:04
"Lourdes_Belo Horizonte, Lourdes_Q2_B2",1182842265.0,"Apartamento, Lourdes, Belo Horizonte, 2 quartos, R$1.350.000,00, à venda na TWA Investimen",R$ 1.350.000,R$ 636,R$ 636,09/05 às 00:03
"Lourdes_Belo Horizonte, Lourdes_Q2_B2",1182842191.0,"Cobertura, Lourdes, Belo Horizonte, 2 quartos, R$1.500.000,00, à venda na TWA Investimento",R$ 1.500.000,R$ 0,R$ 0,09/05 às 00:03
"Lourdes_Belo Horizonte, Lourdes_Q0_BNone",1182841443.0,"Andar Corporativo, Lourdes, Belo Horizonte, R$4.245.351,00, à venda na TWA Investimentos.",R$ 4.245.351,R$ 0,R$ 0,09/05 às 00:01
"Lourdes_Belo Horizonte, Lourdes_Q3_B2",1182841179.0,"Apartamento, Lourdes, Belo Horizonte, 3 quartos, R$2.253.873,60, à venda na TWA Investimen",R$ 2.253.874,R$ 0,R$ 0,09/05 às 00:01
"Lourdes_Belo Horizonte, Lourdes_Q3_B2",1182841155.0,"Apartamento, Lourdes, Belo Horizonte, 3 quartos, R$2.076.278,37, à venda na TWA Investimen",R$ 2.076.278,R$ 0,R$ 0,09/05 às 00:00
"Lourdes_Belo Horizonte, Lourdes_Q0_B3",1182841141.0,"Andar Corporativo, Lourdes, Belo Horizonte, R$4.500.000,00, à venda na TWA Investimentos.",R$ 4.500.000,R$ 2.200,R$ 2.289,09/05 às 00:00
"Lourdes_Belo Horizonte, Lourdes_Q1_B1",1182841001.0,"Apartamento, Lourdes, Belo Horizonte, 1 quarto, R$1.177.737,37, à venda na TWA Investiment",R$ 1.177.737,R$ 0,R$ 0,09/05 às 00:00
"Lourdes_Belo Horizonte, Lourdes_Q4_B5 ou mais",1182840995.0,"Apartamento, Lourdes, Belo Horizonte, 4 quartos, R$2.450.000,00, à venda na TWA Investimen",R$ 2.450.000,R$ 0,R$ 0,09/05 às 00:00
"Lourdes_Belo Horizonte, Lourdes_Q2_B2",1182840918.0,"Apartamento Duplex, Lourdes, Belo Horizonte, 2 quartos, R$1.475.000,00, à venda na TWA Inv",R$ 1.475.000,R$ 500,R$ 350,09/05 às 00:00
"Lourdes_Belo Horizonte, Lourdes_Q0_BNone",1182840495.0,"Andar Corporativo, Lourdes, Belo Horizonte, R$4.445.220,00, à venda na TWA Investimentos.",R$ 4.445.220,R$ 0,R$ 0,08/05 às 23:59
"Lourdes_Belo Horizonte, Lourdes_Q4_B5 ou mais",1182840437.0,"Apartamento, Lourdes, Belo Horizonte, 4 quartos, R$2.630.000,00, à venda na TWA Investimen",R$ 2.630.000,R$ 0,R$ 0,08/05 às 23:58
"Lourdes_Belo Horizonte, Lourdes_Q0_BNone",1182840051.0,"Andar Corporativo, Lourdes, Belo Horizonte, R$5.031.163,50, à venda na TWA Investimentos.",R$ 5.031.164,R$ 0,R$ 0,08/05 às 23:57
"Lourdes_Belo Horizonte, Lourdes_Q4_B5 ou mais",1182840023.0,"Apartamento, Casa Rosada Residências, Lourdes, Belo Horizonte, 4 quartos, R$7.800.000,00,",R$ 7.800.000,R$ 3.450,R$ 2.833,08/05 às 23:57
"Lourdes_Belo Horizonte, Lourdes_QNone_BNone",1182839897.0,"Sala, Lourdes, Belo Horizonte, R$220.000,00, à venda na TWA Investimentos.",R$ 220.000,R$ 363,R$ 86,08/05 às 23:56
"Lourdes_Belo Horizonte, Lourdes_Q3_B3",1182839826.0,"LANÇAMENTO: apartamento de 144 m² com 3 quartos, sendo 1 suíte, e 2 semi suítes, varanda d",R$ 2.049.000,R$ 1.240,R$ 120,08/05 às 23:56
"Lourdes_Belo Horizonte, Lourdes_Q3_B4",1182839747.0,"Apartamento, Lux, Lourdes, Belo Horizonte, 3 quartos, R$2.230.000,00, à venda na TWA Inves",R$ 2.230.000,R$ 850,R$ 190,08/05 às 23:56
"Lourdes_Belo Horizonte, Lourdes_Q0_BNone",1182839706.0,"Andar Corporativo, Lourdes, Belo Horizonte, R$4.838.200,50, à venda na TWA Investimentos.",R$ 4.838.200,R$ 0,R$ 0,08/05 às 23:56
"Lourdes_Belo Horizonte, Lourdes_Q2_B1",1182839399.0,"Apartamento, Lourdes, Belo Horizonte, 2 quartos, R$967.506,50, à venda na TWA Investimento",R$ 967.506,R$ 0,R$ 0,08/05 às 23:55
"Lourdes_Belo Horizonte, Lourdes_Q2_B3",1182838999.0,"Cobertura, Lourdes, Belo Horizonte, 2 quartos, R$1.780.000,00, à venda na TWA Investimento",R$ 1.780.000,R$ 1.200,R$ 800,08/05 às 23:53
"Lourdes_Belo Horizonte, Lourdes_Q4_B4",1182069778.0,"Apartamento à venda, 4 quartos, 2 suítes, 3 vagas, Lourdes - Belo Horizonte/MG",R$ 3.000.000,R$ 2.955,R$ 1.064,07/05 às 03:09
"Lourdes_Belo Horizonte, Lourdes_Q2_B1",1181534013.0,"EXCELENTE APARTAMENTO 2 QUARTOS, PLAYGROUND NA REGIÃO CENTRO-SUL DE BH.",R$ 900.000,R$ 997,R$ 3.406,05/05 às 18:25
"Lourdes_Belo Horizonte, Lourdes_Q2_B1",1180321834.0,"Apartamento com 2 dormitórios à venda, 71 m² por R$ 1.391.002,00 - Lourdes - Belo Horizont",R$ 1.391.002,R$ 800,R$ 600,03/05 às 09:16
"Lourdes_Belo Horizonte, Lourdes_Q2_B2",1178888888.0,Cobertura para comprar Lourdes Belo Horizonte,R$ 1.350.000,R$ 1.263,R$ 520,29/04 às 04:37
"Lourdes_Belo Horizonte, Lourdes_Q0_BNone",1178476291.0,"Prédio para aluguel, Lourdes - Belo Horizonte/MG",R$ 83.000,R$ 0,R$ 125.354,28/04 às 06:30
"Lourdes_Belo Horizonte, Lourdes_QNone_BNone",1177709782.0,Loja à venda no Lourdes.,R$ 410.000,R$ 245,R$ 1.207,26/04 às 14:32
"Lourdes_Belo Horizonte, Lourdes_Q4_B3",1177364070.0,"Apartamento com àrea de 152m² , 4 quartos, no Lourdes!",R$ 1.745.000,R$ 1.000,R$ 752,25/04 às 18:39
"Lourdes_Belo Horizonte, Lourdes_Q2_B2",1175761396.0,Venda Apartamento 2 quartos Lourdes Belo Horizonte,R$ 1.070.000,R$ 800,R$ 250,21/04 às 12:31
"Lourdes_Belo Horizonte, Lourdes_Q1_B1",1175708561.0,Apartamento a Venda no Lourdes com 1 quarto,R$ 400.000,R$ 484,R$ 1.640,21/04 às 10:41
"Lourdes_Belo Horizonte, Lourdes_QNone_BNone",1175015471.0,BELO HORIZONTE - Conjunto Comercial/Sala - Lourdes,R$ 230.000,R$ 600,R$ 175,19/04 às 13:26
"Lourdes_Belo Horizonte, Lourdes_Q3_B2",1174839042.0,Apto luxo 3 quartos à venda no bairro de Lourdes,R$ 2.521.596,R$ 1,R$ 1,19/04 às 06:50
"Lourdes_Belo Horizonte, Lourdes_Q1_B1",1174830730.0,Apartamento 1 quarto montado ótimo para renda em região nobre no bairro de Lourdes,R$ 350.000,R$ 590,R$ 125,19/04 às 06:12
"Lourdes_Belo Horizonte, Lourdes_Q1_B1",1174830718.0,Lançamento - Últimas unidades no melhor ponto em Lourdes - Maravilhoso e imponente empreen,R$ 1.297.000,R$ 1,R$ 1,19/04 às 06:12
"Lourdes_Belo Horizonte, Lourdes_Q3_B2",1174830307.0,Lançamento - Últimas unidades no melhor ponto em Lourdes - Maravilhoso e imponente empreen,R$ 2.088.148,R$ 0,R$ 0,19/04 às 06:11
"Lourdes_Belo Horizonte, Lourdes_QNone_BNone",1174412527.0,"VENDO 01 SALA CONJUGADA , 62 M NO LOURDES",R$ 330.000,R$ 571,R$ 2.352,18/04 às 11:24
"Lourdes_Belo Horizonte, Lourdes_QNone_BNone",1174012212.0,Ponto comercial/Loja/Box para aluguel e venda tem 28 metros quadrados,R$ 160.000,R$ 148,R$ 97,17/04 às 14:23
"Lourdes_Belo Horizonte, Lourdes_QNone_BNone",1174012215.0,Ponto comercial/Loja/Box para aluguel e venda tem 28 metros quadrados,R$ 650,R$ 148,R$ 97,17/04 às 14:23
"Lourdes_Belo Horizonte, Lourdes_Q4_B5 ou mais",994412004.0,"Apartamento à venda, 4 quartos, 4 suítes, 4 vagas, Lourdes - Belo Horizonte/MG",R$ 4.300.000,R$ 2.500,R$ 1.100,16/04 às 23:36
"Lourdes_Belo Horizonte, Lourdes_QNone_BNone",992511046.0,Aluguel - SALA - LOURDES BELO HORIZONTE MG,R$ 2.500,R$ 0,R$ 0,16/04 às 22:48
"Lourdes_Belo Horizonte, Lourdes_QNone_BNone",995797812.0,"Sala à venda, 2 vagas, Lourdes - Belo Horizonte/MG",R$ 519.000,R$ 855,R$ 463,16/04 às 22:48
"Lourdes_Belo Horizonte, Lourdes_Q5 ou mais_B3",1061845688.0,"Cobertura à venda, 5 quartos, 1 suíte, 6 vagas, Lourdes - Belo Horizonte/MG",R$ 2.450.000,R$ 3.000,R$ 750,16/04 às 22:48
"Lourdes_Belo Horizonte, Lourdes_Q4_B4",1143575622.0,"Prédio Novo, Ap e Área Privativa, Cobertura 3 e 4 Quartos, 2 Suítes, 3 e 4 vagas, Lourdes",R$ 2.550.000,R$ 1.132,R$ 550,16/04 às 22:45
"Lourdes_Belo Horizonte, Lourdes_QNone_BNone",1008792862.0,"Sala para aluguel, 3 vagas, Lourdes - Belo Horizonte/MG",R$ 11.000,R$ 0,R$ 2.286,16/04 às 21:46
"Lourdes_Belo Horizonte, Lourdes_Q4_B3",1157530689.0,"Apartamento à venda, 4 quartos, 1 suíte, 2 vagas, Lourdes - Belo Horizonte/MG",R$ 1.820.000,R$ 1.924,R$ 0,16/04 às 21:41
"Lourdes_Belo Horizonte, Lourdes_Q4_B5 ou mais",999762356.0,Cobertura Lourdes.,R$ 3.600.000,R$ 0,R$ 0,16/04 às 20:53
"Lourdes_Belo Horizonte, Lourdes_Q4_B3",985957816.0,4 quartos Alto Luxo,R$ 3.300.000,R$ 2.550,R$ 1.400,16/04 às 20:23
"Lourdes_Belo Horizonte, Lourdes_QNone_BNone",931273185.0,"Sala à venda, 1 vaga, Lourdes - Belo Horizonte/MG",R$ 480.000,R$ 500,R$ 2.000,16/04 às 20:20
"Lourdes_Belo Horizonte, Lourdes_Q3_B2",1080595551.0,Oportunidade de investimento luxuoso apartamento 3 quartos área privativa em construção à ,R$ 1.324.000,R$ 0,R$ 0,16/04 às 20:04
"Centro_Belo Horizonte, Centro_Q2_B1",1127231752.0,Edifício Contagem: Apartamento de 02 quartos à venda no Centro.,R$ 265.000,R$ 540,R$ 133,16/04 às 19:47
"Lourdes_Belo Horizonte, Lourdes_Q4_B3",992973102.0,"Apartamento com 130,94 m² no bairro Lourdes",R$ 2.550.000,R$ 0,R$ 0,16/04 às 19:34
"Lourdes_Belo Horizonte, Lourdes_QNone_BNone",1052279958.0,"Sala à venda, 1 vaga, Lourdes - Belo Horizonte/MG",R$ 380.000,R$ 729,R$ 230,16/04 às 19:20
"Lourdes_Belo Horizonte, Lourdes_Q5 ou mais_B5 ou mais",1038336951.0,"Excelente APARTAMENTO com 5 quartos, 383 m², localizado em LOURDES, a uma quadra do  MINAS",R$ 2.800.000,R$ 3.644,R$ 12.500,16/04 às 19:05
"Lourdes_Belo Horizonte, Lourdes_Q2_B1",996799367.0,Cobertura duplex para venda tem 105 metros quadrados com 2 quartos em Lourdes - Belo Horiz,R$ 1.450.000,R$ 0,R$ 0,16/04 às 18:50
"Lourdes_Belo Horizonte, Lourdes_QNone_BNone",1141940675.0,Sala/Conjunto com 65 m² Lourdes - Belo Horizonte - MG,R$ 450.000,R$ 930,R$ 233,16/04 às 18:06
"Lourdes_Belo Horizonte, Lourdes_Q1_B1",1049570573.0,"Kitnet com 1 dormitório à venda, 66 m² por R$ 450.000,00 - Lourdes - Belo Horizonte/MG",R$ 450.000,R$ 800,R$ 105,16/04 às 18:00
"Lourdes_Belo Horizonte, Lourdes_QNone_BNone",1095219927.0,Venda Commercial / Office Belo Horizonte MG,R$ 118.000,R$ 318,R$ 110,16/04 às 16:40
"Lourdes_Belo Horizonte, Lourdes_Q4_B4",1080513264.0,"Apartamento a venda - Bairro Lourdes, Belo Horizonte/mg",R$ 1.498.000,R$ 0,R$ 0,16/04 às 16:21
"Lourdes_Belo Horizonte, Lourdes_Q4_B4",1080922898.0,APARTAMENTO LOURDES.,R$ 3.190.000,R$ 1.600,R$ 1.240,16/04 às 15:44
"Lourdes_Belo Horizonte, Lourdes_QNone_BNone",996632311.0,"Sala para aluguel, Lourdes - Belo Horizonte/MG",R$ 500,R$ 366,R$ 1.544,16/04 às 15:38
"Lourdes_Belo Horizonte, Lourdes_Q2_B2",1112730827.0,Apartamento 2 quartos  Lourdes,R$ 1.300.000,R$ 0,R$ 0,16/04 às 15:38
"Lourdes_Belo Horizonte, Lourdes_QNone_BNone",1026738425.0,"Sala para aluguel, 6 vagas, Lourdes - Belo Horizonte/MG",R$ 19.220,R$ 0,R$ 0,16/04 às 12:47
"Lourdes_Belo Horizonte, Lourdes_Q2_B3",1123924894.0,Apartamento fica a um quarteirão da Praça Marília de Dirceu !!!!!,R$ 1.250.000,R$ 350,R$ 3.984,16/04 às 12:30
"Lourdes_Belo Horizonte, Lourdes_Q4_B5 ou mais",1145735679.0,Ed. Le Saint Paul: apartamento de 04 quartos e 04 suítes a venda no bairro Lourdes.,R$ 8.000.000,R$ 0,R$ 0,16/04 às 12:16
"Lourdes_Belo Horizonte, Lourdes_QNone_BNone",945619100.0,"Sala para aluguel, Centro - Belo Horizonte/MG",R$ 800,R$ 410,R$ 0,16/04 às 12:13
"Lourdes_Belo Horizonte, Lourdes_QNone_BNone",945619140.0,"Sala à venda, Centro - Belo Horizonte/MG",R$ 150.000,R$ 529,R$ 1.908,16/04 às 12:13
"Lourdes_Belo Horizonte, Lourdes_QNone_BNone",991886919.0,Aluguel - LOJA - LOURDES Belo Horizonte MG,R$ 5.000,R$ 350,R$ 372,16/04 às 09:30
"Lourdes_Belo Horizonte, Lourdes_QNone_BNone",991921212.0,"Sala à venda, Lourdes - Belo Horizonte/MG",R$ 140.000,R$ 292,R$ 142,15/04 às 22:57
"Lourdes_Belo Horizonte, Lourdes_Q2_B2",1060773239.0,Lourdes  apartamento 2 quartos à venda,R$ 1.350.000,R$ 460,R$ 5.052,15/04 às 22:53
"Lourdes_Belo Horizonte, Lourdes_Q3_B2",1004900142.0,"Apartamento à venda, 3 quartos, 1 suíte, 2 vagas, Lourdes - Belo Horizonte/MG",R$ 1.215.303,R$ 940,R$ 407,15/04 às 22:51
"Lourdes_Belo Horizonte, Lourdes_QNone_BNone",1157002812.0,Venda - CONJ SALAS - LOURDES BELO HORIZONTE MG,R$ 740.000,R$ 1.455,R$ 430,15/04 às 22:25
"Lourdes_Belo Horizonte, Lourdes_Q0_B5 ou mais",1160272957.0,"Prédio para aluguel, Lourdes - Belo Horizonte/MG",R$ 90.000,R$ 0,R$ 0,15/04 às 22:18
"Lourdes_Belo Horizonte, Lourdes_QNone_BNone",1008790123.0,"Loja à venda, Lourdes - Belo Horizonte/MG",R$ 300.000,R$ 450,R$ 144,15/04 às 21:48
"Lourdes_Belo Horizonte, Lourdes_Q4_B4",1124925764.0,OPORTUNIDADE!!! Amplo apto 4 quartos localização privilegiada,R$ 1.790.000,R$ 2.200,R$ 850,15/04 às 21:35
"Lourdes_Belo Horizonte, Lourdes_Q4_B2",1008790368.0,"Apartamento 4 Quartos à venda, 4 quartos, 1 suíte, 4 vagas, Lourdes - Belo Horizonte/MG",R$ 1.500.000,R$ 2.500,R$ 569,15/04 às 20:07
"Cidade Jardim_Belo Horizonte, Cidade Jardim_QNone_BNone",1099876630.0,Venda - SALA - SANTO ANTONIO Belo Horizonte MG,R$ 190.000,R$ 120,R$ 118,15/04 às 19:35
"Lourdes_Belo Horizonte, Lourdes_QNone_BNone",990611837.0,"Locação de Imóvel Exclusivo em Lourdes  Rua São Paulo, 2566",R$ 45.000,R$ 0,R$ 0,15/04 às 19:25
"Lourdes_Belo Horizonte, Lourdes_Q3_B3",1080922889.0,APARTAMENTO LOURDES.,R$ 1.100.000,R$ 0,R$ 1.220,15/04 às 19:23
"Centro_Belo Horizonte, Centro_QNone_BNone",1169231014.0,Sala Rua São Paulo próx. Augusto de Lima com 23 metros quadrados Centro - Belo Horizonte -,R$ 50.000,R$ 250,R$ 125,15/04 às 18:58
"Lourdes_Belo Horizonte, Lourdes_Q3_B4",1014389207.0,"Apartamento à venda, 3 quartos, 1 suíte, 2 vagas, Lourdes - Belo Horizonte/MG",R$ 1.700.000,R$ 1.600,R$ 400,15/04 às 18:55
"Lourdes_Belo Horizonte, Lourdes_Q2_B3",1096260878.0,Cobertura 03 quartos a venda em Lourdes próximo ao Diamond Mall,R$ 1.990.000,R$ 1.038,R$ 7.006,15/04 às 18:49
"Lourdes_Belo Horizonte, Lourdes_QNone_BNone",1055684344.0,Venda - SALA - LOURDES BELO HORIZONTE MG,R$ 300.000,R$ 436,R$ 0,15/04 às 18:20
"Lourdes_Belo Horizonte, Lourdes_QNone_BNone",981394543.0,Casa comercial alugar - Lourdes,R$ 20.000,R$ 0,R$ 70,15/04 às 17:49
"Lourdes_Belo Horizonte, Lourdes_Q1_B1",1102252443.0,Venda Apartamento 1 quarto Lourdes Belo Horizonte,R$ 550.000,R$ 530,R$ 181,15/04 às 17:07
"Lourdes_Belo Horizonte, Lourdes_Q4_B3",1119046270.0,"Apartamento com 130,94 m² no bairro Lourdes",R$ 2.800.000,R$ 0,R$ 0,15/04 às 16:19
"Santo Agostinho_Belo Horizonte, Santo Agostinho_Q1_B1",909643252.0,Flat todo montado para aluguel e venda possui 25 metros quadrados com 1 quarto na região C,R$ 370.000,R$ 0,R$ 0,15/04 às 15:00
"Lourdes_Belo Horizonte, Lourdes_Q4_B3",975323146.0,Apartamento 04 quartos em Lourdes próximo a Praça da Assembléia,R$ 1.550.000,R$ 2.508,R$ 7.279,15/04 às 13:27
"Lourdes_Belo Horizonte, Lourdes_Q4_B3",1142156609.0,"Apartamento à venda, 4 quartos, 1 suíte, 2 vagas, Lourdes - Belo Horizonte/MG",R$ 1.490.000,R$ 1.650,R$ 716,15/04 às 12:45
"Centro_Belo Horizonte, Centro_QNone_BNone",1069864026.0,Oportunidade 01 Sala em Belo Horizonte,R$ 500,R$ 260,R$ 102,15/04 às 12:19
"Centro_Belo Horizonte, Centro_Q3_B2",1148122491.0,"Apartamento à venda, 3 quartos, 1 suíte, Centro - Belo Horizonte/MG",R$ 530.000,R$ 900,R$ 228,15/04 às 10:47
"Lourdes_Belo Horizonte, Lourdes_Q4_B4",985810322.0,Apartamento | 4 quartos | Venda | Lourdes,R$ 3.700.000,R$ 4.500,R$ 14.693,15/04 às 10:42
"Lourdes_Belo Horizonte, Lourdes_Q4_B3",1162668674.0,"Apartamento 04 quartos à venda em Lourdes, próximo ao Minas Tênis Clube I",R$ 2.000.000,R$ 1.690,R$ 5.188,15/04 às 10:05
"Lourdes_Belo Horizonte, Lourdes_Q4_B5 ou mais",950459278.0,Apartamento 04 quartos em Lourdes próximo ao Minas Tênis Clube I,R$ 4.200.000,R$ 2.600,R$ 13.750,15/04 às 08:23
"Lourdes_Belo Horizonte, Lourdes_QNone_BNone",1014240490.0,Venda Commercial / Office Belo Horizonte MG,R$ 6.410.000,R$ 882,R$ 500,15/04 às 08:13
"Lourdes_Belo Horizonte, Lourdes_Q5 ou mais_B5 ou mais",1029585817.0,"Casa para aluguel, 7 quartos, 5 suítes, 4 vagas, Lourdes - Belo Horizonte/MG",R$ 25.000,R$ 0,R$ 0,15/04 às 08:08
"Lourdes_Belo Horizonte, Lourdes_Q2_B2",1173165498.0,Venda Apartamento 2 quartos Lourdes Belo Horizonte,R$ 1.895.663,R$ 0,R$ 0,15/04 às 06:37
"Lourdes_Belo Horizonte, Lourdes_Q2_B2",1173130653.0,Venda Apartamento 2 quartos Lourdes Belo Horizonte,R$ 1.216.511,R$ 0,R$ 0,14/04 às 23:46
"Lourdes_Belo Horizonte, Lourdes_Q2_B2",1173127490.0,Venda Apartamento 2 quartos Lourdes Belo Horizonte,R$ 1.144.569,R$ 0,R$ 0,14/04 às 23:32
"Lourdes_Belo Horizonte, Lourdes_Q2_B2",995070829.0,Apartamento 2 quartos Garden à venda em Lourdes,R$ 1.850.790,R$ 1,R$ 1,14/04 às 23:05
"Lourdes_Belo Horizonte, Lourdes_Q4_B4",1089265290.0,"Apartamento 04 quartos a venda em Lourdes, próximo ao Minas Tênis Clube",R$ 6.100.000,R$ 0,R$ 0,14/04 às 22:58
"Lourdes_Belo Horizonte, Lourdes_Q3_B3",1029666942.0,Excelente cobertura a venda de três quartos,R$ 3.819.000,R$ 0,R$ 0,14/04 às 22:56
"Lourdes_Belo Horizonte, Lourdes_Q2_B1",1060384275.0,"Apartamento com 2 quartos à venda, 62 m² por R$ 1.086.000 - Lourdes - Belo Horizonte/MG",R$ 1.086.000,R$ 700,R$ 350,14/04 às 22:39
"Lourdes_Belo Horizonte, Lourdes_QNone_BNone",1092183993.0,Raridade alugo Sala 30 m2 no Bairro de Lourdes - Belo Horizonte - MG,R$ 900,R$ 189,R$ 195,14/04 às 22:08
"Centro_Belo Horizonte, Centro_QNone_BNone",1069864027.0,Oportunidade 01 Sala em Belo Horizonte,R$ 70.000,R$ 260,R$ 102,14/04 às 21:48
"Lourdes_Belo Horizonte, Lourdes_Q3_B2",1079749471.0,"Apartamento 03 quartos em Lourdes, próximo ao melhor do comércio",R$ 1.450.000,R$ 1.150,R$ 4.687,14/04 às 21:42
"Lourdes_Belo Horizonte, Lourdes_QNone_BNone",979637949.0,"Andar Corporativo comercial para venda e locação ou venda, Lourdes, Belo Horizonte/MG.",R$ 2.287.000,R$ 3.100,R$ 1.217,14/04 às 21:15
"Lourdes_Belo Horizonte, Lourdes_QNone_BNone",991216080.0,"Conjunto de salas com 130 m², 2 vagas localizado em LOURDES, Edifício BRITÂNIA",R$ 900.000,R$ 1.340,R$ 6.000,14/04 às 19:38
"Lourdes_Belo Horizonte, Lourdes_QNone_BNone",1155654621.0,"Sala à venda, 10 vagas, Lourdes - Belo Horizonte/MG",R$ 3.787.500,R$ 0,R$ 0,14/04 às 19:33
"Lourdes_Belo Horizonte, Lourdes_Q3_B3",1166901575.0,Apartamento | 3 quartos | Venda | Lourdes,R$ 1.500.000,R$ 800,R$ 1,14/04 às 19:30
"Centro_Belo Horizonte, Centro_QNone_BNone",996719145.0,"Sala/Andar Comercial para aluguel  257m² podendo ser dividido, em frente shopping cidade",R$ 2.500,R$ 850,R$ 318,14/04 às 19:26
"Lourdes_Belo Horizonte, Lourdes_Q1_B1",925364538.0,Apartamento 1 quarto no Lourdes,R$ 3.200,R$ 765,R$ 356,14/04 às 19:23
"Lourdes_Belo Horizonte, Lourdes_Q1_B1",1173053310.0,"Apartamento à venda - Lourdes - 1 quarto, 1 vaga - 40 m² - Belo Horizonte/MG - AP0661",R$ 580.000,R$ 600,R$ 0,14/04 às 19:01
"Lourdes_Belo Horizonte, Lourdes_Q3_B4",1055471514.0,Cobertura duplex para venda 03 suítes em Lourdes - Belo Horizonte - MG,R$ 3.470.900,R$ 1.200,R$ 1,14/04 às 18:06
"Lourdes_Belo Horizonte, Lourdes_QNone_BNone",1169238836.0,"Andar Corporativo para alugar, 588 m² por R$ 22.250,43/mês - Lourdes - Belo Horizonte/MG",R$ 15.500,R$ 4.508,R$ 2.242,14/04 às 18:03
"Lourdes_Belo Horizonte, Lourdes_QNone_BNone",1173001313.0,Venda Commercial / Office Belo Horizonte MG,R$ 330.000,R$ 545,R$ 142,14/04 às 16:59
"Lourdes_Belo Horizonte, Lourdes_Q2_B3",1103588598.0,Edifício Mykonos: Apartamento de 02 quartos à venda no Lourdes.,R$ 1.227.792,R$ 0,R$ 0,14/04 às 16:37
"Lourdes_Belo Horizonte, Lourdes_Q4_B5 ou mais",1150450293.0,4 QUARTOS LUXO LOURDES,R$ 3.900.000,R$ 3.000,R$ 1.000,14/04 às 16:31
"Lourdes_Belo Horizonte, Lourdes_QNone_BNone",1105218635.0,Edifício Cowan - Funcef (ID do imóvel: P-13236),R$ 52.220.000,R$ 4.508,R$ 22.527,14/04 às 15:13
"Lourdes_Belo Horizonte, Lourdes_QNone_BNone",992576878.0,SALA LOURDES,R$ 600,R$ 110,R$ 126,14/04 às 15:02
"Lourdes_Belo Horizonte, Lourdes_QNone_BNone",1058984372.0,Sala comercial à venda no Lourdes,R$ 509.250,R$ 1.603,R$ 4.645,14/04 às 14:37
"Lourdes_Belo Horizonte, Lourdes_QNone_BNone",996783490.0,ala Comercial para locação - 588 m² - Ed. Cowan,R$ 15.500,R$ 4.853,R$ 20.053,14/04 às 13:53
"Lourdes_Belo Horizonte, Lourdes_QNone_BNone",1103931851.0,Funcef - Edifício Cowan (ID do imóvel: P-13236),R$ 52.220.000,R$ 4.508,R$ 22.527,14/04 às 13:44
"Lourdes_Belo Horizonte, Lourdes_Q4_B4",976891550.0,1 por andar com vista panorâmica para o Minas Tênis com 4 quartos em Lourdes - Belo Horizo,R$ 2.900.000,R$ 2.900,R$ 1.074,14/04 às 11:12
"Lourdes_Belo Horizonte, Lourdes_Q4_B5 ou mais",950459247.0,"Apartamento 04 quartos em Lourdes, próximo a Praça da Assembleia.",R$ 4.200.000,R$ 2.600,R$ 13.750,14/04 às 09:30
"Lourdes_Belo Horizonte, Lourdes_QNone_BNone",1157335687.0,"Casa Fins Comerciais para aluguel, 3 quartos, 3 vagas, Lourdes - Belo Horizonte/MG",R$ 15.000,R$ 0,R$ 0,14/04 às 08:40
"Lourdes_Belo Horizonte, Lourdes_QNone_BNone",996777365.0,Sala Comercial para locação - 588 m² - Ed. Cowan,R$ 15.500,R$ 4.853,R$ 20.053,14/04 às 08:29
"Lourdes_Belo Horizonte, Lourdes_Q2_B3",1052910241.0,APARTAMENTO 2 SUÍTES - LOURDES,R$ 1.380.000,R$ 350,R$ 337,13/04 às 23:59
"Lourdes_Belo Horizonte, Lourdes_QNone_BNone",1155656077.0,"Sala à venda, 11 vagas, Lourdes - Belo Horizonte/MG",R$ 3.975.000,R$ 0,R$ 0,13/04 às 23:22
"Santo Agostinho_Belo Horizonte, Santo Agostinho_Q1_B1",909643202.0,Flat todo montado para aluguel e venda possui 25 metros quadrados com 1 quarto na região C,R$ 3.500,R$ 0,R$ 0,13/04 às 22:46
"Lourdes_Belo Horizonte, Lourdes_QNone_BNone",1106006856.0,Lourdes - Sala(s) à venda na Anuar Donato,R$ 540.750,R$ 1.603,R$ 5.093,13/04 às 22:45
"Lourdes_Belo Horizonte, Lourdes_QNone_BNone",1005448009.0,"Sala à venda, 2 vagas, Lourdes - Belo Horizonte/MG",R$ 1.300.000,R$ 900,R$ 335,13/04 às 22:43
"Lourdes_Belo Horizonte, Lourdes_QNone_BNone",979877441.0,"Andar corrido para aluguel, 5 vagas, Lourdes - Belo Horizonte/MG",R$ 8.700,R$ 0,R$ 0,13/04 às 22:36
"Lourdes_Belo Horizonte, Lourdes_Q2_B2",1015151770.0,"Apto 2 quartos, 2 vagas - Bairro Lourdes - BH",R$ 1.100.000,R$ 1,R$ 1,13/04 às 22:19
"Lourdes_Belo Horizonte, Lourdes_QNone_BNone",1102252278.0,Venda Sala Lourdes Belo Horizonte,R$ 180.000,R$ 272,R$ 106,13/04 às 21:55
"Lourdes_Belo Horizonte, Lourdes_Q4_B5 ou mais",962088242.0,Apartamento 04 quartos em Lourdes próximo ao Minas Tênis Clube I,R$ 4.800.000,R$ 3.240,R$ 23.436,13/04 às 21:25
"Santo Antônio_Belo Horizonte, Santo Antônio_QNone_BNone",1099264852.0,"Loja à venda, Lourdes - Belo Horizonte/MG",R$ 6.500.000,R$ 0,R$ 3.371,13/04 às 21:06
"Lourdes_Belo Horizonte, Lourdes_Q2_B2",1084380897.0,"Área privativa à venda, 2 quartos, 1 suíte, 2 vagas, Lourdes - Belo Horizonte/MG",R$ 1.401.045,R$ 1.000,R$ 0,13/04 às 20:33
"Lourdes_Belo Horizonte, Lourdes_Q4_B5 ou mais",950459225.0,Apartamento 04 quartos em Lourdes próximo à Praça Marília de Dirceu,R$ 3.700.000,R$ 4.000,R$ 15.746,13/04 às 19:52
"Lourdes_Belo Horizonte, Lourdes_QNone_BNone",1155672734.0,"Loja para aluguel, Lourdes - Belo Horizonte/MG",R$ 3.100,R$ 249,R$ 335,13/04 às 17:51
"Lourdes_Belo Horizonte, Lourdes_Q2_B3",1007356035.0,Cobertura Lourdes Belo Horizonte,R$ 1.995.000,R$ 0,R$ 0,13/04 às 16:58
"Centro_Belo Horizonte, Centro_QNone_BNone",979659954.0,Aluguel - LOJA - CENTRO BELO HORIZONTE MG,R$ 6.500,R$ 55,R$ 380,13/04 às 16:47
"Lourdes_Belo Horizonte, Lourdes_Q4_B4",1136212600.0,Apartamento 04 quartos em Lourdes próximo à Praça Marília de Dirceu,R$ 4.000.000,R$ 3.300,R$ 21.825,13/04 às 16:06
"Lourdes_Belo Horizonte, Lourdes_QNone_BNone",1010166337.0,"Sala à venda, Lourdes - Belo Horizonte/MG",R$ 110.000,R$ 282,R$ 0,13/04 às 14:39
"Lourdes_Belo Horizonte, Lourdes_QNone_BNone",996699858.0,Prédio/Edifício inteiro para aluguel possui 500 metros quadrados em Lourdes - Belo Horizon,R$ 20.000,R$ 0,R$ 1.240,13/04 às 14:27
"Lourdes_Belo Horizonte, Lourdes_Q2_B2",1054968133.0,Apartamento 02 quartos em Lourdes próximo ao Momento Super Nosso,R$ 1.530.917,R$ 0,R$ 0,13/04 às 14:07
"Lourdes_Belo Horizonte, Lourdes_QNone_BNone",1162184089.0,Aluguel - SALA - LOURDES Belo Horizonte MG,R$ 900,R$ 534,R$ 129,13/04 às 13:54
"Lourdes_Belo Horizonte, Lourdes_Q3_B4",1137878885.0,Cobertura 03 quartos a venda em Lourdes próximo a praça marília,R$ 4.968.000,R$ 0,R$ 0,13/04 às 13:50
"Lourdes_Belo Horizonte, Lourdes_QNone_BNone",1172373547.0,Sala comercial 44 m² Lourdes,R$ 330.000,R$ 571,R$ 201,13/04 às 13:48
"Lourdes_Belo Horizonte, Lourdes_Q3_B2",1058038908.0,Apartamento 3 quartos a venda Lourdes,R$ 1.370.000,R$ 0,R$ 0,13/04 às 11:50
"Lourdes_Belo Horizonte, Lourdes_Q4_B2",1172301903.0,Venda Cobertura Lourdes Belo Horizonte,R$ 3.950.000,R$ 0,R$ 845,13/04 às 11:16
"Lourdes_Belo Horizonte, Lourdes_Q4_B3",992973590.0,"Apartamento com 130,94 m² no bairro Lourdes",R$ 2.550.000,R$ 0,R$ 0,13/04 às 11:14
"Lourdes_Belo Horizonte, Lourdes_QNone_BNone",1172291264.0,Venda Sala Lourdes Belo Horizonte,R$ 180.000,R$ 454,R$ 114,13/04 às 11:10
"Lourdes_Belo Horizonte, Lourdes_QNone_BNone",994018916.0,Locacao Sala Lourdes/Belo Horizonte MG Brasil,R$ 800,R$ 405,R$ 139,13/04 às 10:44
"Lourdes_Belo Horizonte, Lourdes_Q1_B1",990812576.0,Venda Residential / Apartment Belo Horizonte MG,R$ 550.000,R$ 0,R$ 150,13/04 às 10:36
"Lourdes_Belo Horizonte, Lourdes_QNone_BNone",1026751794.0,"Sala à venda, Lourdes - Belo Horizonte/MG",R$ 200.000,R$ 328,R$ 148,13/04 às 10:27
"Lourdes_Belo Horizonte, Lourdes_QNone_BNone",1172275041.0,Venda Sala Lourdes Belo Horizonte,R$ 280.000,R$ 437,R$ 145,13/04 às 09:49
"Lourdes_Belo Horizonte, Lourdes_Q2_B2",1128440094.0,Cobertura com 2 quartos de 90m² à venda Lourdes,R$ 1.284.516,R$ 1,R$ 1,13/04 às 09:49
"Lourdes_Belo Horizonte, Lourdes_QNone_BNone",1172266777.0,Venda Sala Lourdes Belo Horizonte,R$ 210.000,R$ 402,R$ 117,13/04 às 09:29
"Lourdes_Belo Horizonte, Lourdes_Q4_B5 ou mais",945619577.0,"Apto Area Privativa à venda, 4 quartos, 4 suítes, 4 vagas, Lourdes - Belo Horizonte/MG",R$ 3.830.000,R$ 0,R$ 0,13/04 às 08:43
"Lourdes_Belo Horizonte, Lourdes_Q4_B3",950468558.0,Apartamento 04 quartos em Lourdes próximo ao Shopping Diamond Mall,R$ 1.500.000,R$ 2.200,R$ 4.576,12/04 às 23:57
"Centro_Belo Horizonte, Centro_QNone_BNone",1133578493.0,SALA COMERCIAL NO EDIFÍCIO BORGES DA COSTA - BELO HORIZONTE,R$ 120.000,R$ 545,R$ 140,12/04 às 23:06
"Lourdes_Belo Horizonte, Lourdes_Q2_B1",988796808.0,Apartamento 02 quartos em Lourdes próximo ao Minas Tênis Clube I,R$ 1.390.000,R$ 600,R$ 4.575,12/04 às 22:58
"Lourdes_Belo Horizonte, Lourdes_Q4_B3",999762197.0,Apartamento Lourdes,R$ 720.000,R$ 850,R$ 130,12/04 às 22:29
"Lourdes_Belo Horizonte, Lourdes_Q2_B3",1168518065.0,"Excelente apartamento à venda no bairro de Lourdes c/ 69m² , 2 suítes e 2 vagas de garagem",R$ 998.000,R$ 370,R$ 100,12/04 às 22:27
"Lourdes_Belo Horizonte, Lourdes_Q4_B2",1169884509.0,"Ótimo Apto 4q, 2 suítes, 1 vaga todo reformado no Lourdes.",R$ 1.250.000,R$ 388,R$ 287,12/04 às 21:09
"Lourdes_Belo Horizonte, Lourdes_QNone_BNone",1135018652.0,OTIMA SALA COMERCIAL COM VAGA DE GARAGEM- LOCALIZADA NO LOURDES,R$ 170.000,R$ 292,R$ 142,12/04 às 20:51
"Lourdes_Belo Horizonte, Lourdes_QNone_BNone",995797614.0,"Sala para aluguel, Lourdes - Belo Horizonte/MG",R$ 800,R$ 385,R$ 164,12/04 às 20:09
"Lourdes_Belo Horizonte, Lourdes_Q4_B3",1164786111.0,"Apartamento à venda, 4 quartos, 1 suíte, 2 vagas, Lourdes - Belo Horizonte/MG",R$ 1.690.000,R$ 1.700,R$ 0,12/04 às 19:28
"Lourdes_Belo Horizonte, Lourdes_Q3_B3",1010752413.0,"Apartamento à venda, Ed. Lumiere Residence, Avenida Álvares Cabral, Lourdes, Belo Horizont",R$ 1.215.000,R$ 700,R$ 350,12/04 às 19:06
"Lourdes_Belo Horizonte, Lourdes_Q4_B5 ou mais",1010712615.0,"Apartamento à venda, Ed. Casa Rosada, Rua da Bahia, Lourdes, Belo Horizonte",R$ 6.900.000,R$ 5.300,R$ 2.356,12/04 às 17:58
"Lourdes_Belo Horizonte, Lourdes_QNone_BNone",1157064955.0,Venda - CONJ SALAS - LOURDES BELO HORIZONTE MG,R$ 550.000,R$ 1.215,R$ 0,12/04 às 17:01
"Lourdes_Belo Horizonte, Lourdes_Q1_B5 ou mais",1031477196.0,Venda Casa Lourdes/Belo Horizonte MG Brasil,R$ 3.200.000,R$ 0,R$ 3.210,12/04 às 16:26
"Lourdes_Belo Horizonte, Lourdes_Q4_B3",1013439005.0,Apartamento 4 quartos sendo 1 suíte; 1 vaga livre; Lourdes,R$ 1.100.000,R$ 850,R$ 207,12/04 às 16:14
"Lourdes_Belo Horizonte, Lourdes_QNone_BNone",981297796.0,"Loja à venda, Lourdes - Belo Horizonte/MG",R$ 590.000,R$ 156,R$ 410,12/04 às 15:52
"Centro_Belo Horizonte, Centro_QNone_BNone",1161963150.0,Venda Commercial / Office Belo Horizonte MG,R$ 110.000,R$ 0,R$ 115,12/04 às 15:01
"Lourdes_Belo Horizonte, Lourdes_QNone_BNone",1171959586.0,"Sala à venda, 63 m² por R$ 1.197.000,00 - Lourdes - Belo Horizonte/MG",R$ 1.197.000,R$ 1.300,R$ 450,12/04 às 13:37
"Lourdes_Belo Horizonte, Lourdes_QNone_BNone",1169327489.0,"Sala para alugar, 588 m² por R$ 22.250,43/mês - Lourdes - Belo Horizonte/MG",R$ 15.500,R$ 4.508,R$ 2.242,12/04 às 13:37
"Lourdes_Belo Horizonte, Lourdes_QNone_BNone",1171959144.0,"Andar Corporativo, 372 m² - venda por R$ 4.200.000,00 ou aluguel por R$ 17.461,53/mês - Lo",R$ 12.000,R$ 4.230,R$ 1.232,12/04 às 13:36
"Lourdes_Belo Horizonte, Lourdes_QNone_BNone",1171959049.0,"Andar Corporativo, 372 m² - venda por R$ 4.200.000,00 ou aluguel por R$ 17.461,53/mês - Lo",R$ 4.200.000,R$ 4.230,R$ 1.232,12/04 às 13:36
"Santo Antônio_Belo Horizonte, Santo Antônio_QNone_BNone",1099268904.0,"Loja para aluguel, Lourdes - Belo Horizonte/MG",R$ 25.000,R$ 0,R$ 3.371,12/04 às 13:30
"Lourdes_Belo Horizonte, Lourdes_QNone_BNone",995579746.0,"Oportunidade única: Sala comercial à venda em Belo Horizonte-MG, bairro Santo Agostinho, c",R$ 295.000,R$ 527,R$ 196,12/04 às 12:45
"Lourdes_Belo Horizonte, Lourdes_Q3_B3",941130563.0,Apartamento Alto Padrão para Venda em Lourdes Belo Horizonte-MG,R$ 2.521.596,R$ 0,R$ 0,12/04 às 12:35
"Lourdes_Belo Horizonte, Lourdes_QNone_BNone",991921206.0,OPORTUNIDADE SALA COM GARAGEM,R$ 230.000,R$ 385,R$ 169,12/04 às 12:25
"Lourdes_Belo Horizonte, Lourdes_QNone_BNone",1156204133.0,"Sala à venda, 11 vagas, Lourdes - Belo Horizonte/MG",R$ 4.150.000,R$ 0,R$ 0,12/04 às 12:02
"Lourdes_Belo Horizonte, Lourdes_QNone_BNone",991902549.0,"Sala à venda, 3 vagas, Lourdes - Belo Horizonte/MG",R$ 2.900.000,R$ 1.225,R$ 1.200,12/04 às 11:50
"Lourdes_Belo Horizonte, Lourdes_Q2_B1",1010440042.0,Apartamento Ed. Alvarenga 594 a venda!,R$ 1.390.000,R$ 1.309,R$ 503,12/04 às 11:49
"Lourdes_Belo Horizonte, Lourdes_Q4_B5 ou mais",1124926151.0,OPORTUNIDADE!!! Apartamento 4 quartos no Lourdes,R$ 2.450.000,R$ 2.599,R$ 737,12/04 às 11:03
"Lourdes_Belo Horizonte, Lourdes_Q4_B5 ou mais",1164969904.0,Apartamento para venda com 265 metros quadrados com 4 quartos em Lourdes - Belo Horizonte ,R$ 5.000.000,R$ 2.400,R$ 1.655,12/04 às 10:23
"Lourdes_Belo Horizonte, Lourdes_QNone_BNone",1034212896.0,"Andar corrido para aluguel, 4 vagas, Lourdes - Belo Horizonte/MG",R$ 13.000,R$ 2.000,R$ 16.000,12/04 às 09:03
"Lourdes_Belo Horizonte, Lourdes_QNone_BNone",1158873065.0,ÓTIMA SALA COMERCIAL,R$ 600,R$ 345,R$ 152,12/04 às 08:50
"Centro_Belo Horizonte, Centro_QNone_BNone",1043255011.0,"Sala à venda, Centro - Belo Horizonte/MG",R$ 90.000,R$ 577,R$ 125,12/04 às 08:50
"Lourdes_Belo Horizonte, Lourdes_QNone_BNone",995797827.0,"Sala para aluguel, 2 vagas, Lourdes - Belo Horizonte/MG",R$ 2.800,R$ 855,R$ 463,12/04 às 08:46
"Lourdes_Belo Horizonte, Lourdes_QNone_BNone",984497075.0,Melhor custo benefício do Centro/Lourdes,R$ 120.000,R$ 320,R$ 120,12/04 às 08:07
"Lourdes_Belo Horizonte, Lourdes_Q4_B4",1171732018.0,Maravilhoso Apartamento 311m² de Alto Luxo 4 Suítes 4 Vagas em Lourdes,R$ 6.500.000,R$ 3.450,R$ 389,12/04 às 01:54
"Lourdes_Belo Horizonte, Lourdes_Q3_B3",1171727767.0,Apartamento 03 quartos à venda em Lourdes próximo ao Diamond Mall,R$ 1.350.000,R$ 850,R$ 350,12/04 às 01:48
"Lourdes_Belo Horizonte, Lourdes_Q4_B2",1171720318.0,Apartamento 04 quartos em Lourdes próximo à Praça Marília de Dirceu,R$ 1.590.000,R$ 1.250,R$ 366,12/04 às 01:23
"Lourdes_Belo Horizonte, Lourdes_Q3_B3",974362674.0,EXCELENTE APT 2 SUÍTES TODO REFORMADO E MONTADO COM MÓVEIS PLANEJADOS,R$ 1.380.000,R$ 387,R$ 305,11/04 às 23:18
"Lourdes_Belo Horizonte, Lourdes_Q3_B2",946967502.0,Lumiere - Lumiere Residence,R$ 1.270.000,R$ 720,R$ 510,11/04 às 22:57
"Centro_Belo Horizonte, Centro_QNone_BNone",990623898.0,LOJA NO CENTRO    ALUGUEL,R$ 16.000,R$ 0,R$ 614,11/04 às 22:47
"Lourdes_Belo Horizonte, Lourdes_Q4_B3",995264473.0,Apartamento para venda com 190 metros quadrados com 4 quartos em Lourdes - Belo Horizonte ,R$ 1.440.000,R$ 2.116,R$ 750,11/04 às 21:49
"Lourdes_Belo Horizonte, Lourdes_Q5 ou mais_B4",1035335988.0,Cobertura 05 quartos em Lourdes próximo à Praça Marília de Dirceu,R$ 6.300.000,R$ 4.347,R$ 30.157,11/04 às 21:28
"Lourdes_Belo Horizonte, Lourdes_Q1_B1",1121675587.0,Apartamento amplo 1 quarto reformado à venda em região nobre no bairro de Lourdes junto ao,R$ 540.000,R$ 485,R$ 160,11/04 às 21:11
"Lourdes_Belo Horizonte, Lourdes_Q3_B3",937396237.0,"Apartamento 3 quartos à venda, 78 m² - Lourdes - Belo Horizonte/MG",R$ 1.270.000,R$ 780,R$ 3.700,11/04 às 20:58
"Centro_Belo Horizonte, Centro_QNone_BNone",1171602785.0,Venda Sala Centro Belo Horizonte,R$ 200.000,R$ 1.000,R$ 298,11/04 às 20:32
"Centro_Belo Horizonte, Centro_Q4_B2",1171601505.0,Venda Apartamento 4 quartos Centro Belo Horizonte,R$ 1.300.000,R$ 1.500,R$ 350,11/04 às 20:31
"Lourdes_Belo Horizonte, Lourdes_Q2_B3",1047861794.0,Vende-se apartamento com 2 dormitórios no bairro Lourdes,R$ 1.250.000,R$ 350,R$ 320,11/04 às 20:14
"Lourdes_Belo Horizonte, Lourdes_Q4_B5 ou mais",948716554.0,Venda - APARTAMENTO - LOURDES Belo Horizonte MG,R$ 6.900.000,R$ 3.426,R$ 31.000,11/04 às 19:56
"Lourdes_Belo Horizonte, Lourdes_Q2_B2",1130334116.0,Apartamento Alto Padrão 2 quartos bairro Lourdes,R$ 895.320,R$ 0,R$ 0,11/04 às 19:38
"Lourdes_Belo Horizonte, Lourdes_Q3_B3",993113613.0,Apartamento 03 Quartos - Lourdes,R$ 1.400.000,R$ 1.100,R$ 3.817,11/04 às 19:25
"Lourdes_Belo Horizonte, Lourdes_Q1_B1",1124024536.0,Apartamento Padrão para Venda em Lourdes Belo Horizonte-MG,R$ 480.000,R$ 1.900,R$ 1.100,11/04 às 18:38
"Lourdes_Belo Horizonte, Lourdes_Q3_B3",978824552.0,"Cobertura duplex no bairro Lourdes com 287,46m² .",R$ 3.819.792,R$ 0,R$ 0,11/04 às 18:38
